reading	names	selectionBasis
さやか	さやか|さや与|さや佳|さや加|さや夏|さや花|さや芽|さや華|さや香|サヤカ|三優香|三弥香|三矢佳|佐也佳|佐也加|佐也圭|佐也歌|佐也花|佐也香|佐代香|佐八香|佐哉香|佐夜香|佐弥佳|佐弥加|佐弥花|佐弥芳|佐弥華|佐弥雅|佐弥香|佐矢佳|佐矢加|佐矢可|佐矢賀|佐矢香|佐綾佳|佐綾加|佐綾香|佐耶佳|佐耶可|佐耶香|佐谷香|佐野加|佐野香|冴也佳|冴也加|冴也香|冴佳|冴矢加|冴綾華|冴耶香|冴華|冴香|千文彩|又稚|咲|咲也佳|咲也加|咲也果|咲也花|咲也香|咲佳|咲哉花|咲夜奏|咲夜花|咲夜華|咲夜香|咲安香|咲弥佳|咲弥加|咲弥果|咲弥花|咲弥華|咲弥香|咲清香|咲矢香|咲綾加|咲耶伽|咲耶花|咲耶華|咲耶香|咲花|咲華|咲谷花|咲野加|咲野花|咲野香|咲香|夏空|寿香|小也佳|小也加|小也可|小也夏|小也雅|小也香|小哉花|小哉芳|小夜伽|小夜佳|小夜加|小夜夏|小夜歌|小夜花|小夜香|小弥佳|小弥加|小弥可|小弥花|小弥華|小弥香|小彩花|小春|小矢佳|小矢加|小矢花|小矢華|小矢香|小綾花|小綾香|小耶加|小耶香|小谷香|小野花|小野香|小陽香|少綾香|嵯耶香|左也佳|左也加|左也華|左也香|左弥加|左弥香|左矢加|左耶佳|左耶花|差矢香|希佳|幸也香|幸佳|幸弥佳|幸明華|幸矢佳|幸矢加|幸矢花|幸香|弥佳|彩|彩也佳|彩也加|彩也夏|彩也華|彩也香|彩伽|彩佳|彩優花|彩加|彩可|彩圭|彩夏|彩夜香|彩奏|彩安加|彩弥佳|彩弥加|彩弥果|彩弥樺|彩弥花|彩弥香|彩文|彩明佳|彩果|彩椰香|彩楓|彩歌|彩河|彩海|彩矢佳|彩矢加|彩矢夏|彩矢果|彩矢香|彩綾香|彩翔|彩耶可|彩耶香|彩花|彩華|彩野加|彩野香|彩雅|彩颯|彩香|彩鶴|快|快風|悟奴果|情花|想|慧|才也加|才加|才果|才歌|才矢伽|抄八香|支也佳|斌|新香|早也佳|早也加|早也圭|早也夏|早也果|早也歌|早也芳|早也華|早也香|早佳|早八香|早加|早咲|早哉佳|早哉架|早哉香|早夏|早夜佳|早夜夏|早夜香|早希|早弥佳|早弥花|早弥華|早弥賀|早弥香|早文加|早春|早由香|早矢佳|早矢加|早矢可|早矢花|早矢香|早綾香|早翔|早耶佳|早耶花|早耶香|早花|早華|早那加|早郁香|早野佳|早野和|早野花|早野香|早陽香|早香|明|明佳|明加|明可|明和|明嘉|明夏|明日香|明星|明月|明果|明歌|明花|明芽|明華|明谷香|明香|晴香|晶|晶郁|智也香|更弥佳|朋香|朕耶花|朗佳|朝香|枝香|柚香|査弥佳|栄翔|桜也果|桜夜架|桜夜香|桜弥香|桜椰花|桜矢香|桜綾香|桜耶華|桜谷花|桜谷香|梢香|梨佳|楓果|楓栞|楓樺|沙や佳|沙也伽|沙也何|沙也佳|沙也加|沙也可|沙也夏|沙也日|沙也果|沙也歌|沙也花|沙也華|沙也賀|沙也香|沙也馨|沙也鹿|沙亜香|沙佳|沙優香|沙八加|沙冶華|沙加|沙和佳|沙和香|沙哉佳|沙哉香|沙夜佳|沙夜夏|沙夜花|沙夜香|沙妥佳|沙弥伽|沙弥佳|沙弥加|沙弥可|沙弥嘉|沙弥圭|沙弥夏|沙弥果|沙弥架|沙弥歌|沙弥花|沙弥華|沙弥香|沙彌佳|沙彌香|沙彩|沙彩佳|沙彩加|沙彩花|沙彩香|沙文佳|沙椰香|沙楓|沙矢佳|沙矢加|沙矢可|沙矢嘉|沙矢夏|沙矢果|沙矢歌|沙矢花|沙矢華|沙矢香|沙綾華|沙綾香|沙耶伽|沙耶佳|沙耶加|沙耶可|沙耶夏|沙耶果|沙耶歌|沙耶花|沙耶芳|沙耶華|沙耶香|沙葉香|沙谷香|沙那花|沙邪香|沙野佳|沙野加|沙野花|沙野香|沙香|涼|涼佳|涼加|涼花|涼香|清|清か|清也香|清佳|清加|清可|清和|清咲|清嘉|清夏|清子|清弥香|清果|清桂|清楓|清歌|清翔|清耶|清花|清芳|清芽|清華|清蔓|清賀|清郁|清里|清野香|清雅|清霞|清風|清香|清馨|澄|澄佳|澄風|澄香|爽|爽伽|爽佳|爽加|爽夏|爽子|爽弥香|爽果|爽楓|爽海|爽耶佳|爽耶華|爽花|爽霞|爽風|爽香|瑛佳|瑳也伽|白佳|皐也歌|真佳|真奈美|砂也加|砂也可|砂也夏|砂也賀|砂也香|砂夜火|砂夜花|砂家加|砂弥香|砂矢花|砂矢香|砂耶花|砂野香|祥果|竹香|粧也香|紀香|紗与花|紗也伽|紗也佳|紗也加|紗也可|紗也嘉|紗也夏|紗也果|紗也歌|紗也花|紗也華|紗也香|紗佳|紗加|紗可|紗和香|紗哉加|紗哉華|紗哉賀|紗哉香|紗夏|紗夜佳|紗夜花|紗夜香|紗安佳|紗安香|紗弥佳|紗弥加|紗弥可|紗弥圭|紗弥夏|紗弥桂|紗弥楓|紗弥花|紗弥華|紗弥香|紗彌香|紗彩華|紗慶|紗文佳|紗果|紗桂|紗椰香|紗樺|紗歌|紗矢佳|紗矢加|紗矢夏|紗矢果|紗矢歌|紗矢花|紗矢華|紗矢郁|紗矢香|紗絢香|紗綾佳|紗綾加|紗綾嘉|紗綾夏|紗綾架|紗綾花|紗綾華|紗綾郁|紗綾霞|紗綾香|紗綾馨|紗耶伽|紗耶佳|紗耶加|紗耶可|紗耶圭|紗耶夏|紗耶果|紗耶架|紗耶花|紗耶華|紗耶賀|紗耶香|紗耶馨|紗花|紗華|紗谷花|紗谷香|紗野会|紗野佳|紗野加|紗野夏|紗野歌|紗野花|紗野香|紗陽香|紗香|紗鶴|紫愛花|紫陽花|細香|綾香|缶鏖|翔香|聖香|聡也佳|聡香|茶也香|茶八花|茶野香|草野香|莢|莢夏|莢香|菜八佳|菜泰佳|菜矢佳|菜香|葵|裟也佳|裟也加|裟也果|裟也香|裟耶香|裟陽花|詐也加|財弥加|貴賀|速香|采也加|里和香|里耶香|陽香|雅|雅果|雅香|青花|静佳|静香|鞘華|颯佳|颯日|颯花|香佳|麗|麗佳	existing-recording
たかし	たかし|たか志|タカシ|丈|上|与|丘|丘史|亀之|亘|享|享伺|享史|享司|享嗣|享士|享志|京|京士|亭|亮|仁|仁詞|介士|他嘉司|仙|仰|仰仕|任|任史|任志|位|俊|俊士|俊至|俊詞|倬史|偉|健|健史|健圭志|傑|傑士|僑|充|充賜|克|公|公史|公司|公士|公師|公志|冶|凸|利士|剛|剛史|剛司|剛嗣|剛士|剛志|剛慈|剛誌|創史|功樹|劭|勇志|勝士|勝巳|千仭|卓|卓之|卓史|卓司|卓嗣|卓士|卓志|卓思|卓資|厳志|史|史上|和|和史|和司|和志|咫日四|哲史|哲司|哲士|唱|啓|啓之|啓史|啓司|啓志|喬|喬之|喬史|喬司|喬嗣|喬士|喬志|喬至|喬視|喬誌|圭|圭司|堂史|堂司|堯|壮|多佳史|多佳司|多佳志|多加史|多加司|多加士|多加子|多加志|多可史|多可志|多嘉史|多嘉司|多嘉示|多彼志|多賀史|多賀司|多賀志|大|大志|大香士|天|天史|天司|天士|天志|太加司|太加志|太可士|太嘉志|太志|央|好志|孔|孝|孝之|孝使|孝俊|孝充|孝史|孝司|孝嗣|孝四|孝士|孝壮|孝始|孝孜|孝守|孝実|孝志|孝思|孝慈|孝支|孝旨|孝止|孝氏|孝至|孝詩|孝誌|孝資|孟司|学史|学司|学士|学志|宇|宇史|宇士|宇志|宏|宗|宗之|宗司|宗志|宗林|宙|宜史|宜司|宜士|宜志|宜至|宝之|宝史|宝志|宣司|容|密|寛|将|将志|尊|尊之|尊伺|尊史|尊司|尊嗣|尊士|尊志|尊慈|尊梓|尊氏|尚|尚之|尚史|尚司|尚嗣|尚士|尚志|尚治|尚資|尭|尭史|尭司|尭志|尭次|尭至|山|屹|岐|岑|岑志|岳|岳之|岳史|岳司|岳士|岳志|岳海|峰|峰史|峰司|峰士|峰志|峰詩|峻|峻史|峻司|峻士|峻姿|峻志|峻次|峻秀|崇|崇之|崇史|崇司|崇吏|崇嗣|崇士|崇大|崇志|崇支|崇氏|崇祠|崇至|崇視|崇詞|崇詩|崇誌|崇資|崔|崟|嵩|嵩史|嵩士|嵩志|嵩至|嵩詞|嶐|嶢|嶬|嶮|嶺|巌|巍|巨|幸|幸史|幸司|幸志|幹|延之|延史|建|律|志|恭|恭史|恭司|恭嗣|恭士|恭志|恭資|想|憲|拓志|挙史|挙司|挙志|教|教之|教司|教嗣|教詩|敞|敬|敬之|敬佳|敬史|敬司|敬嗣|敬四|敬士|敬志|敬至|敬視|敬資|敲|方志|旻|昂|昂史|昂司|昂士|昂志|昇史|昊|昌|昴|昴志|晃|晃司|暁志|杲|栄司|栄志|格|梢嗣|標|樹|橋司|武|毅|毅史|毅司|毅士|毅志|毅純|毅至|永|洸|浩史|渉|澄|爽|猛司|玄|理|理史|琢史|生司|生士|田佳士|田加志|登之|登史|登司|登嗣|登志|皋|皐|盛|直|矯|秀|稜|稿士|穹|空|空司|立|章|章史|章士|節|節之|節史|篁|経司|翔|考|考優|考史|考司|考士|考志|考示|聖|聖史|聖士|聖志|聖裔|聡|肖嗣|能史|能士|臣史|臣司|臣壮|臣志|興|良知|行志|襄|誇|誉|誉之|誉史|誉司|誉四|誉士|誉志|誉梓|誉識|誠|謙|豊史|豪|貞|貢志|貴|貴之|貴使|貴信|貴史|貴司|貴嗣|貴士|貴守|貴寿|貴巳|貴志|貴支|貴是|貴氏|貴洙|貴祉|貴紫|貴至|貴視|貴詞|貴詩|貴資|資士|賞|賢|賢史|賢司|賢士|賢志|超|輝|迢|遵|郁|長|陟|陵|陸|陽|陽史|陽士|陽志|隆|隆主|隆之|隆二|隆伺|隆候|隆史|隆司|隆吏|隆嗣|隆士|隆市|隆師|隆志|隆旨|隆次|隆氏|隆而|隆臣|隆至|隆詩|隆誌|隆資|隼史|隼至|雄|雄史|雄司|雄志|韶|顕史|飛|飛史|飛志|駿|駿志|高|高之|高伺|高使|高史|高司|高吏|高嗣|高四|高士|高巳|高師|高志|高滋|高矣|高示|高至|高視|高詞|高詩|高誌|高資|高隆|髞|魏|魏志|鷹|鷹史|鷹司|鷹士|鷹志|鷹思|龍	existing-recording
こうじ	こうじ|コウジ|亘二|亘児|亘史|亘司|亘嗣|亘志|亙児|交司|亨二|亨史|亨治|享史|仰嗣|仰志|倖史|倖巳|候二|候治|候磁|光二|光仁|光児|光冶|光史|光司|光嗣|光士|光志|光慈|光次|光治|光滋|光示|光継|光至|光虹|光詞|光路|公二|公仁|公伺|公似|公児|公兒|公史|公司|公嗣|公士|公寿|公待|公志|公慈|公持|公次|公治|公滋|公爾|公璽|公示|公耳|公詞|公資|公路|公迩|剛二|剛人|剛児|剛兒|剛史|剛司|剛士|剛志|剛次|剛治|功之|功二|功侍|功児|功史|功司|功嗣|功士|功志|功時|功次|功治|功知|功示|功至|功路|効稚|厚二|厚司|厚志|厚次|厚治|厚滋|厚自|后司|向史|吼児|告二|告司|喬司|塙二|好二|好人|好児|好史|好司|好志|好次|好治|孔二|孔史|孔司|孔士|孔治|孝之|孝二|孝仁|孝児|孝兒|孝史|孝司|孝嗣|孝士|孝始|孝寿|孝志|孝慈|孝時|孝次|孝治|孝爾|孝示|孝至|孝路|孝道|宏之|宏二|宏仁|宏児|宏史|宏司|宏吏|宏嗣|宏士|宏尚|宏弐|宏志|宏時|宏樹|宏次|宏氏|宏治|宏滋|宏爾|宏至|宏詞|宏路|宰次|小次|岬二|崇治|工事|巧二|巧児|巧治|巧爾|巧至|幸二|幸仁|幸児|幸史|幸司|幸嗣|幸士|幸寿|幸師|幸志|幸慈|幸持|幸次|幸治|幸滋|幸璽|幸示|幸至|幸詞|幸資|幸路|広之|広二|広司|広吏|広嗣|広士|広志|広慈|広持|広次|広治|広浩|広示|広至|庚二|庚司|庫司|庫嗣|庫治|康之|康二|康仁|康児|康冶|康史|康司|康吏|康嗣|康士|康始|康志|康慈|康次|康氏|康治|康滋|康爾|康至|康詞|康詩|康資|廣二|廣司|廣治|廣辞|弘二|弘仁|弘児|弘史|弘司|弘嗣|弘士|弘志|弘慈|弘智|弘次|弘治|弘滋|弘爾|弘至|弘路|弘靖|征士|恍示|恒之|恒二|恒児|恒史|恒司|恒嗣|恒地|恒士|恒志|恒慈|恒次|恒治|恒爾|恒至|抗二|拡二|拡史|拡建|拡志|拡至|攻治|教司|昂二|昂児|昂司|昂嗣|昂士|昂志|昂治|昂路|昊児|昊嗣|晃之|晃二|晃仁|晃伺|晃児|晃史|晃司|晃嗣|晃士|晃志|晃次|晃治|晃爾|晃知|晃示|晃自|晃至|晃路|晧二|晧司|曠二|更路|江児|江史|江司|江次|治二|洪二|洪志|洪次|洸二|洸司|洸滋|洽二|洽司|洽治|浩|浩之|浩二|浩仁|浩児|浩史|浩司|浩嗣|浩士|浩弐|浩志|浩慈|浩次|浩武|浩治|浩潤|浩爾|浩知|浩示|浩自|浩至|浩誌|浩資|浩路|滉二|滉司|滉嗣|滉治|煌史|甲二|甲児|甲兒|甲司|甲士|甲治|皇二|皇児|皇冶|皇司|皇治|皎二|皎児|皎司|皓之|皓二|皓史|皓司|皓嗣|皓士|皓次|皓治|皓視|硬仁|硬士|紅児|紅司|紘二|紘史|紘司|紘嗣|紘士|紘志|紘次|紘治|紘爾|絋二|絋爾|綱二|綱司|綱士|綱志|綱路|考二|考史|考司|考志|考次|考治|耕之|耕二|耕児|耕史|耕司|耕嗣|耕士|耕志|耕慈|耕次|耕治|耕滋|耕爾|耕生|耕示|耕自|耕至|耕資|耕路|耿二|與治|興二|興児|興史|興司|興嗣|興志|興慈|興時|興次|興治|興知|興至|航二|航児|航史|航司|航地|航士|航志|航慈|航治|航自|航路|虎二|虎氏|虹二|虹児|蛟児|蝗路|行二|行児|行冶|行史|行司|行嗣|行志|行慈|行示|行至|衡児|講二|講次|講治|豪志|貢史|貢司|貢士|貢志|貢次|貢治|輝二|輝治|郊士|釦治|鉱二|鉱司|鉱嗣|鉱次|鉱治|鋼二|鋼次|鋼治|鋼路|鎬次|閤治|隆二|頌司|香之|香二|香児|香史|香次|香治|香爾|高二|高児|高史|高司|高嗣|高士|高志|高次|高治|高自|高至|鴻司|鴻嗣|鴻志|鴻次|鴻治|鵠児|鵠治	existing-recording
あやか	あやか|あや佳|あや果|あや歌|あや花|あや華|あや霞|あや香|アヤカ|亜也伽|亜也佳|亜也加|亜也可|亜也嘉|亜也花|亜也芳|亜也霞|亜也香|亜八香|亜哉可|亜哉嘉|亜哉香|亜弥佳|亜弥加|亜弥可|亜弥嘉|亜弥華|亜弥香|亜彩香|亜矢佳|亜矢加|亜矢可|亜矢嘉|亜矢架|亜矢歌|亜矢花|亜矢茄|亜矢華|亜矢香|亜耶伽|亜耶佳|亜耶加|亜耶可|亜耶嘉|亜耶果|亜耶花|亜耶香|亜郁佳|亜野加|亜野香|亜雅花|亞也加|亞弥華|初佳|史伽|史佳|史加|史夏|史果|史歌|史花|史華|史香|妖華|安也佳|安也加|安也可|安也嘉|安也夏|安也果|安也花|安也華|安也香|安哉佳|安哉加|安哉可|安哉嘉|安哉夏|安哉果|安哉華|安哉香|安弥佳|安弥加|安弥可|安弥嘉|安弥夏|安弥果|安弥華|安弥香|安矢佳|安矢加|安矢可|安矢嘉|安矢夏|安矢果|安矢花|安矢華|安矢香|安耶佳|安耶加|安耶可|安耶嘉|安耶夏|安耶果|安耶華|安耶香|希花|彩|彩也香|彩代|彩会|彩伽|彩何|彩佳|彩加|彩可|彩叶|彩和|彩嘉|彩圭|彩夏|彩奏|彩弥加|彩弥香|彩愛|彩日|彩果|彩架|彩栞|彩桂|彩桜|彩楓|彩樺|彩歌|彩河|彩矢佳|彩矢果|彩矢香|彩絵|彩綾香|彩翔|彩耶茄|彩耶香|彩花|彩芳|彩芽|彩荷|彩華|彩薫|彩蘭|彩覚|彩賀|彩郁|彩野花|彩雅|彩霞|彩風|彩香|彩馨|彪佳|彪加|彪可|彪嘉|彪夏|彪果|彪歌|彪河|彪花|彪華|彪霞|彪香|彬加|彰伽|彰佳|彰加|彰可|彰嘉|彰夏|彰果|彰花|彰香|恵佳|恵加|恵可|恵夏|恵日|恵花|恵芳|恵郁|恵香|惠加|惠郁|愛佳|愛加|愛夏|愛弥花|愛弥華|愛彩川|愛歌|愛耶伽|愛耶香|愛華|操佳|操可|操夏|操花|操香|文乃|文也佳|文伽|文佳|文加|文化|文可|文嘉|文夏|文日|文果|文架|文椛|文楓|文歌|文翔|文花|文芳|文華|文賀|文郁|文雅|文霞|文風|文香|文馨|文鶴|斐佳|斐加|斐卦|斐可|斐夏|斐果|斐花|斐華|斐香|明也香|明弥香|明矢香|明香|曖矢加|有也香|本彩花|朱伽|朱佳|朱加|朱夏|朱果|朱花|朱芳|朱華|朱賀|朱郁|朱香|朱馨|杏也加|杏也花|杏矢香|理佳|理加|理可|理嘉|理圭|理楓|理河|理花|理華|理郁|理都|理香|礼伽|礼佳|礼加|礼可|礼嘉|礼圭|礼夏|礼果|礼歌|礼花|礼華|礼郁|礼雅|礼霞|礼香|稜夏|章伽|章佳|章加|章可|章嘉|章日|章果|章花|章華|紋|紋佳|紋加|紋可|紋嘉|紋圭|紋夏|紋歌|紋稼|紋綾香|紋花|紋菓|紋華|紋霞|紋香|純佳|純加|純和|純果|純花|純芳|純華|純香|純鳥|紗佳|紗香|絢也香|絢伽|絢佳|絢加|絢千|絢可|絢嘉|絢圭|絢夏|絢日|絢果|絢架|絢歌|絢花|絢茄|絢華|絢蘭|絢賀|絢郁|絢雅|絢霞|絢香|綵香|綺伽|綺佳|綺加|綺嘉|綺夏|綺果|綺楓|綺歌|綺稼|綺花|綺華|綺香|綾|綾伽|綾佳|綾加|綾可|綾和|綾夏|綾果|綾架|綾桂|綾樺|綾歌|綾矢加|綾矢香|綾紺|綾織香|綾翔|綾花|綾芳|綾茄|綾華|綾郁|綾雅|綾霞|綾香|綾鹿|緋夏|繰佳|肖|肖佳|肖可|肖華|肖香|花郁|花霞|英佳|英加|英歌|英花|英華|英香|茜弥香|菖花|葵朱花|蛙爺迦|郁佳|郁加|郁嘉|郁圭|郁果|郁歌|郁花|郁華|郁香|采伽|采佳|采加|采可|采嘉|采夏|采果|采樺|采歌|采海|采花|采華|采霞|采香|阿也佳|阿也加|阿也可|阿也嘉|阿也夏|阿也果|阿也華|阿也香|阿哉佳|阿哉加|阿哉可|阿哉嘉|阿哉夏|阿哉果|阿哉華|阿哉香|阿夜火|阿弥佳|阿弥加|阿弥可|阿弥嘉|阿弥夏|阿弥果|阿弥華|阿弥香|阿矢佳|阿矢加|阿矢可|阿矢嘉|阿矢夏|阿矢果|阿矢華|阿矢香|阿耶佳|阿耶加|阿耶可|阿耶嘉|阿耶夏|阿耶果|阿耶華|阿耶香|霓佳|順花|順香|麻弥香|麻文香|麻耶加|麻華	existing-recording
ひろし	ひろし|ひろ志|ヒロシ|一呂史|一士|二葉|亘|亙|京志|仁|仁史|仁士|仁市|仁志|仙志|伸|侑|倬|偉至|僚|優|光|光史|光司|光嗣|光志|公|公史|公司|公志|公視|勲志|卑廬子|博|博之|博二|博伺|博史|博司|博吏|博嗣|博四|博士|博己|博巳|博志|博慈|博文|博旨|博是|博次|博治|博清|博磁|博示|博紫|博至|博茂|博視|博詞|博資|博辰|厚|史|周|周史|周司|周士|周市|周志|周至|哲|啓|啓之|啓仁|啓史|啓司|啓嗣|啓士|啓志|啓支|啓氏|啓示|啓至|啓誌|啓資|嘉司|嘉嗣|嘉士|嘉志|地士|坦|壮志|大|大史|大司|大嗣|大士|大弘|大心|大志|大洋|大至|大芝|大視|大詞|天|太|太信|太司|太士|太志|太洋|央|宇|宇司|宇宙|完|宏|宏之|宏仁|宏使|宏史|宏司|宏吏|宏士|宏壮|宏好|宏始|宏守|宏志|宏思|宏旨|宏是|宏氏|宏治|宏而|宏至|宏視|宏詞|宏誌|宗史|宗士|宗志|宙|宙史|宙司|宙士|宙志|宙詩|宥|容|容史|容司|容士|容至|寛|寛之|寛史|寛司|寛嗣|寛士|寛志|寛旨|寛視|寛開|尋|尋之|尋史|尋士|尋志|尋思|尋至|尚史|尚士|展|展史|展士|展至|巨|巨司|巨士|平|広|広之|広史|広司|広嗣|広士|広巳|広志|広氏|広治|広至|広西|広視|広詞|広資|廣|廣之|廣史|廣司|廣嗣|廣士|廣志|弘|弘之|弘任|弘侍|弘史|弘司|弘吏|弘嗣|弘士|弘始|弘師|弘志|弘氏|弘熈|弘知|弘祐|弘至|弘芝|弘視|弘詞|弘詩|弘誓|弘資|弥|弥志|律|快|恕|恢|悠|悠史|愽|愿|慱司|慶司|拓|拓之|拓史|拓司|拓嗣|拓士|拓志|拓資|拡|拡之|拡史|拡嗣|拡志|敞|敬|敬之|敬史|敬司|敬士|敬志|敬詞|日呂士|日呂志|日露史|旺之|昊|明史|昿|晧|晧志|普|普司|普嗣|普至|景之|暢|曠|末|欧志|毅志|比呂之|比呂史|比呂司|比呂志|比呂詞|比呂詩|比朗志|比露志|比露思|氾|汎|汎司|汎士|汪|泛|泰|泰之|泰史|泰司|泰嗣|泰士|泰志|泱|洋|洋之|洋史|洋司|洋吏|洋嗣|洋四|洋士|洋巳|洋志|洋思|洋支|洋旨|洋至|洋詞|洋誌|洋資|洪|洪志|洸|洽|浜|浤|浩|浩之|浩也|浩人|浩仁|浩史|浩司|浩吏|浩嗣|浩士|浩志|浩晋|浩滋|浩直|浩示|浩至|浩詞|浩詩|浩資|海|海史|淳|溥|滉|演|漠|潔|潤|潤史|濶|火露子|煕|煕史|熈|熙|玄|皓|皓士|碩|碩志|礼|礼之|祐|祐史|祐司|祐士|祐志|祐資|祥|祥史|祥司|祥嗣|祥志|空|竹瀬|篤史|紕芦史|紘|紘之|紘偲|紘史|紘司|紘吏|紘嗣|紘士|紘審|紘志|紘至|紘資|絋志|綽|緋禄司|耕|航|莫|菲魯子|衆|衆史|衍|衛志|衞志|衡志|裕|裕主|裕之|裕史|裕司|裕嗣|裕士|裕子|裕康|裕志|裕滋|裕至|裕芝|裕詞|裕詩|裕資|誕|謙|豁|豊|豊史|賢|郭之|郭志|鉱|鑛|闊|陽|陽史|雄大|非老子|飛呂士|飛朗子|鴻	existing-recording
あきこ	あきこ|あき子|アキコ|アキ子|一季子|上紀子|丹子|丹香子|了子|亜丘子|亜企子|亜伎子|亜公子|亜喜子|亜城子|亜基子|亜妃子|亜姫子|亜子|亜季子|亜岐子|亜己子|亜希姫|亜希子|亜幾子|亜揮子|亜旗子|亜昭子|亜暁子|亜月子|亜木子|亜来子|亜枝子|亜樹子|亜淑子|亜生子|亜祈子|亜稀子|亜紀古|亜紀子|亜綺子|亜聖子|亜芸子|亜葵子|亜規子|亜記子|亜貴子|亜起子|亜輝子|亜輝香|亜黄子|亞久子|亞妃子|亞希子|亞紀子|亞記子|亞起子|亨子|享子|亮子|会欣子|会紀子|充樹子|光子|光明子|全子|公子|利麿|勅子|千晶|叡子|右子|合気子|吾喜子|吾妃子|吾姫子|吾季子|吾希子|吾木子|吾樹子|吾紀子|吾記子|吾貴子|呆子|和希子|和貴子|哲子|哲紀子|唯貴子|唱子|啓子|在子|在規子|堯子|壮子|天起子|央子|央希子|媛子|孔子|学子|安久子|安亀子|安企子|安伎子|安公子|安喜子|安基子|安妃子|安嬉子|安季子|安岐子|安己子|安希子|安幾子|安来子|安樹子|安气子|安熙子|安甲子|安祈子|安紀子|安芸子|安規子|安記子|安貴子|安起子|安軌子|安輝子|宣子|察子|寧子|審子|尭子|帝子|広子|彩子|彩希子|彩記子|彩貴子|彩輝子|彩黄子|彬子|彭子|彰子|彰希子|徹子|快子|愁子|愛喜子|愛基子|愛姫子|愛子|愛季子|愛希子|愛樹子|愛生子|愛祈子|愛紀子|愛記子|愛貴子|愛輝子|愛香子|慧子|成子|我希子|招子|掲子|揚子|敞子|敦紀子|敬子|文子|日來子|日子|日華子|旦子|旭子|旺子|昂子|昇子|昌子|昌希子|明き子|明古|明吉子|明喜子|明基子|明姫|明子|明季子|明岐子|明希子|明木子|明来子|明樹子|明湖|明珠子|明生子|明紀子|明綺子|明芸子|明虹|明記子|明貴子|明起子|明輝子|明香|映子|昭基子|昭子|昭湖|昭誉|昴子|晁子|晃呼|晃子|晃弘|晃樹子|晃湖|晃規子|晃貴子|晄子|晄貴子|晋子|晏気子|晏規子|晟子|晧子|晨子|景子|晰子|晶児|晶子|晶孔|晶希子|晶湖|晶紀子|智子|暁古|暁呼|暁子|暁希子|暁湖|暁生子|暉子|暎子|暢子|曄子|曉子|曙子|曜子|曜木子|有公子|有吉子|有喜子|有妃子|有季子|有希子|有明子|有樹子|有紀子|有葵子|有記子|有貴子|有輝子|朋子|朗子|朗湖|朝希子|朝樹子|朝輝子|朱|朱妃子|朱子|朱希子|朱樹子|朱紀子|朱貴子|朱輝子|杏來子|杏妃子|杏季子|杏希子|杏生子|杏紀子|杏萌子|杏輝子|東子|果子|楸子|淑子|淡希子|淳子|滉子|火禾子|煌子|照子|燁子|燎子|燦子|燿子|爽子|爽季子|爾子|玲子|珠子|現子|瑛子|瑩子|璃子|璃瑚|璋子|生喜子|発子|白胡|白鵠|的子|皓子|盟句|盟子|監子|省子|瞭子|瞳子|知子|研子|礼子|祥子|秋呼|秋子|秋季子|秋希子|秋桜子|秋湖|秋虹|稔子|穣子|空子|空希子|章子|章己子|章湖|章起子|篤子|紀子|紅子|紅月狐|純子|紹子|絢子|綾喜子|綾基子|綾希子|綾技子|綾樹子|綾稀子|綾紀子|綾芸子|綾記子|綾貴子|綾起子|緋子|翌子|耀子|聖子|聡子|聡香|聰子|聴子|良子|芸子|英企子|英子|英芸子|英輝子|茜城子|茜子|茜季子|華子|著子|葵季子|葵樹子|西子|見子|覚子|証子|詔子|誠子|説子|諒子|謙子|貴紀子|赫子|輝呼|輝子|鏡子|鑑子|開子|阿喜子|阿基子|阿妃子|阿嬉子|阿季子|阿希子|阿幾子|阿木子|阿樹子|阿紀子|阿綺子|阿芸子|阿葵子|阿規子|阿記子|阿貴子|阿起子|阿輝子|陽子|陽湖|雅喜子|雅紀子|韶子|顕子|顯子|麻季子|麻希子|麻樹子|麻紀子|麻記子	existing-recording
かおり	かおり|かお理|かお里|かほ里|かを里|カオリ|伽折|伽織|佳オリ|佳乙里|佳了|佳保利|佳保理|佳保里|佳多利|佳多里|佳央利|佳央梨|佳央理|佳央莉|佳央里|佳小里|佳居|佳峰利|佳帆梨|佳帆里|佳往里|佳応里|佳折|佳於里|佳桜里|佳桜麟|佳欧里|佳浦里|佳生梨|佳生理|佳生里|佳穂利|佳穂吏|佳穂理|佳穂里|佳緒|佳緒利|佳緒梨|佳緒理|佳緒里|佳織|佳織理|佳織里|佳芳里|佳薫|佳起里|佳里|佳音律|佳音織|佳音里|佳麻吏|佳麻理|佳麻里|加乃里|加仰里|加保梨|加保莉|加保里|加央利|加央梨|加央理|加央莉|加央里|加小里|加於理|加於里|加理|加生理|加生里|加穂里|加緒利|加緒理|加緒里|加織|加織里|加良理|加音律|加麻利|加麻理|可保梨|可保里|可央梨|可央理|可央里|可帆理|可帆里|可愛梨|可把理|可於梨|可生里|可祈|可緒吏|可緒梨|可緒里|可織|和緒里|和織|嘉保理|嘉生里|嘉緒理|嘉織|圭士里|圭央莉|圭央里|圭恵利|圭穂|圭穂梨|圭穂理|圭緒里|圭織|圭香|夏央利|夏央里|夏小梨|夏小理|夏帆里|夏於里|夏旺利|夏有|夏水里|夏生利|夏穂里|夏節|夏緒梨|夏緒理|夏緒里|夏織|夏織里|夏麻吏|奏央織|奏音律|奏音璃|奏音織|奏音鈴|寿織|日和吏|日緒莉|朱織|果保里|果央理|果央莉|果桜梨|果桜里|果王里|果生莉|果祈|果緒り|果緒梨|果緒里|果織|架緒莉|架織|桂紬|桂織|桂諸理|楓栞|楓純|楓織|歌央理|歌央里|歌小里|歌栞|歌王里|歌生里|歌緒梨|歌緒里|歌織|歌織里|歌音吏|歌音莉|歌音里|火熾|珂織|珈央俚|環音璃|白梅薫|神生理|禾乙里|緩音莉|緩音里|翔織|耶織|花乙里|花多梨|花央利|花央理|花央里|花尾里|花往里|花恩理|花折|花桜李|花桜梨|花桜理|花桜織|花桜里|花王梨|花王莉|花生璃|花穂里|花緒梨|花緒理|花緒里|花織|花織李|花織里|花音梨|花音璃|花音織|花香|花麻理|芳|芳倫|芳凛|芳吏|芳季|芳梨|芳理|芳生|芳穂梨|芳緑|芳織|芳美|芳莉|芳里|芳香|華可利|華央莉|華央里|華小合|華旺梨|華桜梨|華桜理|華桜里|華王里|華生吏|華生理|華生里|華穂理|華穂莉|華穂里|華緒|華緒梨|華緒理|華緒里|華織|華里|華音合|華香|薫|薫り|薫利|薫吏|薫子|薫宿|薫恵|薫李|薫梨|薫理|薫織|薫莉|薫里|蘭織|袈央了|課小里|賀央里|賀生里|賀織|郁|郁梨|郁理|郁緒梨|郁織|郁里|雅織|雅織里|霞央里|霞於莉|霞於里|霞織|風桜李|風桜里|風織|風音璃|風音里|香|香り|香乃|香乙理|香俐|香保利|香保理|香保里|香利|香吏|香和里|香央利|香央李|香央梨|香央理|香央莉|香央里|香子|香実|香小李|香小理|香小里|香尾里|香居|香居里|香帆里|香往里|香折|香文|香於理|香於里|香有|香朋立|香朋里|香李|香桜理|香桜礼|香桜織|香桜里|香梨|香棗|香檻|香櫻里|香欧里|香歩李|香歩理|香王利|香王梨|香王理|香王莉|香理|香璃|香生理|香生里|香男里|香百合|香秀|香穂利|香穂理|香穂莉|香穂里|香緒|香緒利|香緒李|香緒梨|香緒理|香緒莉|香緒里|香織|香織梨|香織理|香織里|香花|香芳|香芳里|香莉|香諸里|香識|香里|香鈴|香音莉|香音里|香順|香鯉|香麗|香麻利|香麻里|馥|馨|馨梨|馨理|馨緒璃|馨織|馨莉|馨里|鹿織	existing-recording
はるか	はるか|はる佳|はる歌|はる翔|はる花|はる華|はる霞|はる香|ハルカ|ハル華|五月香|令佳|令圭|令花|会香|億|優花|元芳|元香|初香|啓加|啓香|喜香|墾香|夢|大佳|大叶|大和|大夏|大果|大空|天佳|央|始加|始夏|始花|媛香|宇宙|安加|宙|宙香|実嘉|尚香|巴瑠佳|巴瑠加|巴瑠華|巴瑠香|巴留華|帆風|弥生香|彗|悠|悠か|悠乃|悠伽|悠佳|悠加|悠可|悠夏|悠果|悠桂|悠楓|悠歌|悠河|悠瑠香|悠花|悠華|悠郁|悠雅|悠音|悠香|把留花|揆|揺香|搖|日和|日翔|日花|日香|早夏|明佳|明加|明可|明夏|明奏|明日香|明花|明芳|明華|明香|春伽|春佳|春加|春可|春和|春嘉|春圭|春夏|春愛|春日|春果|春架|春楓|春樺|春歌|春河|春海|春翔|春花|春茄|春華|春薫|春賀|春霞|春風|春香|春鹿|時香|晏佳|晏加|晏歌|晏香|晴|晴佳|晴加|晴可|晴夏|晴奏|晴日|晴果|晴架|晴歌|晴河|晴流風|晴海|晴瑠佳|晴瑠香|晴留香|晴翔|晴花|晴華|晴賀|晴郁|晴雅|晴霞|晴風|晴香|晴馨|暎佳|暖|暖佳|暖加|暖日|暖花|暖華|暖風|暖香|未來|未来|未海|東佳|東加|東香|杳|杳佳|杳花|栄佳|栄華|栄香|桜花|桜茄|桜詩|桜香|楓香|楼香|榛夏|榛花|榛華|榛香|永|永久|永佳|永加|永夏|永花|永華|永賀|永遠|永遠花|永香|永馨|治佳|治加|治夏|治季|治果|治花|治華|治香|波流架|波琉香|波瑠佳|波瑠加|波瑠夏|波瑠香|波留加|波留可|波留歌|波留花|波留香|洋|洞|浪呼|温佳|温加|温叶|温和|温日|温歌|温翔|温花|温華|温雅|温香|温麗|玄|玄香|珍馨|瑤|瑶|瑶花|瑶香|白瑠歌|相郁|瞭|知佳|知加|知花|知華|知郁|知雅|知香|秦留可|空|立佳|立夏|立春花|立春香|立芳|範佳|紫陽花|美佳|美和|美嘉|美夏|美奏|美日|美朱|美歌|美花|美華|美蘭|美風|美香|美馨|羽流香|羽琉香|羽瑠夏|羽瑠香|羽留佳|羽留香|羽香|良佳|花佳|花哉|花夏|花河|花芳|花華|花香|英|華|華伽|華佳|華加|華和|華嘉|華圭|華夏|華日|華果|華瑠佳|華瑠歌|華花|華香|萌加|葉|葉流風|葉琉花|葉瑠佳|葉瑠加|葉瑠花|葉瑠香|葉留佳|葉留加|葉留果|葉留香|遙|遙佳|遙加|遙河|遙花|遙香|遥|遥伽|遥佳|遥加|遥可|遥叶|遥嘉|遥圭|遥夏|遥奏|遥日|遥月|遥果|遥架|遥歌|遥河|遥海|遥花|遥華|遥霞|遥風|遥香|遼|遼佳|遼加|遼可|遼果|遼遥|遼香|開歌|開花|陽|陽佳|陽加|陽可|陽叶|陽咲|陽夏|陽奏|陽日|陽架|陽楓|陽歌|陽翔|陽花|陽華|陽賀|陽霞|陽風|陽香|陽馨|青何|青佳|青加|青夏|青空|青花|青霞|青風|青香|鳩留香	existing-recording
あきら	あきら|あき娘|アキラ|丙|丞|丹|了|亜喜良|亜希羅|亜希良|亜希麗|亜樹良|亜煌|亜紀良|亜綺羅|亜貴良|亜輝羅|亞姫羅|亨|享|亮|亮朗|亮生|亮良|侃|信|信良|倬|僚|光|党|全|公|卓|卯|卿|叡|史|吟|命|哲|哲良|啓|嗣|嘩|在|圭|坦|士|壮|央|奐|威|存|安喜良|宣|寛|審|将|尭|展|嶂|希|幌|彪|彬|彰|彰一|彰夫|彰良|徳|徳明|徴|徹|必|惺|愛星|愛煌|愛輝|愛輝羅|慧|憲|成|担|敞|敬|文|文彬|斉良|斌|斐|新|日|日明|旦|旭|旭良|旺|旻|昂|昌|明|明克|明朗|明生|明神|明羅|明良|明蘭|明貴良|明頼|昜|映|映良|昭|昭朗|昭良|昭郎|昶|晁|晃|晃子|晃瑞|晃良|晄|晋|晟|晢|晧|晨|晨等|景|晰|晶|晶宏|晶瑠|晶良|智|暁|暁良|暉|暎|暘|暠|暢|暸|暹|曄|曉|曙|曙彩|曜|有季羅|朗|望|東|杲|果|正|洸|洸来|淳|清明|清朗|滉|炯|烈|煌|煥|照|熹|燦|燿|爽|爽良|爾|玲|現|瑛|瑩|璋|発|白|皎|皐|皓|皓也|皙|盟|監|直加|省|睿|瞭|瞰|瞳|確|礼|祥|祥良|秋桜|秋良|秋蘭|秋裸|穆|章|章等|章良|簡|粲|精|緋輝|翌|翔|翠|翠羅|翹|耀|耿|聖|聖夜|聡|聡良|聰|聴|肇|興|舜|良|英|英良|融|行|見|覚|観|証|詔|詮|詳|誠|諒|諦|諭|講|證|賛|赫|輝|野章|鏡|鑑|阿喜良|阿岐良|阿樹良|陽|陽良|雕|露|靖|韶|頭|頭良|顕|顕彰|顕晃|顕良|顯|高|鮮|麗|麗明|黎	existing-recording
ゆき	ゆき|ゆ姫|ユキ|之|亨|佑基|佑妃|佑姫|佑季|佑希|佑樹|佑紀|佑綺|佑記|佑貴|侑|侑妃|侑季|侑希|侑樹|侑紀|侑貴|信|倖|優喜|優妃|優姫|優嬉|優季|優希|優心|優来|優樹|優毅|優気|優琴|優生|優畿|優紀|優綺|優記|優貴|優起|優輝|六花|六華|冬姫|冬桜|勇気|勇紀|勇葵|勇貴|千|千起|友喜|友妃|友姫|友季|友岐|友希|友幾|友稀|友紀|友結|友綺|友葵|友規|友記|友貴|友起|友鶴|右気|唯姫|唯希|喜|夕今|夕妃|夕姫|夕嬉|夕季|夕岐|夕希|夕幾|夕樹|夕祈|夕稀|夕紀|夕綺|夕耀|夕葵|夕記|夕貴|夕起|夕輝|夕雪|夜葵|夢姫|夢希|夢輝|天華|央希|如|如玉|幸|幸妃|幸姫|幸希|幸期|幸来|幸樹|幸生|幸祈|幸紀|幸貴|幸輝|幸響|幽紀|弓貴|志|恕|恭|悠喜|悠妃|悠姫|悠季|悠希|悠来|悠樹|悠生|悠紀|悠葵|悠貴|悠起|悠輝|愉喜|愛|憂姫|憂樹|憂紀|教|敬|月紀|有喜|有基|有妃|有姫|有季|有岐|有己|有希|有杏|有生|有稀|有紀|有綺|有芸|有葵|有衣|有規|有記|有貴|有起|有輝|柚卉|柚姫|柚季|柚希|柚木|柚杞|柚稀|柚紀|柚綺|柚葵|柚貴|柚黄|歴|油記|熊木|由|由亀|由企|由伎|由喜|由城|由妃|由姫|由季|由岐|由己|由希|由幾|由杏|由来|由果|由枝|由樹|由毅|由琴|由生|由祈|由稀|由紀|由純|由絹|由綺|由葵|由規|由記|由貴|由起|由輝|白|百季|百希|礼|祐伎|祐喜|祐妃|祐姫|祐季|祐希|祐樹|祐生|祐紀|祐貴|祐輝|章|結喜|結城|結妃|結姫|結季|結宜|結希|結樹|結生|結紀|結葵|結貴|結起|維|翔|行|裕喜|裕季|裕岐|裕希|裕紀|裕貴|諭喜|諭希|諭紀|透|遊亀|遊喜|遊葵|遊貴|郁紀|酉癸|雪|雪妃|雪姫|雪季|雪希|雪樹|雪紀|雪華|雪葵|順|風花	existing-recording
みさき	みさき|みさ希|みさ樹|みさ紀|ミサキ|三三姫|三佐紀|三咲|三咲紀|三幸|三沙希|三沙祈|三紗妃|三紗生|仁咲|充咲|充妃|充早木|光先|光咲|光咲岐|光祥|光紗希|光紗紀|光魁|史祥|后沙葵|圭|夢咲|実佐喜|実佐希|実佐紀|実咲|実咲姫|実咲季|実咲希|実咲樹|実咲生|実咲稀|実咲紀|実咲輝|実妙季|実崎|実左紀|実彩樹|実彩紀|実早希|実早紀|実早輝|実未来|実沙妃|実沙姫|実沙季|実沙樹|実沙祈|実沙記|実砂季|実砂生|実砂紀|実祥|実紗喜|実紗姫|実紗季|実紗希|実紗樹|岬|岬咲|岬季|岬希|岬樹|岬生|岬紀|岬輝|峰咲|崎|幸咲|弁紀|弥咲|弥咲季|弥小希|弥沙希|弥紗妃|彩希|御前|御咲|微咲|心咲|心咲喜|心咲姫|心咲生|心咲葵|心幸輝|心彩希|心魁|慶咲|操|操季|操希|操生|操紀|明咲|望咲|望希|望早|望早希|望沙葵|未佐生|未咲|未咲季|未咲希|未崎|未左希|未幸|未幸来|未彩季|未彩希|未彩来|未早|未早希|未来|未沙希|未沙樹|未沙生|未沙稀|未沙紀|未沙葵|未沙貴|未沙輝|未祥|未紗季|未紗希|未紗樹|未紗稀|未紗紀|未紗葵|未紗輝|桃桜香|毅咲|水咲|水沙希|水沙紀|泉咲|海先|海咲|海咲岬|海咲樹|海岬|海彩姫|海来|海祥|海菜姫|深先|深咲|深小姫|深早伎|深魁|満咲|珠沙希|瑞咲|生咲|真沙希|碧咲|碧彩姫|緑咲|美佐喜|美佐妃|美佐姫|美佐季|美佐希|美佐樹|美佐紀|美佐貴|美先|美冴紀|美冴貴|美前|美咲|美咲喜|美咲妃|美咲姫|美咲季|美咲希|美咲樹|美咲稀|美咲紀|美咲葵|美咲輝|美嘯|美妃|美小喜|美小姫|美岐|美岬|美崎|美嵯樹|美幸|美彩姫|美彩希|美彩樹|美彩紀|美彩葵|美才希|美抄貴|美早|美早姫|美早季|美早希|美早紀|美早輝|美朝来|美未来|美桜姫|美桜生|美歳姫|美沙喜|美沙妃|美沙姫|美沙季|美沙希|美沙枝|美沙樹|美沙祈|美沙稀|美沙紀|美沙記|美沙貴|美沙輝|美砂姫|美砂季|美砂希|美砂生|美砂紀|美紗喜|美紗妃|美紗姫|美紗季|美紗希|美紗樹|美紗稀|美紗紀|美紗綺|美紗葵|美紗貴|美紗輝|美魁|翠咲|聖咲|良咲|葵早紀|見咲|観咲|都咲希|魅咲|魅粧姫|魅里姫	existing-recording
みき	みき|ミキ|ミ喜|三喜|三姫|三季|三己|三希|三幾|三木|三来|三樹|三生|三稀|三紀|三規|三記|三貴|三起|三鬼|仁喜|充嬉|充希|充葵|充規|充起|光妃|光希|光暉|光来|光祈|光紀|光綺|光葵|光貴|光輝|光香|南希|史貴|后希|味季|味希|味生|味記|壬姫|壬稀|妃貴|妙琴|実亀|実企|実喜|実姫|実季|実岐|実希|実幾|実木|実来|実枝|実樹|実毅|実気|実熙|実生|実祈|実稀|実紀|実芸|実規|実記|実貴|実輝|宮城|實希|岐希|峯希|峰樹|巨星|己基|己紀|己貴|巳喜|巳己|巳樹|巳紀|巳貴|巳輝|幹|幹基|幹己|弥妃|弥姫|弥季|弥希|弥生|弥紀|彗樹|心喜|心希|心樹|心祈|心綺|心響|扇妃|扇生|文紀|明希|星祈|暖樹|望咲|望喜|望姫|望希|望来|望樹|望綺|望葵|未來|未喜|未基|未妃|未姫|未季|未希|未恭|未来|未樹|未生|未稀|未紀|未綺|未聖|未葵|未規|未記|未貴|未輝|末希|果樹|桃姫|樹|樹生|民樹|民輝|水姫|水希|水樹|水絹|水葵|水貴|水輝|泉希|海妃|海姫|海岐|海希|海来|海樹|海生|海葵|海貴|海輝|深喜|深姫|深希|深樹|深紀|深聴|深輝|満亀|満喜|満希|満紀|満輝|珠姫|珠希|珠貴|瑞希|生喜|生妃|監姫|真希|碧輝|神喜|神樹|神酒|美|美き|美亀|美企|美伎|美來|美公|美咲|美喜|美城|美基|美埼|美奇|美妃|美姫|美季|美岐|美巳|美希|美幾|美揮|美星|美木|美来|美樹|美毅|美気|美煕|美熙|美生|美祈|美稀|美紀|美紀樹|美絹|美綺|美芸|美葵|美衣|美規|美記|美貴|美起|美輝|美響|美黄|聖希|良季|良希|英貴|見季|規城|視来|観樹|観稀|診木|身樹|身記|身起|魅妃|魅姫|魅希|魅来|魅樹|魅紀|魅貴|魅輝|魅鬼	existing-recording
けんじ	けんじ|けん二|ケンジ|一二|乾二|乾史|乾司|乾次|乾治|伸次|倹二|健之|健二|健人|健仁|健児|健兒|健冶|健史|健司|健吉|健吏|健嗣|健四|健士|健守|健実|健寿|健師|健弍|健彌|健志|健慈|健持|健時|健樹|健次|健氏|健治|健滋|健爾|健示|健自|健至|健視|健詞|健誌|健資|健路|兼二|兼伺|兼児|兼史|兼司|兼嗣|兼士|兼志|兼次|兼治|兼蒔|剛次|剣二|剣司|剣嗣|剣士|剣次|剣治|剣璽|堅之|堅二|堅人|堅侍|堅司|堅嗣|堅士|堅志|堅持|堅次|堅治|堅而|堅至|巻次|巻耳|建之|建二|建仁|建侍|建児|建冶|建史|建司|建士|建寿|建弐|建志|建次|建治|建爾|建詞|建路|愃嗣|憲之|憲二|憲仁|憲伺|憲侍|憲児|憲兒|憲史|憲司|憲嗣|憲士|憲始|憲寿|憲尚|憲志|憲慈|憲樹|憲次|憲治|憲爾|憲璽|憲示|憲資|憲路|懸自|拳司|拳次|挙次|検二|権二|権史|権治|涓二|涓司|狷二|献二|献児|献士|献志|献次|献治|研之|研二|研仁|研児|研史|研司|研地|研士|研志|研次|研治|研爾|研而|研自|研路|硯児|硯滋|絢史|絢司|絢士|繭士|虔二|虔児|虔士|虔次|見之|見二|謙之|謙二|謙仁|謙児|謙史|謙司|謙嗣|謙始|謙志|謙慈|謙次|謙治|謙爾|謙示|謙而|謙自|謙至|謙詞|賢之|賢也|賢二|賢人|賢仁|賢侍|賢児|賢兒|賢冶|賢史|賢司|賢嗣|賢士|賢字|賢寿|賢志|賢慈|賢持|賢晋|賢次|賢治|賢滋|賢爾|賢知|賢示|賢至|賢視|賢誌|軒司|遣二|釼二|鍵司|鍵次|鍵治|鎌二|顕之|顕二|顕児|顕史|顕司|顕嗣|顕士|顕志|顕慈|顕次|顕治|顯二|顯治	existing-recording
えみ	えみ|エミ|エ美|乃美|亜実|亜美|会己|会生|会美|依実|依弥|依未|依生|依美|依見|依身|円実|円美|咏美|咲|咲心|咲海|咲美|回美|姉美|宴美|延美|彩美|得実|得心|得美|微笑|恵三|恵充|恵光|恵味|恵壬|恵実|恵巨|恵己|恵巳|恵幸|恵弓|恵弥|恵愛|恵望|恵未|恵末|恵果|恵民|恵水|恵海|恵深|恵満|恵珠|恵生|恵美|恵聖|恵良|恵見|恵規|恵視|恵郁|恵魅|悦妙|悦美|惠三|惠実|惠扇|惠未|惠生|惠美|愛命|愛実|愛巳|愛弥|愛心|愛望|愛未|愛水|愛海|愛珠|愛生|愛美|愛見|愛視|慧実|慧己|慧弥|慧未|慧海|慧美|慧見|慧観|映実|映未|映水|映海|映美|映見|映都|暎美|枝三|枝実|枝己|枝巳|枝未|枝水|枝美|枝見|栄光|栄実|栄巳|栄未|栄美|栄見|桧美|榮美|永味|永実|永弥|永愛|永水|永満|永瑞|永美|永見|永麻|江妙|江実|江己|江明|江望|江未|江水|江海|江珠|江生|江美|江見|江視|江身|泳見|洩海|瑛実|瑛未|瑛海|瑛笑|瑛美|画未|画美|真恵美|穫美|笑|笑み|笑実|笑巳|笑弥|笑心|笑望|笑未|笑美|笑見|笑雪|絵三|絵光|絵史|絵夢|絵女|絵子|絵実|絵己|絵巳|絵弓|絵弥|絵心|絵文|絵未|絵水|絵海|絵深|絵満|絵生|絵眉|絵真|絵美|絵見|絵魅|美恵|美映|美紀|苗実|苗美|英味|英実|英巳|英未|英水|英泉|英瑞|英美|英見|衛美|衣史|衣実|衣望|衣未|衣海|衣美|衣見|衣視|衣身|詠実|詠巳|詠未|詠汀|詠満|詠美|越美|重三|重美|雅未	existing-recording
たけし	たけし|たけ志|タケシ|丈|丈史|丈司|丈嗣|丈士|丈宰|丈将|丈志|丈生|丈視|丈詞|丈資|偉史|健|健之|健也|健二|健史|健司|健嗣|健士|健巳|健志|健氏|健示|健至|健詞|健誌|健資|傑|剛|剛之|剛使|剛健|剛史|剛司|剛吏|剛嗣|剛士|剛巳|剛志|剛武|剛翔|剛至|剛詩|剛誌|剛資|剛賜|勇|勇士|勇志|卓史|哮司|堅|壮|壮史|壮司|壮宗|壮師|壮志|壮賜|壯|多景士|多計司|多計志|大|大史|太圭司|太希子|太計司|太計志|威|威史|威司|威士|威志|威旨|威至|威視|孟|孟之|孟史|孟司|孟嗣|孟士|孟子|孟志|尊|岑|岳|岳人|岳史|岳司|岳嗣|岳士|岳巳|岳志|岳至|岳視|岳詩|峻|巌|建|建史|建司|建士|建壮|建志|強|彪|悍|悍二|斌|斌之|断|武|武之|武人|武伺|武侍|武史|武司|武吏|武嗣|武四|武士|武始|武市|武師|武志|武晋|武石|武示|武祉|武紫|武至|武視|武資|毅|毅之|毅史|毅司|毅士|毅巳|毅志|毅示|洸|烈|烈史|烈司|猛|猛之|猛史|猛司|猛嗣|猛士|猛志|猛至|猛視|猛資|献史|矯|研|竣|竹之|竹史|竹司|竹嗣|竹四|竹塩|竹士|竹志|竹氏|竹織|竹識|羆|英|虎|虎司|虎志|豪|豪史|豪司|豪士|豪師|豪志|賢史|賢士|赳|赳史|赳士|赳志|赴史|郷志|長|長史|長司|長士|長志|長資|雄|雄之|雄史|雄司|雄士|雄幸|雄志|雄至|馬|驍|驍司	existing-recording
なおこ	なおこ|なお子|なほ子|なを子|ナオコ|ナオ子|ナヲ子|七五子|七保子|七央子|七帆子|七房子|七生子|七福子|七穂子|七緒子|七織子|乃生子|仍子|作子|侃子|侑子|修子|公子|凪桜子|南乙子|南寛子|南帆子|南桜子|南欧子|南生子|南穂子|南緒子|南豊子|名保子|名寛子|名帆子|名方子|名旺子|名生子|名穂子|名緒子|名良子|名諸子|和保子|和生子|和音子|和麻子|夏央子|奈世子|奈乙子|奈伯子|奈保子|奈多子|奈夫子|奈央子|奈尾子|奈峰子|奈巨子|奈帆子|奈応子|奈意子|奈扶子|奈方子|奈於子|奈暢子|奈有子|奈朋子|奈桜子|奈櫻子|奈欧子|奈歩子|奈渚子|奈王子|奈玲子|奈生子|奈穂子|奈穗子|奈緒娘|奈緒子|奈緒美|奈織子|奈良子|奈藍子|奈諸子|奈邦子|奈陽子|奈雄子|奈音子|奈麻子|如子|寧保子|寧寛子|寧歩子|寧生子|尚央子|尚子|尚緒子|尚駒|復子|志子|忠子|惇子|成央子|成生子|成穂子|成緒子|敞子|斉子|月桜鼓|有央子|有子|楠房子|楠緒子|楠良子|正子|永保子|治子|波公子|波穂子|浪恩子|渚穂子|温子|猶子|理子|璃奥子|生子|由子|直乙子|直保子|直凡子|直央子|直子|直歩子|直江|直湖|直生子|直穂子|直穗子|直緒子|直香|省子|眞子|真子|矢子|端子|納央子|納生子|納穂子|納緒子|緒子|脩子|苗生子|苗穂子|苗織子|菜伯子|菜保子|菜央子|菜小子|菜峰子|菜帆子|菜忍子|菜方子|菜旺子|菜暢子|菜桜子|菜浦子|菜王子|菜生子|菜甫子|菜百子|菜穂子|菜穗子|菜緒子|菜織子|菜良子|菜麻子|董子|薙起子|那乙子|那保子|那央子|那小子|那尚子|那帆子|那於子|那生子|那穂子|那緒子|那織子|銘緒子|順子	existing-recording
まき	まき|マキ|万亀|万喜|万妃|万嬉|万季|万希|万木|万枝|万樹|万熙|万生|万祈|万稀|万紀|万芸|万葵|万規|万記|万貴|万起|万軌|万輝|万黄|交岐|信希|冂|天雪|巻|希季|希紀|愛姫|愛輝|摩喜|摩姫|摩季|摩希|摩戯|摩樹|摩紀|摩記|摩起|政紀|末紀|槇|槙|槙紀|満喜|満己|満希|満樹|満紀|満貴|満黄|牧|牧慶|牧紀|直希|眞喜|眞姫|眞季|眞希|眞木|眞樹|眞生|眞紀|眞綺|眞記|眞貴|真企|真喜|真基|真好|真妃|真姫|真季|真岐|真己|真希|真幾|真旗|真木|真杏|真来|真樹|真気|真熙|真玖|真生|真示|真祈|真稀|真紀|真絹|真綺|真芸|真葵|真衣|真規|真記|真貴|真軌|真輝|真黄|磨姫|磨季|磨己|磨希|磨樹|磨毅|磨紀|磨貴|磨起|磨輝|舞妃|舞姫|舞季|舞希|舞樹|舞紀|舞綺|舞輝|苺姫|茉妃|茉姫|茉季|茉岐|茉希|茉枝|茉樹|茉熙|茉磯|茉祈|茉紀|茉綺|茉芸|茉葵|茉規|茉記|茉輝|茉黄|萬亀|蒔|蒔希|薪|薪木|誠妃|雅妃|雅姫|雅樹|雅紀|馬輝|魔姫|魔鬼|麗綺|麻亜季|麻喜|麻城|麻妃|麻姫|麻嬉|麻季|麻岐|麻己|麻希|麻幹|麻技|麻揮|麻木|麻杏|麻来|麻樹|麻熙|麻琴|麻生|麻稀|麻紀|麻綺|麻芸|麻葵|麻記|麻貴|麻起|麻黄	existing-recording
ゆい	ゆい|ユイ|ユ依|佑似|佑依|佑唯|佑威|佑惟|佑衣|侑以|侑似|侑依|侑生|侑衣|侑音|優|優以|優伊|優似|優依|優唯|優妃|優威|優惟|優愛|優生|優維|優育|優苺|優衣|優郁|友以|友依|友唯|友彩|友惟|友愛|友斐|友絃|友結|友維|友衣|友郁|右泉|唯|唯一|唯以|唯伊|唯似|唯依|唯好|唯愛|唯批|唯斐|唯生|唯由|唯芽|唯衣|夕以|夕依|夕彩|夕惟|夕斐|夕維|夕衣|夢伊|夢依|夢唯|夢姫|夢生|夢衣|夢追|宥依|床衣|弓依|弓衣|悠井|悠以|悠依|悠惟|悠生|悠維|悠衣|惟|惟衣|愉怡|愉衣|憂依|憂衣|月|有以|有伊|有似|有依|有唯|有為|有生|有祈|有維|有衣|木綿|柚|柚以|柚伊|柚依|柚生|柚衣|柚音|汐衣|浅香|浴衣|瑶斐|由|由以|由伊|由似|由依|由偉|由唯|由奈|由好|由妃|由委|由威|由彩|由惟|由意|由愛|由比|由泉|由生衣|由維|由緒|由育|由良|由衣|由郁|由集|由飛|癒生|百衣|祐以|祐依|祐威|祐維|祐衣|祐里|結|結以|結依|結偉|結命|結唯|結彩|結心|結惟|結意|結愛|結斐|結生|結緯|結衣|維|維衣|綿生|萸威|蓉衣|裕以|裕伊|裕依|裕唯|裕威|裕干|裕惟|裕衣|遊以|遊射|遊衣|遺|酉依|雄威|雪衣	existing-recording
けいこ	けいこ|けい子|ケイコ|ケイ子|主子|京伊子|京位子|京子|京意子|京衣子|佳以子|佳位子|佳依子|佳子|佳湖|佳維子|佳衣子|佳郁子|係子|公世|冏子|勁子|卿子|啓以子|啓伊子|啓依子|啓子|啓尹子|啓桜子|啓比子|啓江|啓移子|啓緯子|啓衣子|圭一子|圭井子|圭以子|圭伊子|圭似子|圭位子|圭依子|圭妃子|圭威子|圭子|圭尹子|圭慧子|圭比子|圭永子|圭生子|圭緯子|圭胡|圭衣子|圭衣瑚|圭香|境子|境衣子|奎伊子|奎威子|奎子|奎意子|契子|契恵子|奚子|希以子|希伊子|希依子|希委子|希子|希生子|希衣子|幸子|建子|彗子|影子|径子|徑子|恵以子|恵伊子|恵依子|恵好|恵子|恵己|恵意子|恵衣子|恵誇|恵郁子|惠以子|惠依子|惠子|惠郁子|慧似子|慧子|慧胡|慧衣子|慶伊子|慶位子|慶娘|慶子|慶江子|慶維子|慶衣子|憩子|憬子|憲子|携子|敬以子|敬伊子|敬似子|敬依子|敬偉子|敬委子|敬子|敬攸子|敬緯子|敬胡|敬衣子|景以子|景子|景湖|景衣子|桂井子|桂以子|桂吾|桂呼|桂好|桂子|桂己子|桂恵子|桂絲子|桂胡|榮子|気伊子|涓子|渓子|渓湖|溪子|炯子|珪子|瑩子|瓊子|硅子|磬子|禊子|稀亥瑚|稀意子|竟子|競子|系伊子|系子|絅子|経子|経緯子|絹依子|絹衣子|經子|継子|綮子|肇子|花衣子|茎子|華依子|華惟子|華生子|華莞子|華衣子|蛍光|蛍子|蛍湖|螢子|規子|解衣子|計井子|計子|詣子|警子|鏡子|顕子|馨女|馨子|鶏子	existing-recording
しんじ	しんじ|伸二|伸児|伸兒|伸史|伸司|伸嗣|伸志|伸樹|伸次|伸治|伸滋|伸爾|伸自|伸至|信之|信二|信仁|信司|信嗣|信寿|信志|信慈|信持|信次|信治|信滋|信爾|宍道|審司|審爾|岑二|心二|心史|心志|心治|心爾|愼二|愼司|愼志|愼時|愼治|愼示|慎二|慎仁|慎児|慎史|慎司|慎嗣|慎士|慎志|慎慈|慎次|慎治|慎滋|慎爾|新之|新二|新児|新史|新司|新士|新次|新治|新爾|新璽|晋之|晋二|晋児|晋史|晋司|晋嗣|晋士|晋字|晋志|晋樹|晋次|晋治|晋爾|晋示|晋路|晨二|晨次|普士|普次|森司|槙二|槙児|槙司|槙志|槙治|津二|深司|深志|深治|深至|清史|申二|申次|申治|眞之|眞二|眞児|眞史|眞司|眞嗣|眞士|眞志|眞次|眞治|眞爾|眞示|眞路|真之|真二|真人|真仁|真児|真史|真司|真嗣|真士|真始|真志|真慈|真樹|真次|真治|真爾|真知|真示|真至|真視|真詞|真資|真路|紳二|紳司|紳次|紳治|紳爾|紳至|紳詞|紳路|臣二|臣史|臣司|臣次|臣治|薪次|親二|親仁|親次|請二|辛二|辰二|辰次|辰治|辰爾|辰至|進之|進二|進仁|進児|進史|進司|進士|進志|進次|進止|進治|進路|鎭司|鎮治|震二|震治	existing-recording
ひろこ	ひろこ|ひろ子|ヒロコ|ヒロ子|一路子|一露子|丈子|丕子|世子|亞子|仁子|代子|伯子|佑子|倫子|優子|先子|八子|公子|凡子|勲子|十子|博子|博江|博路子|博香|厚子|史子|向子|周子|啓子|啓江|啓緑子|嘉子|坦古|坦子|壽子|大子|大瑚|央子|妃侶子|妃呂子|妃子|妃良子|妃路子|妃露子|姫侶子|完子|宏呂子|宏子|宏恭|宏朗子|宏瑚|宏胡|宏衣|宗子|官子|宙|宙子|宙孔|宙胡|宣子|宥子|容子|寛子|寛己|寛香|寿子|尋子|尋湖|尚呂子|展子|広子|廓子|廣子|延子|弘好|弘子|弥子|恕子|悠子|担子|拓子|拓湖|拡子|拾子|擴子|敞子|敬子|斐路子|日侶子|日呂子|日朗子|日路子|日露子|昂子|昊子|明子|晋子|晧子|普子|景子|暖子|暢子|望子|枇呂子|梏子|欧子|歓子|比侶子|比呂子|比呂小|比路子|汎子|汪子|泓子|泰子|洋子|洋湖|洪子|洸子|洽子|浩后|浩好|浩子|浩湖|海子|測子|湖子|溥子|滄子|滉子|潤子|澣子|煕子|熈子|由子|白子|白木|皇子|皓子|碩子|礼子|祐子|祥子|禮子|穹子|範子|簡子|紕ろ子|紘子|絋子|緋呂子|緩子|翔子|翼子|胖子|衆子|衡子|裕子|裕路子|誕子|豊子|郭子|都子|鉱子|闊子|陽呂子|陽子|陽路子|非露婚|飛路子|香子|鳳子|鴻子	existing-recording
まさと	まさと|マサト|万歳人|万砂人|万覚人|万里|仁人|仁斗|健人|優人|優仁|允人|允斗|全人|公人|公仁|剛人|剛士|勇人|勝人|勝利|勝土|勝登|勝都|匡人|匡登|卓翔|右人|和人|哲人|壮人|壮登|大翔|奨人|奨斗|将人|将仁|将斗|将登|将翔|将都|将隼|將人|將斗|巨人|幹人|庄人|征人|慎人|成人|成杜|政人|政仁|政斗|政門|斉人|斉士|方人|方斗|旬人|昌人|昌仁|昌士|昌斗|昌登|昌都|昌門|昭人|晶人|暢|暢人|暢仁|暢斗|柾人|栄人|正人|正仁|正任|正典|正刀|正利|正徒|正戸|正斗|正源|正登|正郷|満佐人|理人|理門|直人|省人|眞人|真三人|真乙|真人|真仁|真佐人|真利|真土|真外|真大|真左人|真悟|真斗|真早人|真智|真正|真理|真登|真砂人|真聖|真賢|真達|真郷|真都|真里|真門|真音|督人|磨早人|磨瑳人|礼人|祐人|祐仁|稚人|純人|聖人|聖仁|聖朝|聖翔|聡人|裕人|誠人|誠斗|諒人|賢人|賢門|雅人|雅仁|雅任|雅兎|雅刀|雅友|雅斗|雅登|雅翔|雅音|順人|順斗|麻佐人|麻沙人|麻砂人|麿聡	existing-recording
あや	あや|あ也|アヤ|亜也|亜哉|亜夜|亜弥|亜彩|亜恭|亜文|亜椰|亜矢|亜礼|亜綾|亜耶|亜耶花|亜舎|亜谷|亜郁|亜野|亜陽|亜雅|亞也|亞弥|亞彌|亞矢|亞耶|可彩|史|吾耶|唖夜|妖|安也|安哉|安弥|安椰|安矢|安綾|安耶|安谷|安野|希矢|彩|彩也|彩優|彩八|彩弥|彩愛|彩文|彩椰|彩矢|彩綾|彩耶|彩野|彪|彬|彰|恵|惠|愛|愛也|愛優|愛哉|愛夜|愛弥|愛彩|愛椰|愛矢|愛絢|愛耶|愛野|技|操|文|文弥|文彩|文挙|文耀|斐|明也|明弥|明矢|晏弥|有弥|有矢|有耶|朱|朱矢|朱綾|朱耶|朱陽|杏弥|杏綾|杏耶|歩耶|理|礼|禮|空耶|章|篤矢|粟也|紋|紋矢|純|絢|絢矢|絢耶|綵|綺|綾|綾也|綾優|綾子|綾弥|綾矢|綾耶|緩|花|英|茜也|菖|華耶|葵弥|葵矢|葵耶|蒼夜|藍夜|藍矢|藍耶|逢耶|郁|采|阿や|阿也|阿哉|阿弥|阿椰|阿矢|阿耶|阿谷|順|麻|麻弥|麻椰|麻矢|麻耶|麻谷	existing-recording
ゆうこ	ゆうこ|ゆう子|ユウ子|七夕子|佑侑子|佑子|佑有子|侑右子|侑子|侑宇子|侑布子|侑湖|侑生子|優こ|優侑子|優児|優卯子|優子|優心|優湖|優生子|優羽子|優虎|優雨子|優香|勇子|勇虎|友佑子|友子|友宇子|友幸|友有子|友湖|友羽子|右子|夕卯子|夕呼|夕子|夕布子|夕歩子|夕湖|夕瑚|夕祐子|夕羽子|夕雨子|夢湧子|宥佑子|宥子|布子|幸有子|幽子|弓美子|悠古|悠子|悠宇子|悠生子|悠羽子|愉子|愉有子|憂佑子|憂子|憂宇子|攸子|有古|有子|有宇子|有布子|有文子|有映子|有湖|有生子|有羽子|有誇|有香|木優子|木染子|木綿子|柚子|柚富子|游子|游湖|湧子|湧胡|猶子|用子|由佑子|由余子|由侑子|由卯子|由友子|由史子|由右子|由子|由宇子|由布子|由扶子|由有子|由生子|由祐子|由緒子|由羽子|由芙子|祐子|祐干子|祐有子|祐生子|祐香|禾由子|紬子|結子|結心|結湖|結雨恋|維有子|脩子|融子|融瑚|衣有子|袖子|裕子|裕布子|裕扶子|裕有子|裕江|裕湖|裕香|言扶子|誘子|豊呼|迪子|遊子|遊羽子|遊雨子|邑子|郁子|郵子|酉子|酉胡|釉子|雄子|香子|鮪子	existing-recording
みほ	みほ|み保|み帆|み穂|ミホ|三保|三峰|三歩|三穂|三穗|三萌|云芳|仁歩|光保|光峰|光帆|光星|光歩|光穂|光簿|南星|味保|味帆|味歩|味穂|命歩|央穂|妙帆|妙穂|実保|実凡|実宝|実峰|実布|実帆|実星|実歩|実浦|実甫|実畝|実穂|実穗|実芳|実萌|実豊|峰帆|巳穂|巳緒|幸帆|弥保|弥帆|弥甫|弥穂|弥紡|弥縫|彗星|心保|心星|心歩|心穂|愛保|明星|望帆|望歩|望穂|未保|未宝|未帆|未朋|未来歩|未歩|未浦|未甫|未穂|未芳|柚穂|水保|水穂|泉帆|海宝|海峰|海帆|海穂|海蜂|深歩|渚帆|満帆|満星|満穂|珠帆|珠星|珠歩|珠緒|瑞穂|真帆|真歩|真穂|碧帆|美|美保|美圃|美奈|美宝|美峰|美帆|美星|美朋|美歩|美法|美浦|美火|美甫|美百|美秀|美穂|美穗|美芳|美萌|美蓬|美訪|美豊|美頬|翠帆|聖星|聖歩|聖穂|良帆|見帆|見歩|見穂|観帆|都保|魅帆|魅穂	existing-recording
まこと	まこと|まこ都|マコト|一|一誠|万古刀|万珠|万琴|万瑚都|丹|亮|亶|仁|任|侃|信|信人|允|允信|充|厚|周|命|嘉|奚|孚|実|実人|実仁|寔|寛|専|尹|弘人|徳|心|忠|忱|恂|悃|惇|愛琴|慎|慎琴|慥|憲|摩承|摩琴|智|最一|正|洵|淳|理|理経|璞|眞|眞人|眞琴|真|真事|真人|真古都|真呼人|真実|真寿|真己人|真弘人|真恋人|真愛|真湖人|真珠|真理|真琴|真瑚都|真生|真箏|真言|真詩|真都|睦|磨琴|穣|節|精|純|紳|義|聖|胆|舞小鳥|舞琴|良|茉寿|茉琴|茉瑚都|茉詩|行|衷|詢|誠|誠一|誠人|誠登|誠門|諄|諒|賢|道|雅琴|麻古都|麻琴|麻瑚都|麻紀|麻言|麻香澄	existing-recording
さくら	さくら|さく良|さ久ら|サクラ|佐久羅|佐久良|佐九良|作楽|作良|作藍|作裸|叉玖羅|叉紅羅|叉鞍|咲ら|咲久来|咲久絡|咲久良|咲來|咲夢|咲春|咲春子|咲暗|咲来|咲来楽|咲杳|咲桜|咲桜良|咲楽|咲樂|咲玖来|咲空|咲空良|咲紅楽|咲羅|咲良|咲花|咲華|咲藍|咲蘭|咲頼|咲麗|嗄杳|夕空|娑倉|娑鞍|小久良|左久良|幸久来|彩久羅|彩久良|彩愛|彩桜|彩椋|愛咲|日本花|早久良|早乙女|早玖良|春咲花|春花|朔来|朔楽|朔羅|朔良|朔音|朱桜|桃|桜|桜々|桜咲|桜子|桜愛|桜来良|桜果|桜楽|桜歌|桜空|桜羅|桜良|桜花|桜華|桜雨|櫻|櫻良|櫻花|櫻華|沙久羅|沙久良|沙倉|沙比|沙玖羅|沙空良|沙紅羅|沙紅良|沙蔵|沙鞍|砂玖等|砂玖羅|秋桜|紅桜桃|紗くら|紗久羅|紗久良|紗来良|紗桜|紗沙良|紗玖良|紗紅羅|美優|美星|茶倉|茶景|茶来良|裂羅	existing-recording
ようこ	えう子|ようこ|よう子|ヨウコ|ヨウ子|与有子|世宇子|世布子|世生子|予友子|予宇子|八子|呼虹|夜子|夜雨子|央子|妖子|妖狐|容子|幼子|庸子|庸江|慂子|揚子|揺子|擁子|暘子|暢子|曄子|曜子|杏子|杳子|桜子|楊子|洋子|洋考|洋香|湧子|溶子|漾子|煬子|燿后|燿子|瑛子|瑤子|瑩子|瑶子|瑶湖|瑶瑚|瓔子|用子|盈子|睿子|祥子|窈子|羊子|羊湖|羊羽子|羊香|美紅|翔子|耀乎|耀子|良子|芙子|英子|葉子|葉木|葉湖|葉紅|葉香|蓉子|裕子|要子|要戸|詳子|誉子|誉宇子|謠子|謡子|謡瑚|謡胡|踊子|躍子|遙子|遥子|遥己|遥有子|鎔子|陶子|陽一|陽光|陽子|陽江|陽湖|陽香|雍子|頴子|養子|養幸|香子	existing-recording
なおき	なおき|なお輝|作樹|修基|修宜|修己|修規|修輝|公樹|公輝|名置|夏生樹|奈旺記|尚喜|尚城|尚基|尚季|尚宜|尚己|尚巳|尚希|尚幹|尚揮|尚暉|尚木|尚樹|尚橘|尚毅|尚熙|尚生|尚紀|尚規|尚記|尚貴|尚起|尚輝|巨樹|巨生|巨貴|成基|斉輝|有樹|有紀|植樹|正旭|正樹|治紀|淳喜|猶規|直|直伎|直克|直喜|直城|直基|直大|直妃|直季|直宜|直屹|直己|直已|直希|直幹|直幾|直揮|直暉|直棋|直樹|直機|直毅|直生|直甲|直紀|直興|直葵|直規|直記|直貴|直起|直輝|直騎|真城|真樹|真聖|真輝|若希|菜生紀|菜緒季|順紀|順輝	existing-recording
かおる	かおる|かお琉|カオル|カ王至|伽織|佳小留|佳居|佳帆里|佳生留|佳緒|佳緒留|佳織|佳音瑠|加保留|加居|加穂留|加緒留|加織|勲|匂|嘉夫留|嘉男留|嘉織|圭央|圭央流|夏乙里|夏央留|夏生瑠|夏織|夏織琉|姿馨|彪|果央留|果帆留|果緒留|楓純|歌織|王香|磬|科織|維芳|花桜瑠|花織|花薫|芳|芳作|芳兒|芳流|芳瑠|華|華央留|華緒留|華織|華音留|薫|薫子|薫折|薫流|薫生|薫留|薫織|薫風|郁|郁瑠|都|霞央留|霞織|風|風織|風薫五月|香|香おる|香る|香保瑠|香居|香木|香水|香流|香淑|香瑠|香留|香緒留|香織|香薫|馥|馨|高児	existing-recording
ひでき	ひでき|ひで貴|季希|季生|季紀|幸希|幸樹|日出喜|日出城|日出樹|日出紀|日出貴|栄光|栄基|栄幹|栄材|栄樹|栄毅|栄紀|栄貴|栄輝|秀喜|秀城|秀基|秀妃|秀宜|秀己|秀希|秀技|秀旗|秀木|秀来|秀棋|秀樹|秀機|秀毅|秀煕|秀生|秀紀|秀興|秀規|秀記|秀貴|秀起|秀輝|秀騎|英君|英喜|英器|英城|英基|英季|英宜|英己|英希|英幹|英幾|英揮|英暉|英木|英来|英柱|英樹|英機|英毅|英気|英生|英祺|英紀|英規|英記|英貴|英起|英輝|茂樹|豪樹|豪毅|豪紀|豪規|頴樹|飛出記	existing-recording
まきお	まきお|万亀夫|万亀生|万亀男|万亀雄|万吉男|万喜夫|万喜男|万喜雄|万木生|万紀夫|万紀雄|巻男|巻雄|慎男|摩樹郎|未喜男|槙夫|槙男|槙雄|満喜夫|満喜男|満喜雄|満紀男|牧夫|牧生|牧男|牧緒|牧郎|牧雄|眞喜夫|眞喜男|眞喜雄|眞基旺|眞紀雄|眞貴雄|真亀男|真喜夫|真喜男|真喜雄|真基朗|真季雄|真希夫|真希生|真希男|真希雄|真木夫|真樹夫|真樹生|真毅雄|真甲雄|真紀夫|真紀生|真紀雄|真規雄|真貴夫|真貴男|真軌夫|真輝男|真輝郎|磨輝夫|蒔生|蒔野|麻樹生|麻紀夫|麿輝夫	existing-recording
だいすけ	だいすけ|代介|代助|代祐|代輔|内輔|台介|台輔|大丞|大亮|大介|大佐|大佑|大侑|大優|大典|大助|大匡|大右|大喬|大奨|大将|大將|大延|大弐|大恭|大承|大援|大昌|大栄|大樹|大款|大理|大生|大相|大督|大祐|大翼|大育|大行|大裕|大補|大資|大輔|大高|太亮|太介|太佑|太典|太助|太理|太祐|太翼|太裕|太輔|第介|第裕	existing-recording
しょうた	しょうた|信夫|勝大|勝太|匠大|匠太|匠汰|升太|商太|将大|将太|将汰|將太|尚大|尚太|庄太|庄汰|彰太|承大|抄太|捷太|昇大|昇太|昇汰|昌大|昌太|昌汰|星太|昭大|昭太|昭汰|晶太|松太|梢太|正大|正太|渉太|照太|生太|省太|祥大|祥太|称太|章大|章太|翔匠|翔大|翔太|翔汰|聖大|聖太|聖汰|象太|鐘太|韶汰|頌太	existing-recording
りょう	りょう|リョウ|了|亨|享|亮|亮有|令|伶|僚|凌|凌央|凌羽|喨|寮|崚|嶺|嶺央|廖|怜|暸|梁|椋|流優|涼|涼羽|涼風|燎|猟|玲|璃瑶|瞭|稜|竜|綾|綾央|良|良雨|諒|遼|遼欧|量|鈴|陵|領|龍	existing-recording
じろう	じろう|二朗|二次|二狼|二良|二郎|仁朗|仁良|仁郎|侍郎|冶郎|嗣郎|寿郎|慈朗|慈郎|時朗|次朗|次桜|次良|次郎|治朗|治良|治郎|滋朗|滋郎|爾朗|爾郎|磁朗|磁郎|示朗|示郎|自朗|自郎|路郎	existing-recording
けんた	けんた|ケン太|乾太|健多|健大|健太|健汰|兼多|兼大|兼太|剣太|堅大|堅太|建太|憲太|拳多|拳太|拳汰|権多|権太|研太|絢太|謙大|謙太|賢大|賢太|賢汰|遣太|鉄馬|険太|顕大|顕太	existing-recording
ゆうた	ゆうた|佑大|佑太|佑歌|侑大|侑太|侑汰|優太|優汰|勇太|友太|宥太|悠大|悠太|有太|湧太|由大|由太|由宇太|由歌|祐大|祐太|祐汰|脩太|融太|裕大|裕太|遊太|雄佑太|雄大|雄太	existing-recording
たろう	たろう|多朗|多郎|大朗|大郎|太朗|太楼|太良|太郎	existing-recording
えみた	えみた|恵美太	existing-recording
たかひろ	たか大|たか広|一太|丘博|丘広|丘浩|丘都|亀弘|亢宥|享宏|享廣|享弘|享泰|享洋|享浩|享紘|京大|任宏|任容|任弘|健広|公博|公宏|公弘|公敬|剛丈|剛啓|剛大|剛央|剛宏|剛寛|剛広|剛弘|剛拓|剛洋|剛浩|剛裕|功啓|功浩|卓博|卓大|卓宏|卓寛|卓広|卓廣|卓弘|卓拓|卓泰|卓洋|卓浩|卓祐|卓裕|和宏|哲央|哲宏|哲弘|啓嘉|啓大|啓央|啓宏|啓寛|啓浩|啓玄|啓裕|喬博|喬啓|喬大|喬宏|喬寛|喬広|喬廣|喬弘|喬敬|喬浩|喬紘|喬裕|圭博|圭宏|圭弘|堂弘|堯博|堯弘|多加公|多加広|大洋|天広|天弘|天洋|太啓|太宏|太洋|太浩|太裕|太門|太陽|好弘|孝仁|孝公|孝典|孝博|孝啓|孝大|孝央|孝宏|孝宗|孝宙|孝宥|孝容|孝寛|孝寿|孝広|孝廣|孝弘|孝弥|孝彦|孝拓|孝拡|孝敬|孝明|孝泰|孝洋|孝浩|孝煕|孝祐|孝紘|孝裕|孟宏|孟弘|学宏|学浩|宇博|宇啓|宇大|宇宙|宇広|宇弘|宇洋|宇浩|宇紘|宇裕|宏孝|宗洋|宙汎|宜大|宜宏|宜寛|宜広|宜弘|宜拡|宜浩|宜裕|宝弘|将浩|將央|尊博|尊大|尊宏|尊広|尊弘|尊泰|尊洋|尊浩|尊礼|尊紘|尊裕|尚典|尚博|尚大|尚宏|尚容|尚寛|尚広|尚弘|尚彦|尚泰|尚洋|尚浩|尚裕|尭博|尭大|尭宏|尭広|尭弘|尭裕|岳博|岳大|岳央|岳宏|岳寛|岳廣|岳弘|岳洋|岳裕|岳陽|峰大|峰宏|峰弘|峰弥|峰洋|峻大|峻宏|峻広|峻拓|崇丈|崇仁|崇佑|崇公|崇博|崇啓|崇圭|崇大|崇央|崇宏|崇寛|崇尋|崇広|崇廣|崇弘|崇拡|崇敬|崇泰|崇洋|崇浩|崇祐|崇紘|崇裕|崇豊|崇達|嵩丈|嵩博|嵩啓|嵩大|嵩宏|嵩寛|嵩尋|嵩広|嵩弘|嵩洋|嵩洸|嵩浩|巍洋|平寛|幸宏|幸広|幸弘|幸裕|恭博|恭大|恭宏|恭弘|恭敬|恭洋|恭裕|拓宏|挙大|挙裕|教博|教央|教弘|教簡|教紘|敬博|敬哲|敬啓|敬大|敬宏|敬宥|敬寛|敬広|敬弘|敬拓|敬洋|敬浩|敬碩|敬祐|敬紘|敬裕|方厚|昂博|昂大|昂央|昂宏|昂広|昂弘|昂洋|昂浩|昂紘|暁洋|栄弘|栄洋|栄浩|栄裕|梢宏|毅大|毅宏|毅弘|毅洋|毅浩|玄大|琢大|生弘|生泰|登大|登弘|登浩|称弘|稜拓|立裕|章博|章宏|章弘|章浩|節宏|累弘|考優|考博|考啓|考大|考宏|考寛|考広|考弘|考拓|考洋|考浩|考衡|考裕|聖裕|能啓|能弘|臣弘|臣樹|臣洋|茂博|行栄|誉博|誉啓|誉大|誉弘|誉拡|誉洋|誉浩|誉裕|誠大|象弘|貢大|貴丈|貴久|貴代|貴俊|貴兆|貴光|貴公|貴博|貴史|貴啓|貴嘉|貴壮|貴大|貴天|貴太|貴央|貴孔|貴宏|貴宙|貴寛|貴尋|貴広|貴廣|貴弘|貴徳|貴悠|貴拓|貴敬|貴明|貴普|貴毅|貴比呂|貴泰|貴洋|貴洸|貴浩|貴玲|貴礼|貴祐|貴紘|貴裕|貴陽|資展|賢博|賢啓|賢大|賢宏|賢広|賢弘|賢洋|賢紘|鏘弘|閣啓|陵広|陵洋|陸大|陽大|陽広|陽弘|陽洋|陽裕|隆丈|隆公|隆博|隆周|隆啓|隆大|隆太|隆央|隆宏|隆宗|隆寛|隆尋|隆広|隆廣|隆弘|隆弥|隆拓|隆敬|隆昌|隆景|隆泰|隆洋|隆浩|隆熙|隆玄|隆皓|隆祐|隆祥|隆紘|隆良|隆裕|隼大|雄大|雄宏|雄洋|顕博|顕宏|顕広|顕陽|飛寛|飛浩|香宏|高充|高博|高啓|高大|高太|高央|高宏|高寛|高尋|高巨|高広|高廣|高弘|高拡|高明|高洋|高浩|高煕|高祐|高紘|高裕|鷹博|鷹広|鷹洋	source-common-subset
えりか	えりか|えり佳|えり夏|えり歌|えり花|えり香|エリカ|エリ加|エリ花|也里加|会令加|会里加|依佳|依利佳|依利香|依加|依可|依吏佳|依李香|依果|依梨香|依理加|依莉花|依里佳|依里花|依里華|依里香|依麗加|叡里賀|咲里華|巴梨香|彫香|恵利佳|恵利加|恵利可|恵利嘉|恵利夏|恵利果|恵利歌|恵利花|恵利華|恵利賀|恵利郁|恵利香|恵吏佳|恵吏香|恵律香|恵李可|恵李花|恵李華|恵李香|恵梨佳|恵梨加|恵梨可|恵梨夏|恵梨果|恵梨歌|恵梨花|恵梨華|恵梨霞|恵梨香|恵理佳|恵理兼|恵理加|恵理嘉|恵理夏|恵理果|恵理桂|恵理歌|恵理花|恵理華|恵理薫|恵理郁|恵理香|恵璃香|恵莉佳|恵莉加|恵莉夏|恵莉桂|恵莉歌|恵莉花|恵莉華|恵莉香|恵里伽|恵里佳|恵里加|恵里可|恵里嘉|恵里圭|恵里夏|恵里果|恵里歌|恵里翔|恵里花|恵里芽|恵里茄|恵里華|恵里香|恵香|恵麗佳|恵麗香|惠利加|惠利香|惠李香|惠梨香|惠理加|惠理香|惠莉花|惠里佳|惠里加|愛星輝|愛李香|愛梨佳|愛梨花|愛梨華|愛梨香|愛理可|愛理歌|愛理香|愛璃花|愛璃香|愛莉華|愛莉香|愛里加|愛里夏|愛里歌|愛里花|愛里香|愛麗香|慧利加|慧利香|慧梨花|慧理香|慧莉華|慧莉香|慧里佳|慧里花|映凛果|映利佳|映利香|映吏佳|映季佳|映李花|映梨加|映梨香|映理花|映理賀|映理香|映璃果|映璃花|映里佳|映里加|映里夏|映里果|映里花|映里香|枝利佳|枝利夏|枝利果|枝利歌|枝利花|枝利華|枝利香|枝梨佳|枝梨加|枝梨夏|枝梨果|枝梨歌|枝梨花|枝梨華|枝梨香|枝理佳|枝理加|枝理夏|枝理果|枝理歌|枝理花|枝理華|枝理香|枝莉夏|枝莉歌|枝莉花|枝莉華|枝莉香|枝里佳|枝里夏|枝里果|枝里桂|枝里花|枝里華|枝里香|枝麗加|栄利加|栄利夏|栄利果|栄利歌|栄利花|栄利芳|栄利香|栄利馨|栄吏香|栄梨夏|栄梨歌|栄梨花|栄梨華|栄梨香|栄理佳|栄理加|栄理夏|栄理歌|栄理花|栄理香|栄莉加|栄莉夏|栄莉歌|栄莉花|栄莉香|栄里佳|栄里夏|栄里花|栄里香|永利加|永利香|永梨佳|永梨香|永理佳|永理香|永莉香|永里佳|永里加|永里賀|永里香|江利佳|江利加|江利夏|江利果|江利歌|江利花|江利華|江利香|江梨佳|江梨加|江梨可|江梨圭|江梨夏|江梨果|江梨歌|江梨花|江梨華|江梨香|江理佳|江理加|江理夏|江理果|江理歌|江理科|江理花|江理華|江理香|江璃香|江莉佳|江莉夏|江莉果|江莉歌|江莉花|江莉香|江里佳|江里加|江里夏|江里果|江里歌|江里花|江里華|江里香|瑛令加|瑛利佳|瑛利加|瑛利果|瑛利茄|瑛李花|瑛梨佳|瑛梨果|瑛梨歌|瑛梨花|瑛梨華|瑛理佳|瑛理香|瑛璃華|瑛璃香|瑛莉加|瑛莉可|瑛莉華|瑛莉香|瑛里佳|瑛里加|瑛里可|瑛里花|瑛里香|笑凛香|笑利香|笑合夏|笑李香|笑梨花|笑理華|笑里嘉|笑里歌|笑里花|笑里香|絵り夏|絵利伽|絵利佳|絵利加|絵利可|絵利夏|絵利果|絵利架|絵利歌|絵利花|絵利華|絵利香|絵吏佳|絵吏圭|絵吏香|絵季佳|絵李佳|絵李加|絵李果|絵梨|絵梨佳|絵梨加|絵梨嘉|絵梨夏|絵梨果|絵梨歌|絵梨花|絵梨華|絵梨香|絵理佳|絵理加|絵理夏|絵理果|絵理歌|絵理花|絵理華|絵理香|絵璃佳|絵璃加|絵璃華|絵璃香|絵莉代|絵莉佳|絵莉夏|絵莉果|絵莉歌|絵莉海|絵莉花|絵莉華|絵莉香|絵里佳|絵里加|絵里可|絵里夏|絵里朱|絵里果|絵里架|絵里歌|絵里花|絵里華|絵里香|繪俐枷|臼|芳佳|英利佳|英利加|英利夏|英利歌|英利花|英利華|英利香|英吏佳|英吏香|英李佳|英李花|英梨佳|英梨加|英梨夏|英梨果|英梨歌|英梨花|英梨華|英梨香|英理佳|英理加|英理夏|英理歌|英理花|英理華|英理賀|英理香|英莉佳|英莉加|英莉夏|英莉歌|英莉花|英莉香|英里何|英里佳|英里加|英里可|英里果|英里花|英里華|英里香|衛梨果|衛理歌|衣利佳|衣利架|衣利郁|衣吏可|衣梨佳|衣梨花|衣梨香|衣理佳|衣理香|衣莉加|衣莉果|衣莉香|衣里佳|衣里加|衣里夏|衣里菓|衣里香|衿佳|衿加|衿夏|衿樺|衿歌|衿花|衿華|衿賀|衿香|襟佳|襟加|襟花|襟華|襟香|詠梨華|詠梨香|詠理香|詠里加|詠里花|詠里香|越良央|遠里賀|重里香|雅吏郁	source-common-subset
ひろき	ひろき|ヒロキ|丈喜|京樹|仁基|仁樹|仁紀|伯季|伯樹|伸基|佑樹|優城|優大|光希|光生|光貴|公希|公樹|公紀|公規|公貴|助芸|博喜|博城|博基|博己|博希|博幹|博揮|博樹|博毅|博気|博生|博稀|博章|博紀|博規|博記|博貴|博起|博輝|厚貴|史樹|周城|周樹|啓企|啓喜|啓城|啓己|啓希|啓幾|啓揮|啓旗|啓暉|啓樹|啓機|啓毅|啓熙|啓生|啓紀|啓規|啓記|啓貴|啓起|啓輝|嘉樹|嘉貴|大喜|大器|大城|大基|大季|大将|大己|大希|大幹|大幾|大暉|大樹|大機|大毅|大気|大氣|大生|大稀|大紀|大葵|大記|大貴|大起|大軌|大輝|大騎|天希|天貴|太喜|太希|太樹|太紀|太貴|央喜|央城|央己|央希|央揮|央樹|央毅|央記|央貴|央輝|妃樹|宇基|完樹|宏企|宏喜|宏城|宏基|宏季|宏己|宏希|宏幹|宏揮|宏暉|宏樹|宏機|宏毅|宏気|宏生|宏磯|宏祈|宏章|宏紀|宏規|宏記|宏貴|宏起|宏輝|宏騎|宗希|宗樹|宗記|宙希|宙樹|宙生|宙紀|宙輝|容岐|容生|容規|寛喜|寛城|寛基|寛大|寛季|寛岐|寛己|寛希|寛幾|寛揮|寛樹|寛毅|寛生|寛稀|寛紀|寛興|寛規|寛記|寛貴|寛起|寛輝|寛騎|尋己|尋希|尋樹|尋規|尋貴|尋輝|展生|州城|巨城|広亀|広喜|広城|広基|広季|広宜|広己|広希|広幹|広幾|広旗|広樹|広毅|広気|広氣|広生|広紀|広規|広記|広貴|広起|広輝|廣喜|廣樹|廣紀|廣記|廣起|弘企|弘喜|弘器|弘城|弘基|弘妃|弘季|弘宜|弘己|弘希|弘幹|弘幾|弘揮|弘晃|弘棋|弘樹|弘機|弘毅|弘煕|弘生|弘紀|弘規|弘記|弘貴|弘起|弘輝|弘騎|弥来|弥樹|彦樹|彦輝|悠樹|愽紀|拓喜|拓己|拓希|拓樹|拓生|拓紀|拓記|拓貴|拓起|拓輝|拡基|拡樹|拡生|拡輝|敬基|敬彬|敬樹|敬生|敬紀|敬貴|敬輝|文哉|明希|明樹|晋己|普喜|普樹|普紀|普規|枇呂記|様貴|比呂伎|比呂喜|比呂樹|比呂紀|比呂記|比呂貴|比呂輝|泰喜|泰城|泰基|泰己|泰希|泰樹|泰規|泰輝|泱|洋企|洋喜|洋城|洋基|洋大|洋妃|洋岐|洋己|洋希|洋揮|洋旗|洋樹|洋毅|洋生|洋磯|洋祈|洋紀|洋規|洋記|洋貴|洋起|洋輝|洋響|洸季|洸生|浩企|浩克|浩喜|浩城|浩基|浩大|浩季|浩宜|浩己|浩希|浩幾|浩揮|浩暉|浩来|浩樹|浩毅|浩気|浩生|浩稀|浩紀|浩規|浩記|浩貴|浩起|浩輝|浩騎|潤幹|潤樹|皓暉|皓樹|皓貴|皓輝|礼基|礼生|礼紀|祐基|祐己|祐樹|祐輝|祥樹|祥毅|紘喜|紘器|紘基|紘季|紘宜|紘己|紘希|紘樹|紘毅|紘生|紘稀|紘紀|紘葵|紘貴|紘輝|紘騎|義貴|衛樹|裕企|裕匡|裕喜|裕城|裕基|裕大|裕季|裕己|裕希|裕幹|裕揮|裕来|裕樹|裕機|裕毅|裕生|裕礎|裕紀|裕葵|裕規|裕記|裕貢|裕貴|裕起|裕輝|裕騎|貴規|達貴|郭己|陽貴|飛呂城|飛呂希	source-common-subset
まさのり	予律|仁憲|仁紀|仁規|修徳|優之利|優位|優典|優則|優宣|優徳|優憲|優成|優昇|優範|優譲|優賢|允伯|允則|允紀|元仁|元紀|全典|全功|全孝|全格|全登|全範|全紀|公位|公典|公則|公宜|公宣|公律|公徳|公憲|公敬|公法|公礼|公範|公紀|公義|公規|功位|勝仁|勝則|勝基|勝宣|勝徳|勝憲|勝教|勝法|勝紀|勝規|匡令|匡伯|匡典|匡利|匡則|匡宜|匡宣|匡徳|匡慶|匡憲|匡教|匡昇|匡理|匡範|匡紀|匡規|匡訓|匡謙|匡雅|和典|和則|和紀|均紀|壮憲|壮規|壯統|大徳|大智|宗則|将仁|将倫|将典|将利|将則|将功|将哲|将宣|将式|将徳|将悟|将慎|将慶|将憲|将成|将教|将敬|将文|将智|将格|将治|将法|将知|将矩|将範|将紀|将統|将規|将訓|将記|將典|將徳|將記|尚典|希典|幹典|幹記|当則|征典|征則|征司|征宜|征宣|征徳|征憲|征範|征紀|征規|征訓|征記|応徳|応理|応礼|応範|慎範|成典|成則|成哲|成徳|成紀|成行|成訓|成記|政乗|政仁|政儀|政典|政則|政勲|政宗|政宜|政宣|政師|政徳|政憲|政教|政敬|政法|政矩|政範|政紀|政規|方則|方教|方紀|昌仙|昌伯|昌位|昌倫|昌典|昌則|昌功|昌勲|昌宜|昌宣|昌徳|昌憲|昌教|昌敬|昌格|昌権|昌永|昌法|昌知|昌矩|昌範|昌紀|昌経|昌規|昌訓|昌記|昌論|昌謙|昌鑑|晶則|晶憲|晶紀|晶規|暢則|暢徳|暢謙|柾則|柾志|柾憲|槙則|正中|正乗|正了|正令|正倫|正儀|正典|正制|正則|正剛|正告|正周|正哲|正基|正宗|正宜|正宣|正寛|正展|正度|正式|正律|正徳|正悟|正慎|正憲|正承|正教|正敬|正文|正昇|正智|正格|正法|正理|正矩|正礼|正程|正章|正範|正紀|正経|正統|正義|正臣|正至|正規|正訓|正記|正詞|正謙|正識|正賢|正軌|正載|正道|正順|正頼|満佐則|理典|理則|理徳|理憲|理紀|甲典|眞佐紀|眞典|眞宜|眞徳|眞紀|眞規|真令|真任|真伯|真佐徳|真佐憲|真典|真則|真功|真咲記|真啓|真孝|真宜|真宣|真得|真徳|真憲|真教|真敬|真法|真玄|真範|真義|真規|真賢|真路|督学|督徳|祇賀|祐典|祐則|祐基|祐徳|祐智|祐紀|純典|維升|聖典|聖功|聖学|聖徳|聖憲|聖教|聖智|聖登|聖規|薫識|詳典|誠典|誠則|誠宣|誠徳|誠恭|誠教|誠理|誠紀|誠致|誠規|誠軌|賢典|賢利|賢則|賢宣|賢徳|賢紀|賢記|逸統|鎮規|雅仁|雅令|雅倫|雅儀|雅公|雅典|雅則|雅剛|雅功|雅史|雅哲|雅孝|雅宜|雅宣|雅徳|雅憲|雅教|雅敬|雅方|雅智|雅永|雅法|雅知|雅範|雅紀|雅経|雅統|雅至|雅規|雅訓|雅記|雅詞|雅軌|雅道|順則	source-common-subset
あかり	あかり|あか利|あか吏|あか李|あか梨|あか理|あか璃|あか莉|あか里|アカリ|丹梨|丹理|丹璃|丹里|亜伽利|亜伽梨|亜伽里|亜佳利|亜佳李|亜佳梨|亜佳涼|亜佳理|亜佳璃|亜佳莉|亜佳里|亜加利|亜加吏|亜加梨|亜加理|亜加莉|亜加里|亜可利|亜可梨|亜可理|亜可莉|亜可里|亜夏利|亜夏梨|亜夏里|亜果利|亜果梨|亜果里|亜架里|亜歌利|亜歌梨|亜歌里|亜科梨|亜科理|亜花利|亜花李|亜花梨|亜花理|亜花莉|亜花里|亜芳梨|亜茄莉|亜華利|亜華梨|亜華理|亜華莉|亜華里|亜雁|亜霞利|亜香利|亜香李|亜香梨|亜香理|亜香璃|亜香莉|亜香衣|亜香里|亜香麗|光|光里|吾伽利|吾伽梨|吾伽里|吾佳利|吾佳梨|吾佳里|吾加利|吾加梨|吾加里|吾夏利|吾夏梨|吾夏里|吾果利|吾果梨|吾果里|吾歌利|吾歌梨|吾歌里|吾花利|吾花梨|吾花里|吾華利|吾華梨|吾華里|吾香利|吾香梨|吾香里|在理|夏|夕明|安佳利|安佳梨|安佳理|安佳莉|安佳里|安加利|安加梨|安加理|安加莉|安加里|安可利|安可梨|安可理|安可莉|安可里|安果莉|安花利|安華里|安賀里|安香利|安香梨|安香理|安香莉|安香里|小明|彩|彩伽里|彩佳理|彩佳莉|彩佳里|彩加里|彩奏理|彩華里|彩里|愛伽梨|愛佳理|愛佳莉|愛佳里|愛加梨|愛加理|愛加莉|愛加里|愛可里|愛夏利|愛歌莉|愛歌麗|愛海梨|愛灯|愛美|愛花姫|愛花李|愛花梨|愛花里|愛香梨|愛香理|愛香立|愛香里|日良|日里|明|明伽星|明佳利|明佳梨|明佳理|明佳莉|明佳里|明光|明凛|明凜|明利|明加利|明加梨|明加理|明加莉|明加里|明可利|明可梨|明可理|明可莉|明可里|明弓|明日理|明日里|明星|明李|明果梨|明果理|明梨|明灯|明理|明璃|明空|明花梨|明花莉|明花里|明莉|明袈利|明袈李|明袈梨|明袈理|明袈莉|明袈里|明里|明鈴|明陽|明霞里|明風里|明香利|明香梨|明香理|明香莉|明香里|明麗|星|星凛|星梨|星璃|星織|星莉|星里|晶莉|暁吏|暁梨|暁理|暁莉|暁里|暁鈴|暖里|曜|月|月灯|月見草|有伽利|有伽梨|有伽里|有佳利|有佳梨|有佳里|有加利|有加梨|有加里|有可利|有可梨|有可里|有夏利|有夏梨|有夏里|有果利|有果梨|有果里|有歌利|有歌梨|有歌里|有花利|有花梨|有花理|有花里|有華利|有華梨|有華里|有香利|有香梨|有香莉|有香里|朝光|朝日里|朝歌梨|朱|朱俐|朱俚|朱倫|朱利|朱吏|朱李|朱梨|朱理|朱璃|朱織|朱花梨|朱莉|朱里|朱鈴|朱香里|朱麗|杏伽莉|杏果|杏果梨|杏果莉|杏花梨|杏花理|杏花莉|杏花里|歩夏利|歩夏梨|歩夏里|歩果莉|歩果里|歩歌利|歩歌梨|歩歌里|歩花利|歩花梨|歩花里|歩華利|歩華梨|歩華里|歩風莉|歩香利|歩香梨|歩香里|灯|灯凛|灯凜|灯利|灯吏|灯怜|灯星|灯李|灯梨|灯火|灯理|灯璃|灯莉|灯里|燈|燈璃|燈里|珠里|祐佳里|紅|紅凛|紅李|紅林|紅梨|紅璃|紅莉|紅里|紅香里|紅鯉|綾香理|緋李|緋理|緋璃|緋莉|緋里|緋麗|茜凛|茜吏|茜李|茜梨|茜理|茜花梨|茜里|華利|葵香里|蒼風璃|赤璃|赤里|輝星花|金星|銅理|阿佳里|阿加里|阿華理|阿華里|阿香利|阿香里|陽|陽加里|陽梨|陽莉|陽里|雨香里|麻香里	source-common-subset
あき	あき|アキ|丹|亜丘|亜亀|亜企|亜吉|亜哉|亜喜|亜城|亜基|亜埼|亜妃|亜姫|亜嬉|亜季|亜岐|亜己|亜希|亜支|亜旗|亜木|亜机|亜杏|亜来|亜枝|亜梓|亜樹|亜毅|亜気|亜沙佳|亜琴|亜生|亜祈|亜稀|亜章|亜紀|亜絹|亜聖|亜芸|亜葵|亜規|亜記|亜貴|亜起|亜輝|亞希|亞樹|亞祈|亞紀|亮|亮希|会姫|光|光希|光紀|吾喜|吾城|吾季|吾希|吾木|吾樹|吾稀|吾紀|吾記|吾貴|吾起|吾輝|和紀|哲|唯希|啓|在|天妃|天樹|天紀|天貴|央希|央紀|娃姫|安伎|安吉|安喜|安城|安基|安妃|安姫|安季|安岐|安希|安幾|安木|安来|安樹|安生|安甲|安癸|安祈|安稀|安紀|安芸|安葵|安藝|安規|安記|安貴|安起|安軌|安輝|安騎|彩|彩季|彩希|彩更|彩生|彩紀|彩綺|彩葵|彩起|彬|彬希|彰|彰記|悪鬼|愛|愛咲|愛喜|愛基|愛妃|愛姫|愛嬉|愛季|愛己|愛希|愛晞|愛木|愛来|愛枝|愛樹|愛生|愛祈|愛稀|愛紀|愛葵|愛規|愛記|愛貴|愛起|愛輝|慧|敬|文希|文紀|文綺|日綺|日貴|旦|旦岐|旭妃|旺輝|旻|昂|昌|昌希|昌紀|明|明喜|明基|明姫|明季|明岐|明希|明木|明来|明樹|明珠|明生|明稀|明紀|明綺|明葵|明衣|明記|明貴|明起|明輝|映|映季|映希|映樹|昭|昭岐|昭希|時|晃|晃妃|晃希|晃貴|晃輝|晶|晶妃|晶姫|晶希|晶紀|晶葵|晶衣|晶貴|晶輝|晶響|暁|暁季|暁希|暁生|暁紀|暁芸|暎|曉|曜|有喜|有岐|有希|有技|有稀|有紀|有芸|有規|有貴|有起|有輝|朗|朗希|朝咲|朝姫|朝紀|朝輝|朱|朱季|朱希|朱紀|朱記|朱貴|杏京|杏喜|杏妃|杏姫|杏季|杏希|杏樹|杏祈|杏紀|杏綺|杏葵|杏輝|椛|歩希|歩樹|歩紀|泡姫|淳|温紀|温葵|滉|煌|照|燦|爽|爽来|玲|玲妃|瑛|瑛希|瑛樹|瑛貴|瑩|璃|皓|相紀|瞭|知姫|碧希|碧紀|礼|祥|秀映|秋|秋姫|秋希|秋来|秋桜|秋祈|秋紀|秋葵|秋輝|空|空妃|空姫|空樹|空気|章|章岐|章希|章起|精|紋|紋季|紹|絢乙|絢姫|絢祈|絢貴|綾希|綾紀|耀|聡|聰|芸|英|英希|茜季|茜葵|華|葵希|葵生|葵紀|蕗稀|西|諒|輝|阿キ|阿伎|阿吉|阿喜|阿基|阿妃|阿姫|阿季|阿岐|阿希|阿木|阿来|阿樹|阿甲|阿祈|阿稀|阿紀|阿葵|阿規|阿記|阿貴|阿起|阿騎|陽|陽妃|陽姫|陽希|陽衣|雅喜|雅紀|雨綺|霜月|青紀|顕|麗|麻希|麻琴|麻紀|麻葵|龝	source-common-subset
まさひろ	仁博|仁啓|仁大|仁宏|仁宗|仁弘|仁洋|仁篤|仁達|侑宏|優博|優大|優宏|優寛|優広|優弘|優拓|優洋|優浩|優裕|允博|允啓|允宏|允寛|允洋|允裕|允郊|元博|元啓|元達|充宏|全博|全宏|全寛|全広|全廣|全弘|全洋|全浩|公佑|公博|公啓|公央|公宏|公宥|公寛|公廣|公弘|公敬|公泰|公洋|公浩|公裕|剛大|剛広|剛弘|勝博|勝啓|勝大|勝央|勝宏|勝広|勝弘|勝洋|勝浩|勝祐|勝裕|匡博|匡啓|匡大|匡央|匡宏|匡寛|匡尋|匡広|匡廣|匡弘|匡泰|匡洋|匡浩|匡祐|匡紘|匡裕|匡豊|和完|和寛|和広|在宏|壮博|壮大|壮宏|壮弘|壮洋|多泰|大博|大宏|大弥|大榮|大洋|大貴|太洋|存宏|宗弘|宗浩|容弘|将光|将博|将厚|将啓|将大|将央|将宏|将容|将寛|将尋|将広|将廣|将弘|将拓|将景|将比呂|将洋|将浩|将監|将裕|將博|將大|將宏|將弘|將裕|尚宏|尚弘|幹啓|幹大|幹央|征博|征啓|征大|征宏|征広|征弘|征洋|征浩|征紘|征裕|惠朝|慎広|慎祐|成宏|成広|成弘|成泰|成浩|才浩|捷洋|政博|政啓|政大|政宏|政寛|政尋|政広|政廣|政弘|政恒|政治|政洋|政浩|政祐|政義|政裕|政陽|斉大|斉寛|斉裕|方博|方啓|方宏|方洋|方浩|昌博|昌啓|昌大|昌宏|昌寛|昌尋|昌展|昌広|昌廣|昌弘|昌拓|昌敬|昌汎|昌泰|昌洋|昌洪|昌浩|昌煕|昌玄|昌祥|昌紘|昌裕|昌鴻|晶博|晶啓|晶宏|晶広|晶弘|暢宏|暢洋|暢浩|柾博|栄宏|正丈|正公|正博|正史|正啓|正大|正央|正宏|正宗|正容|正寛|正寿|正尋|正展|正広|正廣|正弘|正弥|正拓|正拡|正敞|正敬|正昊|正泰|正洋|正浩|正溥|正煕|正皓|正祐|正篤|正紘|正衛|正裕|正豁|満佐博|理博|理嘉|理大|理央|理宏|理寛|理広|理弘|理浩|理礼|理裕|直大|直宏|省宏|眞宏|眞寛|眞広|眞廣|眞弘|眞敬|眞浩|眞裕|真世|真佐博|真佐寛|真博|真啓|真大|真央|真宏|真宙|真寛|真尋|真広|真廣|真弘|真比呂|真汎|真沙裕|真泰|真洋|真浩|真玄|真裕|督大|督弘|督浩|祐博|祐大|祐宏|祐弘|祐洋|祐浩|章弘|維浩|聖博|聖大|聖央|聖寛|聖広|聖弘|聖泰|聖洋|聖浩|裕洋|誠博|誠啓|誠大|誠宏|誠寛|誠広|誠弘|誠洋|誠浩|誠裕|賢博|賢大|賢宏|賢広|賢弘|賢拓|賢明|賢洋|賢裕|雄大|雅公|雅博|雅厚|雅啓|雅大|雅央|雅宏|雅宥|雅寛|雅尋|雅展|雅広|雅廣|雅弘|雅彦|雅拓|雅敬|雅昿|雅比呂|雅洋|雅浩|雅滋|雅祐|雅紘|雅裕|順弘|順裕|順郭	source-common-subset
ひろあき	丈晃|亘哲|亘章|仁亮|仁明|仁晃|仁晶|公亮|公敬|公明|公昭|公章|公顕|博亮|博光|博哲|博啓|博彰|博愛|博愛規|博成|博敬|博文|博昌|博明|博映|博昭|博晃|博晶|博暁|博朗|博照|博玲|博瑛|博秋|博章|博聡|博輝|博陽|博雅|博顕|周明|哲晶|啓亨|啓亮|啓光|啓彰|啓成|啓明|啓昭|啓晃|啓晋|啓晶|啓暁|啓有|啓朗|啓照|啓章|啓聡|啓顕|大哲|大彰|大昌|大明|大昭|大晃|大晶|大暁|大朗|大皓|大祥|大秋|大章|大聡|大英|大誠|大謙|大陽|大顕|太昭|太陽|央光|央明|央晃|央朗|央秋|央耿|孔明|宏亨|宏亮|宏公|宏哲|宏啓|宏彬|宏彰|宏招|宏旭|宏昌|宏明|宏昭|宏晃|宏晢|宏晨|宏晶|宏暁|宏曉|宏朗|宏照|宏皓|宏祥|宏秋|宏章|宏紹|宏聡|宏顕|宗明|宗昭|宗晃|宗照|宗諒|宙彰|宙明|宙昭|宙暁|容彰|容明|容章|寛亮|寛哲|寛彰|寛成|寛昌|寛明|寛昭|寛晃|寛晶|寛暁|寛朗|寛照|寛盟|寛秋|寛章|寛聡|寛顕|尋亮|尋明|尋昭|尋秋|尋章|尋輝|尚明|展明|巧晃|巨明|広亮|広哲|広彬|広彰|広揚|広昌|広明|広昭|広晃|広晴|広晶|広暁|広朗|広洋|広祥|広秋|広章|広輝|広陽|広顕|廣亜貴|廣彰|廣明|廣昭|廣晃|廣暁|廣照|廣秋|廣章|廣聡|廣顕|弘亮|弘信|弘哲|弘彬|弘彰|弘成|弘旭|弘昌|弘明|弘昭|弘晃|弘晶|弘暁|弘朗|弘毅|弘照|弘瑛|弘盟|弘祥|弘秋|弘章|弘聡|弘融|弘陽|弘顕|弘顯|弥光|弥晃|彌明|彦明|恕昭|拓亮|拓光|拓尭|拓彰|拓昌|拓明|拓昭|拓晃|拓晶|拓章|敬彰|敬明|敬晃|敬照|敬章|普朗|景章|曠昭|比呂晃|汎明|泰亮|泰彰|泰成|泰昌|泰明|泰暁|泰朗|泰章|洋亮|洋介|洋光|洋壮|洋彰|洋旭|洋昌|洋明|洋昭|洋晃|洋晶|洋暁|洋暉|洋朗|洋正|洋照|洋玲|洋皓|洋秋|洋章|洋輔|洋輝|洋陽|洪章|洸昂|浤朗|浩了|浩亮|浩啓|浩己|浩彬|浩彰|浩成|浩旭|浩昌|浩明|浩昭|浩晃|浩晶|浩智|浩暁|浩朗|浩照|浩秋|浩章|浩聡|浩覚|浩詔|浩輝|浩顕|淳晃|溥明|煕明|煕章|玄昭|皓明|皓晃|皓暁|皓章|碩明|祐彰|祐明|祐昭|祐暁|祐玲|祐秋|祐章|紘亮|紘信|紘彰|紘明|紘昭|紘晃|紘晶|紘暉|紘朗|紘章|紘顕|紘顯|衡明|裕了|裕亜紀|裕亮|裕光|裕卿|裕右|裕哲|裕啓|裕彬|裕彰|裕成|裕旭|裕昌|裕明|裕映|裕昭|裕晃|裕晟|裕晶|裕暁|裕朗|裕淳|裕照|裕秋|裕章|裕紹|裕聡|裕覚|裕詔|裕誠|裕陽|裕顕|裕顯|豊輝|郊紀|雄明|鴻明	source-common-subset
たかのり	たかのり|享典|享憲|享法|享紀|享誉|京典|京憲|位悟|公任|公則|公徳|公敬|公紀|兼義|剛典|剛史|剛基|剛寛|剛徳|剛成|剛範|剛紀|剛規|功典|卓典|卓功|卓周|卓宣|卓徳|卓憲|卓明|卓範|卓紀|卓謙|和徳|哲宜|啓修|啓典|啓徳|啓敬|啓生|啓謹|喬典|喬則|喬登|喬範|喬規|圭哲|多紀|大悟|天紀|天規|太基|太紀|太誉|威則|威智|孝了|孝仁|孝任|孝倫|孝側|孝公|孝典|孝則|孝功|孝周|孝哲|孝基|孝宜|孝宣|孝展|孝庸|孝得|孝徳|孝慎|孝憲|孝成|孝教|孝敬|孝文|孝昇|孝明|孝格|孝法|孝知|孝矩|孝礼|孝範|孝紀|孝規|孝訓|孝記|孝詮|孝貴|孝順|学伯|学則|宇紀|宜典|宜則|宜功|宜永|宜紀|宣紀|尊儀|尊則|尊功|尊宣|尊式|尊徳|尊憲|尊政|尊教|尊法|尊範|尊紀|尊統|尊規|尊議|尚倫|尚典|尚則|尚功|尚史|尚哲|尚徳|尚意|尚憲|尚智|尚法|尚範|尚紀|尚規|尭憲|尭雅|峰伯|峰憲|峰紀|峰規|峻典|峻規|崇仁|崇伯|崇倫|崇典|崇則|崇功|崇哲|崇宜|崇宣|崇徳|崇恭|崇悟|崇憲|崇成|崇教|崇敬|崇文|崇智|崇朝|崇永|崇矩|崇礼|崇章|崇範|崇紀|崇経|崇統|崇考|崇能|崇規|崇訓|崇記|崇謹|崇識|嵩典|嵩法|平典|幸納|延学|恭敬|恭範|恭経|教勤|教宣|教徳|教範|教義|敬倫|敬典|敬則|敬基|敬宣|敬徳|敬憲|敬範|敬紀|敬臣|敬規|敬訓|昂典|昂宗|栄典|栄徳|栄憲|栄成|楼徳|正典|正雅|毅則|毅昇|毅至|毅規|理悟|理文|理紀|琢理|琢紀|男康|登工|節規|翔矩|考師|考徳|考憲|考範|考紀|考規|考識|能永|臣宜|臣憲|良憲|苑菁|誉倫|誉典|誉憲|誉明|誉紀|貞登|貴之|貴仁|貴令|貴伯|貴倫|貴優|貴典|貴則|貴功|貴勅|貴命|貴哲|貴土|貴宜|貴宣|貴展|貴式|貴徳|貴慎|貴憲|貴成|貴教|貴敬|貴文|貴斤|貴智|貴格|貴法|貴生|貴稚|貴章|貴範|貴紀|貴統|貴義|貴臣|貴規|貴訓|貴記|貴詞|貴誉|貴謙|貴賀|賢仁|賢則|賢憲|賢文|賢知|賢範|賢紀|陸紀|隆仙|隆伯|隆倫|隆儀|隆典|隆則|隆功|隆哲|隆宗|隆宜|隆宣|隆巨|隆律|隆徳|隆慎|隆慶|隆憲|隆成|隆教|隆智|隆法|隆準|隆登|隆矩|隆礼|隆範|隆紀|隆経|隆義|隆考|隆規|隆訓|隆詮|隆誉|隆順|雄紀|顕法|香智|高仙|高典|高則|高功|高宜|高宣|高工|高度|高得|高徳|高慶|高憲|高教|高敬|高文|高格|高範|高紀|高義|高規|高訓|高謙|鷹憲	source-common-subset
さとみ	さとみ|さと実|さと未|さと美|サトミ|三十三|三斗実|三斗美|了三|了実|了心|了未|了美|五十美|京美|仁亥|仁友美|仁実|仁未|仁美|令美|伶|伶実|伶美|佐乙美|佐人美|佐利美|佐十美|佐吐美|佐土実|佐土美|佐外美|佐富|佐富実|佐富美|佐斗美|佐朋美|佐登充|佐登実|佐登美|佐豊美|佐都美|佐里美|信美|倫美|公己|公美|公見|冴冬実|冴冬美|利実|利美|叡実|叡美|吏美|吏良|和子|咲冬実|咲冬美|咲巴|咲智美|咲桃実|咲登実|咲登美|咲都実|咲都美|哲右|哲弓|哲未|哲美|妙実|学未|学美|実美|小幸|小登実|小登美|小都美|小音実|小音美|州美|左斗美|左登美|左都実|差土三|差都美|幸永美|幸登美|幸美|幸都実|幸都美|彩斗実|彩斗美|彩登実|彩登美|彩都美|徳美|怜実|怜巳|怜弥|怜未|怜泉|怜海|怜珠|怜美|恵史|恵子|恵実|恵弥|恵文|恵未|恵末|恵洋|恵海|恵満|恵珠|恵生|恵美|恵苗|恵見|恵規|恵視|恵誠|恵麻|悟味|悟実|悟未|悟美|惠美|愉美|慧実|慧實|慧未|慧海|慧美|才得峰|操美|敏巳|敏未|敏美|敏見|教美|早冬実|早冬美|早十美|早斗美|早桃美|早登|早登美|早美|早都美|早陶美|智実|智己|智巳|智弓|智弥|智心|智恵|智望|智未|智水|智泉|智海|智生|智美|智見|智路|智里美|智鏡|暁実|暁海|暁美|曉実|曉美|曉見|桜富美|正等美|沙利美|沙十美|沙友美|沙斗美|沙智実|沙桃実|沙登未|沙登美|沙知美|沙美|沙豊|沙透実|沙透美|沙都子|沙都美|沙都見|爽斗実|爽未|玲心|玲美|理|理実|理未|理水|理海|理瞳|理美|瑠美|瑳杜海|皐富|知妙|知子|知実|知己|知弥|知心|知未|知水|知珠|知美|知聖|知見|砂友美|砂登美|砂都実|砂都海|砂都美|確美|紗乃|紗利美|紗十実|紗友美|紗富|紗幸|紗斗美|紗智美|紗登未|紗登美|紗都実|紗都美|総美|聖|聖実|聖巨|聖巳|聖弥|聖心|聖未|聖水|聖海|聖深|聖生|聖美|聖都|聡実|聡己|聡巳|聡弥|聡望|聡未|聡水|聡海|聡深|聡珠|聡美|聡見|聡視|聡鏡|聰実|聰美|聴美|育美|草東美|裟斗美|覚実|覚美|訓己|訓美|誠実|誠己|誠省|誠美|論深|諭実|諭未|諭美|諭見|識朱|識美|賢実|賢美|達三|達望|達海|達美|郊味|郊美|郷三|郷実|郷己|郷巳|郷弥|郷美|郷見|都后|都子|都実|都巳|都弥|都心|都文|都未|都水|都生|都美|都見|都視|里仁|里充|里光|里味|里好|里実|里實|里己|里巳|里幸|里弥|里文|里望|里未|里朱|里果|里水|里海|里深|里珠|里生|里登美|里益|里知美|里美|里見|里視|里都美|里魅|鋭実|鋭美|順美	source-common-subset
こうき	こうき|亘希|亘紀|亘輝|享希|仰希|倖生|光亀|光喜|光城|光基|光季|光己|光希|光幾|光揮|光樹|光毅|光煕|光生|光稀|光紀|光規|光記|光貴|光起|光輝|光騎|公哉|公喜|公城|公基|公姫|公己|公希|公揮|公樹|公毅|公煕|公紀|公規|公貴|公輝|剛樹|剛毅|功喜|功城|功基|功己|功樹|功生|功紀|功規|功記|功貴|功起|功輝|功騎|厚毅|厚貴|厚輝|向希|好樹|好機|好稀|好紀|好輝|孔基|孔樹|孔貴|孝喜|孝基|孝季|孝己|孝希|孝幾|孝晃|孝樹|孝毅|孝生|孝紀|孝規|孝記|孝貴|孝輝|宏喜|宏基|宏季|宏岳|宏希|宏帰|宏樹|宏機|宏毅|宏磯|宏紀|宏規|宏記|宏貴|宏起|宏軌|宏輝|工城|工暉|工機|巧希|巧生|巧紀|幸典|幸喜|幸器|幸城|幸基|幸妃|幸宜|幸希|幸揮|幸暉|幸樹|幸機|幸毅|幸生|幸祈|幸紀|幸規|幸記|幸貴|幸起|幸輝|広己|広樹|広毅|広紀|広記|広輝|庚毅|康喜|康基|康希|康揮|康樹|康毅|康気|康煕|康熙|康生|康紀|康記|康貴|康起|康輝|廣毅|廣記|弘企|弘其|弘喜|弘城|弘基|弘希|弘晃|弘樹|弘毅|弘煕|弘紀|弘規|弘記|弘貴|弘起|弘輝|弘靖|後槻|恒喜|恒基|恒希|恒樹|恒毅|恒矩|恒貴|恒輝|昂樹|昂毅|昂生|昂紀|昂規|昂貴|昂軌|昂輝|昊輝|昴樹|昴生|晃喜|晃城|晃基|晃季|晃己|晃希|晃樹|晃毅|晃生|晃紀|晃芸|晃規|晃貴|晃輝|江毅|洪基|洪規|洸喜|洸城|洸姫|洸己|洸希|洸揮|洸樹|洸綺|洸葵|洸貴|洸起|洸輝|洽樹|浩喜|浩基|浩己|浩希|浩揮|浩樹|浩毅|浩気|浩生|浩紀|浩規|浩貴|浩輝|滉喜|滉基|滉己|滉希|滉幾|滉樹|滉生|滉稀|滉貴|滉騎|甲基|甲樹|皇樹|皇稀|皇輝|皐貴|皓喜|皓基|皓己|皓毅|皓生|皓貴|皓輝|紅妃|紅姫|紅稀|紘基|紘己|紘希|紘樹|紘毅|紘輝|綱紀|綱記|綱貴|考希|考樹|耕吉|耕喜|耕基|耕季|耕己|耕希|耕暉|耕樹|耕毅|耕生|耕紀|耕規|耕貴|耕起|耕輝|耿輝|聖|興喜|興基|興季|興希|興樹|興毅|興起|興輝|航喜|航基|航季|航己|航希|航樹|航機|航生|航稀|航貴|航起|航輝|荒喜|虹姫|虹希|虹輝|行毅|行貴|行輝|豪規|貢希|貢樹|鋼紀|香城|香姫|香己|香希|香樹|香貴|高喜|高樹|高紀|高記|高貴|高輝	source-common-subset
さとし	さと士|サトシ|三十四|三敏|三登志|了|了之|了史|了氏|互志|仁|仁史|仁司|仁士|仁志|仁是|仁視|仁詞|佐人司|佐俊|佐利|佐十志|佐年|佐敏|佐斗史|佐斗司|佐斗志|佐歳|佐登史|佐登志|佐紀|佐諭|作登士|佳志|俊|俊志|倫|倫史|倫志|優|兪|公|公士|公志|冴冬思|利|利始|利志|勘資|叡|史紫|吏|吏史|吏司|吏士|吏志|吾史|哲|哲之|哲俊|哲史|哲司|哲吏|哲嗣|哲士|哲志|哲是|哲至|哲識|哲資|啓|啓史|啓示|学|学之|学史|学司|学嗣|学士|学志|寿|導|左俊|左斗志|左登志|巧|幸利|彗|彩星|徳志|徹|怜|怜人|怜史|怜司|怜士|怜志|恵|恵之|恵史|恵司|恵士|恵志|悟|悟之|悟二|悟史|悟司|悟嗣|悟士|悟央|悟市|悟志|悟次|悟至|悟詞|悟資|惠|惠司|惺|愉|愉司|慧|慧之|慧嗣|慧士|慧志|慧至|慧視|憲|捷|敏|敏之|敏史|敏司|敏嗣|敏志|敏思|敏至|教|敬|早人師|早俊|早利|早稔|早聡|明|智|智久|智之|智也|智仁|智史|智司|智嗣|智士|智央|智己|智巳|智志|智支|智相|智稔|智笥|智統|智至|智視|智詞|智詩|智資|暁|暁史|暁司|暁士|暁志|曉|曉史|朝稔|梧|沙俊|沙渡志|淳|理|理之|理史|理司|理士|理子|理志|理至|省|睿|知|知史|知司|知士|知志|知至|知茂|知詩|砂寿|砂登士|秩|穎|範|統志|総|聖|聖之|聖史|聖司|聖士|聖師|聖志|聖詞|聡|聡一|聡之|聡仁|聡健|聡史|聡司|聡嗣|聡士|聡子|聡寿|聡尚|聡師|聡志|聡思|聡明|聡矣|聡至|聡視|聰|聰士|聰志|舜|英|覚|覚之|覚史|覚司|覚士|覚志|覚旨|覚詞|訓|訓之|訓史|訓司|訓士|訓志|訣|証|詔|誠|誠之|誠史|誠司|誠嗣|誠士|誠志|誠至|説|論|諭|諭之|諭史|諭司|諭嗣|諭士|諭志|諭思|諭知|識|識之|識史|識嗣|識是|賢|賢史|賢司|賢嗣|賢士|賢志|達|達史|達司|達志|郷|郷之|郷史|郷司|郷嗣|郷四|郷士|郷志|郷紫|都|都史|都士|都寿|都志|都資|里|里史|里司|里吏|里士|里始|里子|里師|里志|里支|里敏|里至|里視|里詞|里詩|里誌|鋭|頴	source-common-subset
あきひろ	了浩|亜紀弘|亜貴弘|亨浩|享宏|享泰|亮博|亮大|亮宏|亮寛|亮広|亮弘|亮弥|亮明|亮洋|亮浩|亮紘|亮裕|光洋|右弘|右裕|吾紀明|哲博|哲大|哲宏|哲寛|哲広|哲弘|哲弥|哲洋|哲浩|哲裕|啓博|啓大|啓央|啓宏|啓宙|啓広|啓浩|啓紘|啓裕|士衛|壮広|壯洋|央尋|将洋|尭博|尭大|尭宏|尭宙|彬博|彬大|彬宏|彬寛|彬廣|彬弘|彬浩|彬絋|彬裕|彰博|彰啓|彰大|彰宏|彰寛|彰広|彰廣|彰弘|彰弥|彰拓|彰敬|彰比呂|彰泰|彰洋|彰浩|彰祐|彰紘|彰裕|成博|成宙|成弘|成敬|成泰|成洋|成裕|招完|文博|文浩|斉弘|旭博|旭宏|旭寛|旭弘|旭洋|旭浩|旭紘|旺裕|昌丈|昌博|昌大|昌宏|昌広|昌弘|昌浩|昌裕|明丈|明仁|明典|明凡|明博|明啓|明大|明央|明完|明宏|明寛|明尋|明広|明廣|明弘|明彦|明慶|明拓|明洋|明浩|明煕|明紘|明裕|映博|昭仁|昭光|昭博|昭啓|昭嘉|昭大|昭太|昭宏|昭寛|昭尋|昭広|昭廣|昭弘|昭彦|昭拓|昭洋|昭浩|昭祐|昭祥|昭紘|昭絋|昭裕|晃博|晃周|晃啓|晃大|晃央|晃宏|晃寛|晃展|晃平|晃広|晃弘|晃弥|晃敬|晃泰|晃洋|晃浩|晃熈|晃紘|晃裕|晋啓|晋大|晋弘|晨汎|晶博|晶啓|晶大|晶太|晶宇|晶宏|晶寛|晶広|晶弘|晶悠|晶洋|晶浩|晶裕|暁博|暁大|暁央|暁宏|暁寛|暁広|暁弘|暁拡|暁泰|暁洋|暁浩|暁裕|暁豊|暉大|曉泰|曉洋|曜宏|朋弘|朗博|朗啓|朗大|朗宏|朗広|朗弘|朗浩|朗裕|洋彰|淳紘|滉大|照大|照浩|照裕|燿大|玲洋|瑛大|瑛太|瑛宏|瑛寛|瑛弘|瑛浩|瑛皓|瑛雄|皓博|皓広|皓洋|知宏|知弥|知裕|研裕|祥博|祥宏|祥寛|秋博|秋宏|秋寛|秋尋|秋広|秋廣|秋弘|秋拓|秋洋|秋浩|秋裕|穣大|章仁|章公|章博|章啓|章大|章央|章宏|章寛|章尋|章展|章広|章廣|章弘|章敬|章泰|章洋|章浩|章祐|章紘|章裕|精浩|紀広|紹寛|紹弘|紹裕|翔大|聡啓|聡大|聡宏|聡彦|聡洋|聡浩|聡溥|聡裕|聰亘|聰浩|聽宏|覚博|覚宏|誠広|諦弘|謙佑|謙宏|輝大|輝弘|輝洋|輝裕|鑑広|開拓|陽博|陽啓|陽大|陽太|陽宏|陽広|陽弘|陽洋|陽浩|露裕|顕博|顕啓|顕宏|顕寛|顕尋|顕広|顕弘|顕洋|顕浩|顕祐|顕紘|顕裕|顯宏	source-common-subset
あきな	あきな|あき奈|あき菜|亜伎奈|亜喜名|亜喜奈|亜喜菜|亜喜那|亜基名|亜奈|亜妃奈|亜妃那|亜姫奈|亜季奈|亜季菜|亜岐奈|亜岐菜|亜希名|亜希奈|亜希菜|亜希那|亜木名|亜樹名|亜樹奈|亜樹菜|亜紀名|亜紀奈|亜紀波|亜紀菜|亜芸名|亜芸奈|亜芸菜|亜芸那|亜記名|亜貴名|亜貴奈|亜貴菜|亜輝奈|亨奈|亮名|亮奈|亮菜|亮那|信菜|光菜|右奈|唱那|啓那|央菜|安乙奈|安伎奈|安喜名|安喜奈|安喜菜|安喜那|安基名|安基奈|安基菜|安基那|安季奈|安希名|安希奈|安希菜|安希那|安旗奈|安暉名|安樹名|安樹奈|安樹菜|安樹那|安紀名|安紀奈|安紀菜|安紀那|安絹菜|安綺菜|安芸名|安芸奈|安芸菜|安芸那|安記名|安記奈|安記菜|安記那|安貴名|安貴奈|安貴菜|安貴那|安輝奈|尭奈|彩希奈|彬名|彬奈|彬菜|彬那|彰代|彰南|彰名|彰奈|彰茄|彰那|愛和|愛奈|愛季菜|愛希永|愛希菜|愛渚|愛祈奈|愛菜|愛輝菜|慧奈|成奈|旭奈|昌南|昌奈|昌菜|昌那|明南|明名|明喜名|明喜奈|明喜菜|明喜那|明基名|明基奈|明基菜|明基那|明夏|明奈|明希名|明希奈|明希菜|明希那|明樹名|明樹奈|明樹菜|明樹那|明毅名|明紀名|明紀奈|明紀菜|明紀那|明納|明綺菜|明芸名|明芸奈|明芸菜|明芸那|明菜|明葉|明記名|明記奈|明記菜|明記那|明貴名|明貴奈|明貴菜|明貴那|明那|映奈|映菜|昭名|昭奈|昭茄|昭菜|昭那|昴奈|晃南|晃名|晃奈|晃菜|晃那|晋名|晋奈|晋菜|晋那|晟名|晟奈|晨名|晨奈|晨菜|晨那|景那|晶南|晶名|晶夏|晶奈|晶茄|晶菜|晶那|暁名|暁奈|暁菜|暁那|暉菜|有希奈|有貴那|朋菜|朗名|朗奈|朗菜|朗那|朱希奈|朱那|杏奈|杏樹奈|淳名|淳奈|淳菜|淳那|照南|照奈|燦奈|燿菜|爽凪|爽南|爽名|爽奈|爽菜|玲名|玲奈|玲菜|玲那|瑛奈|瑛菜|璃奈|璃菜|瞭名|瞭奈|瞳奈|研名|研奈|研菜|研那|祥奈|秋七|秋南|秋名|秋夏|秋奈|秋季奈|秋桜奈|秋納|秋菜|秋那|空菜|章名|章奈|章菜|章那|紹奈|綾希奈|耀凪|耀名|耀奈|耀那|聖奈|聖菜|聡名|聡奈|聡菜|聡那|英奈|諒菜|諦無|阿喜名|阿喜奈|阿喜菜|阿喜那|阿基名|阿基奈|阿基菜|阿基那|阿季奈|阿希名|阿希奈|阿希菜|阿希那|阿樹名|阿樹奈|阿樹菜|阿樹那|阿紀名|阿紀奈|阿紀菜|阿紀那|阿綺菜|阿芸名|阿芸奈|阿芸菜|阿芸那|阿記名|阿記奈|阿記菜|阿記那|阿貴名|阿貴奈|阿貴菜|阿貴那|陽凪|陽名|陽奈|陽成|陽渚|陽菜|陽那|顕名	source-common-subset
ひろのり	仁憲|光徳|光憲|公則|公道|博仁|博倫|博儀|博典|博則|博功|博勝|博啓|博宜|博宣|博式|博律|博徳|博憲|博成|博教|博敬|博数|博智|博法|博理|博章|博範|博紀|博統|博義|博至|博規|博視|博記|博識|博路|博雅|博順|厳基|史紀|啓了|啓典|啓功|啓孝|啓寛|啓徳|啓恭|啓慎|啓憲|啓矩|啓範|啓紀|啓納|啓義|啓規|啓訓|啓識|啓議|啓雅|大仁|大倫|大典|大哲|大寛|大展|大徳|大忠|大悟|大憲|大成|大智|大格|大知|大紀|大統|大記|大詔|大謙|大賢|央典|央統|孔則|宏了|宏仁|宏仙|宏倫|宏允|宏典|宏則|宏功|宏哲|宏基|宏宜|宏宣|宏徳|宏憲|宏教|宏敬|宏昇|宏智|宏法|宏理|宏知|宏矩|宏章|宏範|宏紀|宏統|宏規|宏訓|宏謙|宏謹|宗宜|宗徳|宗紀|宗肖|宙紀|宙陛|容周|容徳|寛倫|寛典|寛則|寛哲|寛基|寛宗|寛師|寛徳|寛憲|寛成|寛教|寛敬|寛智|寛法|寛矩|寛禮|寛範|寛紀|寛納|寛統|寛規|寛記|尋徳|尋教|尋紀|尋規|展督|広倫|広典|広則|広宜|広宣|広展|広徳|広憲|広教|広法|広知|広祝|広範|広紀|広規|広訓|広記|広識|広頼|廣典|廣則|廣徳|廣教|廣記|廣謙|弘乗|弘乘|弘倫|弘典|弘則|弘周|弘哲|弘宜|弘宣|弘師|弘律|弘徳|弘慶|弘憲|弘教|弘敬|弘昇|弘昌|弘智|弘法|弘矩|弘範|弘紀|弘統|弘能|弘規|弘訓|弥範|拓典|拓則|拓憲|拡憲|敬則|敬哲|敬徳|敬矩|敬規|敬記|明憲|明昇|普則|普土|普徳|普方|普賢|泰典|泰徳|泰憲|泰成|泰教|泰範|泰紀|洋仁|洋典|洋則|洋宝|洋宣|洋徳|洋憲|洋成|洋教|洋敬|洋範|洋紀|洋統|洋規|浩仙|浩健|浩典|浩則|浩功|浩孝|浩徳|浩憲|浩教|浩敬|浩昇|浩智|浩然|浩理|浩章|浩範|浩紀|浩考|浩至|浩規|浩訓|浩風|碩宣|礼宗|礼宜|祐了|祐典|祐則|祐徳|祥典|祥憲|紘典|紘徳|紘範|紘規|英範|裕仁|裕倫|裕典|裕則|裕功|裕基|裕宜|裕宣|裕徳|裕悟|裕憲|裕成|裕教|裕敬|裕斗|裕昇|裕智|裕永|裕知|裕矩|裕範|裕紀|裕義|裕至|裕規|裕訓|裕記|裕雄|豊崇|郭典|陽記	source-common-subset
かなえ	かなえ|かな恵|かな映|かな枝|かな江|カナエ|中|伽奈栄|伽苗|伽那江|佳七江|佳南枝|佳名恵|佳名栄|佳名江|佳奈依|佳奈子|佳奈恵|佳奈愛|佳奈映|佳奈枝|佳奈栄|佳奈永|佳奈江|佳奈絵|佳奈英|佳奈重|佳成江|佳望|佳永|佳江|佳納衣|佳絵|佳苗|佳苗恵|佳菜恵|佳菜枝|佳菜江|佳菜絵|佳菜英|佳那恵|佳那慧|佳那枝|佳那江|佳那衣|加七絵|加南恵|加名恵|加名枝|加名栄|加名江|加奈恵|加奈惠|加奈映|加奈枝|加奈栄|加奈永|加奈江|加奈絵|加奈英|加奈衣|加奈重|加成衣|加楠絵|加納恵|加苗|加菜恵|加菜枝|加菜栄|加菜江|加菜絵|加那恵|加那枝|加那江|加那絵|加邦枝|協|協江|可南枝|可名衣|可奈依|可奈恵|可奈枝|可奈江|可奈笑|可奈絵|可奈英|可恵|可愛|可渚英|可苗|可菜恵|可菜映|可菜枝|可菜衣|可那江|可那絵|叶|叶夢|叶恵|叶愛|叶瑛|叶笑|叶絵|和|和恵|和苗|哉恵|哉枝|哉栄|哉江|哉絵|哉苗|嘉奈恵|嘉奈映|嘉奈枝|嘉奈江|嘉苗|嘉菜恵|嘉菜江|嘉那恵|嘉那江|嘉那衛|圭苗|圭那恵|夏七江|夏南絵|夏奈恵|夏奈江|夏奈絵|夏奈衣|夏苗|夏菜恵|夏菜江|夏菜絵|夏魚江|夢|央恵|央絵|奏|奏会|奏依|奏吟|奏咲|奏恵|奏愛|奏慧|奏映|奏枝|奏栄|奏永|奏江|奏瑛|奏絵|奏苗|奏英|奏虹|奏衣|奏詠|家奈栄|家苗|希夢|希恵|庚|庚子|愛|愛恵|愛絵|掛苗|日奈恵|日苗|易江|果名得|果奈依|果奈恵|果奈枝|果奈栄|果奈江|果奈絵|果苗|果菜恵|果菜絵|架奈恵|架奈枝|架苗|桂奈江|桂苗|楓苗|歌七絵|歌南江|歌奈恵|歌来絵|歌苗|歌菜恵|河奈江|海南恵|海南枝|海南江|生奈枝|甲名枝|神名衣|神無栄|科苗|絵苗|翔奈恵|能|花七恵|花七絵|花多恵|花奈恵|花奈枝|花奈栄|花奈江|花奈絵|花奈衣|花苗|花菜恵|花菜枝|花菜江|花菜絵|花那恵|芳奈重|芳苗|華南恵|華南枝|華奈恵|華奈枝|華奈栄|華奈江|華奈絵|華奈衣|華恵|華愛|華梛依|華梨江|華苗|華菜恵|華菜枝|華菜江|華那恵|華那慧|薫奈恵|薫苗|要恵|要枝|賀名愛|賀名江|賀名衣|賀奈恵|賀奈枝|賀奈江|賀苗|賀菜絵|賀那恵|賀那英|郁奈恵|郁奈江|郁苗|金枝|金永|金苗|錡|雅奈恵|雅奈江|霞奈重|霞苗|香七枝|香七重|香南枝|香南江|香名恵|香名映|香名枝|香夏恵|香奈依|香奈恵|香奈枝|香奈栄|香奈江|香奈瑛|香奈絵|香奈英|香奈衣|香妃|香恵|香枝|香栄|香波恵|香稲|香絵|香苗|香苗恵|香菜|香菜恵|香菜映|香菜枝|香菜江|香菜絵|香那依|香那恵|香那枝|香那絵|鼎	source-common-subset
ひろみ	ひろみ|ひろ水|ひろ海|ひろ美|ヒロミ|丈実|亙美|京美|仁美|優美|光史|光海|光生|光美|公|公美|勲実|博三|博光|博実|博己|博巳|博未|博民|博水|博海|博美|博臨|博見|博視|博身|厚美|史美|周美|啓|啓実|啓巳|啓愛|啓未|啓水|啓海|啓美|啓見|嘉美|大光|大弥|大海|大珠|大美|大見|大路|太海|太美|央海|央美|奏美|妃侶美|妃呂三|妃呂実|妃呂弥|妃呂未|妃呂美|妃明|妃生|妃美|妃路実|妃路美|妃露美|姫呂実|姫呂美|姫路美|宇美|完実|宏三|宏実|宏己|宏已|宏巳|宏水|宏海|宏美|宏見|宗美|宙実|宙望|宙美|宙翠|宙見|宥美|容后|容己|容未|容海|容美|寛三|寛実|寛己|寛巳|寛未|寛水|寛海|寛生|寛眞|寛美|寛見|寿美|尋実|尋海|尋美|尋顧|尚美|展実|広三|広后|広実|広己|広巳|広幹|広弓|広微|広心|広海|広満|広稔|広結|広美|広観|広身|広躰|廣光|廣己|廣巳|廣美|引美|弘三|弘味|弘壬|弘実|弘己|弘巳|弘弥|弘毅|弘海|弘潮|弘生|弘美|弘見|弘視|弘躬|弘鈴|弥巳|弥未|弥美|恵美|悠実|拓光|拓味|拓幹|拓美|拡充|拡実|拡深|拡稔|拡美|敬実|敬美|敬視|日路美|旬美|明美|明見|普美|景美|栄海|栄美|比呂実|比呂未|比呂美|比路実|比路美|永美|汎実|汎美|泓美|泰実|泰己|泰未|泰示|泰美|洋|洋三|洋実|洋己|洋未|洋水|洋泉|洋海|洋美|洪心|洸海|洸美|浩三|浩味|浩壬|浩実|浩實|浩己|浩巳|浩弓|浩文|浩未|浩民|浩水|浩洋|浩海|浩生|浩美|浩見|浩規|浩路|浩躬|海美|温美|渺美|湖美|溥美|滉未|演美|潤実|潤美|煕見|熙洋|玲美|皓海|皓美|碩実|碩弥|碩美|礼已|礼美|祐世|祐美|祥美|秀美|空見|粧美|紘実|紘巳|紘幹|紘未|紘末|紘水|紘海|紘美|紘見|絢美|緋ろみ|緋呂実|緋呂美|緩美|蓉美|藍水|裕|裕三|裕妃|裕子|裕実|裕己|裕巳|裕弓|裕弥|裕心|裕方|裕望|裕未|裕水|裕海|裕深|裕美|裕見|裕身|裕躬|裕魅|貴美|郊美|郭巳|郭美|野文|野珠|陽呂美|陽実|陽海|陽美|陽路美|陽身|陽露実|陽露美|飛路実|飛路美|鴻実	source-common-subset
たかよし	享慶|享良|享詳|俊好|公誉|剛可|剛吉|剛嘉|剛好|剛慶|剛由|剛義|剛能|剛良|剛順|卓佳|卓嘉|卓欣|卓祥|卓純|卓美|卓義|卓良|卓芳|和幹|和義|和良|啓秀|啓義|喬祥|喬義|堂善|堂嘉|堯彬|大慶|太祐|太義|太良|央祥|好親|孝亮|孝仁|孝佳|孝儀|孝允|孝充|孝吉|孝善|孝喜|孝嘉|孝圭|孝好|孝宜|孝宣|孝恵|孝悌|孝悦|孝愛|孝慶|孝敬|孝斉|孝昌|孝朗|孝栄|孝欣|孝由|孝祥|孝福|孝禧|孝純|孝美|孝義|孝能|孝至|孝良|孝芳|孝誉志|孝誼|孝賀|孝賢|孝頼|宗義|宜佳|宜慶|宜由|宣義|将能|尊好|尊巌|尊栄|尊美|尊義|尚佳|尚則|尚嘉|尚宜|尚義|尚良|尚芳|尭佳|尭和|尭彬|尭慶|尭義|尭誼|山義|岳儀|峰佳|峰勝|峰繕|峻祥|峻義|崇仁|崇介|崇佳|崇兆|崇克|崇厳|崇吉|崇哲|崇善|崇喜|崇嘉|崇圭|崇好|崇慶|崇理|崇由|崇由志|崇祥|崇美|崇義|崇良|崇芳|崇貴|崇賢|嵩宜|嵩祥|平佳|平良|幸佳|幸義|恭愛|恭慶|恭由|恭祥|恭芳|慶芳|教美|敬仁|敬佳|敬充|敬吉|敬和|敬善|敬喜|敬嘉|敬愛|敬理|敬祐|敬祥|敬美|敬義|敬能|敬良|敬芳|旗義|昂吉|明大|毅宜|毅辰|爵克|琢禅|生佳|登祥|登義|立承|章慶|節義|考与志|考充|考好|考慶|考由|考美|考良|能由|能義|臣容|良圭|行栄|誉芳|貴世志|貴仁|貴代志|貴佳|貴儀|貴克|貴功|貴吉|貴善|貴喜|貴嘉|貴圭|貴好|貴孝|貴宣|貴康|貴彦|貴徳|貴慈|貴慶|貴敬|貴淑|貴由|貴祐|貴祥|貴禎|貴美|貴義|貴能|貴良|貴良史|貴芳|貴謙|貴郎|貴順|賢孝|賢康|賢義|隆仁|隆介|隆令|隆佳|隆允|隆克|隆勝|隆吉|隆善|隆喜|隆嘉|隆圭|隆好|隆孔|隆孝|隆宜|隆富|隆彦|隆悦|隆愛|隆慶|隆敬|隆昌|隆昌史|隆由|隆睦|隆祥|隆祺|隆禎|隆禧|隆美|隆義|隆能|隆至|隆良|隆芳|隆謙|隆貴|隆資|隆賢|隼義|雄吉|雄慈|高佳|高備|高功|高吉|高善|高喜|高嘉|高好|高孝|高寿|高慶|高敬|高由|高祐|高祥|高美|高義|高良|高芳|高誉|高賢|鷹嘉|鷹美|鷹義|鷹芳	source-common-subset
たかゆき	一如|上之|丘之|丘行|享之|享幸|享往|享志|享敬|享至|享行|享起|位之|健幸|傑行|公志|公敬|公章|剛之|剛幸|剛征|剛志|剛行|功之|卓之|卓亨|卓幸|卓征|卓志|卓由|卓行|哲之|哲征|哲志|啓之|啓幸|啓行|啓順|喬之|喬行|圭由|堯之|多加幸|多嘉之|多賀之|天元|太介|央之|央征|威之|威是|孝之|孝介|孝侑|孝元|孝公|孝到|孝勧|孝嘉|孝将|孝幸|孝往|孝征|孝志|孝恭|孝有|孝祐|孝至|孝虎|孝行|孝通|孝順|季之|学之|学行|宇之|宇幸|宇行|宜之|宜敬|宜礼|容幸|将之|尊之|尊介|尊侑|尊幸|尊由貴|尊行|尚之|尚幸|尚征|尚志|尚行|尭之|尭幸|尭行|就之|岳之|岳志|岳是|岳行|峰之|峰幸|峰行|峻之|峻征|峻行|崇之|崇亨|崇介|崇元|崇公|崇友記|崇孝|崇将|崇幸|崇征|崇志|崇文|崇晋|崇由|崇祐紀|崇至|崇行|崇超|崇門|崇順|嵩之|嵩侑|嵩千|嵩幸|嵩征|嵩行|巨之|平以|幸之|廷之|応之|応行|恭之|恭幸|恭行|恭通|挙之|攻侑|教之|教介|教行|敬之|敬介|敬幸|敬章|敬行|昂之|普之|暁之|毅之|毅亨|毅幸|毅征|毅志|毅行|渉之|猛之|琢之|生幸|生行|甲之|登之|登幸|祟之|空志|章之|章介|章行|節之|考之|考将|考幸|考志|考政|考行|聖行|能之|能章|誉之|誉侑|誉幸|誉征|誉志|誉由|誠之|誠享|誠幸|貢之|貢行|貴之|貴亨|貴介|貴元|貴升|貴如|貴孝|貴将|貴幸|貴征|貴徹|貴教|貴敬|貴是|貴普|貴歩|貴由|貴由希|貴由樹|貴由紀|貴章|貴行|貴裕紀|貴輝|貴透|貴通|貴進|貴運|貴雪|貴順|賢之|賢侑|賢幸|賢征|賢志|賢行|賢門|郁之|郁如|郁行|陽之|陽幸|陽行|隆之|隆亨|隆享|隆介|隆以|隆元|隆公|隆喜|隆如|隆将|隆幸|隆征|隆志|隆敬|隆是|隆晋|隆普|隆由|隆維|隆至|隆行|隆貴|隆進|隆運|隆道|隆雪|隼之|隼幸|隼斗|雄之|雄元|雄幸|顕之|飛幸|駿幸|駿志|駿行|高主|高之|高享|高侑|高孝|高将|高幸|高征|高歩|高由|高章|高至|高行|高雪|高順|鴻之|鷹之|鷹幸	source-common-subset
よしお	よし尾|よし生|よし越|ヨシオ|与史雄|与司夫|与司男|与四夫|与四雄|与志夫|与志男|与志雄|与止男|与男|与詩夫|世士夫|世守男|世志生|世潮|予志夫|仁夫|仁郎|代志雄|令雄|伊男|休雄|余四男|余志雄|佳夫|佳央|佳歩|佳生|佳男|佳穂|佳郎|佳雄|依志夫|僖夫|儀夫|儀尾|儀雄|元雄|兆男|克夫|克郎|凱夫|凱男|凱雄|剛雄|勝生|勝郎|勝雄|叔士|叔生|叔男|可夫|可男|可雄|吉夫|吉央|吉尾|吉生|吉男|吉郎|吉雄|和男|啓夫|啓男|啓雄|善大|善夫|善朗|善生|善男|善緒|善郎|善雄|喜夫|喜温|喜生|喜男|喜郎|喜雄|嘉夫|嘉朗|嘉生|嘉男|嘉穂|嘉郎|嘉雄|四千男|四四男|四士夫|四子夫|四子生|四子男|四子雄|四志男|圭夫|圭朗|圭男|夜潮|夜詩夫|好夫|好生|好男|好郎|好雄|威雄|孔男|孝夫|孝生|孝雄|宗生|宜夫|宜男|宜雄|宝保|宣雄|容士夫|容支夫|容至夫|富夫|寿夫|寿雄|尚生|尚男|幹輔|彬夫|徳郎|快男|快雄|恕夫|恵夫|恵巨|恵雄|悦夫|悦生|悦男|悦郎|悦雄|惟郎|愛夫|愛穂|愛郎|愛雄|慶夫|慶男|慶穂|慶雄|憙侈|懿夫|成夫|成雄|承夫|敏雄|敬夫|敬郎|敬雄|斌男|新生|新雄|昌夫|昌生|昌男|昌雄|昭生|栄夫|栄男|栄雄|榮夫|榮男|欣夫|欣生|欣男|欣雄|欽勇|欽夫|欽男|毅雄|洋夫|洋雄|淑夫|淑生|淑男|淑郎|淑雄|清夫|清男|温生|温雄|珍雄|由夫|由生|由男|由郎|由雄|祥夫|祥生|祥男|祥郎|祥雄|禎夫|禎於|禎男|禎雄|福夫|福雄|禧夫|禧男|禧雄|秀郎|節雄|純男|経郎|羊雄|美夫|美生|美男|美郎|美雄|義勇|義士夫|義夫|義志男|義朗|義生|義男|義穂|義郎|義雄|能夫|能生|能男|能郎|能雄|至男|至雄|與史雄|良夫|良尾|良生|良男|良穂|良緒|良郎|良雄|芳夫|芳央|芳尾|芳於|芳朗|芳生|芳男|芳穂|芳郎|芳雄|葭夫|要志夫|要志生|要志男|要志雄|要雄|誉士夫|誉士生|誉士男|誉士雄|誉夫|誉志夫|誉志生|誉志男|誉志雄|誼夫|謙夫|謙雄|貴夫|貴郎|賀勇|賀夫|賀男|賀雄|資雄|賢男|贇雄|辰夫|長生|韶夫|順夫|順男	source-common-subset
こうすけ	亘介|亘佑|亘輔|交右|亨介|亨祐|亮介|倖助|光亮|光介|光伴|光佑|光助|光右|光将|光扶|光甫|光祐|光脩|光裕|光輔|公亮|公介|公伴|公佑|公典|公助|公哉|公祐|公翼|公脩|公裕|公資|公輔|剛介|剛佑|剛典|剛輔|功亮|功介|功佑|功典|功将|功恭|功昌|功祐|功資|功輔|匡亮|匡介|厚介|厚祐|厚輔|好亮|好祐|孔亮|孔介|孔祐|孔輔|孝亮|孝介|孝佑|孝典|孝助|孝将|孝昌|孝祐|孝裕|孝資|孝輔|宏亮|宏介|宏佑|宏典|宏助|宏昌|宏祐|宏育|宏輔|工介|工助|工輔|巧丞|巧将|巧恭|巧祐|幸亮|幸介|幸佐|幸佑|幸典|幸助|幸右|幸将|幸恭|幸祐|幸翼|幸舗|幸裕|幸資|幸輔|広介|広佑|広典|広助|広祐|広資|広輔|庚介|康丞|康亮|康介|康佐|康佑|康典|康助|康友|康右|康将|康恭|康相|康祐|康良|康裕|康補|康資|康輔|廣介|廣祐|弘亮|弘介|弘佑|弘典|弘助|弘将|弘承|弘昌|弘祐|弘裕|弘輔|恒亮|恒介|恒佑|恒助|恒祐|恒輔|戇助|拡介|拡輔|攻介|昂介|昂佑|昂右|昂将|昂甫|昂祐|昂資|昂輔|昇介|昴亮|昴友|晃介|晃佑|晃典|晃助|晃右|晃将|晃督|晃祐|晃資|晃輔|晧介|杏介|江介|江輔|泰介|洪介|洸亮|洸介|洸佑|洸典|洸昌|洸祐|洸資|洸輔|浤輔|浩丞|浩亮|浩介|浩佑|浩典|浩助|浩右|浩奨|浩甫|浩祐|浩育|浩資|浩輔|滉介|滉祐|滉輔|甲丞|甲介|甲右|甲将|甲輔|皇佑|皇祐|皐介|皐佑|皓亮|皓介|皓祐|紘亮|紘介|紘佑|紘典|紘助|紘右|紘将|紘祐|紘輔|綱佑|綱祐|考介|考佐|考佑|考助|考祐|考輔|耕亮|耕介|耕佑|耕典|耕助|耕右|耕督|耕祐|耕資|耕輔|耕陪|耿介|肯佑|興亮|興佐|興佑|興助|興右|興祐|興輔|航丞|航亮|航介|航佑|航典|航助|航祐|航裕|航資|航輔|行亮|行介|行佑|行助|行右|行祐|行輔|衡介|貢介|貢佑|貢助|貢右|貢祐|鉱輔|鋼典|鋼助|頌介|香介|香祐|香輔|高介|高佑|高典|高輔|鴻介|鴻佑|鴻助|鴻輔	source-common-subset
よしひろ	ヨシヒロ|仁宏|仁裕|代志広|令博|价弘|价泰|伊彦|伊洋|伊浩|佳博|佳啓|佳大|佳宏|佳寛|佳広|佳廣|佳弘|佳泰|佳洋|佳浩|佳祐|佳裕|俶宏|備寛|儀広|儀弘|儀浩|允洋|充弘|克寛|克洋|凱寛|利弘|剛丈|剛啓|剛弘|功博|功啓|勝啓|勝弘|可洋|可浩|吉博|吉史裕|吉啓|吉大|吉央|吉宏|吉寛|吉広|吉廣|吉弘|吉拡|吉汪|吉洋|吉浩|吉紘|吉裕|和晃|啓博|啓裕|善公|善博|善啓|善大|善宏|善寛|善尋|善広|善廣|善弘|善拡|善泰|善洋|善浩|善皓|善裕|喜博|喜啓|喜大|喜宏|喜寛|喜尋|喜広|喜廣|喜弘|喜洋|喜浩|喜裕|嘉伯|嘉博|嘉啓|嘉大|嘉宏|嘉容|嘉寛|嘉広|嘉廣|嘉弘|嘉泰|嘉洋|嘉浩|嘉祥|嘉紘|嘉裕|圭弘|圭裕|好博|好啓|好宏|好寛|好尋|好展|好広|好廣|好弘|好拡|好泰|好洋|好浩|好祐|好紘|好裕|孔洋|宜弘|宜浩|宣寛|尚弘|幸宏|幹大|庸晃|彦宏|徳泰|快宏|恭浩|恭裕|恵博|恵弘|恵洪|悦宏|悦弘|惠弘|愛弘|愛祐|慶博|慶啓|慶大|慶宏|慶寛|慶尋|慶広|慶弘|慶拓|慶洋|慶浩|慶祐|慶裕|敬広|敬弘|整弘|斌宏|昌宏|昌広|昌弘|是宏|是広|栄博|栄大|栄弘|桂寛|欣博|欣厚|欣大|欣宏|欣弘|欣浩|歓洋|淑宏|淑弘|淑裕|由宏|由広|由弘|由洋|由紘|由裕|益弘|祥博|祥啓|祥大|祥宏|祥寛|祥広|祥廣|祥弘|祥敬|祥泰|祥浩|祥裕|祺弘|禎宏|禎弘|禎洋|秀演|精宏|純宏|純弘|美博|美宏|美弘|美鴻|羨博|義|義公|義博|義啓|義大|義宏|義寛|義尋|義広|義廣|義弘|義拓|義敬|義昿|義曠|義比呂|義汎|義洋|義浩|義煕|義皓|義礼|義祐|義紘|義聖|義裕|能啓|能宏|能弘|至宏|至弘|與弘|良博|良啓|良喜|良宏|良寛|良広|良廣|良弘|良拓|良泰|良洋|良浩|良煕|良熈|良熙|良祐|良紘|良裕|芳伯|芳博|芳啓|芳大|芳宏|芳寛|芳広|芳廣|芳弘|芳敬|芳洋|芳浩|芳紘|芳裕|誉之弘|誠達|賀博|賀広|賀弘|賢浩|順啓|順弘|順晧|頼広	source-common-subset
さおり	さおり|さお哩|さお里|さを理|さ織|サオリ|三織|五織|佐保利|佐保理|佐保里|佐央梨|佐央理|佐央里|佐小理|佐小里|佐帆梨|佐桜里|佐王利|佐王里|佐穂里|佐緒利|佐緒吏|佐緒理|佐緒莉|佐緒里|佐織|佐織理|佐織里|佐芳里|佐麻理|冴織|叉栞|咲乙里|咲央理|咲央莉|咲央諒|咲央里|咲小梨|咲於里|咲桜梨|咲桜璃|咲桜里|咲穂里|咲緒梨|咲緒里|咲織|咲輔理|咲音莉|咲麻理|唆織|妙緒里|妙織|小保里|小央理|小央莉|小央里|小帆里|小桜里|小生里|小百里|小穂利|小緒理|小緒里|小織|小麻里|少緒|少織|嵯央里|左保里|左多里|左央李|左央理|左央里|左方里|左緒理|左緒里|左織|差緒里|幸多里|幸小里|幸生里|幸緒里|幸織|幸音鈴|彩乙理|彩多里|彩央怜|彩央李|彩央理|彩央莉|彩央里|彩帆里|彩於里|彩桜理|彩桜里|彩欧里|彩緒莉|彩緒里|彩織|彩翁理|彩音莉|彩音鈴|心織|才央理|才緒里|抄保里|抄居|抄穂里|抄織|抄越理|早乙理|早乙里|早和理|早多理|早央|早央利|早央梨|早央理|早央里|早女里|早小里|早帆理|早方里|早桜理|早桜莉|早桜里|早梨|早欧里|早生里|早穂理|早穂里|早緒理|早緒璃|早緒莉|早緒里|早織|早織梨|早織理|早織里|早里|早音倫|早麻理|早麻里|智織|更織|最央利|栄緒里|栽織|桜織|桜音麗|梓緒理|沙乙理|沙伯里|沙保利|沙保梨|沙保理|沙保璃|沙保里|沙央|沙央吏|沙央梨|沙央理|沙央織|沙央莉|沙央里|沙女里|沙小里|沙居|沙帆理|沙帆里|沙扇里|沙折|沙方里|沙於里|沙桜理|沙桜里|沙梨|沙欧里|沙生利|沙生莉|沙穂梨|沙穂莉|沙穂里|沙緒|沙緒俐|沙緒利|沙緒李|沙緒梨|沙緒理|沙緒莉|沙緒里|沙織|沙織利|沙織理|沙織莉|沙織里|沙美利|沙職|沙莉|沙萌里|沙里|沙音里|沙麻理|沙麻里|清織|皐織|相織|真織|真麻里|砂保里|砂央理|砂央里|砂扇立|砂生里|砂穂理|砂緒利|砂緒理|砂緒里|砂織|砂輔理|砂音里|砂麻里|粧織|紗おり|紗保吏|紗保理|紗保里|紗和吏|紗夕|紗央|紗央利|紗央厘|紗央梨|紗央理|紗央璃|紗央莉|紗央里|紗小里|紗尾莉|紗尾里|紗扶里|紗於里|紗桜梨|紗桜理|紗桜里|紗欧里|紗渚里|紗理|紗甫里|紗穂理|紗穂莉|紗穂里|紗緒|紗緒利|紗緒梨|紗緒理|紗緒璃|紗緒莉|紗緒里|紗織|紗織弓|紗織理|紗織里|紗莉|紗里|紗麻里|聖織|聡織|茶緒利|茶織里|草帆里|草織|菜百莉|蒼織|装織|裟央里|裟織|都織|里小梨|里紗|里織|青梨|颯織	source-common-subset
よしえ	よしえ|よし恵|よし惠|よし枝|よし栄|よし江|よ志え|よ志枝|よ志江|ヨシエ|与志枝|与志江|世志恵|世枝絵|代司江|代志恵|代志江|令枝|伊江|佳亜|佳代|佳会|佳依|佳図|佳志恵|佳恵|佳惠|佳愛|佳慧|佳映|佳枝|佳栄|佳永|佳江|佳絵|佳英|佳衣|佳賢|佳重|信江|修恵|俶枝|俶江|優枝|優江|元枝|克恵|克枝|克江|克絵|典恵|利枝|叔恵|叔江|叔衛|可恵|可枝|可江|吉恵|吉枝|吉榮|吉江|吉絵|吉衛|吉重|啓恵|啓江|善恵|善枝|善栄|善江|善絵|善衛|善重|喜恵|喜惠|喜枝|喜江|喜絵|喜英|喜衛|喜衣|喜重|嘉恵|嘉枝|嘉栄|嘉江|嘉絵|嘉重|圭恵|圭江|圭絵|好依|好延|好恵|好映|好枝|好柄|好栄|好永|好江|好笑|好絵|好英|好衛|好衣|好重|嬉江|孝枝|孝江|孝重|宜恵|宜英|宣江|寿衣|巧枝|幸恵|幸江|快恵|快枝|恒恵|恭枝|恵枝|恵永|恵絵|悦枝|悦栄|悦江|愛恵|愛枝|愛絵|愛苗|愛重|慈恵|慶恵|慶枝|慶栄|慶江|敏枝|敬枝|敬江|文絵|斐恵|昌江|昌衣|有枝|栄恵|栄絵|欣枝|洋志枝|洋江|浩江|淑恵|淑慧|淑枝|淑永|淑江|淑瑛|淑穂|淑絵|淑英|清江|珍江|理恵|由依|由志栄|由恵|由悦|由愛|由映|由枝|由江|由絵|由英|由衛|由衣|益会|省枝|督枝|睦恵|睦枝|祐江|祥恵|祥枝|祥栄|祥江|祥絵|祥重|祺枝|禄恵|禎恵|禎映|禎江|禎重|福枝|秀恵|秀江|節恵|紀枝|純永|純苗|美会|美影|美恵|美惠|美愛|美慧|美枝|美栄|美江|美絵|美繪|美衛|美衣|美重|義恵|義方|義枝|義柄|義栄|義江|義絵|義衛|能恵|能枝|能江|至恵|至重|良志絵|良恵|良惠|良慧|良枝|良栄|良江|良笑|良絵|良衛|良衣|良重|艶依|芳依|芳得|芳恵|芳惠|芳慧|芳枝|芳栄|芳永|芳江|芳瑛|芳絵|芳英|芳衛|芳衣|芳重|葭江|融恵|裕惠|誉ム重|誉枝|誼映|譲絵|貞絵|貴恵|貴枝|賀恵|賀栄|賀江|賀絵|賀衛|資恵|賛江|賢枝|順恵|顕江|養恵|香恵|香慧|香枝|香江|馨江|麗江|麗衣	source-common-subset
ともみ	ともみ|とも美|トモミ|丈実|丈美|与美|仁美|伴光|伴実|伴弥|伴海|伴美|作美|供美|保美|修美|倫史|倫実|倫巨|倫己|倫巳|倫弓|倫未|倫美|倫見|倫身|僚実|僚己|僚美|全美|公巳|公望|公美|共実|共未|共深|共美|共観|具実|具己|具瞻|具美|具視|兼美|冬萌実|利萌実|十百海|十萌実|千春|友三|友実|友巨|友己|友巳|友弓|友弥|友愛|友望|友望実|友未|友泉|友海|友深|友満|友生|友美|友翠|友聖|友舞|友良|友見|友規|友視|友身|双美|呂実|呂美|和弥|和未|和美|基美|外茂美|大海|奉巳|奉美|奉視|始美|委己|委巳|委未|委美|季美|宝心|宝未|宝美|寅美|寿美|巴|巴弓|巴弥|巴望|巴深|巴美|年百美|幸実|幸弥|幸美|幹実|彩美|志実|悌未|愛美|文美|文規|斗望未|斗望美|斗百美|斗茂美|明未|智|智三|智仁|智充|智味|智命|智子|智実|智巨|智己|智已|智巳|智弓|智弥|智心|智文|智望|智未|智朱|智水|智泉|智海|智深|智満|智珠|智瑞|智生|智美|智臣|智萌実|智萌美|智萠実|智萠美|智見|智視|智観|有心|有未|有美|朋三|朋位|朋子|朋実|朋峰|朋巨|朋己|朋巳|朋弓|朋弥|朋扇|朋未|朋果|朋水|朋泉|朋海|朋深|朋珠|朋生|朋真|朋示|朋美|朋見|朋規|朋覧|朋誠|朝実|朝巨|朝己|朝巳|朝望|朝未|朝水|朝海|朝深|朝湖|朝美|朝見|栄美|比美|永未|流水|流海|灯望|灯生|灯美|燈望|珠那|登巳|登百美|登茂実|登茂美|登萌美|皆実|皆美|睦弥|睦美|知三|知元弓|知充|知光|知味|知妙|知実|知峰|知巨|知己|知巳|知弓|知弥|知彌|知心|知操|知文|知未|知果|知民|知水|知泉|知海|知深|知生|知省|知美|知臣|知見|知視|知身|知躬|知魅|禎光|禎美|紀美|素美|群巳|義実|與美|興美|茂美|萌未|萌満|萌美|規美|誉美|誠実|誠巳|誠弓|誠美|貴美|資巳|資未|資美|輪美|遼巳|那実|那美|都文実|都最実|都最美|都望美|都百美|都紅|里実	source-common-subset
よしのり	ヨシノリ|与志則|亮徳|仁典|仁康|仁智|令儀|佐伝|佐登|佳典|佳則|佳徳|佳憲|佳法|佳範|佳紀|佳規|俶教|儀典|儀記|充功|兆功|克典|克則|克礼|功典|功統|勝憲|勝経|叔功|可典|吉伯|吉典|吉則|吉宣|吉展|吉徳|吉憲|吉教|吉敬|吉昌|吉法|吉範|吉紀|吉規|吉訓|和則|啓典|善伯|善典|善則|善宣|善式|善徳|善憲|善教|善矩|善範|善紀|善規|善訓|善譲|喜典|喜則|喜弼|喜徳|喜憲|喜教|喜永|喜法|喜稔|喜範|喜紀|喜義|喜規|喜訓|喜記|喜詔|嘉代|嘉倫|嘉典|嘉則|嘉功|嘉孝|嘉徳|嘉憲|嘉教|嘉矩|嘉範|嘉紀|嘉規|嘉訓|嘉記|圭紀|好典|好則|好孝|好宣|好展|好律|好徳|好憲|好教|好法|好矩|好範|好紀|好規|好訓|好記|好順|孔巧|宜則|尚徳|尚憲|巧勝|巧升|彬伯|徳至|恵永|悦典|悦則|悦功|惇至|惟倫|愛仁|慶典|慶則|慶宜|慶徳|慶憲|慶教|慶矩|慶範|慶紀|慶規|慶訓|憲範|敬典|敬師|敬徳|敬節|斐規|是則|栄徳|栄紀|欣徳|欣範|欽法|歓識|洋典|淑典|淑則|淑教|温知|為章|由倫|由典|由則|由哲|由徳|由登|由紀|由規|祥倫|祥典|祥則|祥徳|祥憲|祥教|祥敬|祥範|祥紀|祥規|祥訓|祥議|祺典|禄範|禎典|禎則|禎徳|禎範|禎紀|禎規|禎訓|福利|福紀|禧憲|純典|純徳|美修|美典|美則|美基|美徳|美憲|美摸|美方|美法|美登|美範|義|義乗|義倫|義典|義則|義宜|義宣|義展|義徳|義慶|義憲|義教|義敬|義昇|義法|義矩|義章|義範|義紀|義純|義統|義規|義訓|義記|義詔|義謙|能則|能徳|能永|能範|能道|良儀|良典|良則|良宣|良弼|良得|良徳|良志則|良憲|良教|良智|良法|良矩|良範|良紀|良義|良規|良訓|良誠|良譲|芳倫|芳典|芳則|芳徳|芳慶|芳憲|芳教|芳法|芳矩|芳範|芳紀|芳規|芳訓|芳野里|詳典|詳徳|誉祠義|誠徳|誠紀|誼紀|議範|賀則|賢典|賢憲|賢礼|順文|頼命|香紀	source-common-subset
のりこ	のりこ|のり子|ノリコ|ノリ子|且子|乃り子|乃倫子|乃凜子|乃利古|乃利子|乃吏子|乃子|乃律子|乃梨子|乃理子|乃璃子|乃綸子|乃莉子|乃里子|乃鯉子|乃麗子|之吏子|之里こ|之里子|乗子|乘子|了子|仁子|仍林子|仙子|代子|令子|以子|任子|伯子|伸利子|伸子|位子|修子|倫子|倫紀子|健子|儀子|典倫子|典利子|典姫|典子|典李子|典維子|典里子|准子|則子|功子|効子|勅子|勤子|勲子|及理子|史子|司子|周子|命子|哲子|啓子|善子|基子|士子|奉子|妃子|孝子|季子|学子|宗子|宜利子|宜子|実子|宣吏子|宣子|宣里子|寛子|寛湖|寛里子|寸子|尊子|尋子|展子|展梨子|巧子|希子|師子|幸子|幾子|度子|康子|庸子|式子|式孝|弼子|律子|得子|徳子|徳里子|恒子|恭子|悟子|悦子|悳子|意子|愛子|愼子|慎子|慶子|憲子|憲香|成子|扇子|政子|教子|教湖|敦子|敬子|文子|方子|方香|昇子|明子|昭子|智子|暢子|曲子|書子|望梨子|朝子|木紀子|格子|楷子|模子|権子|永子|法子|法宿|法理子|温子|準子|澄子|濃利子|濃利胡|濃梨子|然子|煕子|玄子|理則子|理子|由理子|申律子|発子|登利子|登子|皇子|真理子|知子|矩|矩子|矩理子|研子|礼子|祈子|祝子|福子|禮子|称子|程子|稔子|稚子|章子|策子|範利子|範子|範理子|糊湖|紀利子|紀吏子|紀好|紀子|紀心|紀梨子|紀湖|紀理子|紀琳香|紀胡|紀莉子|紀里子|紀香|納子|納梨子|納理子|納里子|純子|経子|統子|維子|緑子|義子|考子|聖子|聡子|能利子|能吏子|能子|能律子|能理子|能里子|腆子|自子|至子|花梨子|芸子|裕子|規倫子|規吏子|規子|規理子|規璃子|規莉子|視子|言子|訓子|記子|詔子|詞子|詮子|誉子|誓子|論子|謙子|謹子|識子|議子|譲子|譽子|讓子|貴子|賀子|賜子|賢子|路子|軌子|載依子|載子|農利子|農里子|通子|道子|郷子|里子|野倫子|野利子|野林子|野梨子|野理子|野里子|鑑子|閑子|陛子|雅子|順子|頼子|頼里子|風子	source-common-subset
まさみ	まさみ|まさ美|マサミ|マサ実|万佐美|万優瞳|万咲美|万左美|万彩実|万早美|万沙未|万沙水|万沙美|万砂美|万粧美|万紗三|万紗美|中三|仁美|信実|修美|健美|備巳|優実|優巨|優海|優美|優見|允実|允海|允美|全実|全美|公美|公見|勝実|勝己|勝美|匡己|匡巳|匡省|匡美|匡臣|匡身|唱美|多美|妹佐美|実美|将三|将命|将実|将己|将巳|将美|將命|將美|尚美|征弥|征美|惟美|成美|摩佐美|摩沙美|摩砂美|政三|政参|政実|政實|政己|政已|政巳|政未|政海|政美|政見|政視|政身|政躬|政鑒|斉美|方実|方水|方美|旬美|昌|昌三|昌佐美|昌実|昌己|昌巳|昌恵|昌未|昌水|昌沙美|昌海|昌満|昌美|昌臣|昌見|昌視|昌躬|晶水|晶美|暢美|未紗実|未紗美|柾実|柾美|正三|正吾|正実|正實|正己|正已|正巳|正望|正民|正水|正海|正珠|正美|正臣|正見|正視|正身|正躬|求美|済美|満佐美|満彩実|満彩美|満粧美|滋美|理己|理水|理美|省己|眞佐実|眞佐美|眞実|眞左美|眞早美|眞沙実|眞沙美|眞生|眞砂美|眞粧美|眞美|真三|真三美|真仁|真佐実|真佐美|真咲美|真夢|真妙美|真子|真実|真左美|真己|真巳|真弥|真彩実|真彩美|真抄美|真早美|真未|真沙実|真沙未|真沙末|真沙水|真沙美|真海|真深|真生|真砂美|真粧実|真粧美|真紀美|真紗海|真紗美|真美|真観|督弥|磨佐美|磨名美|磨沙実|磨沙美|磨瑳実|磨瑳美|礼美|祐実|祐美|祥三|稚美|純美|絹|絹心|綿美|緩美|聖実|聖己|聖巳|聖弓|聖心|聖海|聖珠|聖美|舞彩子|舞彩実|舞彩美|舞沙美|若実|茉彩実|茉早美|茉沙未|茉沙水|茉沙美|茉砂美|茉粧美|茉紀美|茉紗海|茉紗美|薫実|薫美|誠実|誠巳|誠美|賢美|鎮美|雅|雅三|雅佐実|雅佐美|雅光|雅克|雅実|雅己|雅已|雅巳|雅弓|雅弥|雅彌|雅未|雅水|雅海|雅深|雅美|雅臣|雅見|雅規|順美|麻佐美|麻嵯美|麻左美|麻彩実|麻早美|麻沙巳|麻沙未|麻沙水|麻沙美|麻砂美|麻粧美|麻紗実|麻紗己|麻紗巳|麻紗望|麻紗美|麻里美	source-common-subset
まさし	まさ史|まさ志|マサシ|万佐司|万佐至|仁|仁之|仁史|仁志|保|優|優之|優史|優司|優嗣|優志|優詩|允|允史|允詞|元|元士|克司|全|全史|全司|全志|公司|公士|公志|公次|剛史|剛士|剛志|勝史|勝司|勝士|勝志|勝施|勝至|匡|匡伺|匡史|匡司|匡士|匡志|匡梓|匡紫|匡詞|卓史|司|和史|和司|壮|壮志|大嗣|大志|奨|完|完至|将|将之|将史|将司|将吏|将嗣|将士|将志|将支|将矢|将示|将至|将視|將|將史|將司|將志|尚史|尚志|巨史|幹史|当志|征|征之|征使|征史|征司|征嗣|征士|征志|応史|成史|成司|成志|政|政之|政史|政司|政嗣|政士|政子|政市|政志|政枝|政次|政氏|政示|政詞|政詩|斉|斉之|斉嗣|斉巳|方|方史|方志|昌|昌之|昌伺|昌史|昌司|昌嗣|昌士|昌巳|昌師|昌志|昌至|昌視|昌詩|昌資|晶史|晶士|晶支|晶紫|暢史|暢士|暢志|柾|柾史|格|格嗣|正|正之|正仕|正伺|正史|正司|正嗣|正四|正士|正始|正師|正志|正思|正懿|正次|正爾|正示|正糸|正紫|正美|正臣|正至|正視|正詞|正資|正静|満沙志|漢|理|理史|理士|理志|理詞|直史|直嗣|直志|眞之|眞佐之|眞佐士|眞史|眞士|眞志|真三市|真之|真佐史|真佐志|真史|真司|真吏|真嗣|真士|真始|真左士|真志|真沙史|真沙志|真示|真至|真資|督|督史|督司|督士|礼|祐之|祐史|祐司|祐嗣|祐央|祐巳|祐志|粛|純志|維|維之|維志|聖|聖史|聖司|聖嗣|聖士|聖詞|董|虔|証|証史|誠之|誠史|誠司|誠士|誠崇|誠志|誠芝|譲嗣|賢|賢使|賢史|賢司|賢志|賢至|道志|鉦|錦司|雄志|雅|雅之|雅史|雅司|雅吏|雅嗣|雅士|雅巳|雅志|雅思|雅支|雅施|雅是|雅治|雅至|雅視|雅詞|雅詩|雅誌|雅資|雅賜|順巳	source-common-subset
ゆうき	ゆうき|ゆう紀|佑嘉|佑基|佑妃|佑姫|佑季|佑希|佑旗|佑樹|佑紀|佑葵|佑規|佑貴|佑起|侑|侑姫|侑季|侑己|侑希|侑樹|侑生|侑紀|侑芙希|侑葵|侑貴|優光|優喜|優妃|優姫|優季|優希|優月|優有希|優樹|優毅|優気|優琴|優生|優祈|優稀|優紀|優綺|優羽紀|優芸|優記|優貴|優起|優輝|勇企|勇喜|勇姫|勇季|勇希|勇旗|勇来|勇樹|勇毅|勇気|勇生|勇紀|勇葵|勇記|勇貴|勇起|勇輝|友亀|友喜|友姫|友己|友希|友来|友樹|友由希|友紀|友規|友記|友貴|友軌|友輝|夕姫|夕季|夕希|夕暉|夕樹|夕祈|夕稀|夕粋|夕紀|夕綺|夕芸|夕葵|夕記|夕貴|夕起|夕輝|夕霧|夢向生|夢姫|夢有希|夢樹|夢生|夢祈|宙希|宥姫|宥稀|悠喜|悠器|悠基|悠妃|悠姫|悠季|悠岐|悠希|悠木|悠樹|悠生|悠稀|悠紀|悠衣|悠記|悠貴|悠起|悠輝|愛喜|憂季|憂樹|憂生|憂紀|有伎|有喜|有基|有姫|有季|有宇樹|有岐|有希|有杏|有植希|有樹|有毅|有生|有紀|有羽姫|有葵|有記|有貴|有起|有香|木綿紀|柚姫|柚希|柚有稀|柚木|柚葵|汐貴|游亀|湧喜|湧気|湧綺|由喜|由妃|由姫|由季|由宇姫|由岐|由己|由布姫|由布季|由布希|由布樹|由布紀|由布輝|由希|由幹|由有希|由有樹|由有紀|由木|由来|由樹|由毅|由生希|由稀|由紀|由羽希|由葉|由記|由貴|由起|由輝|由騎|癒羽姫|祐喜|祐基|祐妃|祐姫|祐季|祐希|祐揮|祐樹|祐生|祐祈|祐紀|祐綺|祐葵|祐規|祐貴|祐起|祐輝|祐麒|神月|結喜|結城|結姫|結季|結己|結希|結枝|結樹|結稀|結紀|結絆|結綺|結葵|結貴|結起|行毅|裕喜|裕基|裕姫|裕季|裕己|裕希|裕樹|裕毅|裕清|裕生|裕稀|裕紀|裕規|裕記|裕貴|裕軌|裕輝|遊喜|遊姫|遊季|遊希|遊輝|郁期|郵紀|雄亮|雄喜|雄器|雄基|雄暉|雄樹|雄毅|雄気|雄生|雄稀|雄紀|雄規|雄貴|雄輝	source-common-subset
ゆか	ゆか|ゆ香|ユカ|佑佳|佑加|佑嘉|佑圭|佑夏|佑日|佑果|佑架|佑歌|佑花|佑華|佑香|佳香|侑伽|侑佳|侑加|侑夏|侑果|侑架|侑花|侑華|侑風|侑香|倫加|優伽|優佳|優加|優和|優嘉|優圭|優夏|優果|優架|優歌|優花|優華|優賀|優雅|優風|優香|優鹿|冬香|千雅|友伽|友佳|友加|友可|友嘉|友夏|友悠|友果|友架|友歌|友海|友科|友花|友茄|友華|友賀|友郁|友雅|友霞|友香|右佳|唯佳|唯加|唯歌|唯花|唯華|唯香|夕佳|夕加|夕可|夕夏|夕日|夕果|夕桂|夕楓|夕歌|夕花|夕華|夕雅|夕霞|夕香|夕馨|夢加|夢叶|夢花|夢香|妃花|宥加|宥香|幸佳|幸果|幸華|幸香|幽香|庸カ|弓佳|弓加|弓夏|弓果|弓桂|弓花|弓華|弓賀|悠伽|悠佳|悠加|悠可|悠嘉|悠夏|悠崋|悠果|悠梨|悠楓|悠歌|悠花|悠華|悠賀|悠郁|悠香|愉佳|愉加|愉可|愉好|愉子|愉花|愉華|愉香|憂佳|憂夏|憂花|憂華|憂香|有伽|有佳|有加|有可|有嘉|有夏|有朱|有杏|有果|有架|有桂|有翔|有花|有芳|有華|有賀|有郁|有雅|有霞|有香|柚伽|柚佳|柚夏|柚花|柚華|柚香|汐佳|湯加|湯華|湯香|牀|由一|由伽|由佳|由加|由可|由和|由嘉|由圭|由夏|由果|由架|由桂|由梨|由楓|由樺|由歌|由禾|由翔|由花|由芳|由茄|由華|由賀|由郁|由雅|由霞|由風|由香|由馨|由鹿|癒花|癒香|百合|百花|百香|祐伽|祐佳|祐加|祐可|祐嘉|祐圭|祐夏|祐果|祐歌|祐花|祐華|祐賀|祐香|紫|紬香|結佳|結加|結可|結和|結夏|結宥花|結果|結歌|結花|結華|結賀|結雅|結風|結香|縁|行夏|裕伽|裕佳|裕加|裕化|裕可|裕嘉|裕夏|裕日|裕架|裕桂|裕花|裕華|裕賀|裕郁|裕香|裕馨|誘花|諭佳|諭加|諭花|諭香|遊夏|遊花|遊霞|郁香|酉佳|雪花|雪華|雪香|香	source-common-subset
あきお	あきお|アキ夫|亜喜夫|亜喜央|亜喜生|亜喜男|亜喜郎|亜喜雄|亜季生|亜希|亜希夫|亜希旺|亜希生|亜希緒|亜希郎|亜希雄|亜木男|亜樹夫|亜樹緒|亜紀夫|亜紀生|亜紀雄|亜規夫|亜規生|亜記夫|亜貴夫|亜貴雄|亨夫|亮夫|亮央|亮生|亮男|亮郎|亮雄|仁男|光巨|光男|光穂|光郎|右雄|吾紀夫|哲夫|哲央|哲扶|哲朗|哲生|哲男|哲雄|商生|啓夫|啓生|啓雄|嗣夫|圭男|央雄|安喜朗|安喜郎|安喜雄|安岐雄|安樹男|安芸夫|安芸雄|安藝雄|安貴夫|安輝朗|安騎夫|安騎生|尭生|尭男|彬夫|彬朗|彬生|彬雄|彰人|彰勇|彰大|彰夫|彰央|彰朗|彰生|彰男|彰緒|彰織|彰郎|彰雄|招夫|揚夫|旭夫|旭央|旭生|旭男|旭緒|旺緒|昌夫|昌央|昌生|明乙|明喜央|明士|明大|明夫|明央|明季雄|明官|明巨|明曜|明朗|明植|明欧|明王|明生|明男|明百|明穂|明紀夫|明輝雄|明郎|明雄|映生|映雄|昭夫|昭央|昭朗|昭生|昭男|昭郎|昭陽|昭雄|昴生|晁生|晃世|晃園|晃士|晃大|晃夫|晃央|晃希男|晃旺|晃朗|晃生|晃男|晃緒|晃郎|晃雄|晢郎|晶大|晶夫|晶央|晶朗|晶生|晶男|晶緒|晶郎|晶雄|暁|暁夫|暁央|暁星|暁朗|暁生|暁甫|暁男|暁郎|暁雄|暉夫|暉男|曄夫|曄男|曉生|曙男|曜生|朋夫|朗夫|朗央|朗王|朗生|朗男|朗雄|照緒|照郎|燎郎|爽央|玲央|玲雄|瑛生|白雄|真生|知雄|礼郎|祥夫|祥男|祥雄|秋夫|秋桜|秋生|秋男|秋穂|秋緒|秋郎|秋雄|章史|章大|章夫|章央|章朗|章生|章男|章緒|章翁|章臣|章郎|章雄|精男|紀生|紹夫|紹央|耀生|耀雄|聡伯|聡夫|聡央|聡明|聡男|聡緒|聰夫|聰郎|聴郎|覚男|詮夫|諒青|謙雄|赤黄男|輝雄|量夫|金男|鏡夫|鏡生|阿吉雄|阿岐夫|阿希雄|陽夫|陽生|陽男|陽緒|陽郎|韶夫|顕夫|顕央|顕生|顕男|顕郎|顕雄|麻木歩	source-common-subset
ひろたか	丈貴|亘高|仁傑|仁孝|光崇|光毅|公孝|博亮|博公|博匡|博司|博喬|博堂|博太|博孝|博尊|博尚|博崇|博敬|博昇|博生|博章|博考|博誉|博貴|博隆|博雄|博高|啓剛|啓喬|啓孝|啓宇|啓峰|啓正|啓貴|啓隆|啓高|嘉誉|坦孝|大俊|大剛|大卓|大天|大孝|大孟|大宗|大尚|大崇|大嵩|大敬|大空|大節|大誉|大貴|大隆|大雄|大飛|大高|太公|太孝|太敬|央考|央貴|宏任|宏剛|宏卓|宏堯|宏天|宏太|宏孝|宏学|宏宜|宏尚|宏尭|宏岳|宏崇|宏嵩|宏恭|宏教|宏敬|宏昂|宏昇|宏考|宏貴|宏賢|宏隆|宏高|宗孝|宣隆|容孝|容崇|容敬|寛剛|寛啓|寛央|寛孝|寛容|寛尚|寛岳|寛崇|寛敬|寛空|寛能|寛貴|寛賢|寛隆|寛高|尋孝|尋貴|展崇|展敬|展貴|巨剛|巨隆|広孝|広宇|広尚|広峰|広崇|広毅|広熾|広考|広誉|広貴|広陽|広隆|広高|廣宜|廣貴|廣隆|廣高|弘剛|弘卓|弘孝|弘学|弘宜|弘宝|弘宣|弘尊|弘尚|弘尭|弘峰|弘崇|弘嵩|弘教|弘敬|弘昂|弘殷|弘毅|弘理|弘考|弘貴|弘賢|弘隆|弘高|忠孝|悠貴|拓平|拓貴|拓賢|敬俊|敬貴|敬隆|普隆|比呂貴|泰和|泰啓|泰孝|泰宜|泰宣|泰尊|泰尚|泰岳|泰貴|洋卓|洋啓|洋太|洋孝|洋宇|洋尚|洋岳|洋崇|洋敬|洋生|洋考|洋誉|洋貴|洋隆|洋飛|洋高|洸宇|洸鷹|浩丘|浩堂|浩堆|浩央|浩孝|浩宜|浩尊|浩尚|浩崇|浩平|浩敬|浩毅|浩考|浩誉|浩貴|浩賢|浩隆|浩隼|浩高|演孝|潤孝|皓天|皓嵩|皓貴|皓隆|碩孝|礼孝|祐孝|祐宜|祐尚|祐嵩|祐隆|祥敬|祥貴|禮孝|紘孝|紘尚|紘貴|紘隆|絋崇|裕剛|裕卓|裕孝|裕宇|裕宜|裕尚|裕峻|裕崇|裕敬|裕昂|裕生|裕考|裕誉|裕警|裕貴|裕隆|裕高	source-common-subset
みか	みか|み佳|み香|ミカ|三佳|三加|三可|三嘉|三夏|三果|三桂|三歌|三河|三花|三華|三賀|三雅|三香|三馨|云芳|仁歌|仁華|仁香|倫佳|充佳|充香|光佳|光加|光夏|光歌|光海|光科|光華|光輝|光香|南花|南風|史夏|后代|味佳|味加|味草|味香|央香|妃加|妙華|実何|実佳|実加|実可|実嘉|実夏|実奏|実日|実果|実栞|実歌|実海|実花|実芳|実苗|実茄|実華|実薫|実賀|実郁|実雅|実霞|実香|実馨|実鹿|宮加|己カ|巳佳|巳加|巳夏|巳賀|巳香|幹加|弥伽|弥佳|弥加|弥樺|弥歌|弥耶|弥華|弥郁|弥霞|弥香|御香|心佳|心夏|心奏|心架|心翔|心花|心華|心香|恵佳|扇佳|扇加|望佳|望加|望叶|望奏|望歌|望花|望華|望香|未伽|未佳|未光|未可|未叶|未圭|未夏|未果|未架|未翔|未花|未華|未賀|未郁|未風|未香|朱佳|朱香|桜華|水夏|水華|水賀|水風|水香|洋香|海佳|海加|海嘉|海夏|海愛|海日|海景|海果|海歌|海翔|海花|海華|海霞|海風|海香|深佳|深可|深夏|深歌|深海|深神|深花|深華|深香|湖雅|満佳|満加|満可|満夏|満華|満香|潮風|珠加|珠桂|珠賀|皆花|真果|真花|瞳果|瞳歌|瞳香|碧楓|碧香|示桂|示郁|美仮|美伽|美何|美佳|美加|美可|美和|美嘉|美圭|美夏|美奏|美如|美日|美景|美果|美架|美栞|美桂|美楓|美歌|美河|美海|美珂|美科|美絵|美翔|美花|美芳|美芽|美華|美薫|美蘭|美賀|美那|美郁|美雅|美霞|美風|美香|美馨|美鶴|美鹿|翠花|翠風|聖カ|聖佳|聖花|臣佳|臣香|自加|良佳|良香|見佳|見夏|見花|規加|親香|観歌|身佳|身夏|躬佳|里加|魅嘉|魅夏|魅架|魅花|魅華	source-common-subset
ひとみ	ひとみ|ひと実|ひと彩|ひと美|ひ都実|ひ都美|ヒトミ|ヒト美|一三|一二三|一光|一冬深|一十三|一十未|一十美|一妙|一姫|一実|一實|一弥|一徳美|一心|一愛|一斗深|一未|一桃実|一水|一洸|一海|一珠|一登美|一瞳|一美|一翠|一良|一見|一視|久富美|久時美|久登美|人実|人實|人己|人巳|人水|人美|人見|仁三|仁亥|仁光|仁央|仁妙|仁子|仁実|仁己|仁已|仁弓|仁弥|仁心|仁望|仁未|仁水|仁永充|仁泉|仁海|仁深|仁珠|仁登美|仁皆|仁瞳|仁稔|仁美|仁聖|仁見|仁規|仁視|仁都美|仁雅|仙示|任美|倫未|倫美|優音美|光美|公美|単美|史味|史実|史弥|史望|史未|史民|史益|史美|史見|史規|均味|均実|均朱|均美|壱美|妃人美|妃刀美|妃利巳|妃十実|妃十美|妃和美|妃富|妃富美|妃斗実|妃斗弥|妃斗美|妃時美|妃桃美|妃桃見|妃澄美|妃登実|妃登弥|妃登未|妃登美|妃美|妃翔美|妃都実|妃都巳|妃都弥|妃都美|妃音美|姫人実|姫人美|姫利巳|姫十美|姫富美|姫登美|姫都美|寛泉|寛規|干登美|弘登美|愛美|斉巳|斉未|斉美|斎深|斐富|斐都実|斐都美|日冨|日土望|日土美|日富|日富味|日富実|日富美|日度美|日戸未|日斗実|日斗美|日東美|日止美|日灯珠|日登実|日登美|日登見|日瞳美|日統美|日美|日透美|日都実|日都未|日都美|旬美|智美|未留|比仁美|比刀美|比吐美|比富美|比敏美|比斗実|比斗美|比止美|比登実|比登美|比美|比都実|比都弥|比都美|氷登実|氷登美|火灯実|火灯美|灯斗美|灯登美|灯瞳未|灯美|玖友海|玲美|眸|眸水|眸美|睛|瞳|瞳光|瞳后|瞳子|瞳実|瞳巳|瞳心|瞳望|瞳未|瞳海|瞳深|瞳珠|瞳美|碑聡模|等実|等美|紐智美|緋斗美|緋登美|緋瞳|緋瞳実|緋都見|者子|英史美|輝美|陽乙美|陽十実|陽十美|陽斗水|陽杜望|陽桃未|陽灯未|陽登|陽登実|陽登美|陽瞳未|陽美|陽都水|陽都美|陽飛未|飛斗海|飛斗美|飛登美	source-common-subset
きよみ	きよみ|きよ実|きよ美|キヨミ|亨実|享美|京実|京美|今日美|健美|公世美|公代美|公洋美|北夜美|千代美|喜与美|喜世美|喜予美|喜代子|喜代実|喜代己|喜代巳|喜代水|喜代美|喜代見|喜好美|喜容美|喜巳|喜美代|喜與美|喜要美|圭珠|圭美|圭見|基世美|基予美|妃代実|妃代美|妃慶珠|姫代美|季世美|季代実|季代水|季代美|季余美|季與実|季與美|季葉美|季踊美|季陽実|居美|岐世美|己予美|己代美|希与実|希与未|希与美|希世味|希世実|希世美|希予巳|希予美|希代実|希代未|希代美|希夜美|希容実|希容美|希洋美|希聖巳|廉海|廉美|心海|恭弥|恭美|恭見|慶美|挙代己|教美|敬美|斉美|斎美|景美|晴文|樹世美|樹代未|樹代美|樹良美|樹誉実|氷美|汐未|汐水|汐美|泰美|浄|浄朱|浄水|浄美|淑実|淑美|淨美|淳美|清三|清世実|清世美|清代実|清代美|清充|清光|清后|清味|清夜魅|清女|清姫|清実|清己|清巳|清弥|清心|清文|清望|清未|清水|清泉|清海|清生|清益|清示|清美|清見|清視|清身|清躬|清雪|湛美|潔実|潔己|潔水|潔真|潔美|潔身|澄|澄実|澄心|澄泉|澄珠|澄美|瀞美|熙陽美|白水|白美|研己|磨実|祥美|稀海|粋美|精彌|精美|精視|紀与梅|紀与美|紀世実|紀世美|紀代実|紀代己|紀代弥|紀代美|紀余美|紀佳美|紀良美|紀芳美|紀誉美|紀陽未|純美|聖|聖代美|聖后|聖実|聖己|聖巳|聖弓|聖弥|聖望|聖未|聖水|聖生|聖美|聖魅|舜美|葵代美|規与美|規世美|規予実|規予美|規代実|規代美|記世実|記世美|記代味|記代巳|記代美|貴与美|貴世実|貴世美|貴世見|貴予実|貴予美|貴代光|貴代実|貴代弥|貴代美|貴代見|貴生美|貴美|貴耀実|貴耀美|貴誉美|貴陽美|起世巳|起世美|起代三|起代美|軌代美|輝世美|輝代未|輝夜実|輝夜美|陽美|雪|雪海|雪美|青美|靖美|静未|静深|静美|香美|馨未|馨美|黄予美|黄葉実|黄葉美	source-common-subset
まさあき	マサアキ|仁亮|仁明|仁昭|仁晃|仁監|仁秋|仁章|優彰|優明|優晃|優暁|優秋|優章|優顕|允昭|允祥|允章|允聡|克明|全晶|全朗|全章|公亮|公彰|公敬|公明|公昭|公朗|公章|勝亮|勝明|勝昭|勝秋|勝章|匡亮|匡哲|匡彬|匡明|匡昭|匡晃|匡晶|匡朗|匡章|匡紹|壮亮|壮哲|壯章|実亮|将亮|将哲|将彰|将成|将旭|将昌|将明|将昭|将晃|将暁|将監|将秋|将章|将顕|將彰|將昭|將晃|將陽|尚昭|幹哲|征成|征明|征昭|征晃|征暁|征顕|応明|応晃|成亮|成侃|成公|成昭|政亮|政彰|政明|政昭|政晃|政晶|政朗|政清|政秋|政章|政聡|政顕|斉亮|斉昭|方明|方昭|昌|昌亮|昌光|昌吾|昌哲|昌壮|昌彬|昌彰|昌成|昌明|昌昭|昌晃|昌暁|昌朗|昌照|昌熾|昌秋|昌章|昌陽|昌顕|昭正|晶亮|晶章|暢明|暢昭|正亮|正介|正全|正哲|正啓|正尭|正彬|正彰|正憲|正旭|正昌|正明|正昭|正晁|正晃|正晟|正晨|正晶|正智|正暁|正暉|正朗|正清|正照|正瑛|正璋|正知|正祥|正秋|正章|正義|正耿|正聡|正興|正見|正輝|正郷|正陽|正韶|正顕|正顯|理亮|理嗣|理彰|理明|理昭|理晃|理暁|眞亮|眞彰|眞明|眞昭|眞秋|眞章|真亮|真佐秋|真右|真啓|真彬|真彰|真明|真映|真昭|真晃|真朗|真滉|真照|真章|真顕|祇晶|祐亮|祐明|祐章|章督|聖哲|聖啓|聖明|聖昭|聖晃|聖朗|聖章|良昭|誠亮|誠明|誠晃|誠晧|誠晶|誠朗|誠章|賢彰|賢成|賢明|賢昭|賢朗|賢照|賢謙|雅且|雅亮|雅哲|雅啓|雅幸|雅彬|雅彰|雅旦|雅昌|雅明|雅映|雅昭|雅晃|雅晶|雅暁|雅朗|雅督|雅秋|雅章|雅紹|雅詔|雅陽|雅顕|雅顯	source-common-subset
さきこ	さき子|サキコ|サキ子|三喜子|三季子|三紀子|乃子|五紀子|佐企子|佐伎子|佐吉子|佐喜子|佐基子|佐妃子|佐姫子|佐嬉子|佐季子|佐宜子|佐岐子|佐己子|佐希子|佐幸子|佐揮子|佐旭子|佐木子|佐来子|佐枝子|佐樹子|佐生子|佐癸子|佐祈子|佐紀子|佐紀胡|佐綺子|佐葵子|佐規子|佐記子|佐貴子|佐起子|佐輝子|作喜子|作木子|作来子|作樹子|作気子|作紀子|作記子|倖子|先喜子|先子|冴稀子|冴貴子|前子|勤子|向子|咲吉子|咲喜子|咲姫子|咲嬉子|咲子|咲季子|咲己子|咲希子|咲心|咲暁子|咲木子|咲樹子|咲湖|咲稀子|咲紀子|咲綺子|咲葵子|咲虹|咲貴子|咲起子|咲香|埼子|妃子|妙妃子|小喜子|小希子|小樹子|小甲子|小稀子|小紀子|小記子|小貴子|小輝子|岬子|崎子|嵯希子|嵯紀子|左喜子|左季子|左岐子|左希子|左木子|左樹子|左紀子|左記子|左記香|左貴子|左起子|差幾子|幸子|幸己子|幸希子|幸紀子|幸記子|幸貴子|幸輝子|彩公子|彩姫子|彩季子|彩己子|彩希子|彩幹子|彩杏子|彩枝子|彩栞子|彩樹子|彩潔子|彩紀子|彩記子|彩貴子|彩起子|彩輝子|才妃子|才樹子|才貴子|抄公子|抄希子|抄貴子|採紀子|斉希子|斉木子|早公子|早咲子|早喜子|早基子|早妃子|早子|早季子|早岐子|早希子|早木子|早杏子|早樹子|早示子|早紀子|早綺子|早葵子|早規子|早記子|早貴子|早起子|早輝子|早香|智紀子|更季子|更希子|朝来子|東子|査喜子|桜喜子|桜季子|桜貴子|沙公子|沙喜子|沙城子|沙基子|沙妃子|沙季子|沙岐子|沙己子|沙希子|沙木子|沙樹子|沙生子|沙紀子|沙綺子|沙芸子|沙葵子|沙記子|沙貴子|沙起子|沙輝子|瑳暉子|真規子|砂喜子|砂妃子|砂巳子|砂希子|砂木子|砂樹子|砂紀子|砂記子|砂貴子|砂輝子|碕子|祥子|祥暉子|祥記子|祥起子|祥軌子|福子|穂子|粧季子|粧貴子|紗丘子|紗公子|紗喜子|紗基子|紗妃子|紗姫子|紗季子|紗岐子|紗己子|紗希子|紗木子|紗林子|紗樹子|紗稀子|紗紀子|紗葵子|紗規子|紗記子|紗貴子|紗起子|紗輝子|肯子|草子|菜希子|讃岐子|采暉子|采記子|里喜子|鎖鬼呼|開子	source-common-subset
なおみ	なおみ|なお実|なお美|なを美|ナオミ|七保美|七央美|七小未|七桜美|七生|七生美|七男実|七男美|七緒美|二美|保美|修己|修生|修美|南保実|南保美|南央美|南欧実|南欧海|南欧美|南王海|南生美|南緒見|名乙美|名保実|名保美|名央未|名央美|名帆美|名生実|名生美|名穂実|名穂美|名緒美|向美|君美|和生美|奈乙実|奈乙美|奈保実|奈保巳|奈保弥|奈保未|奈保美|奈保見|奈多美|奈央実|奈央巳|奈央未|奈央海|奈央美|奈央視|奈宝美|奈寛弥|奈小美|奈尚美|奈尾美|奈帆海|奈帆美|奈往美|奈於美|奈桜己|奈桜美|奈歩美|奈王美|奈生|奈生実|奈生己|奈生巳|奈生弥|奈生未|奈生美|奈生都|奈男己|奈百美|奈穂実|奈穂弥|奈穂江|奈穂美|奈穗美|奈緒実|奈緒己|奈緒巳|奈緒幹|奈緒弥|奈緒未|奈緒深|奈緒珠|奈緒美|奈緒見|奈織美|奈美|奈翁美|奈臣|奈臣実|奈良美|奈芳美|奈遠美|奈邦美|奈雄美|奈音実|奈音美|奈麻実|奈麻美|如美|尚三|尚伺|尚充|尚味|尚妃|尚子|尚実|尚實|尚己|尚巳|尚弓|尚弥|尚文|尚望|尚未|尚水|尚生|尚皇実|尚真|尚美|尚規|尚視|尚身|尚魅|悌美|成美|斉美|旺美|有未|有美|正実|正美|治美|淑美|温生|由美|直|直み|直三|直保美|直充|直和美|直央美|直女|直子|直実|直己|直巳|直弓|直弥|直心|直愛|直未|直民|直水|直泉|直洋|直海|直深|直珠|直生|直生実|直稔|直穂美|直緒美|直織美|直美|直臣|直見|直視|直身|直躬|直郁|直鑑|省美|眞応美|真実|真己|真未|真珠|真美|矗|称生美|称緒美|端美|納央美|納生美|納穂実|納穂美|納麻美|苗央未|苗生美|苗穂美|菜乙実|菜乙美|菜保美|菜央実|菜央海|菜央美|菜教|菜旺未|菜桜見|菜歩美|菜生実|菜生巳|菜生未|菜生美|菜穂実|菜穂未|菜穂珠|菜穂美|菜緒味|菜緒美|菜織美|菜臣|菜麻実|菜麻美|董美|那保美|那央美|那央見|那帆美|那方美|那於美|那穂実|那穂美|那緒実|那緒美|順美	source-common-subset
ひろえ	ひろえ|ひろ恵|ひろ江|丈枝|京恵|仁恵|仁栄|優恵|優枝|光恵|光江|公恵|公栄|凡恵|千瑛|博得|博恵|博惠|博愛|博慧|博枝|博栄|博江|博瑛|博絵|博衛|博衣|厚和衣|啓恵|啓愛|啓枝|啓栄|啓永|啓江|啓瑛|啓笑|啓絵|啓衣|啓重|嘉枝|嘉江|大恵|大惠|大愛|太栄|央恵|央江|央衣|妃呂恵|妃呂栄|妃路恵|宇恵|宇玲|完枝|宏|宏会|宏依|宏円|宏恵|宏惠|宏愛|宏映|宏枝|宏栄|宏江|宏絵|宏英|宏衛|宏衣|宏重|宙依|宙瑛|宥枝|宥江|容恵|容枝|容江|寛依|寛恵|寛映|寛枝|寛栄|寛永|寛江|寛絵|寛衛|寛衣|尋恵|尋惠|尋枝|尋絵|展枝|巨絵|広恵|広愛|広慧|広枝|広栄|広江|広絵|広衛|広衣|広重|廣恵|廣惠|廣枝|廣栄|廣江|廣衛|廣衞|弘会|弘依|弘恵|弘惠|弘愛|弘枝|弘栄|弘永|弘江|弘絵|弘英|弘衛|弘衣|弘重|弥枝|弥栄|拓亜|拓恵|拓江|拡恵|拡絵|敬枝|敬栄|敬江|敬絵|敬英|日炉衣|日絵|昊江|晃江|普佳|普恵|普枝|普絵|景恵|景映|比呂恵|比呂絵|比路恵|比路枝|汎恵|汎江|法恵|泰恵|泰愛|泰栄|泰永|泰江|泰絵|泰重|洋乃|洋依|洋恵|洋惠|洋映|洋枝|洋栄|洋永|洋江|洋絵|洋英|洋衛|洋衣|洪江|浩園|浩恵|浩惠|浩愛|浩映|浩枝|浩栄|浩永|浩江|浩生|浩絵|浩英|浩衛|浩衣|測恵|火呂絵|煕映|玲枝|皓恵|碩恵|碩慧|碩枝|碩江|碩絵|礼恵|礼江|祐会|祐子|祐恵|祐江|祥恵|祥江|純愛|紘会|紘恵|紘枝|紘江|紘笑|紘絵|紘萌|紘衣|紘重|絋恵|絋衣|良枝|良江|裕得|裕恵|裕惠|裕愛|裕映|裕枝|裕栄|裕永|裕江|裕絵|裕綸映|裕英|裕衣|裕重|郭江|鴻枝|鴻江|鴻絵	source-common-subset
しおり	しおり|しお梨|シオリ|伸緒里|信央梨|信央里|偲小里|偲緒里|偲織|偲織里|入李|史保理|史央利|史央里|史小里|史居|史帆理|史愛理|史折|史於理|史栞|史歩梨|史王里|史生里|史穂梨|史緒利|史緒梨|史緒理|史緒莉|史緒里|史織|司央里|司緒里|司織|嗣織|四緒里|四織|士織|始織|姿央利|姿央理|姿央璃|姿於里|姿穂里|姿織|子織|市織|師緒里|志おり|志ほり|志保利|志保梨|志保理|志保里|志和理|志夫利|志夫李|志夫里|志央利|志央梨|志央理|志央莉|志央里|志小里|志於理|志栞|志桜里|志生梨|志生理|志生里|志穂凛|志穂理|志穂莉|志穂里|志緒利|志緒梨|志緒理|志緒莉|志緒里|志織|志織梨|志織理|志織里|志織陵|志美理|志芳里|志遠里|志音利|志麻里|思おり|思央梨|思桜実|思桜梨|思桜美|思織|慈保里|慈織|抄理|抄緒理|支央里|支桜璃|支桜里|支穂理|旨央李|旨緒理|旨織|星織|時織|朱織|枝折|枝生里|枝緒理|枝織|枝里|柴織|栞|栞乙里|栞凜|栞合|栞吏|栞李|栞理|栞璃|栞織|栞莉|栞里|梓央里|梓居|梓緒里|梓織|梢里|梨|汐利|汐吏|汐李|汐栞|汐梨|汐理|汐璃|汐織|汐莉|汐里|汐鈴|汐麗|海|渚保理|滋旺里|滋織|潮季|潮理|潮莉|潮里|白織|知緒里|知織|示織|祉織|秋桜里|糸央里|糸往里|糸於莉|糸桜里|糸生里|糸緒理|糸織|紫|紫保里|紫合里|紫央利|紫央李|紫央里|紫尾吏|紫於利|紫栞|紫王里|紫穂里|紫緒|紫緒吏|紫緒李|紫緒梨|紫緒莉|紫緒里|紫織|織央利|美織|自由|至宝里|至織|芝織|蒔織|虹小李|詞生里|詞織|詞音梨|詩おり|詩保理|詩保莉|詩夫利|詩夫里|詩央利|詩央李|詩央梨|詩央莉|詩央里|詩彩|詩思里|詩折|詩捺梨|詩於理|詩栞|詩桜梨|詩桜里|詩生里|詩穂莉|詩穂里|詩緒|詩緒梨|詩緒理|詩緒里|詩織|詩織里|詩識|詩里|詩音|詩音織|詩音里|詩音鈴|詩音麗|詩麻里|誌央理|誌織|資織|雫栞|静織|風織	source-common-subset
よしあき	与明|代志昭|令朗|佳亮|佳彰|佳明|佳昭|佳晃|佳暁|佳朗|佳秋|佳章|佳陽|佳顕|俶昌|儀介|儀彰|儀明|儀秋|儼明|允昭|克哲|克彰|克明|凱章|勝亮|勝晤|勝章|可明|可昭|吉亮|吉彬|吉彰|吉昌|吉明|吉昭|吉晃|吉晟|吉晶|吉朗|吉祥|吉秋|吉章|吉輝|哲章|啓明|啓晶|善|善亮|善哲|善啓|善彬|善彰|善明|善昭|善晃|善晶|善暁|善朗|善瑛|善秋|善章|善輝|善郷|善顕|喜彬|喜彰|喜明|喜映|喜昭|喜晃|喜晟|喜朗|喜秋|喜章|嘉|嘉彰|嘉昌|嘉明|嘉昭|嘉晃|嘉朗|嘉瑩|嘉祥|嘉秋|嘉章|嘉陽|嘉顕|圭昭|圭章|好亮|好哲|好彰|好明|好昭|好晃|好晶|好暁|好朗|好秋|好章|好陽|孔明|孝明|孝昭|宜右|宜明|宜昭|宣明|宣昭|彬明|彬晁|彬晃|徳明|恵昭|恵章|恵聡|悦明|悦昭|惠昭|愛明|慶哲|慶彰|慶昌|慶明|慶昭|慶晃|慶暁|慶秋|慶章|慶顕|敬明|敬晃|敬朗|斉章|斌彰|昌明|昌昭|栄聡|権昭|欣明|歓明|泰明|淑明|温章|為章|由彰|由明|由昭|由秋|由章|祥光|祥明|祥昭|祥晃|祥晶|祥皓|祥章|祥顕|禎嗣|禎明|禎昭|禎章|福秋|美彰|美明|美昭|美晶|美章|美遵|義亮|義光|義哲|義尭|義彰|義旭|義旻|義明|義昭|義晁|義晃|義晧|義晶|義暁|義朗|義照|義祥|義秋|義章|義紹|義詮|義諦|義鑑|義陽|義韶|義顕|能明|能章|良亮|良光|良哲|良彰|良昌|良明|良昭|良晃|良晶|良秋|良章|良誠|良顕|芳亮|芳啓|芳彰|芳憲|芳旭|芳昌|芳明|芳昭|芳晃|芳暁|芳朗|芳秋|芳章|芳輝|芳顕|薫顕|貴亮|貴昭|賢明|賢昭|賢照|雅昭|靖章|頼明	source-common-subset
あきよ	あきよ|あき世|あき代|アキ代|丹佳|亜喜世|亜喜代|亜季世|亜季代|亜希世|亜希代|亜幾代|亜汐|亜生世|亜生代|亜稀世|亜稀代|亜紀世|亜紀予|亜紀代|亜紀依|亜芸世|亜芸代|亜貴世|亜貴代|亞希譽|亮世|亮予|亮代|信代|光代|創代|哲世|哲代|啓代|安喜世|安喜代|安基世|安基代|安季世|安岐代|安希世|安希代|安樹世|安樹代|安毅世|安毅代|安気代|安汐|安生代|安紀世|安紀予|安紀代|安芸世|安芸代|安記世|安記代|安貴世|安貴代|安起世|尭世|尭代|彩代|彬世|彬代|彰与|彰世|彰予|彰代|愛与|愛世|愛代|愛希代|愛聖|愛貴与|愛貴代|成代|招世|招代|日余|旭世|旭代|旺世|旺代|旻世|昇世|昌世|昌代|明与|明世|明代|明余|明依|明喜世|明喜代|明基世|明基代|明夜|明季代|明希世|明希代|明樹世|明樹代|明汐|明淑|明生|明由|明紀世|明紀予|明紀代|明良|明芸世|明芸代|明葉|明記世|明記代|明貴世|明貴代|映代|映葉|昭世|昭予|昭代|昭希代|昭蓉|昭記代|晃与|晃世|晃代|晃余|晃誉|晋代|晨世|晨代|景与|景代|晶|晶与|晶世|晶予|晶代|晶生|暁与|暁世|暁代|暉了|曜代|有希代|朗世|朗代|朗誉|朱世|朱代|朱希代|淳世|淳代|照代|燎世|燎代|燦代|燿代|爽世|爽代|玲世|玲代|玲余|玲昌|玲湧|現代|瑛世|瑛代|瑛依|皓世|盟代|瞭世|瞳世|知世|知佳|研世|礼代|祥代|秋与|秋世|秋代|秋夜|秋希世|秋生|秋興|秋青|秋静|空聖|空陽|章与|章世|章予|章代|章余|章葉|章誉|紋代|耀葉|聡与|聡世|聡代|聡誉|覚世|詔代|詳代|誠代|阿喜世|阿喜代|阿基世|阿基代|阿季代|阿希世|阿希代|阿樹世|阿樹代|阿紀世|阿紀予|阿紀代|阿芸世|阿芸代|阿規世|阿規代|阿記世|阿記代|阿貴世|阿貴代|陽世|陽代|陽葉|顕世|顕代	source-common-subset
ともえ	ともえ|とも恵|とも枝|とも江|トモエ|トモ江|丈恵|丈愛|丈枝|与恵|与枝|交恵|伯恵|伯枝|伴恵|伴枝|伴江|伴絵|供枝|倫兄|倫恵|倫愛|倫枝|倫栄|倫永|倫江|倫衛|倫衣|兎萌|公亜|共恵|共映|共枝|共栄|共永|共江|共笑|共絵|共詠|具恵|具枝|具樹|具英|冨母枝|冬愛|冬萌|十桃恵|十萌|友乃|友亜|友兄|友咲|友恵|友悦|友惠|友愛|友慧|友映|友枝|友柄|友栄|友榮|友永|友江|友瑛|友生|友絵|友芽|友英|友萌|友衛|友衣|友詠|友達|友重|双映|叶萌|呂江|和恵|和栄|和江|土萌|外茂枝|大依|大恵|央恵|奉恵|奉江|始江|委依|委恵|委枝|委江|宝恵|富茂枝|寛枝|巴|巴依|巴実|巴恵|巴映|巴枝|巴絵|巴重|年茂恵|幸恵|心萌|悌絵|才恵|扶江|斗桃絵|斗萌|昌江|明恵|智乃|智会|智園|智巴|智恵|智恵子|智惠|智愛|智慧|智映|智枝|智栄|智永|智江|智瑛|智絵|智苗|智英|智萌|智萌衣|智衣|智詠|智重|有恵|有慧|有栄|有絵|有重|朋|朋会|朋依|朋媛|朋恵|朋惠|朋愛|朋映|朋枝|朋栄|朋永|朋江|朋笑|朋絵|朋苗|朋英|朋衛|朋衣|朋重|朝恵|朝惠|朝愛|朝映|朝枝|朝栄|朝永|朝江|朝絵|朝衣|杜望栄|杜萌|柄江|桃萌|橙萌|比映|永萌|灯絵|灯萌|登喪会|登茂恵|登茂枝|登茂江|登萌|百衛|瞳萌|知亜|知依|知得|知恵|知惠|知愛|知映|知望絵|知条|知枝|知栄|知永|知江|知百恵|知穂|知笑|知絵|知英|知衛|知衣|知重|禎枝|禎絵|節恵|紀恵|美萌|群江|翔萌|與惠|興恵|茂枝|萌|萌恵|萌江|萌絵|誉枝|誠得|豊萌|那依|那恵|都萌|鞆|鞆江|鞆絵|音萌|順江	source-common-subset
のりお	ノリオ|乃里夫|乃里緒|乗雄|仁夫|仙夫|令夫|令雄|伯夫|伸郎|位夫|倫夫|倫生|倫男|儀夫|儀雄|克夫|典勇|典士|典夫|典央|典朗|典生|典男|典緒|典良|典郎|典雄|則夫|則尾|則生|則男|則紀|則郎|則雄|功夫|功央|功生|功男|勤夫|勤郎|勤雄|勲男|吾夫|周央|哲勇|哲夫|哲央|哲生|哲男|哲雄|啓生|啓男|啓雄|基生|士夫|孝夫|宗生|宗男|宜央|宜生|宜男|宜雄|宣夫|宣生|宣男|宣郎|宣雄|寛夫|寛生|寛雄|展夫|希生|希雄|式夫|式雄|律夫|律雄|徳収|徳士|徳夫|徳朗|徳治|徳生|徳男|徳緒|徳郎|徳雄|忠雄|恒雄|悟勇|悟夫|悳夫|悳郎|慎夫|慎雄|慶雄|憲|憲夫|憲央|憲映|憲朗|憲汪|憲王|憲生|憲男|憲芙|憲郎|憲雄|成生|成郎|教夫|教朗|教生|教男|教輔|教郎|教雄|敬夫|敬生|敬男|敬雄|昇勇|昇央|昇巨|昇朗|昇生|昇男|明男|智勇|智夫|智雄|暢夫|法勇|法周|法夫|法央|法旺|法生|法男|法雄|準雄|理生|略夫|登夫|登穂|知生|矩夫|矩生|矩男|矩雄|礼夫|礼生|礼男|礼雄|祝夫|祝生|祝男|祝雄|秀斗|程夫|程雄|稔夫|稔男|章公|章夫|章雄|節夫|節雄|範勇|範大|範夫|範央|範生|範男|範緒|範郎|範雄|紀大|紀夫|紀央|紀扶|紀於|紀生|紀男|紀緒|紀郎|紀雄|経夫|経生|経男|統夫|緑生|義夫|能理男|能雄|規夫|規央|規朗|規王|規生|規男|規良|規郎|規雄|訓央|訓応|訓生|訓男|記勝|記夫|記央|記生|記男|記緒|詔夫|詔雄|謙雄|識央|識生|識雄|議郎|議雄|超夫|軌夫|道雄|野利男|野理夫|野里夫|野里生|順夫|順生|順雄	source-common-subset
しょうじ	ショウジ|丞司|丞治|像二|償治|劭司|劭次|勝二|勝司|勝時|勝次|勝治|匠志|匠滋|唱次|商司|奨二|奨士|奨治|奬志|宵二|将之|将二|将児|将史|将司|将吏|将士|将志|将次|将治|將司|將治|小路|尚二|尚仁|尚史|尚司|尚嗣|尚士|尚志|尚思|尚時|尚次|尚治|尚爾|庄二|庄史|庄司|庄嗣|庄志|庄次|庄治|彰二|彰児|彰史|彰司|彰士|彰志|彰次|彰治|彰示|性次|承二|捷二|捷次|捷治|捷爾|掌二|昇二|昇児|昇史|昇司|昇嗣|昇士|昇志|昇次|昇治|昌二|昌児|昌史|昌司|昌嗣|昌士|昌子|昌志|昌次|昌治|昭之|昭二|昭仁|昭侍|昭児|昭史|昭司|昭嗣|昭四|昭士|昭寿|昭志|昭慈|昭智|昭次|昭治|昭爾|昭知|昭示|昭至|昭詞|晶二|晶司|晶士|晶次|晶治|松二|松司|松次|椒治|樟治|正二|正児|正司|正嗣|正城|正士|正志|正慈|正次|正治|正爾|正至|正詞|正路|淑二|清自|渉二|渉司|渉士|渉至|湘二|湘次|照二|照仁|照司|照次|照治|璋二|璋治|生二|生司|相治|省二|省侍|省司|省志|省次|省治|省爾|祥じ|祥之|祥二|祥児|祥史|祥司|祥嗣|祥士|祥志|祥慈|祥次|祥治|祥爾|祥瓷|祥磁|祥示|祥詞|祥資|称事|章之|章二|章史|章司|章嗣|章士|章志|章時|章次|章氏|章治|笑二|笑児|笑司|紹司|翔二|翔史|翔司|翔嗣|翔士|翔志|翔氏|翔治|翔自|聖二|聖児|聖司|聖治|肖史|肖嗣|荘之|荘子|荘次|荘治|詔二|詔司|詔士|詔治|詳二|詳司|詳士|證司|象二|象司|象治|鈔二|鉦二|鉦司|鉦治|鏘二|鐘二|鐘壽|鐘志|鐘次|障子|頌二	source-common-subset
たかお	タカオ|丘勇|享夫|享男|享郎|京夫|京生|任男|健雄|剛士|剛央|剛生|剛男|剛郎|剛雄|卓夫|卓央|卓生|卓男|卓郎|卓雄|及雄|哮夫|啓夫|啓生|啓郎|啓雄|喬夫|喬央|喬朗|喬生|喬男|喬郎|喬雄|堯夫|堯男|堯雄|多佳夫|多佳雄|多加夫|多加尾|多加生|多加郎|多加雄|多可緒|多嘉夫|多嘉朗|多嘉生|多嘉雄|多禾男|多賀夫|多賀生|多賀男|多賀雄|多霞夫|多香郎|多香雄|大生|大雄|天夫|天郎|天雄|太佳夫|太佳生|太加夫|太加男|太加雄|太嘉夫|太嘉男|太夫|太快雄|太華雄|太賀生|太雄|奉生|好男|威郎|孚夫|孝勇|孝士|孝夫|孝央|孝旺|孝朗|孝王|孝生|孝男|孝翁|孝郎|孝雄|宇央|宇生|宇郎|宜生|宝保|宣郎|専央|尊夫|尊央|尊朗|尊生|尊男|尊緒|尊郎|尊雄|尚夫|尚央|尚生|尚男|尚郎|尚雄|尭夫|尭生|尭男|尭雄|岳夫|岳央|岳生|岳男|岳郎|岳雄|峰雄|峻夫|峻郎|峻雄|崇夫|崇央|崇応|崇朗|崇生|崇男|崇郎|崇雄|崟夫|嵩夫|嵩央|嵩雄|嶢雄|希生|恭夫|恭生|恭男|教夫|敞夫|敬夫|敬朗|敬生|敬男|敬郎|敬雄|昂男|昂郎|昂雄|昇雄|暁生|梢緒|毅夫|毅朗|田佳雄|田加夫|真男|祟夫|章男|節雄|翔生|考生|考男|考雄|能雄|誉夫|誉央|誉朗|誉生|誉男|誉緒|誉郎|誉雄|貴勇|貴大|貴夫|貴央|貴奧|貴子|貴朗|貴王|貴生|貴男|貴穂|貴緒|貴織|貴郎|貴雄|賢男|賢穂|賢郎|賢雄|陸男|隆元|隆勇|隆夫|隆央|隆威|隆朗|隆王|隆生|隆男|隆緒|隆郎|隆雄|隆雅|隆青|隼男|雄大|雄夫|雄生|雄雄|高士|高大|高夫|高央|高尾|高応|高生|高男|高穂|高郎|高雄|鷹夫|鷹生|鷹男|鷹雄	source-common-subset
えりな	えりな|えり奈|えり菜|依利名|依利奈|依利菜|依李奈|依梨名|依梨奈|依梨菜|依理名|依理奈|依理菜|依璃奈|依莉南|依莉那|依里名|依里奈|依里菜|媛理菜|恵利名|恵利奈|恵利菜|恵利那|恵吏名|恵吏奈|恵李那|恵梨名|恵梨奈|恵梨渚|恵梨菜|恵梨那|恵理南|恵理名|恵理奈|恵理菜|恵理那|恵璃奈|恵璃那|恵莉名|恵莉奈|恵莉菜|恵里名|恵里奈|恵里樹|恵里菜|恵里那|恵鈴菜|悦利奈|悦里菜|惠理奈|愛|愛梨奈|愛理名|愛理奈|愛理良|愛理菜|愛璃菜|愛莉奈|愛莉菜|愛莉那|愛里名|愛里和|愛里奈|愛里菜|慧理那|慧莉奈|慧莉那|映梨奈|映理奈|映理納|映理菜|映琉南|映琉菜|映莉奈|映輪奈|映里|映里奈|映里那|暎梨奈|条里奈|枝利名|枝利奈|枝利菜|枝梨名|枝梨奈|枝梨菜|枝理名|枝理奈|枝理菜|枝莉名|枝莉奈|枝莉菜|枝里名|枝里奈|枝里菜|栄利名|栄利奈|栄利菜|栄梨名|栄梨奈|栄梨菜|栄理名|栄理奈|栄理菜|栄理那|栄莉名|栄莉奈|栄莉菜|栄里名|栄里奈|栄里苗|栄里菜|永史奈|永吏奈|永吏菜|永愛成|永梨奈|永理奈|永理菜|永里名|永里奈|江利名|江利奈|江利菜|江厘奈|江李菜|江梨名|江梨奈|江梨菜|江梨那|江理名|江理奈|江理菜|江理那|江莉名|江莉奈|江莉菜|江里名|江里奈|江里菜|瑛令奈|瑛倫奈|瑛利奈|瑛吏奈|瑛李奈|瑛梨奈|瑛梨那|瑛理奈|瑛莉奈|瑛莉渚|瑛莉菜|瑛里奈|瑛里菜|笑利奈|笑利菜|笑里七|笑里菜|絵利名|絵利奈|絵利菜|絵吏菜|絵李奈|絵梨名|絵梨奈|絵梨菜|絵梨那|絵梨邦|絵玲奈|絵理名|絵理奈|絵理菜|絵璃菜|絵莉南|絵莉名|絵莉奈|絵莉菜|絵莉那|絵菜|絵里南|絵里名|絵里奈|絵里菜|絵里那|絵鈴菜|英利名|英利奈|英利納|英利菜|英律奈|英梨名|英梨奈|英梨菜|英理名|英理奈|英理菜|英璃奈|英莉名|英莉奈|英莉来|英莉菜|英莉那|英里名|英里奈|英里菜|衛履拿|衣利名|衣利奈|衣利菜|衣梨名|衣梨奈|衣梨菜|衣理名|衣理奈|衣理菜|衣瑠奈|衣里名|衣里奈|衣里梨|衣里菜|衿名|衿奈|衿菜|衿那|襟奈|詠里那|里奈	source-common-subset
ゆうか	ゆうか|ゆう香|ユウカ|佑佳|佑優加|佑叶|佑夏|佑果|佑桂|佑歌|佑花|佑華|佑郁|佑香|侑佳|侑加|侑夏|侑果|侑楓|侑花|侑茄|侑華|侑風|侑香|優伽|優佳|優加|優卯佳|優可|優和|優夏|優奏|優布草|優感|優曇華|優有佳|優有加|優果|優架|優楓|優樺|優歌|優海|優海華|優生華|優羽夏|優羽花|優羽華|優羽香|優翔|優花|優芳|優華|優蘭|優雅|優風|優香|優鹿|勇華|友佳|友加|友嘉|友夏|友有加|友果|友梨|友楓|友樺|友歌|友海|友羽佳|友花|友華|友賀|友郁|友香|右香|唯稜|夕佳|夕可|夕夏|夕日|夕架|夕栞|夕楓|夕歌|夕海|夕羽華|夕羽香|夕翔|夕耶|夕花|夕華|夕雨花|夕雨香|夕霞|夕風|夕風香|夕香|夢叶|夢夏|夢羽花|夢香|宥佳|尤佳|幸優花|幽花|幽香|悠か|悠佳|悠加|悠可|悠嘩|悠夏|悠日|悠樺|悠歌|悠河|悠羽香|悠花|悠華|悠香|憂佳|憂夏|憂架|憂翔|憂花|憂華|憂香|有伽|有佳|有加|有可|有夏|有果|有桂|有歌|有由花|有羽香|有花|有華|有賀|有香|有鹿|木綿加|木綿夏|木綿花|木綿香|柚佳|柚夏|柚華|柚香|楓薫|汐佳|汐夏|汐華|湧風|由佑香|由佳|由卯花|由夏|由布佳|由布加|由布歌|由布花|由布華|由布香|由果|由羽加|由花|由華|由賀|由風|由香|祐佳|祐加|祐可|祐叶|祐夏|祐有香|祐果|祐歌|祐花|祐華|祐賀|祐香|結佳|結加|結友香|結夏|結宥花|結愛花|結愛華|結果|結架|結楓|結歌|結羽伽|結羽香|結翔|結花|結華|結郁|結香|維佳|裕佳|裕加|裕可|裕夏|裕果|裕翔|裕花|裕華|裕雅|裕香|遊佳|遊加|遊夏|遊花|遊香|邑佳|邑花|邑茄|酉嘉|雄香|香華	source-common-subset
のりあき	乗明|乗昭|乗晃|仁明|仁昭|令明|伯明|伯章|倫彰|倫明|倫暁|倫章|倫陽|儀介|儀明|公明|公昭|典亨|典哲|典彰|典旭|典明|典昭|典晃|典朗|典秋|典章|典聡|典輝|典陽|典顕|則亮|則彰|則成|則明|則昭|則晃|則晶|則秋|則章|功光|功哲|功旭|功明|功晃|功知|功章|哲明|哲朗|哲章|喜昭|威彰|孔明|孝明|孝朗|孝章|孝顕|宗亮|宗昭|宗章|宜亮|宜明|宜昭|宜章|宣亨|宣彰|宣昌|宣明|宣昭|宣晶|宣朗|宣章|宣紹|展明|工朗|希明|希昭|常晃|康暁|式昭|律明|律昭|徳亮|徳彰|徳旭|徳明|徳昭|徳晃|徳暁|徳朗|徳秋|徳章|徳聡|徳顕|慎明|慎朗|慶明|慶輝|憲亮|憲彰|憲昌|憲明|憲昭|憲晃|憲晶|憲朗|憲照|憲秋|憲章|憲陽|憲顕|成明|成昭|成晃|教彰|教明|教昭|教晃|教朗|教督|教義|敬明|敬晃|敬章|文昭|昇明|昇秋|智亮|智明|智昭|智晃|智朗|智輝|格昌|権明|法亮|法宣|法明|法昭|法晃|法章|法聡|法臣|法顕|玄明|登昭|登章|知昭|矩彰|矩明|矩朗|矩章|礼啓|礼彰|礼明|礼章|祝昭|稚晃|章亮|章明|章晃|範彰|範昌|範明|範昭|範晃|範晶|範朗|範秋|範章|範華|紀亮|紀信|紀哲|紀彰|紀明|紀昭|紀晃|紀晶|紀秋|紀穂|紀章|紀聡|紀陽|経昭|統彬|統明|統章|義明|義朗|肖明|育昭|規亮|規彰|規明|規昭|規晃|規景|規晶|規朗|規照|規秋|規章|規覚|訓彰|訓明|訓昭|訓章|記明|記晃|記章|詞旭|説輝|謙朗|謙聡|謹昭|識介|識哲|議晶|賀晶|賀章|鑑晃|雅章	source-common-subset
まさよし	之義|仁圭|仁是|仁義|優嘉|優好|優義|優良|允嘉|允義|元達|全宣|全理|全由|全芳|公佳|公幹|公敬|公淑|公義|利嘉|勝儼|勝善|勝敬|勝美|勝義|勝良|勝芳|匡佳|匡悦|匡慶|匡由|匡祥|匡義|匡芳|博志|和良|壮芳|容克|将佳|将司|将吉|将善|将喜|将嘉|将圭|将好|将巧|将慶|将敬|将由|将義|将至|将芳|將吉|將善|將喜|將嘉|將義|尚克|征喜|征嘉|征由|征義|征良|應嘉|成佳|成嘉|成良|政与|政与志|政佳|政儀|政功|政可|政吉|政善|政喜|政嘉|政好|政孝|政愛|政敬|政由|政祥|政祺|政禎|政禧|政美|政義|政良|政芳|政養|敞芳|方禧|方義|方良|昌世志|昌佳|昌吉|昌善|昌喜|昌嘉|昌好|昌寿|昌平|昌慶|昌敬|昌甫|昌由|昌祥|昌禧|昌美|昌義|昌良|昌芳|昌辰|昌達|晶義|柾善|正与志|正世史|正仁|正佳|正健|正僖|正儀|正元|正克|正剛|正勝|正吉|正善|正喜|正嘉|正好|正孝|正宜|正巌|正彬|正快|正悦|正愛|正慶|正敬|正栄|正欣|正泰|正淑|正由|正睦|正礒|正祥|正禎|正純|正美|正義|正能|正良|正芳|正誼|正静|正順|満佐嘉|満佐義|理吉|理好|理能|理良|眞由|眞祥|眞義|眞良|真佳|真克|真善|真嘉|真好|真慶|真由|真砂良|真祥|真義|真良|真芳|真誉|祇董|祐吉|祐嘉|祐義|義正|聖善|聖義|誠善|誠喜|誠祥|誠美|誠義|誠良|賢昌|賢欣|賢祥|賢能|雅佳|雅儀|雅吉|雅吉志|雅善|雅喜|雅嘉|雅好|雅宜|雅恵|雅愛|雅慶|雅由|雅祥|雅美|雅義|雅能|雅良|雅芳|順善	source-common-subset
かよこ	かよこ|かよ子|か代子|カヨ子|代米子|伽世子|伽代子|伽依子|伽吉子|何代子|佳よ子|佳与子|佳与杏|佳世子|佳世湖|佳也子|佳予子|佳代姫|佳代子|佳代幸|佳代湖|佳余子|佳依子|佳吉子|佳善子|佳好子|佳容子|佳揚子|佳昌子|佳洋子|佳溶子|佳生子|佳用子|佳由子|佳秀子|佳羊子|佳與子|佳良子|佳芳子|佳葉子|佳蓉子|佳要子|佳誉子|佳遥子|佳陽子|佳預子|佳養子|価世子|克容子|兼代子|加与子|加世子|加予子|加代世子|加代子|加余子|加佳子|加依子|加喜子|加四子|加夜子|加容子|加昌子|加洋子|加由子|加羊子|加與子|加良子|加芳子|加葉子|加蓉子|加要子|加詠子|加誉子|加陽子|加頼子|勝代子|可世子|可代子|可余子|可依子|可夜子|可容子|可葉子|可陽子|和世子|和代子|和余子|和洋子|嘉与子|嘉世子|嘉予子|嘉代子|嘉余子|嘉依子|嘉夜子|嘉容子|嘉昌子|嘉洋子|嘉良子|嘉葉子|嘉誉子|嘉陽子|圭世子|圭了子|圭代子|圭余子|圭好子|圭良子|圭葉子|変容子|夏世子|夏予子|夏代子|夏庸子|夏葉子|夏葉胡|夏蓉子|夏陽子|家世子|家代子|家庸子|幸世子|我夜子|春代子|果世子|果代子|果遥子|架予子|架代子|桂代子|桂祥子|樫誉子|歌世子|歌代子|歌依子|歌謡子|河予子|河洋子|海洋子|珂代子|甲代子|神世子|神代子|科容子|花世子|花予子|花代子|花容子|花曜子|花葉子|花遥子|花陽子|芳世子|芳代子|芳昌子|芳生子|芽代子|茄容子|華与子|華世子|華予子|華代子|華夜子|華好子|華容子|華葉子|華誉子|華陽子|華養子|薫礼子|袈代子|賀与子|賀世子|賀代子|賀佳子|賀夜子|賀容子|賀弥子|賀洋子|賀要子|賀陽子|輝洋子|通子|開代子|雅世子|雅代子|雅子|雅洋子|霞代子|香与子|香世子|香予子|香代子|香余子|香佳子|香依子|香吉子|香喜子|香好子|香容子|香帯子|香庸子|香揚子|香昌子|香洋子|香燿子|香美子|香良子|香葉子|香要子|香詠子|香詳子|香誉子|香陽子|馨与子|馨世子|馨容子|馨曜子|鶴代子|鹿与子|鹿代子	source-common-subset
ますみ	ますみ|ます美|マスミ|万主美|万住|万壽実|万壽美|万子美|万寸美|万寿|万寿三|万寿美|万州海|万州美|万朱実|万朱美|万澄|万澄美|万珠実|万珠海|万珠美|万純|万素美|万角|万須美|倍実|倍美|優美|加弥|加美|勝美|升実|升巳|升水|升美|和美|圭美|増三|増実|増寿実|増寿美|増己|増巳|増海|増由美|増美|増見|多美|姫姫姫|実寿美|寿美|尚美|希純|弥美|愛純|摩周美|摩寿美|摩澄|摩純|斗美|昌澄|晶美|未寿|正澄|正純|満壽実|満壽美|満寿美|満州実|満州美|満洲実|満洲美|満澄実|満澄美|滋弓|滿壽実|滿壽美|潤泉|潤清|潤生|潤美|潤身|澄|珠美|白銅|益実|益實|益己|益已|益巳|益敏|益未|益水|益海|益澄|益美|益翠|益臣|益見|眞住|眞壽実|眞壽美|眞寿実|眞寿美|眞清|眞澄|眞澄実|眞澄美|眞純|眞隅|眞須実|眞須美|真す美|真主実|真主美|真住|真住美|真墨|真壽実|真壽美|真好美|真子実|真子美|真守実|真守美|真寿|真寿実|真寿美|真州実|真州美|真志美|真摩美|真有|真未|真末味|真朱美|真淑|真清|真満|真澂|真澄|真澄実|真澄美|真珠|真珠実|真珠海|真珠美|真登|真紀|真純|真純美|真素実|真素美|真美|真角|真透美|真須実|真須美|磨墨|磨寿美|磨澄|磨純|磨須実|磨須美|祐美|純|純巳|純美|舛巴|舞純|茉主美|茉住|茉壽美|茉子美|茉寿美|茉州美|茉朱美|茉澄|茉澄美|茉珠実|茉珠海|茉珠美|茉純|茉素美|茉角|萬壽|萬壽美|萬寿美|萬純|誠英|賀美|賜実|賜未|量巳|長美|雅澄|麻主美|麻住|麻垂実|麻垂美|麻壽美|麻奥|麻好|麻子美|麻寿|麻寿巳|麻寿美|麻州美|麻有|麻清|麻澄|麻澄実|麻澄美|麻珠三|麻珠実|麻珠海|麻珠美|麻純|麻素美|麻角|麻須未|麻須美	source-common-subset
ただし	タダシ|一史|中|乞|仁|仁市|任史|任司|任矢|伊|伝|但|位|佶|侃|信|信志|修|修志|儀|允|允士|公|公士|公志|典|冽|凡|則|則子|勅|匠|匡|匡史|匡司|匡士|匡巳|匡志|厳|只志|周市|唯|唯之|唯史|唯司|唯士|唯志|唯思|唯至|唯詞|唯詩|唯資|善|喬史|喬司|嘉|多々志|多太子|孫司|宰|宰之|宰士|容|将|尹|崇|崇寿|廉|廷|征|征士|征志|律|律史|律司|徳|忠|忠之|忠史|忠司|忠嗣|忠士|忠始|忠孜|忠巳|忠師|忠志|忠承|忠至|忠詞|忠資|恕|恭|恭史|恭志|悌|惟史|惟司|憲|政|政司|敬|整|斉|斉士|斎|新|方|旦|昌|是|是志|格|格史|格士|楯子|楷|正|正之|正史|正司|正嗣|正四|正士|正志|正継|正視|歵|殷|淳|済|準|烈|理|理之|理史|理司|理士|理志|理示|皇史|直|直史|直司|直嗣|直士|直志|直示|直資|眞|眞司|真|真之|真史|真嗣|督|督史|矢|矩|礼|祥士|禎|禎之|禎使|禎史|禎司|禎士|禎志|端|端思|粋史|精|糺|糾|糾至|紀|紀志|純|維|維史|維志|維資|義|義司|義志|羲|聖志|聡|肇|肇士|肇志|荘|董|蔵志|衷|規|規之|規史|覚|覚士|誉|誠|豈司|貞|貞史|貴|資|資士|賢|賢使|質|迪|道|重|雅|雅史|雅司|雅士|雅志	source-common-subset
たかあき	たかあき|丘彬|享明|享昭|任昭|公敬|公明|兼曜|剛彰|剛明|剛晶|剛朗|剛章|劭昭|卓明|卓昭|卓晃|右明|和晃|和瑛|啓彰|啓明|喬彰|喬明|喬昭|喬秋|喬章|堅明|塁陽|多加晃|天明|天秋|天章|孝亮|孝光|孝哲|孝彬|孝彰|孝成|孝昌|孝明|孝昭|孝昴|孝晃|孝朗|孝秋|孝章|孝顕|宇亮|宇晃|宇顕|宜明|宜昭|宝明|宝晃|尊明|尊昭|尊章|尚敬|尚明|尚昭|尚晃|尚暁|尭明|岳明|岳暁|岳陽|峻嶢|峻彬|峻旦|崇亮|崇哲|崇彰|崇成|崇明|崇昭|崇晃|崇晶|崇暁|崇朗|崇照|崇章|崇聡|崇陽|崇顕|嵩彬|嵩明|嵩朗|幸明|恭彰|恭昭|恭晟|恭章|挙曄|教義|敬亮|敬哲|敬彰|敬明|敬昭|敬晃|敬晶|敬暁|敬瑛|敬章|敬紹|敬聡|昂明|昂昭|昂暁|昇明|栄晃|正朗|正麗|毅亮|毅昌|毅映|毅晃|毅朗|毅聡|生明|登昭|登章|登紹|章照|節明|考亮|考哲|考明|考昭|考晃|考朗|考視|考輝|聖明|臣明|良誠|誉亮|誉啓|誉昌|誉明|誉昭|誉暁|誉章|誠章|豪昭|貴亮|貴光|貴右|貴哲|貴啓|貴将|貴彬|貴彰|貴明|貴昭|貴晃|貴晶|貴暁|貴朗|貴照|貴玲|貴瑛|貴秋|貴章|貴聡|貴輝|貴陽|貴顕|賞明|賢明|賢昭|賢晃|賢照|賢章|賢諒|陸彰|隆亮|隆哲|隆啓|隆彰|隆成|隆昌|隆明|隆昭|隆晃|隆晶|隆暁|隆朗|隆祥|隆秋|隆章|隆紹|隆覚|隆顕|隼明|雄亮|雄章|飛明|飛暁|高亨|高亮|高彰|高旺|高明|高昭|高晃|高暁|高暉|高暢|高朗|高秋|高章|高聡|高陽|高顕|高顯|鷹揚|鷹明	source-common-subset
としお	とし夫|トシ夫|世朗|俊|俊勇|俊士|俊夫|俊央|俊朗|俊王|俊生|俊甫|俊男|俊緒|俊郎|俊隆|俊雄|倫生|倫男|健夫|健男|健郎|兎子尾|刀志夫|刀志男|利司夫|利夫|利央|利志夫|利朗|利生|利男|利緒|利英|利郎|利長|利雄|十史生|十四夫|十四尾|十四生|十四男|十四雄|十志夫|十止雄|十潮|卯雄|叔朗|叔男|和雄|哲夫|土思男|土支夫|壽夫|壽男|壽郎|壽雄|外史男|外司雄|外志夫|外志男|外志雄|外枝男|季夫|季生|季男|季雄|宗夫|宗躍|宗雄|富司夫|富志男|富志雄|富美雄|富郎|寿勇|寿夫|寿央|寿尾|寿朗|寿生|寿男|寿郎|寿雄|平郎|年夫|年央|年尾|年生|年男|年緒|年郎|年雄|廉夫|慧雄|憲夫|憲雄|房雄|捷夫|捷郎|捷雄|敏夫|敏央|敏扶|敏旺|敏朗|敏生|敏男|敏郎|敏雄|敦夫|敬夫|敬生|敬雄|斉男|斗志夫|斗志男|斗志雄|斗施雄|斗汐|明男|智士|智夫|智生|智男|智雄|暁生|朋夫|杜司男|杜子尾|杜子雄|杜詩浦|東志生|東詩雄|歳夫|歳生|歳男|歳郎|歳雄|淑夫|淑生|淑男|淑郎|淑雄|灯至夫|熹雄|理夫|理男|理雄|甫夫|甫雄|登史夫|登司夫|登司雄|登士夫|登士雄|登始夫|登姿雄|登尚雄|登志夫|登志生|登志男|登志郎|登志雄|登枝緒|福男|福雄|稔大|稔夫|稔朗|稔生|稔男|稔緒|稔郎|稔雄|粛夫|紀夫|紀生|紀男|紀郎|紀雄|統志夫|聖生|聖男|聡夫|聡生|聡男|聡郎|聡雄|肇雄|肥男|虎志雄|覃夫|豊志夫|資男|逸雄|都史雄|都司夫|都四男|都士夫|都志夫|都志男|都沚生|都生|都紫夫|鋭夫|鋭男|鋭郎|鋭雄|録郎|隼夫|順夫|順朗|駿夫|駿雄	source-common-subset
とものり	丈了|丈典|丈範|交宣|伯典|伴典|伴則|伴徳|伴憲|伴紀|伴訓|侶章|倫仙|倫典|倫徳|倫理|倫範|倫紀|倫能|備識|僚哲|公敬|共範|共紀|具典|具教|具範|具紀|典憲|友乃|友了|友位|友倫|友典|友則|友宜|友宣|友徳|友慎|友憲|友教|友敬|友登|友知|友矩|友礼|友範|友紀|友規|友訓|友詞|友謙|友謹|友識|友議|友道|友里|友量|友雅|基格|大倫|大徳|大路|奉則|奉功|奉勲|奉実|寛則|幸紀|幹理|恵範|文則|智仙|智伯|智倫|智典|智則|智功|智升|智史|智基|智大|智孝|智宜|智宣|智寛|智師|智律|智得|智徳|智慎|智慶|智憲|智成|智政|智教|智敬|智文|智格|智永|智法|智温|智理|智登|智礼|智禎|智範|智紀|智経|智統|智義|智規|智訓|智記|智詔|智詞|智謙|智識|智進|智道|智雅|有孝|有慶|有礼|有範|朋仁|朋令|朋伯|朋位|朋倫|朋儀|朋典|朋則|朋勲|朋哲|朋宣|朋徳|朋恭|朋慶|朋憲|朋教|朋敬|朋智|朋範|朋紀|朋納|朋記|朋論|朋軌|朝典|朝則|朝功|朝宜|朝徳|朝憲|朝教|朝範|朝規|朝計|源則|登徳|登茂憲|知丈|知乗|知仙|知令|知伯|知倫|知典|知則|知周|知命|知哲|知孝|知宗|知宜|知宣|知寛|知展|知布|知律|知徳|知慶|知憲|知教|知敬|知法|知理|知生|知章|知節|知範|知紀|知義|知行|知規|知訓|知記|知論|知賢|知載|知里|知雅|禎徳|與典|與章|興将|誠典|誠宣|誠慎|誠憲|誠紀|誠規	source-common-subset
まさお	まさ越|まさ魚|マサオ|万佐夫|万左男|万沙魚|仁夫|優大|優夫|優生|優男|優郎|優雄|允生|允男|允雄|克雄|全夫|全生|全男|全雄|公夫|公雄|勝夫|勝生|勝男|勝郎|勝雄|匡夫|匡央|匡朗|匡生|匡男|匡雄|和夫|和雄|壮夫|大雄|完雄|寿夫|将大|将夫|将央|将朗|将生|将男|将緒|将郎|将雄|將夫|將男|將雄|尚男|当夫|当男|征夫|征央|征生|征男|征緒|征郎|征雄|応夫|成太|成夫|成郎|成雄|摂雄|摩砂夫|政保|政勇|政夫|政央|政応|政生|政男|政穂|政郎|政雄|方夫|方雄|昇男|昌勇|昌士|昌夫|昌央|昌巨|昌扶|昌朗|昌生|昌男|昌穂|昌郎|昌雄|昭男|晟雄|晶夫|晶朗|晶男|暢夫|暢男|柾男|柾緒|柾雄|栄男|正勇|正和|正士|正大|正夫|正央|正尾|正於|正朗|正猪|正生|正男|正直|正真|正穂|正郎|正雄|温雄|満佐夫|満佐男|満佐雄|満左夫|理夫|理央|理生|理男|理郎|理雄|眞三生|眞佐夫|眞佐男|眞夫|眞央|眞生|眞男|真三男|真三雄|真佐夫|真佐男|真佐雄|真冴王|真勇|真夫|真央|真朗|真沙尾|真沙緒|真沙魚|真瑳郎|真生|真男|真砂夫|真砂男|真砂雄|真郎|真雄|真青|督夫|磨佐男|磨瑳郎|磨磋夫|祐夫|祐男|祐雄|精雄|維夫|聖夫|聖生|聖男|聖雄|芳夫|芳生|芳男|芳雄|茉沙夫|茉沙魚|薫雄|虔夫|誠則|誠夫|誠朗|誠生|誠男|誠郎|誠雄|賢夫|雅勇|雅士|雅大|雅夫|雅央|雅弦|雅応|雅朗|雅生|雅男|雅祐|雅緒|雅郎|雅雄|青空|順夫|順雄|麻佐雄|麻左於|麻沙夫|麻沙魚	source-common-subset
きよし	きよし|きよ志|キヨシ|亀喜|享司|偉史|健|僖良|冽|吉世嗣|吉泰|喜与司|喜与志|喜世士|喜世志|喜代史|喜代司|喜代嗣|喜代四|喜代志|喜代詩|喜吉|喜善|喜好|喜由|喜祥|喜義|喜與志|喜良|喜芳|喜誉司|圭史|基代志|基善|基嘉|基好|基幹|基悦|基義|基良|基誉史|季代史|季由|季良|宜良|巨史|己義|希与志|希世志|希仁|希佳|希吉|希好|希容資|希芳|希賢|幾世至|廉|忠|恭史|恭司|恭嗣|斉史|晧|晴|暉善|樹寿|樹慶|樹昌|樹良|樹芳|機良|毅代司|毅義|泓|洌|浄|浄史|浄司|浄志|淳|淳史|淳司|淳士|淳志|清|清之|清史|清司|清嗣|清四|清士|清好|清志|清支|清日|清止|清氏|清滋|清石|清織|清美|清至|清良|清茂|清視|清詞|清誌|清資|渙|潔|潔之|潔史|潔司|潔吏|潔士|潔守|潔志|潔思|澂|澄|澄司|澄志|瀏|瀞|煕純|瑛|生世士|生吉|白|白志|皎|皓|皖|皖司|碧|磨史|稀喜|穆|章代司|粋|粋史|粛|精|精士|精志|紀与志|紀世志|紀代司|紀代士|紀代志|紀佳|紀喜|紀嘉|紀敬|紀義|紀良|紀芳|紀陽士|純|純史|美|義喜|聖|聖之|聖也|聖仕|聖史|聖司|聖士|聖志|聖詞|聖進|規悦|規義|規良|記吉|記好|記宣|記由|貴世史|貴世志|貴代司|貴代志|貴志|貴淑|貴由|貴祥|貴義|貴良|貴良志|貴芳|貴誉志|貴識|貴賀|起世志|起代司|起代至|輝代志|輝圭|輝慶|輝美|輝義|陽|陽之|陽司|陽芳|雪|靖|靖士|静司	source-common-subset
まきこ	まき子|マキコ|マキ子|万亀子|万喜子|万城子|万基子|万妃子|万姫子|万季子|万岐子|万崎子|万希子|万幾子|万杏子|万来子|万樹子|万生子|万祈子|万紀好|万紀子|万綺子|万芸子|万規子|万記子|万貴子|万起子|万輝子|万黄子|午喜子|孟希子|守希子|巻子|摩喜子|摩妃子|摩季子|摩岐子|摩希子|摩樹子|摩紀子|摩衣子|摩規好|摩記子|摩貴子|昌子|昌希子|昌樹子|昌紀子|末季子|末己子|末希子|末紀子|末起子|槇子|槙子|槙希子|正喜子|正季子|正希子|正起子|満き子|満亀子|満喜子|満嘉子|満季子|満己子|満希子|満樹子|満紀子|満規子|満記子|満貴子|満起子|満輝子|滿希子|牧子|牧更|牧紀子|眞公子|眞喜子|眞基子|眞姫子|眞子|眞季子|眞己子|眞希子|眞木子|眞樹子|眞欣子|眞禧子|眞紀子|眞規子|眞記子|眞貴子|眞起子|真亀子|真公子|真喜子|真城子|真基子|真妃子|真姫古|真姫子|真嬉子|真季子|真岐子|真己子|真巳子|真希子|真帰子|真揮子|真暉子|真暢子|真木子|真杏子|真来子|真槻子|真樹子|真生子|真生幸|真祈子|真稀子|真紀子|真綺子|真芸子|真葵子|真規子|真記子|真貴子|真起子|真輝子|真黄子|磨喜子|磨姫子|磨岐子|磨希子|磨幹子|磨木子|磨樹子|磨紀子|磨記子|磨貴子|米岐子|紀子|舞伎子|舞喜去|舞姫子|舞季子|舞希子|舞来恋|舞生子|舞貴子|茉亀子|茉妃子|茉姫子|茉己子|茉希子|茉木子|茉来子|茉樹子|茉生子|茉祈子|茉紀子|茉綺子|茉芸子|茉規子|茉記子|茉貴子|茉起子|茉輝子|茉黄子|萬亀子|萬喜子|蒔子|薪子|誠喜子|雅喜子|雅妃子|雅姫子|雅季子|雅紀子|雅貴子|魔鬼子|麻亀子|麻喜子|麻城子|麻基子|麻妃子|麻姫子|麻季子|麻岐子|麻己子|麻布子|麻希子|麻希志|麻木子|麻枝子|麻樹子|麻気子|麻生子|麻紀|麻紀子|麻芸子|麻葵子|麻規子|麻記子|麻貴子|麻起子|麻輝子|麻黄子	source-common-subset
よしこ	よしこ|よし子|よ志子|ヨシコ|ヨシ子|与侍子|与信子|与子|与志古|与志子|与至子|世叔子|世司子|世始子|世志子|世支呼|予史子|予始子|予志子|予至子|仁子|代史子|代司子|代帰子|代志子|令子|价子|余史子|余志子|佳好|佳子|佳志子|佳秦香|佳詩子|佳香|依支子|依此子|依誌子|俶子|僖子|儀子|儒子|允子|充私子|兆子|克子|凱子|功子|叔子|叙子|召子|可子|史子|吉子|吉枝子|和子|哲子|善子|喜史子|喜子|喜志子|嘉子|四詩子|圭子|垢子|壬子|壽子|天子|奉子|好古|好子|好志子|好湖|好香|妍子|妖紫子|嬉子|孔子|孝子|季子|宜子|宜志子|宜誌子|実子|宣子|容史子|容士子|容姿衣|容志子|容示子|容視子|寿子|尚子|巌子|巧子|巽子|彬子|微子|徳子|快子|怡子|恵子|悦好|悦子|愉子|意子|愛子|愿子|慈子|慶子|敬子|整子|旨子|昌子|是子|時子|晨子|最子|林子|栄子|桂子|楽子|欣子|欽子|款子|歓子|殊子|泰子|洋史子|洋志子|洋枝香|淑子|温子|湛子|潔子|玲子|理香|生志子|由偲子|由好|由子|由志子|益子|省子|眞子|睦子|祉子|祥子|祺子|禄子|禎子|福子|禧子|秀子|穀子|純子|緝子|美子|美巳子|美志子|美志琴|美湖|美紅|美香|義好|義子|肖佳子|能信子|能子|脩子|膳子|至子|致子|與志子|興志子|良史子|良子|良志子|艶子|艶湖|芳子|芳志子|芳胡|芳香|葭子|裕子|覚子|訓子|詳子|誉子|誉志子|誉詩子|誼子|謙子|豊子|貞子|貴子|賀子|資子|賢子|陽姿子|陽詩子|雅子|静子|韶子|順子|頼志子|頼至子|香子|麗子	source-common-subset
ひろよし	仁良|伯由|公嘉|博佳|博克|博可|博吉|博啓|博善|博喜|博嘉|博圭|博好|博宣|博彬|博悦|博愛|博敬|博洋|博由|博睦|博精|博美|博義|博良|博芳|博賀|博雅|啓仁|啓介|啓善|啓喜|啓嘉|啓好|啓富|啓幹|啓徳|啓悦|啓欣|啓由|啓益|啓祥|啓禎|啓美|啓義|啓能|啓良|啓芳|大佳|大善|大嘉|大慈|大歓|大義|大貴|宇由|宏仁|宏佳|宏允|宏剛|宏吉|宏啓|宏善|宏喜|宏嘉|宏宜|宏宣|宏徳|宏悦|宏昌|宏淑|宏由|宏祥|宏禎|宏羊|宏義|宏至|宏良|宏芳|寛伊|寛佳|寛儀|寛善|寛喜|寛嘉|寛好|寛悦|寛祥|寛義|寛芳|広佳|広吉|広善|広喜|広嘉|広好|広祥|広義|広良|広芳|廣義|弘伊|弘佳|弘兆|弘克|弘剛|弘吉|弘善|弘喜|弘嘉|弘好|弘恭|弘悦|弘愛|弘敬|弘昌|弘欣|弘毅|弘淑|弘祥|弘秀|弘純|弘義|弘至|弘良|弘芳|弘貴|弘達|彦嘉|愃義|拡慶|敬仁|敬善|普好|普彬|汎克|汎愛|汎慶|泰佳|泰圭|泰由|泰義|泰良|洋善|洋嘉|洋好|洋宜|洋敏|洋昌|洋義|洋良|洋芳|洋順|洽嘉|浩与志|浩佳|浩剛|浩功|浩吉|浩善|浩喜|浩嘉|浩圭|浩好|浩愛|浩慶|浩栄|浩正|浩淑|浩由|浩祥|浩祺|浩義|浩至|浩良|浩芳|浩誉|浩誠|浩静|碩孔|礼嘉|祐吉|祐禎|祐能|祐良|祥佳|紘圭|紘好|紘義|紘良|衣義|裕允|裕克|裕吉|裕啓|裕善|裕喜|裕嘉|裕圭|裕孝|裕宜|裕慶|裕泰|裕洋|裕由|裕美|裕義|裕良|裕芳|裕資	source-common-subset
あつし	亘|亜津司|亜津志|亜通志|亜都志|享|享志|京之|京史|京士|京志|亮|亮志|仁|侑史|優|充之|充俊|充史|充司|充士|充志|充至|剛史|功史|功司|功嗣|功士|功次|厖士|厚|厚之|厚仁|厚使|厚匠|厚史|厚司|厚吏|厚嗣|厚士|厚志|厚次|厚生|厚至|厚視|孝史|孝司|孝嗣|孝志|安通志|宏志|富|専|尚|展|幹志|弥|徳|徳之|徳士|徳志|忠|忠司|惇|惇之|惇史|惇司|惇嗣|惇士|惇志|惇而|懿|握|敦|敦之|敦只|敦史|敦司|敦吏|敦嗣|敦士|敦央|敦巳|敦市|敦師|敦志|敦施|敦欣|敦氏|敦睦|敦至|敦視|敦詞|敦詩|敦誌|敦資|敦賜|敬史|敬士|昊|昌|昌史|昌司|昌嗣|昌士|昌市|昌志|明津司|春史|春男|晃|暁司|暁志|暖|暾|有志|毅|法司|淳|淳之|淳仁|淳史|淳司|淳嗣|淳士|淳始|淳巳|淳志|淳慈|淳矢|淳至|淳視|淳詞|淳詩|渥|渥史|渥司|渥士|温|温史|温司|温士|温志|温思|温資|湛|源|潤|濃|熱|熱志|皇史|眞史|真|真史|真司|真志|督|睦|睦史|睦志|石|穆|竺|篤|篤之|篤伺|篤史|篤司|篤吏|篤嗣|篤士|篤志|篤思|篤支|篤次|篤示|篤祉|篤積|篤至|篤詞|篤詩|篤誠|篤諮|篤識|篤賜|純|純史|純士|衷志|諄|豊史|豊司|貴史|貴司|貴士|貴志|農|農之|農史|逸|醇|重|重志|阿都志|陸|陸史|陸志	source-common-subset
のりゆき	主幸|乃之|了之|仁之|仁幸|仁志|仁敬|仙之|仙幸|伯之|伯如|伯幸|伯行|倫之|倫幸|倫行|儀之|儀介|儀幸|儀行|典之|典亨|典千|典幸|典志|典政|典敬|典行|典雪|則之|則介|則幸|則敬|則維|則行|功之|功介|功幸|功往|功至|功行|勤之|勤行|史之|周之|周行|哲之|哲享|哲孝|哲幸|哲廉|哲征|哲行|啓之|啓至|器征|士志|央幸|威行|孝之|学志|宗将|宗幸|宜之|宜享|宜幸|宜征|宜行|実志|宣之|宣幸|宣行|寛之|展之|展幸|展行|工幸|希征|師之|師行|度之|律之|律幸|徳之|徳喜|徳如|徳幸|徳征|徳志|徳敬|徳是|徳有己|徳至|徳行|悟之|悟幸|悟由|悟章|悟行|愼享|愼章|慎之|慎征|慶之|慶幸|憲之|憲幸|憲征|憲志|憲敬|憲生|憲礼|憲章|憲行|教之|教幸|教行|教雪|敬之|敬幸|敬行|昇之|昇志|智之|智幸|智行|格行|永幸|法之|法幸|法征|法恭|法敬|法行|泰幸|準幸|然之|理行|由之|登幸|知之|知敏|知行|矩之|矩幸|矩行|短幸|礼之|礼幸|祝之|祝行|稔征|範之|範幸|範征|範志|範有樹|範至|範行|紀之|紀亨|紀倖|紀元|紀孝|紀幸|紀征|紀志|紀行|紀裕貴|納肖|経之|統之|能之|能登|能順|至行|規之|規亨|規幸|規志|規由|規至|規行|訓之|訓幸|訓行|記之|記幸|記敬|記行|詔之|詔行|論行|謙之|謙亨|謙行|謹幸|謹至|識敬|識行|議之|賀之|賀通|軌幸|軌行|順之|順幸|順徳	source-common-subset
まさたか	仁孝|仁崇|優孝|優崇|優考|優貴|優隆|優顕|允喬|允孝|允誉|允隆|全孝|全敬|全貴|全隆|公孝|公敬|公誉|公貴|剛聖|勝孝|勝貴|勝隆|匡孝|匡尚|匡崇|匡貴|匡隆|匡高|和孝|和巨|壮挙|壮隆|大剛|大空|大貴|容数|容隆|将任|将喬|将孝|将尊|将崇|将嵩|将敬|将昂|将玄|将考|将臣|将誉|将貴|将資|将隆|将高|将鷹|將孝|將敬|將貴|尚孝|巨高|幹崇|幹隆|征孝|征宣|征貴|征隆|征鷹|応孝|慎貴|成剛|成孝|成良|成貴|成隆|政喬|政孝|政崇|政恭|政挙|政敬|政考|政誉|政貴|政賢|政隆|政高|方孝|方崇|方貴|昌享|昌剛|昌孝|昌尚|昌尭|昌崇|昌嵩|昌平|昌敬|昌毅|昌生|昌考|昌誉|昌貴|昌隆|昌高|晶崇|暢貴|暢隆|暢高|柾貴|正剛|正卓|正喬|正堂|正堅|正堯|正壮|正大|正天|正太|正太佳|正孝|正宇|正宜|正宣|正尊|正尚|正尭|正岳|正峰|正峻|正崇|正幟|正恭|正敬|正生|正考|正臣|正荘|正誉|正貴|正賢|正隆|正高|理天|理崇|理昂|理誉|理貴|理高|直伯|眞考|眞隆|真孝|真宇|真尚|真山|真峰|真崇|真敬|真章|真聖|真誉|真貴|真隆|祐貴|祥孝|聖尊|聖崇|聖貴|聖賢|臣真|薫能|裕孝|誠孝|誠崇|誠幸|誠隆|賢孝|賢尚|賢峰|賢貴|賢隆|雅剛|雅卓|雅和|雅喬|雅孝|雅宇|雅宜|雅尚|雅峻|雅崇|雅嵩|雅挙|雅敬|雅王|雅生|雅能|雅臣|雅貴|雅陽|雅隆|雅高|雅鷹|順孝|順隆	source-common-subset
あかね	あかね|あか音|アカネ|丹子|丹音|亜伽根|亜伽音|亜何音|亜佳子|亜佳峰|亜佳弥|亜佳根|亜佳音|亜光|亜兼|亜加子|亜加根|亜加音|亜可根|亜可音|亜周|亜嘉子|亜嘉根|亜嘉音|亜夏子|亜果根|亜果音|亜架音|亜樺音|亜歌音|亜花音|亜華子|亜華根|亜華音|亜袈寧|亜袈根|亜袈音|亜鐘|亜雅子|亜雅寧|亜香子|亜香寧|亜香根|亜香祢|亜香音|光音|和詠|哀華音|夏音|夕彩|夕空|夕音|安伽根|安伽音|安佳子|安佳寧|安佳根|安佳音|安光|安加寧|安加音|安嘉根|安嘉音|安桂子|安歌音|安花音|安華根|安華音|安香寧|安香根|安香音|彩加音|彩桂子|彩錦|彩鐘|彩音|愁音|愛佳音|愛光|愛兼|愛勝音|愛可子|愛奏|愛奏音|愛快寧|愛果音|愛歌音|愛海音|愛翔子|愛花音|愛茜|愛菓音|愛華音|愛鐘|愛香子|愛香音|明佳音|明加根|明可子|明夏音|明奏|明子|明寧|明峰|明嶺|明希|明弥|明日音|明根|明歌音|明直|明稔|明花音|明鐘|明音|明風音|明香峰|明香音|晶寧|晶稔|暁子|暁鐘|暁音|暖花音|有佳音|有奏音|有香音|朱|朱嘉峰|朱夏音|朱子|朱宇|朱寧|朱峰|朱嶺|朱房|朱李|朱根|朱苗|朱茜|朱螺|朱雅子|朱音|朱香音|杏花子|杏花音|杏鐘|杏香音|歩佳音|深珂祢|灯音|珠子|秋音|秋香子|空音|空香音|紅|紅姉|紅子|紅寧|紅年|紅根|紅祢|紅華子|紅音|紫|緋音|耀音|茜|茜子|茜寧|茜恵|茜月|茜根|茜空|茜絵|茜草|茜衣|茜音|茜風|茜香音|葵香子|藍香根|藍香音|赤寝|赤根|赤音|赫音|阿伽根|阿佳寧|阿佳根|阿佳音|阿加根|阿加音|阿可祢|阿嘉根|阿嘉音|阿果根|阿果音|阿架音|阿華根|阿華音|阿香寧|阿香根|阿香音|雅華子|麻華音	source-common-subset
きみこ	きみこ|きみ子|き実子|き美子|キミコ|キミ子|乾子|亀実子|亀美子|仁子|企実子|企弥子|企水子|企美子|伎実子|伎王子|伎益子|伎美子|侯子|僖美子|公子|公巳子|公美子|公香|吉実子|吉益子|吉美子|后子|君児|君子|君孝|君実子|君美子|喜三子|喜味子|喜実子|喜己子|喜巳子|喜望子|喜未子|喜水子|喜満子|喜生子|喜美子|喜見子|城三子|基仁子|基巳子|基弥子|基真子|基美子|基視子|壽美子|妃実子|妃水子|妃美子|妃見子|姫美子|嬉美子|嬉見子|季三子|季実子|季己子|季巳子|季幹子|季未子|季水子|季美子|季見子|季身子|宣美子|岐味子|岐美子|己実こ|己実子|己美こ|己美子|希三子|希充子|希光子|希味子|希実子|希己子|希巳子|希弥子|希望子|希未子|希民子|希水子|希海子|希示子|希美子|希見子|希規子|帝子|幹子|幹美子|幾美子|支美子|旺子|暉美子|木三子|木実子|木己子|木巳子|木未子|木水子|木美子|木見子|樹三子|樹実子|樹実胡|樹己子|樹巳子|樹未子|樹水子|樹海子|樹美子|樹美胡|樹見子|毅美子|気深子|江子|清美子|煕充子|玉子|王子|王美子|生海子|生美子|癸未子|皇子|祈実子|祈美子|稀美子|紀三子|紀光子|紀壬子|紀子|紀実子|紀己子|紀已子|紀巳子|紀弥子|紀未子|紀水子|紀海子|紀美代|紀美子|紀臣子|紀見子|紀視子|美紀子|菊見子|葵実子|衣美子|規三子|規仁子|規己子|規巳子|規扇子|規水子|規美子|規視子|規躬子|記三子|記允子|記壬子|記実子|記己子|記巳子|記未子|記水子|記美古|記美子|記見子|記規子|貴三子|貴充子|貴后子|貴実子|貴己子|貴巳子|貴弥子|貴未子|貴民子|貴水子|貴美子|貴見子|貴視子|起三子|起味子|起実子|起巳子|起未子|起民子|起美子|軌視子|輝実子|輝水子|輝海子|輝美子|輝見子|輝親子|輝身子|黄実子|黄美子	source-common-subset
せいじ	世二|世司|世次|世治|世爾|井二|井耳|制二|制治|勢二|勢児|勢司|勢士|勢次|勢治|勢至|城司|声伺|声治|征二|征仁|征児|征史|征司|征嗣|征士|征志|征慈|征次|征治|征爾|征路|性次|惺治|成二|成児|成史|成司|成嗣|成志|成是|成樹|成次|成治|成示|政二|政児|政司|政士|政志|政次|政治|政滋|政祀|政路|整二|整司|整次|整治|整爾|整而|斉之|斉二|斉史|斉司|斉次|斉治|星之|星児|星次|星治|星滋|星示|晟二|晴二|晴児|晴司|晴嗣|晴志|晴次|晴治|晴而|正二|正仁|正児|正史|正司|正嗣|正弐|正次|正治|正滋|正爾|正示|正詩|正路|泰二|清之|清二|清仁|清児|清史|清司|清嗣|清士|清次|清治|清爾|清路|生之|生二|生慈|盛二|盛児|盛史|盛司|盛志|盛次|盛治|省二|省史|省次|省治|省爾|省自|精三|精二|精仁|精司|精次|精治|精爾|聖之|聖二|聖仁|聖児|聖兒|聖史|聖司|聖士|聖志|聖慈|聖次|聖氏|聖治|聖爾|聖璽|聖示|聖視|聖路|西次|誓二|誓司|誓次|誓治|誠之|誠二|誠仁|誠児|誠史|誠司|誠嗣|誠士|誠志|誠慈|誠時|誠智|誠次|誠治|誠爾|誠知|誠而|誠自|誠至|誠詞|誠鎮|青二|青児|青史|青司|青嗣|青峙|青志|青桓|青次|青滋|青爾|青磁|青路|靖二|靖児|靖史|靖司|靖嗣|靖士|靖治|静二|静児|静冶|静司|静次|静治|靜二|靜史|靜司|靜治	source-common-subset
かな	かな|カナ|一夏|久乃|伽南|伽名|伽奈|伽菜|伽那|何奈|佳七|佳也|佳南|佳名|佳和|佳夏|佳奈|佳愛|佳杏|佳樹|佳永|佳渚|佳生|佳納|佳良|佳苗|佳菜|佳那|光那|克奈|加也|加南|加名|加奈|加愛|加苗|加菜|加那|可七|可凪|可南|可名|可多|可奈|可捺|可直|可苗|可菜|可那|叶|叶夢|叶奈|叶波|和奈|和菜|和那|哉|嘉名|嘉奈|嘉捺|嘉菜|嘉那|嘩菜|圭乃|圭南|圭奈|圭菜|圭那|夏凪|夏南|夏名|夏奈|夏彩|夏生|夏秋|夏菜|夏葉|夏那|奏|奏七|奏菜|嫁那|愛|日南|日和|日奈|日菜|日那|杏菜|果凪|果南|果名|果夏|果奈|果菜|果那|架名|架奈|架菜|栞花|栞那|桂央|桂奈|楓南|楓奈|楓菜|樺奈|樺菜|歌南|歌名|歌奈|歌来|歌花|歌菜|歌那|河奈|海南|海波|海花|珂奈|珂菜|珂那|珈凪|珈奈|環奏|甲奈|神七|神奈|神菜|科奈|結花|絵難|翔凪|翔名|翔菜|花七|花也|花凪|花南|花名|花和|花奈|花奏|花愛|花栞|花梨|花樹|花永|花納|花綵|花菜|花那|芳奈|芳菜|芳那|茄奈|茄菜|華|華凪|華南|華名|華夏|華奈|華娜|華来|華楠|華菜|華那|薫名|薫奈|蘭奈|誇奈|賀凪|賀名|賀奈|賀菜|郁乃|郁奈|郁那|郁銘|雅奈|雅水|霞奈|霞紫|霞菜|風南|風奏|風菜|香七|香南|香名|香夏|香奈|香尚|香来|香林|香渚|香納|香苗|香菜|香那|香采|馨奈|鹿奈	source-common-subset
ちかこ	ちかこ|ちか子|チカコ|チカ子|主香子|九子|京子|仁子|俔子|信子|値加子|允子|元子|充子|先花子|准子|凡子|前子|力子|務子|千伺子|千伽子|千何子|千佳古|千佳子|千加代|千加子|千可子|千和子|千哉子|千喜子|千嘉子|千圭子|千壽子|千夏子|千家子|千春子|千景子|千果子|千架子|千桂子|千樺子|千歌子|千火子|千珂子|千禾子|千翔子|千花子|千花香|千芳子|千華子|千蘭子|千袈子|千賀子|千郁子|千雅子|千香子|千鶴子|千鹿子|参子|及子|史佳子|史子|司子|周子|周湖|味子|和子|哉乃|哉子|地佳子|地香子|培子|声子|央后|央子|央来|実子|寛子|實子|寸子|尋子|小夏子|小花子|幾子|庶子|彭子|恒子|恭子|悠子|愛子|愼子|慈子|慎子|慎賀子|慶子|新子|新鼓|智カ子|智佳子|智加子|智可子|智和子|智哉子|智嘉子|智圭子|智夏子|智子|智日子|智架子|智桂子|智歌子|智紅子|智花子|智芳子|智華子|智賀子|智郁子|智雅子|智香子|智馨子|比子|池佳子|池香子|治嘉子|治子|治荷子|治賀子|浮子|爾子|用子|発子|登子|盟子|直子|眞伯子|眞子|真子|真巨|睦娘|睦子|睦香|矢子|知何子|知佳子|知克子|知加子|知可子|知哉子|知嘉子|知圭子|知夏子|知嫁子|知子|知日子|知果子|知架子|知桂子|知歌子|知花子|知芳子|知華子|知賀子|知郁子|知雅子|知香子|知馨子|秩佳子|秩加子|秩加藤|秩加香|秩賀子|稚佳子|稚加子|稚加香|稚可子|稚嘉子|稚子|稚歌子|稚科子|稚賀子|稚香子|考子|致雅子|茅香子|莉香子|衡子|見子|規子|親嘉子|親子|親瑚|誓子|謹子|身子|近子|集子|静子	source-common-subset
ともひろ	丈公|丈拓|丈泰|丈洋|丈浩|交啓|交洋|伴宏|伴弘|伴洋|伴裕|供宏|供広|供弘|倫啓|倫大|倫央|倫宏|倫寛|倫広|倫廣|倫弘|倫拡|倫洋|倫裕|僚大|光輝|公宏|公寛|公尋|公敬|共宏|共広|共弘|具大|具宏|具広|具弘|具裕|兼丈|兼大|兼宏|兼尋|兼裕|匡宏|十茂博|協弘|友之|友博|友啓|友大|友太|友宏|友寛|友尋|友広|友弘|友弥|友担|友拓|友敬|友普|友泰|友洋|友浩|友祐|友紀|友紘|友裕|友豊|大博|大宙|大寛|大洋|大紘|大裕|奉博|奉宏|奉広|奉廣|奉弘|委宏|寅広|寅弘|寅彦|寛博|寛大|寛祐|寛裕|徒広|恭祐|智仁|智博|智啓|智大|智央|智宏|智寛|智寿|智尋|智広|智廣|智弘|智強|智彦|智悠|智拓|智拡|智敬|智景|智泰|智洋|智浩|智煕|智皓|智礼|智祐|智裕|智達|智郊|智雄|有博|有大|有宏|有弘|朋勲|朋博|朋大|朋央|朋宏|朋寛|朋広|朋廣|朋弘|朋弥|朋彦|朋拡|朋欣|朋泰|朋洋|朋浩|朋祐|朋紘|朋裕|朝博|朝啓|朝大|朝天|朝寛|朝広|朝廣|朝弘|朝洋|朝洸|朝裕|栄博|比宏|睦泰|知世|知優|知光|知博|知啓|知大|知央|知宏|知寛|知尋|知展|知広|知廣|知弘|知彦|知拡|知敬|知晃|知比呂|知洋|知浩|知渕|知玄|知礼|知祥|知紘|知衡|知裕|知輝|禎宏|誠大|誠宏|誠寛|誠洋|誠浩|誠祐|誠裕|資浩	source-common-subset
のりひろ	乗寛|仁洋|仙弘|令博|修広|倫大|倫宏|倫寛|倫広|倫弘|倫敬|儀裕|典博|典啓|典大|典宏|典寛|典広|典弘|典泰|典洋|典浩|典玄|典祐|典紘|典裕|則博|則宏|則寛|則広|則廣|則弘|則浩|則裕|功博|功啓|功寛|功浩|功裕|周弘|周洋|哲広|哲弘|哲彦|基広|宗弘|宜宏|宜広|宜弘|宣博|宣広|宣弘|宣明|宣洋|宣裕|寛弘|展弘|展裕|式皓|律浩|律裕|徳博|徳啓|徳大|徳太|徳宏|徳宗|徳寛|徳尋|徳広|徳弘|徳拓|徳敬|徳泰|徳洋|徳浩|徳祐|徳裕|恭弘|愼裕|慎啓|慎大|憲博|憲大|憲宏|憲寛|憲展|憲平|憲広|憲廣|憲弘|憲洋|憲浩|憲裕|成洋|教博|教宏|教寛|教尋|教広|教弘|教洋|教浩|教皓|教裕|敬容|昇大|昇宏|昇広|昇弘|昇洋|智宏|智洋|智浩|智裕|格弘|法典|法博|法大|法宏|法広|法廣|法弘|法洋|準明|準裕|然浩|玄洋|知宏|知広|矩宏|矩弘|礼寛|祝広|章博|範博|範宏|範弘|範洋|範浩|範煕|範裕|紀公|紀博|紀大|紀宏|紀寛|紀広|紀廣|紀弘|紀洋|紀浩|紀祐|紀裕|経弘|統啓|統央|義彦|義浩|能弘|規博|規宏|規尋|規広|規弘|規浩|規裕|規陽|視丈|訓大|訓宏|訓寛|訓弘|訓洋|訓裕|記博|記啓|記大|記宏|記広|記洋|記裕|詔啓|詞啓|詞大|謙宏|謙浩|謹啓|謹裕|識宏|議博|議生|賀大|載弘|雅弘|雅裕	source-common-subset
まさとし	仁俊|仁寿|仁敏|修敏|倫利|傑俊|優俊|優利|優壽|優寿|優敏|優明|優賢|允俊|允寿|克紀|全俊|全利|全寿|全敏|全紀|公俊|公利|公寿|公敏|公敬|公理|公聡|剛俊|勝俊|勝利|勝年|勝稔|匡俊|匡利|匡寿|匡敏|匡稔|匡紀|匡聡|和利|和壽|壮敏|大峻|容俊|将俊|将利|将寿|将年|将敏|将敬|将斗志|将智|将甫|将稔|将紀|将聖|将聡|将迅|將俊|將聖|尚利|征世|征俊|征利|征寿|應俊|成俊|成利|成寿|政俊|政利|政寿|政年|政敏|政登士|政稔|政聡|政都志|政鋭|斉智|斉稔|方俊|方寿|方敏|昌俊|昌利|昌哉|昌寿|昌年|昌敏|昌敬|昌新|昌智|昌甫|昌知|昌稔|昌紀|昌耆|昌聖|昌聡|昌聴|昌要|晶健|晶稔|智俊|暢俊|正人史|正俊|正利|正利志|正厳|正哉|正哲|正季|正宗|正寿|正年|正律|正才|正捷|正敏|正敞|正智|正淑|正淳|正登史|正登志|正睦|正稔|正章|正紀|正聡|正賢|正載|正隼|正順|理俊|理寿|理敏|理智|理稔|盛敏|眞利|眞稔|真佐俊|真佐寿|真佐敏|真俊|真利|真哉|真寿|真敏|真毅|真稔|真聡|磨佐俊|祐俊|祐利|祐智|秀俊|維利|聖俊|聖寿|聖智|聖隼|聡敏|誠俊|誠利|誠敏|誠逸|賢俊|賢利|賢才|賢敏|賢紀|超智|雅俊|雅利|雅功|雅季|雅寿|雅年|雅憲|雅敏|雅斗志|雅智|雅歳|雅淑|雅照|雅稔|雅聡|雅肇|雅要|順稔|麻聡	source-common-subset
あきよし	了義|亜紀義|亮介|亮佳|亮吉|亮嘉|亮林|亮良|光克|光由|哲佳|哲慶|哲純|哲義|哲良|彰代史|彰佳|彰克|彰剛|彰悦|彰慶|彰時|彰由|彰祥|彰美|彰義|彰良|彰芳|徹佳|愛義|成祥|文啓|文誉|日義|旦佳|旭克|旭芳|昌慶|昌良|明世司|明住|明佳|明儀|明克|明可|明吉|明啓|明善|明喜|明嘉|明好|明宜|明巧|明幹|明快|明愛|明慈|明慶|明敬|明昌|明由|明禎|明禧|明純|明美|明義|明良|明芳|昭介|昭佳|昭允|昭克|昭全|昭典|昭剛|昭吉|昭善|昭喜|昭嘉|昭好|昭如|昭孔|昭宜|昭彦|昭徳|昭悦|昭慶|昭栄|昭省|昭祥|昭美|昭義|昭良|昭芳|昭辰|晃令|晃佳|晃功|晃可|晃吉|晃喜|晃圭|晃好|晃幸|晃幹|晃慶|晃整|晃由|晃祥|晃美|晃義|晃良|晃芳|晃詳|晋伊|晶允|晶好|晶由|晶祥|晶良|晶詳|暁好|暁宣|暁快|暁慶|暁祥|暁美|暁義|暁良|曄功|朗吉|朗好|朗慶|朗昌|照剛|照宜|瑛芳|璋美|祥義|秋吉|秋善|秋喜|秋好|秋由|秋祥|秋美|秋義|秋良|秋芳|穐垢|章之|章介|章伊|章佳|章充|章功|章吉|章善|章喜|章嘉|章圭|章好|章孔|章宜|章恵|章悦|章慶|章由|章祥|章純|章美|章義|章能|章良|章芳|章賢|精哲|耀義|聖佳|聡剛|聡良|諒佳|輝吉|陽吉|陽恵|陽稔|陽良|陽芳|顕佳|顕嘉|顕愛|顕義|顕能|顕貴	source-common-subset
のりよし	乃善|了祥|仙佳|仙克|仙好|代喜|伯佳|伯好|伯文|倫好|倫尚|倫理|倫義|儀良|典佳|典剛|典功|典可|典善|典嘉|典宜|典恵|典慶|典由|典美|典義|典良|典芳|則佳|則叔|則可|則吉|則善|則好|則祥|則義|則良|則芳|功佳|功勝|功和|功孔|功芳|史芳|周良|哲好|哲義|啓純|基寛|学義|宜祥|宜義|宣佳|宣俶|宣吉|宣良|寛芳|展好|展義|巧和|己善|律善|律嘉|律好|徳代志|徳吉|徳善|徳喜|徳嘉|徳好|徳彦|徳慶|徳是|徳祥|徳美|徳義|徳良|徳芳|徳香|悟善|悟欣|慶佳|慶吉|慶好|慶睦|憲佳|憲厳|憲可|憲司|憲吉|憲嘉|憲好|憲宜|憲徳|憲欣|憲由|憲祥|憲祺|憲福|憲美|憲義|憲良|憲芳|憲賢|成美|政悦|教佳|教克|教善|教喜|教嘉|教悦|教祥|教禎|教秀|教義|敬佳|敬承|敬義|昇兌|昇功|智利|智祥|智義|法典|法喜|法好|法義|法良|準幸|矩佳|矩好|矩慶|矩祥|矩義|礼好|礼義|章孔|章愛|節義|範佳|範善|範好|範従|範慶|範昌|範祐|範美|範義|範芳|紀佳|紀俶|紀吉|紀善|紀喜|紀嘉|紀好|紀宜|紀慶|紀昌|紀是|紀由|紀美|紀義|紀良|紀芳|紀賛|経仁|義善|能義|致美|規佳|規勝|規可|規善|規喜|規悦|規淑|規祥|規義|規良|訓由|訓良|記佳|記嘉|記義|記良|詞義|詞貴|謙仁|謙嘉|識祥|識義|順吉	source-common-subset
きよこ	きよこ|きよ子|き代子|キヨコ|キヨ子|亀代子|井子|享子|京子|企世子|企予子|公世子|公佳子|公曜子|公洋子|冽子|匡子|吉世子|吉余子|喜よ子|喜与子|喜世子|喜代子|喜夜子|喜容子|喜洋子|喜與子|喜良子|喜芳子|喜要子|喜陽子|嘉代子|圭子|基与子|基世子|基予子|基代子|基依子|基容子|基洋子|基陽子|堪子|妃与子|妃代子|妃余子|妃容子|妃良子|姫代子|季与子|季世子|季代子|季良子|季裕子|季遥子|季陽子|季預子|宜世子|宜代子|岐代子|崎陽子|巨子|己代子|巳代子|希与子|希世子|希予子|希代子|希佳子|希依子|希夜子|希容子|希末子|希良子|希葉子|希誉子|幹代子|幹余子|幹陽子|幾世子|幾代子|廉子|恭予子|恭代子|恭曜子|摩子|敬子|斉子|斎子|晴子|暁子|朗子|木世子|木代子|木曜子|棋代子|樹世子|樹代子|樹宜子|欣予子|欣四子|毅世子|汐子|洋子|洌子|浄子|淑子|淨子|淳子|清代子|清好|清子|清心|清湖|清香|湛子|潔代子|潔子|澄子|瀞子|玉胡|瑞子|生代子|皖子|研子|磨子|祈世子|禧世子|禧代子|稀世子|粛子|精子|紀よ子|紀与子|紀世子|紀予子|紀代子|紀余子|紀佳子|紀夜子|紀揚子|紀誉子|紀陽子|紀預子|義代子|聖代子|聖夜子|聖子|聖湖|聖香|舜子|葵代子|規世子|規予子|規予香|規代子|規余子|規容子|規陽子|視規子|記世子|記予子|記代子|記夜子|記庸子|記美子|許子|貴与子|貴世子|貴予子|貴代子|貴容子|貴楊子|貴洋子|貴羊子|貴誉子|貴陽子|起世子|起代子|起陽子|輝世子|輝代子|輝余子|輝夜子|輝良子|輝誉香|輝陽子|鉅子|陽子|靖子|静子|養子|騎世子|黄葉子	source-common-subset
きみえ	きみえ|きみ恵|きみ枝|きみ江|きみ絵|き実江|き美江|キミエ|キミ枝|キミ江|仁恵|仁枝|仁江|仁絵|企美恵|侯江|侯衣|公三恵|公恵|公惠|公映|公枝|公栄|公永|公江|公瑛|公絵|公美恵|公美惠|公美枝|公英|公衣|公重|吉海江|后恵|后江|君依|君実江|君恵|君惠|君愛|君映|君枝|君栄|君江|君笑|君絵|君美恵|君美枝|君美江|君英|君衛|君衣|君重|喜み江|喜三恵|喜三枝|喜三江|喜三重|喜光江|喜右衛|喜実惠|喜実栄|喜実榮|喜実重|喜巳江|喜美恵|喜美惠|喜美枝|喜美栄|喜美榮|喜美江|喜美絵|喜美重|喜見江|基美恵|壽美枝|妃美絵|姫実江|姫愛|姫美栄|姫美江|季己江|季巳江|季弥江|季美恵|季美枝|季美江|季美絵|実里|己実江|希三枝|希三江|希充恵|希光恵|希実枝|希実英|希己枝|希己江|希巳枝|希巳江|希巳衣|希望恵|希未江|希未瑛|希未絵|希水絵|希美恵|希美枝|希美江|希美絵|希美重|幹美枝|恭美恵|木三江|木実江|木美江|樹実恵|樹美恵|樹美枝|樹美江|欽巳江|江枝|王恵|王枝|王江|皇恵|皇枝|皇衣|着実惠|着美惠|祈実恵|祈美恵|紀光枝|紀実惠|紀己恵|紀巳絵|紀恵|紀未絵|紀美恵|紀美惠|紀美枝|紀美栄|紀美江|紀美絵|規美惠|規美江|記巳惠|記美恵|記美枝|記美江|記見枝|貴三恵|貴三枝|貴三江|貴実恵|貴実枝|貴実栄|貴実瑛|貴巳江|貴恵|貴未亜|貴末枝|貴枝|貴美恵|貴美惠|貴美枝|貴美栄|貴美江|貴美瑛|貴美絵|貴見恵|起美恵|起美江|起見江|輝味恵|輝実技|輝実映|輝実枝|輝実瑛|輝実絵|輝巳江|輝美映|輝美枝|輝美瑛|輝身恵|靖美恵|麿江|黄実江|黄美江	source-common-subset
さとこ	さとこ|さと子|サトコ|サト子|三十子|三和子|三富子|三時子|三都子|了子|仁女|仁子|佐乙子|佐人子|佐伴子|佐冬子|佐利子|佐及子|佐和子|佐土子|佐年子|佐得子|佐斗子|佐智子|佐東子|佐渡子|佐登子|佐知子|佐研子|佐都子|佐音子|作都子|佼子|倫子|優子|公子|利子|効子|叡子|吏子|吏香|咲十子|咲及子|咲斗子|咲時子|咲桃子|咲渡子|咲登子|咲翔子|咲都子|咲音子|哲子|啓子|央子|学子|小統子|小都子|小鼓音|左十子|左及子|左和子|左度子|左斗子|左澄子|左都子|巧子|差登子|幸十子|幸斗子|幸都実|幸都美|彩冬子|彩十子|彩斗子|彩朋子|彩都子|彩音子|徳子|怜子|怜瑚|怜香|恵女|恵子|悟子|惠子|想子|惺子|愉子|慧子|慧胡|才斗子|抄斗子|捷子|採途子|敏子|敬子|斉子|早人子|早利子|早同子|早富子|早斗子|早杜子|早灯子|早登子|早稲子|早都子|智子|智心|暁子|曉子|朋子|李子|査斗子|桜都子|沙十子|沙友子|沙戸子|沙斗子|沙東子|沙桐子|沙登子|沙都子|火子|玲子|理子|理絵|真人子|知子|知己|砂十子|砂斗子|砂渡子|砂登子|砂都子|祥斗子|紗乙子|紗人子|紗兎子|紗冬子|紗到子|紗戸子|紗斗子|紗智子|紗東子|紗桐子|紗登子|紗豊子|紗都子|紗音子|総子|總子|耽子|聖子|聡子|聡明子|聰子|茶斗小|茶都子|莉子|菜都子|覚子|覚湖|訓子|証子|誠子|諭子|識子|賀子|賢子|透子|達子|邑子|郊子|郡子|郷古|郷子|郷湖|都子|里光|里好|里子|里湖|里虹|里都子|里香|量子|颯子	source-common-subset
えりこ	えりこ|えり子|エリコ|エリ子|乃里子|亜梨子|会利子|会理子|会里子|伯立子|依利子|依李子|依梨子|依理子|依織子|依莉子|依里子|偉里子|円林子|円理子|叡理子|咲立子|咲莉子|園利子|園里子|央里子|彫子|影里子|得利子|得理子|徳利子|恵俚子|恵倫子|恵利子|恵厘子|恵吏子|恵律子|恵李子|恵林子|恵梨子|恵玲子|恵理子|恵理心|恵理香|恵立子|恵莉子|恵裏子|恵里子|悦利子|悦史子|悦吏子|悦梨子|悦理子|惠倫子|惠利子|惠厘子|惠吏子|惠理子|惠里子|愛利子|愛梨子|愛理子|愛璃子|愛立子|愛莉子|愛里子|慧利子|慧合子|慧吏子|慧理子|慧琳子|慧莉子|慧里子|懐理子|映利子|映厘鼓|映吏子|映李子|映梨子|映理子|映理都|映立子|映莉子|映里子|映鯉子|条怜子|枝利子|枝吏子|枝梨子|枝梨琴|枝理子|枝莉子|枝里子|栄倫子|栄利子|栄吏子|栄梨子|栄理子|栄莉子|栄里子|榮利子|榮里子|永倫子|永利子|永吏子|永季子|永李子|永理子|永莉子|永里子|江亮子|江令子|江利子|江厘子|江吏子|江李子|江梨子|江玲子|江理子|江璃子|江痢子|江莉子|江里子|江離子|江鯉子|瑛利子|瑛梨子|瑛理子|瑛莉子|瑛里子|画理子|穫理子|笑理子|笑莉子|笑里子|絵利子|絵厘子|絵吏子|絵律子|絵李子|絵梨子|絵梨湖|絵理妃|絵理子|絵璃子|絵莉子|絵里子|絵麗子|縁里子|繪梨子|繪理子|繪里子|英倫子|英利子|英吏子|英姫子|英梨子|英玲子|英理子|英璃子|英立子|英莉子|英里子|衛理子|衣倫子|衣利子|衣吏子|衣李子|衣梨子|衣理子|衣璃子|衣莉子|衣里子|衿子|襟子|詠利子|詠吏子|詠季子|詠理子|詠里子|選子|重利子|重理子|鋭里子|領子	source-common-subset
としひろ	世大|世浩|亨弘|仁宏|俊互|俊博|俊周|俊啓|俊大|俊央|俊宏|俊宣|俊寛|俊広|俊廣|俊弘|俊敬|俊治|俊泰|俊洋|俊浩|俊皓|俊祐|俊紘|俊蕗|俊裕|倫弘|健弘|利乾|利公|利博|利周|利啓|利大|利央|利宏|利宗|利寛|利広|利廣|利弘|利泰|利洋|利浩|利祐|利純|利裕|十志博|壽仁|壽啓|壽大|壽宏|壽弘|壽浩|外志広|季宏|季広|季弘|季洋|宗大|宗弘|宗浩|寿仁|寿博|寿啓|寿大|寿宏|寿寛|寿広|寿弘|寿昿|寿洋|寿浩|寿祐|寿紘|寿裕|峻洸|年光|年博|年啓|年宏|年寛|年広|年廣|年弘|年洋|年浩|年祐|年裕|年闊|敏丈|敏代|敏博|敏啓|敏大|敏央|敏宏|敏寛|敏尋|敏展|敏広|敏廣|敏弘|敏洋|敏浩|敏溥|敏滉|敏祐|敏紘|敏聖|敏裕|敦博|敦浩|敬弘|敬浩|敬裕|智博|智啓|智宏|智弘|智洋|智浩|智裕|梨寛|淑弘|淑浩|淑裕|理博|理宏|理広|理裕|甫啓|登史宏|登志宏|登志広|登志弘|禧寛|稔博|稔啓|稔大|稔太|稔宏|稔広|稔弘|稔泰|稔洋|稔浩|稔紘|稔裕|等浩|紀博|紀太|紀宏|紀洋|紀浩|紀裕|翁弘|考弘|聖大|聖弘|聡博|聡大|聡宏|聡寛|聡展|聡広|聡弘|聡洋|聡浩|聡裕|肇啓|肇宏|肇浩|逸裕|都志大|都志弘|鋭大|鋭弘|鋭浩|隼外|隼弘|雄大|順弘|順浩|駿光	source-common-subset
たかこ	たかこ|たか子|タカ子|一子|上子|丘子|丹佳子|亨子|享子|京子|代曄子|仰子|任子|位子|作子|修子|健子|公加子|公子|共子|功子|加子|勅子|勝子|卓可子|卓子|及子|台子|右子|和子|哲子|喬子|圭子|堂子|堯子|塁子|夕香子|多カ子|多伽子|多佳子|多克子|多加子|多可子|多哉子|多哥子|多嘉子|多圭子|多完子|多果子|多架子|多歌子|多河子|多珂子|多花子|多芳子|多華子|多貴子|多賀子|多賀孝|多郁子|多雅子|多香子|多馨子|天子|太佳子|太加子|太圭子|太子|太香子|央子|好子|妙佳子|妙歌子|妙香子|妥加子|姿子|威子|孔子|孝娘|孝子|季子|学女|学子|宇子|宗子|宜子|宝子|尊子|尚子|尭子|岑子|岳子|峰子|崇子|嵩子|希子|平子|幸子|延子|廷子|廷香子|恭子|悌子|愛容|才子|挙子|教子|敞子|敬子|旅子|昂子|栄子|梢子|毅子|汰可子|泰香子|流子|渉子|爵子|猛子|理子|生子|田佳子|田加子|田花子|田雅子|田香子|甲子|登子|皇子|皐子|社子|祥子|空子|空虹|立夏子|章子|篁子|翼香子|考子|耕子|聖子|能子|臣子|英鼓|荘子|華子|萬子|誉子|財子|貴世|貴佳子|貴加子|貴可子|貴哉子|貴娘|貴子|貴戸|貴湖|貴華子|貴賀子|貴香|貴香子|貴鼓|賞子|賢子|農子|邵子|郁子|郁香子|都子|陽子|隆子|隆胡|雅子|顕子|香子|高加子|高子|高賀子|鷹子	source-common-subset
くみこ	くみこ|くみ子|クミコ|クミ子|丘実子|丘美子|久三子|久仁子|久余子|久充子|久光子|久味子|久妙子|久実好|久実子|久実紅|久宮子|久富子|久實子|久峰子|久巳子|久弥子|久御子|久扇子|久望子|久未子|久民子|久満子|久珠子|久益子|久瞳子|久究子|久美君|久美好|久美子|久美江|久美湖|久美紅|久美香|久聖子|久見子|久視子|久観子|久都子|久鏡子|久魅子|九三子|九実子|九巳子|九海子|九美子|九見子|來未子|供美子|供見子|倶実子|倶美子|公三子|公光子|公后子|公味子|公子|公実子|公己子|公巳子|公弥子|公彌子|公未子|公海子|公省子|公美子|公見子|公視子|公身子|公郁子|共美子|具実子|具未子|具美子|列子|功三子|功味子|功実子|功未子|功美子|功見子|勺子|句三子|句味子|句実子|句美子|句見子|國美子|孔実子|孔未子|孔美子|孔臣子|宮弥子|宮美子|巧実子|巧美子|庫三子|弘実子|弘美子|弘見子|弘身子|恭三子|恭充子|恭実子|恭巳子|恭弥子|恭未子|恭美子|恭規子|旬美子|来実子|来巫|来未子|来民子|桑美子|求実子|求望子|求美子|汲子|玖三子|玖充子|玖実子|玖巳子|玖未子|玖海子|玖王子|玖珠子|玖美子|玖見子|球美子|矩充子|矩望子|矩未子|矩美子|究極美子|空実子|空弥子|空水子|空江子|空海子|空深子|空満子|空美子|空見子|空見香|紅実子|紅巨子|紅巳子|紅未子|紅民子|紅水子|紅稔子|紅美子|紅視子|組個|組子|綸子|織子|群子|薫珠子|薫美子|虞美子|訓子|訓美子|貢三子|貢右子|貢海子|貢美子|邦巳子|邦美子|郁美子|香美子|駒実子|駒美子|高実子	source-common-subset
ふみえ	ふみえ|ふみ恵|ふみ枝|ふみ江|フミエ|不三枝|不三江|二三恵|二三枝|二三江|二三絵|二実惠|二弥恵|二未江|二美恵|二美惠|二美枝|二美江|令恵|典恵|典枝|典栄|典江|典絵|典英|冨三栄|冨実恵|冨実枝|冨実江|冨実絵|冨美恵|冨美惠|冨美枝|冨美江|冨美絵|冬美恵|十三枝|史会|史依|史恵|史惠|史愛|史枝|史栄|史江|史瑛|史笑|史絵|史英|史衛|史衣|史詠|夫巳枝|夫美恵|夫美江|央江|奎瑛|婦美恵|婦美枝|婦美江|婦美絵|富三枝|富充恵|富味江|富実栄|富実江|富巳江|富水枝|富水江|富海恵|富美恵|富美惠|富美映|富美枝|富美栄|富美江|富美瑛|富美絵|富美英|富美重|富見恵|富見江|布三恵|布三江|布美恵|布美枝|布美江|布美絵|希美恵|扶三江|扶実恵|扶実枝|扶実江|扶未恵|扶美恵|扶美枝|扶美栄|扶美榮|扶美江|扶美絵|文三恵|文三枝|文依|文巳枝|文恵|文惠|文愛|文慧|文映|文未栄|文枝|文栄|文永|文江|文笑|文絵|文美恵|文美惠|文美枝|文美栄|文美江|文美絵|文美英|文英|文衛|文衣|文重|文静|書絵|歩実絵|歩美絵|福実枝|福美枝|章会|章恵|章惠|章枝|章栄|章江|章絵|章衣|籍慧|純江|美瑛|芙三恵|芙三枝|芙実枝|芙実江|芙實絵|芙弥江|芙文江|芙未恵|芙美恵|芙美枝|芙美江|芙美絵|芙見恵|詞江|踏絵|郁恵|郁惠|郁慧|郁枝|郁栄|郁江|郁絵|郁美恵|郁美江|郁英|郁衣|郁重|風実恵|風実慧|風実江|風実絵|風美恵|風美慧|風美江|風美絵	source-common-subset
けいじ	京二|京司|京嗣|京次|京治|京滋|佳二|佳史|佳司|佳志|佳慈|佳次|佳治|啓之|啓二|啓仁|啓児|啓冶|啓史|啓司|啓嗣|啓圭|啓士|啓弐|啓志|啓慈|啓時|啓次|啓氏|啓治|啓滋|啓爾|啓示|啓自|啓至|啓詞|啓資|啓路|圭ニ|圭之|圭二|圭児|圭史|圭司|圭嗣|圭士|圭志|圭次|圭治|圭滋|圭爾|圭知|圭示|圭路|奎二|奎治|奎爾|契二|径冶|径司|径至|恵二|恵仁|恵以|恵児|恵史|恵司|恵嗣|恵士|恵慈|恵次|恵治|恵滋|恵爾|恵璽|恵至|恵詞|恵路|惠二|惠司|惠士|惠次|惠治|惠至|慧二|慧児|慧治|慧爾|慶事|慶二|慶侍|慶児|慶司|慶吏|慶嗣|慶士|慶字|慶弐|慶志|慶慈|慶次|慶治|慶爾|慶路|敬之|敬事|敬二|敬児|敬史|敬司|敬嗣|敬士|敬志|敬慈|敬次|敬治|敬滋|敬爾|敬示|敬諮|景二|景仁|景侍|景児|景司|景嗣|景士|景次|景示|景至|桂二|桂仁|桂史|桂司|桂嗣|桂士|桂次|桂治|桂至|渓二|渓司|渓治|珪二|珪次|稽二|系治|経二|経侍|経司|経次|経治|経至|継二|継司|継時|継次|継治|肇冶|肇司|肇治|蛍二|計之|計二|計仁|計次|計治|警士|蹊二|雞二|馨二|馨児|馨司|馨治|馨滋|馨迩|鶏二|鶏治	source-common-subset
かすみ	かすみ|かす美|かす見|カスミ|一実|乾翔|伽住美|伽寿美|伽純|伽須美|何純|佳主実|佳主美|佳住|佳住美|佳佑美|佳好美|佳子美|佳寿実|佳寿美|佳淑|佳澄|佳琳|佳紀|佳純|佳素美|佳須美|加主巳|加住美|加壽美|加好美|加寸美|加寿|加寿未|加寿美|加有|加澄|加澄実|加澄美|加純|加須美|可住|可寿美|可恭|可澄|可澄実|可澄美|可純|可須美|和淑|和澄|和純|嘉寿美|嘉澄|嘉珠美|嘉純|圭澄|圭純|夏好|夏寿実|夏寿美|夏清|夏澄|夏純|夏翠美|夏透海|奏澄|好美|日澄|春日実|春望|春未|春海|春美|春見|春霞|朱純|果住|果寿美|果寿見|果澄|果純|果須実|果須美|架澄|架澄実|架澄美|架純|栞澄|歌澄|歌純|歌須美|河澄|火澄|珂琳|空|翔澄|翔純|花住|花好|花寿心|花寿深|花寿美|花朱美|花水実|花水美|花澄|花澄珠|花澄美|花珠水|花穂弥|花紀|花純|芳寿美|華住|華好|華寿|華寿実|華寿美|華淑|華清|華澄|華澄実|華澄美|華琳|華碧|華穂|華粛|華紀|華純|薫純|賀寿美|賀淑|賀澄|賀純|雅澄|雅純|霞|霞実|霞州美|霞弥|霞未|霞澄|霞純|霞美|風澄|風純|飛墨|香了|香住|香咲|香好|香寿|香寿実|香寿美|香寿見|香州美|香有|香朱美|香橙|香沙美|香清|香澄|香澄美|香珠美|香紀|香純|香素実|香素美|香維|香美|香須弥|香須美|馨守美|馨澄	source-common-subset
かずえ	かずえ|かず恵|かず枝|かず江|か寿枝|か寿江|カズエ|一乃|一会|一恵|一悦|一惠|一愛|一慧|一枝|一柄|一栄|一榮|一永|一江|一笑|一絵|一英|一葉|一衛|一衣|一都枝|一重|万恵|万惠|万枝|万重|主計|仁恵|佳主恵|佳主英|佳司恵|佳季|佳寿恵|佳寿枝|佳寿栄|佳寿江|佳恵|佳数恵|佳江|佳津恵|佳津枝|佳津栄|佳津江|佳珠江|佳瑞重|倭江|円恵|円慧|加壽惠|加壽江|加寿恵|加寿枝|加寿江|加寿絵|加津恵|加津枝|加津江|加珠恵|加都枝|加都江|加須恵|加鶴絵|加鶴繪|効恵|千恵|千愛|千枝|千淑|千絵|千詠|和亜|和会|和依|和兄|和央|和寿恵|和寿枝|和恵|和惠|和愛|和慧|和映|和杖|和枝|和栄|和永|和江|和泳|和津恵|和津江|和生|和画|和紅|和絵|和苗|和英|和衛|和衣|和重|品恵|員枝|員永|嘉壽江|嘉寸枝|嘉寿恵|嘉寿江|嘉寿重|嘉津江|壱絵|壽恵|壽江|夏季|夏寿枝|夏須江|多恵|多栄|容榮|寿得|寿恵|寿枝|寿栄|寿江|寿衣|寿詠|憲衛|数恵|数枝|数江|数絵|数衛|数誉|數江|桂江|歌寿栄|歌津江|法映|活恵|百絵|紀枝|紀江|胤恵|良恵|花珠栄|華寿枝|計|計恵|計枝|計江|賀主江|賀寿恵|賀寿枝|賀朱江|賀津恵|賀津江|量枝|香壽惠|香季|香寿恵|香寿枝|香寿江|香寿絵|香津依|香津枝|香津江|香珠恵|香珠江|香都枝|麗絵	source-common-subset
えり	えり|エリ|会梨|会理|会莉|会里|依利|依李|依梨|依理|依莉|依里|允理|円理|円里|圭里|巴梨|巴理|巴里|延梨|彗吏|彗理|彗莉|得吏|恵令|恵利|恵合|恵吏|恵季|恵悦|恵李|恵梨|恵理|恵璃|恵莉|恵里|恵鈴|悦理|悦里|惠利|惠吏|惠梨|惠理|惠莉|惠里|愛利|愛吏|愛心|愛梨|愛理|愛璃|愛莉|愛里|愛鈴|愛麗|慧利|慧李|慧梨|慧理|慧莉|慧里|慧麗|映利|映吏|映李|映梨|映玲|映理|映莉|映里|枝令|枝利|枝李|枝梨|枝理|枝織|枝莉|枝諒|枝里|柄利|栄利|栄梨|栄理|栄莉|栄里|永倫|永利|永吏|永季|永梨|永理|永聖|永莉|永里|江倫|江利|江吏|江季|江李|江来|江梨|江理|江璃|江良|江莉|江里|江麗|海燕|海里|瑛|瑛梨|瑛理|瑛莉|瑛里|瑛麗|画里|笑李|笑梨|笑理|笑莉|笑里|絵り|絵利|絵厘|絵吏|絵悧|絵有|絵李|絵梨|絵理|絵璃|絵莉|絵里|絵鈴|絵鯉|絵麗|繪里|芸里|苗莉|英依|英倫|英利|英吏|英李|英梨|英理|英璃|英莉|英里|英鈴|萌理|萌里|衛里|衣利|衣厘|衣李|衣梨|衣理|衣莉|衣里|衣麗|衿|襟|詠梨|詠理|詠莉|詠里|誉利|誉理|選|重里|領|麗彗	source-common-subset
あきほ	あきほ|あき帆|あき穂|アキホ|亜喜穂|亜希保|亜希帆|亜希歩|亜希穂|亜木帆|亜樹歩|亜紀帆|亜紀歩|亜紀穂|亜記帆|亜貴穂|亜起歩|亮保|亮帆|亮歩|亮甫|亮穂|信歩|哲帆|安希歩|安希穂|安貴帆|実穂|審穂|彗帆|彩帆|彩穂|彬保|彬帆|彬歩|彬甫|彬穂|彰帆|彰甫|彰穂|愛希穂|愛穂|揚帆|文穂|日穂|旭保|旭帆|旭歩|旭甫|旭穂|旺保|旺帆|旺甫|昂歩|昌帆|昌穂|明保|明姫歩|明季穂|明布|明帆|明希帆|明星|明歩|明浦|明灯|明甫|明畝|明稀星|明穂|明紀帆|映帆|映穂|昭帆|昭甫|昭畝|昭穂|昭穗|晃保|晃帆|晃歩|晃甫|晃穂|晄穂|晟保|晟帆|晟甫|晨帆|晨甫|晨穂|晶保|晶帆|晶星|晶甫|晶穂|暁保|暁帆|暁星|暁歩|暁甫|暁穂|暉帆|有希穂|有希萌|朗保|朗帆|朗甫|朗穂|歩実|淳帆|淳穂|照帆|照穂|燦保|燦帆|燦甫|燦穂|燿穂|爽保|爽帆|爽歩|爽甫|爽穂|玲保|玲帆|玲歩|玲甫|玲穂|珠穂|瑛保|瑛穂|璃保|璃穂|発帆|白帆|瞭歩|秋保|秋妃星|秋帆|秋桜穂|秋歩|秋甫|秋畝|秋穂|秋穗|穂歩|空星|章保|章帆|章歩|章畝|紋穂|綾希穂|翠穂|聡保|聡帆|聡歩|聡甫|聡穂|諒帆|諒穂|輝歩|陽|陽保|陽帆|陽歩|陽甫|陽穂|顕帆|顕甫|顕穂	source-common-subset
まさのぶ	仁将|仁暢|仁長|優信|優喜|優敦|允信|允宣|元達|全伸|全修|全宣|全進|公伸|公信|公允|公叙|公将|勝信|勝允|勝常|勝惟|匡伸|匡信|匡史|匡宣|匡将|匡延|匡暢|匡紳|和将|壮敦|壯伸|宜信|将伸|将信|将允|将命|将宜|将宣|将展|将常|将延|将暢|将正|将董|将進|将順|将頌|將信|將喜|將展|將暢|將申|巨信|庄伸|征伸|征信|征宜|応信|慎恒|成宣|成暢|政与|政伸|政信|政修|政允|政喜|政宣|政将|政展|政延|政暢|政達|政靖|政順|方伸|方宣|旬伸|旬展|昌伸|昌信|昌允|昌宣|昌展|昌延|昌慶|昌敦|昌暢|昌靖|晶宣|暢宣|栄信|正亘|正伸|正信|正修|正允|正喜|正宜|正宣|正寛|正寿|正将|正展|正庸|正延|正恒|正慶|正敦|正暢|正章|正統|正舒|正誠|正身|正進|正陳|正靖|正順|理伸|理修|理薦|的信|眞信|眞暢|眞頌|真之|真伸|真信|真収|真宣|真庸|真延|真暢|真進|真靖|祐喜|薫伸|誠信|誠修|誠延|賢伸|賢信|賢修|賢展|賢陳|賢順|雅亘|雅伸|雅信|雅修|雅允|雅喜|雅宜|雅宣|雅寛|雅将|雅展|雅常|雅庸|雅延|雅恒|雅敦|雅暢|雅永|雅申|雅発|雅紳|雅順	source-common-subset
かずこ	かずこ|かず子|カズコ|カズ子|一子|一心|一虹|万子|主子|九子|二子|伽主子|伽住子|伽寿子|伽須子|佳主子|佳住子|佳受子|佳壽子|佳寿子|佳崇子|佳州子|佳律子|佳月子|佳朱子|佳津子|佳珠子|佳瑞子|佳祐子|佳素子|佳都子|佳附子|佳須子|佳鶴子|倭子|円子|加住子|加受子|加司子|加壽子|加寸子|加寿子|加朱子|加治子|加津子|加澄子|加珠子|加瑞子|加純子|加豆子|加通子|加都子|加須子|加鶴子|千女|千子|収子|可ず子|可主子|可住子|可壽子|可寿子|可津子|可須子|和|和乎|和代子|和女|和子|和寿子|和己|和巳|和朱子|和湖|和田|和香|員子|哲子|嘉住子|嘉壽子|嘉寿子|嘉津子|嘉瑞子|嘉鶴子|圭津子|壱子|壹子|壽子|夏住子|夏寿子|夏須子|多子|宗子|寿子|師子|幸子|弌子|徳子|数子|日好子|日寿子|旦子|果住子|果寿子|果須子|桂寿子|歌住子|歌寿子|歌須子|毎子|治子|知子|種子|策子|算子|籌子|紀子|総子|總子|聡子|胤子|良子|花住子|花図子|花寿子|花珠子|花瑞子|花須子|芳寿子|芳珠子|華住子|華寿子|華都子|華須子|萬子|計子|詩子|賀壽子|賀寿子|賀崇子|賀津子|賀珠子|賀須子|賀鶴子|起子|運子|邦子|郁瑞子|量子|長子|雅津子|霞住子|霞寿子|霞須子|香主子|香住子|香壽子|香寿子|香州子|香春子|香月子|香朱子|香樹子|香津子|香澄子|香珠子|香瑞子|香都子|香須子|馨津子	source-common-subset
あい	あい|アイ|与|亜イ|亜井|亜以|亜伊|亜似|亜位|亜依|亜倭|亜唯|亜妃|亜委|亜姫|亜居|亜惟|亜意|亜比|亜泉|亜為|亜生|亜瞳|亜維|亜緯|亜英|亜衣|亜言|亜集|亞以|亞依|亞胃|亞衣|会|会依|会子|可愛|可愛姫|吾唯|吾惟|吾衣|和|和美|哀|唖衣|天糸|学|安井|安以|安伊|安似|安依|安倭|安唯|安委|安威|安居|安惟|安斐|安為|安維|安衣|彩伊|彩依|彩惟|彩生|彩維|彩衣|心|思|恵|想|愛|愛乃|愛井|愛以|愛伊|愛依|愛唯|愛姫|愛己|愛彩|愛惟|愛意|愛生|愛維|愛育|愛華|愛藍|愛衣|愛郁|愛鋳|文|明彩|明生|明維|明衣|曖|曖子|有以|有似|有偉|有愛|杏依|杏維|杏衣|桜衣|梓衣|歩以|歩依|歩唯|歩惟|歩維|歩衣|海依|海衣|温意|甘苺|相|相衣|真愛|瞳|碧|礼絵|系|紫花|絢唯|絵衣|綾衣|英|茜依|葵|葵依|藍|藍以|藍依|藍維|藍衣|藹|逢|逢依|逢子|逢衣|阿井|阿以|阿伊|阿依|阿倭|阿偉|阿唯|阿委|阿居|阿惟|阿為|阿維|阿緯|阿衣|阿郁|靄|麻依|麻惟|麻愛|麻生|麻糸|麻系|麻衣|麻郁	source-common-subset
あいり	あいり|あい李|あい梨|あい理|あい里|アイリ|亜以利|亜以李|亜以梨|亜以理|亜以莉|亜以里|亜伊李|亜伊梨|亜依利|亜依李|亜依梨|亜依理|亜依莉|亜依里|亜唯璃|亜唯莉|亜唯里|亜委里|亜惟利|亜惟李|亜惟梨|亜惟理|亜惟莉|亜惟里|亜椅裡|亜維梨|亜維理|亜衣利|亜衣李|亜衣梨|亜衣浬|亜衣理|亜衣璃|亜衣莉|亜衣里|和璃|和莉|和里|哀里|唯莉|天乃里|天依理|安以利|安以李|安以梨|安以理|安以莉|安以里|安伊里|安依利|安依李|安依梨|安依理|安依莉|安依里|安惟利|安惟李|安惟梨|安惟理|安惟莉|安惟里|安意利|安意李|安意梨|安意理|安意莉|安意里|安衣利|安衣李|安衣梨|安衣理|安衣莉|安衣里|彩入|彩衣利|彩衣里|愛以里|愛伊璃|愛似里|愛依梨|愛依理|愛凛|愛利|愛吏|愛哩|愛唯李|愛唯里|愛心|愛李|愛栞|愛梨|愛浬|愛涼|愛玲|愛理|愛琳|愛璃|愛生|愛生涼|愛綾|愛織|愛莉|愛衣莉|愛衣里|愛里|愛鈴|愛鯉|愛麗|文衣理|明伊梨|明依里|曖梨|有惟理|有衣梨|有里|朱以吏|杏依梨|杏依莉|杏梨|杏衣梨|杏衣莉|杏衣里|歩惟里|相里|瞳莉|瞳里|碧里|綺星|葵梨|藍利|藍吏|藍李|藍梨|藍理|藍琳|藍璃|藍綸|藍莉|藍里|藍鈴|藍麗|逢季|逢梨|逢里|阿以利|阿以李|阿以梨|阿以理|阿以莉|阿以里|阿伊離|阿委利|阿委李|阿委梨|阿委理|阿委莉|阿委里|阿衣璃|雅衣里|鮎璃|麻衣里	source-common-subset
けいすけ	京輔|佳亮|佳介|佳佑|佳典|佳助|佳右|佳将|佳恭|佳昌|佳甫|佳祐|佳裕|佳資|佳輔|兄輔|勁介|匡祐|啓丞|啓之|啓亮|啓介|啓佐|啓佑|啓修|啓允|啓典|啓助|啓友|啓右|啓哉|啓将|啓恭|啓扶|啓昌|啓督|啓祐|啓裕|啓資|啓輔|啓輪|圭之|圭亮|圭介|圭佐|圭佑|圭允|圭典|圭助|圭右|圭哉|圭将|圭左|圭希|圭恭|圭甫|圭相|圭督|圭祐|圭翼|圭良|圭裕|圭賃|圭資|圭輔|奎亮|奎介|奎佑|奎輔|契介|契助|契祐|契輔|彗介|径介|径右|恵丞|恵亮|恵介|恵佐|恵佑|恵典|恵助|恵右|恵将|恵祐|恵資|恵輔|惠介|惠佑|慧亮|慧介|慧佑|慧右|慧甫|慧祐|慧翼|慧輔|慶丞|慶亮|慶介|慶佑|慶典|慶助|慶右|慶哉|慶如|慶祐|慶裕|慶輔|敬之|敬亮|敬介|敬伴|敬佑|敬典|敬助|敬友|敬右|敬救|敬祐|敬補|敬資|敬輔|敬陪|景亮|景介|景佑|景助|景祐|景補|景輔|桂亮|桂介|桂佑|桂典|桂助|桂右|桂哉|桂甫|桂祐|桂輔|渓介|渓佑|渓祐|渓輔|溪典|珪亮|穂輔|経介|経典|経助|経恭|経祐|経輔|継介|継典|継祐|螢介|計丞|計介|計助|計祐|計輔|馨介|鮭介|鶏介	source-common-subset
ともこ	ともこ|とも子|トモコ|トモ子|丈子|与子|乙文子|交子|以子|价子|企子|伍子|伯子|伴子|作子|侍子|供子|倫佳|倫子|倶子|偕子|備子|僚子|儔子|允子|充子|公子|共子|具子|典子|兼子|冬若子|冬萌子|十模子|十百子|十茂子|十萌子|協子|及子|及望子|友子|友己|友朋子|友望子|友湖|友百子|友胡|友茂子|友萌子|友香|史子|周子|和君|唱子|土母子|土茂子|外茂子|奉子|始子|委子|宝子|実子|富茂子|寛子|寿子|巴公|巴子|巴萌子|常芳子|幸子|幹子|度望子|徒子|徒望子|従子|恭子|悌子|敦子|文子|斗望子|斗茂子|明子|明日子|智好|智子|智己|智湖|智紅|智胡|智茂子|智香|暢子|曹子|有子|朋子|朋萌光|朋萌子|朋香|朗子|朝子|末子|杜茂子|杜萌子|東望子|東望紅|東茂子|桃望子|治子|灯子|灯望子|点子|燈子|登望子|登茂子|登萌子|皆子|盟子|睦子|瞳毛子|知|知古|知子|知江|知湖|知百子|知紅|知萌子|禎子|等子|節子|紀子|美喜子|群子|義子|翔望子|耶子|聡文子|聡母子|肥子|與子|興子|萠子|藤萌子|衆子|視子|誠子|豊茂子|資子|遠萌子|邑子|那子|都子|都望子|都母子|都生子|都茂子|都萌子|都藻子|里智子|階子|靹子|鞆子|頼子|類子	source-common-subset
ほのか	ほのか|ほの伽|ほの楓|ほの花|ほの香|ホノカ|仄華|保乃加|保乃花|保乃華|保乃香|保之香|保暖花|保音奏|優加|包華|和|和花|和香|宝乃果|宝暖叶|宝望叶|帆の香|帆乃伽|帆乃佳|帆乃加|帆乃夏|帆乃果|帆乃楽|帆乃歌|帆乃花|帆乃風|帆乃香|帆之花|帆之香|帆伽|帆加|帆夏|帆奏|帆海|帆紀香|帆花|帆華|帆野華|帆野香|帆風|帆香|微|微ノ華|微香|心温|心香|恋果|愛加|愛香|星乃花|暖叶|暖花|暖香|朋乃果|朋乃華|朋奏|朋望来|朋花|朋華|朋郁|朋香|末明|桜花|桜香|歩乃|歩乃圭|歩乃夏|歩乃果|歩乃樺|歩乃歌|歩乃花|歩乃華|歩乃香|歩佳|歩加|歩愛|歩暖香|歩望花|歩果|歩歌|歩海花|歩翔|歩花|歩野歌|歩音歌|歩風|歩香|洸|洸香|渉佳|温華|温香|火乃華|火乃香|火海|火神|焔華|煌|甫香|由帆|百海|秀乃佳|秀乃香|穂|穂のか|穂の花|穂の香|穂乃伽|穂乃佳|穂乃夏|穂乃果|穂乃楓|穂乃歌|穂乃火|穂乃花|穂乃華|穂乃風|穂乃香|穂之伽|穂之佳|穂之果|穂之花|穂伽|穂佳|穂夏|穂希香|穂日|穂果|穂楓|穂歌|穂花|穂華|穂野花|穂野香|穂風|穂香|肌香|芳乃香|芳之馨|芳香|萌乃佳|萌乃和|萌乃香|萌伽|萌和歌|萌夏|萌景|萌暖香|萌果|萌栞|萌楓|萌花|萌香|誉乃佳|豊乃香|那乃花|邦乃香|鳳野花	source-common-subset
よしき	よしき|与式|与志喜|与志希|与志木|与志来|与志樹|与志貴|仁希|佳姫|佳己|佳希|佳木|佳樹|佳紀|健樹|克樹|凱城|凱樹|吉喜|吉希|吉樹|吉毅|吉紀|吉規|吉記|吉貴|吉輝|吉騎|和姫|啓希|善喜|善己|善希|善来|善樹|善生|善紀|善規|善貴|善起|善輝|喜基|喜樹|喜毅|喜生|喜紀|喜規|喜貴|嘉亀|嘉幹|嘉樹|嘉毅|嘉紀|嘉規|嘉貴|嘉輝|好喜|好基|好季|好樹|好貴|好起|好輝|嬉季|嬉希|宣紀|幸期|徳己|徳樹|愛|愛記|慈姫|慶基|慶季|慶樹|慶紀|慶輝|新輝|栄樹|欣樹|毅樹|為章|由喜|由妃|由季|由己|由揮|由樹|由紀|由葵|由規|由記|由貴|由起|由輝|由騎|祥公|祥喜|祥城|祥己|祥希|祥樹|祥毅|祥紀|祥輝|純貴|美喜|美憙|美樹|美紀|義喜|義城|義基|義希|義材|義樹|義毅|義生|義紀|義規|義貴|義起|義輝|能生|良喜|良城|良基|良季|良希|良材|良樹|良機|良毅|良生|良紀|良興|良規|良記|良貴|良起|良軌|良輝|芳喜|芳城|芳妃|芳姫|芳季|芳己|芳希|芳揮|芳樹|芳生|芳紀|芳貴|芳輝|誉志希|誉志樹|貴樹|貴生|貴紀|資木|賢希	source-common-subset
すみえ	すみえ|すみ恵|すみ枝|すみ江|スミエ|スミ恵|主実恵|久恵|住依|住恵|住枝|住栄|住江|住絵|住美絵|優美恵|右江|周三江|墨江|墨繪|壽実枝|壽美恵|壽美惠|壽美枝|壽美江|好恵|好江|守三江|守美恵|守美惠|寸美恵|寿み江|寿三恵|寿三枝|寿三江|寿三重|寿光恵|寿実恵|寿実枝|寿実栄|寿実江|寿実絵|寿実英|寿己江|寿巳江|寿恵|寿未枝|寿枝|寿栄|寿江|寿絵|寿美|寿美恵|寿美枝|寿美栄|寿美江|寿美絵|寿美英|寿見恵|崇美恵|恭枝|恭栄|恭永|恭江|有恵|有惠|有枝|有江|末美恵|朱三江|朱巳江|朱美恵|朱美江|朱美絵|枢実枝|浄江|淑恵|淑枝|淑江|淑満江|淑絵|淳江|清咲|清恵|清枝|清江|清絵|清衣|済恵|済江|澄会|澄依|澄兄|澄実恵|澄実江|澄己枝|澄恵|澄愛|澄映|澄枝|澄栄|澄永|澄江|澄絵|澄美恵|澄美枝|澄美江|澄英|澄衛|澄衣|澄重|珠実枝|珠美恵|珠美枝|珠美江|珠美英|篤枝|紀恵|紀枝|紀江|紀絵|純会|純己恵|純恵|純愛|純映|純會|純枝|純柯|純栄|純永|純江|純満恵|純満惠|純絵|純美恵|純美惠|純美江|純英|純衣|純重|素実恵|素巳枝|素美恵|素美江|聖江|葉菜|角恵|角枝|角江|角美枝|透惠|重恵|隅枝|隅江|須三栄|須実恵|須巳江|須美恵|須美枝|須美江|須美絵	source-common-subset
はるみ	はるみ|はる美|はる良|ハルミ|久美|令美|侑美|元実|元美|啓美|巴瑠美|張実|張美|悠未|悠水|悠美|悠翠|敏美|日海|早春実|明巳|明心|明水|明美|明見|春み|春万|春三|春女|春好|春実|春己|春巳|春弓|春心|春望|春未|春水|春泉|春洋|春海|春湖|春瑠美|春生|春真|春美|春茉|春見|春魅|春麻|昭美|晏未|晏海|晴み|晴三|晴光|晴天|晴実|晴峰|晴己|晴巳|晴弓|晴弥|晴心|晴望|晴未|晴水|晴海|晴深|晴湖|晴瑞|晴生|晴男|晴留実|晴留美|晴美|晴見|晴視|晴躬|暖実|暖弓|暖望|暖水|暖海|暖深|暖生|暖美|東子|東弥|東海|東美|東見|杳美|栄美|榛実|榛未|治三|治味|治実|治己|治巳|治未|治海|治生|治美|治見|治貢|治身|波流実|波流美|波瑠美|波留美|泰美|洋美|浩美|消揺身|清海|温三|温巳|温弥|温日実|温窮|温美|照美|玄実|玄珠|玄美|知己|知美|美|美味|美洋|美海|美美|芭瑠深|花弥|英美|華生|華美|葉流美|葉瑠美|葉留美|遙水|遥実|遥心|遥未|遥海|遥美|遼実|陽実|陽己|陽巳|陽心|陽美|陽視|霽|青己|青巳|青海|青美|麗未|麗海	source-common-subset
まどか	まどか|まど佳|まど加|まど果|まど香|マドカ|万冬香|万努加|万努果|万努花|万土香|万杜歌|万桃花|万登歌|万登賀|万都佳|万都加|万都花|万都霞|万都香|丸佳|円|円佳|円加|円嘉|円夏|円奏|円子|円日|円果|円架|円歌|円理子|円美|円翔|円花|円菓|円華|円賀|円香|円馨|和|和加|和香|圓|夢|夢香|愛|愛佳|愛花|愛香|摩努加|暢|月|望|満登香|玲|眞花|真佳|真冬芽|真冬香|真努加|真努果|真努花|真努香|真十香|真土香|真富香|真斗花|真斗華|真斗香|真智香|真杜歌|真杜香|真桃花|真澄香|真登香|真瞳花|真瞳香|真翔香|真華|真藤花|真透香|真都佳|真都加|真都可|真都嘩|真都樺|真都花|真都華|真都霞|真都香|真香|瞬|瞳香|磨土花|磨土香|窓佳|窓可|窓夏|窓楓|窓歌|窓花|窓華|窓風|窓香|紅|聖花|舞乙香|舞冬花|舞登香|茉冬香|茉努加|茉努果|茉努花|茉土夏|茉土花|茉土香|茉奴香|茉富香|茉斗香|茉杜歌|茉桃花|茉渡嘉|茉渡果|茉渡歌|茉渡華|茉渡香|茉登果|茉登香|茉都佳|茉都霞|茉都香|華|陽香|麗堵華|麻冬花|麻冬香|麻努加|麻努果|麻努花|麻十香|麻土花|麻土香|麻奴香|麻富果|麻斗佳|麻杜歌|麻桃花|麻渡佳|麻渡果|麻渡花|麻渡香|麻登佳|麻登香|麻瞳佳|麻瞳環|麻都佳|麻都加|麻都花|麻都霞|麻都香	source-common-subset
としあき	俊亮|俊光|俊哲|俊啓|俊彬|俊彰|俊旭|俊昌|俊明|俊昭|俊晃|俊晤|俊晶|俊暁|俊曉|俊朗|俊瑛|俊省|俊祥|俊秋|俊章|俊聡|俊見|俊詔|俊顕|信朗|信章|倫章|利亮|利光|利公|利哲|利彰|利念|利成|利招|利昌|利明|利昭|利晃|利晶|利朗|利知|利秋|利章|利聡|利謙|利顕|壽昭|季明|季昭|季晃|富氏章|寿亮|寿哲|寿彰|寿明|寿昭|寿晃|寿晶|寿暁|寿朗|寿秋|寿章|寿聡|寿顕|寿顯|峻愛|峻明|年光|年哲|年明|年昭|年晃|年晶|年秋|年章|憲明|憲昭|才彰|才明|才景|敏了|敏亮|敏公|敏彰|敏昌|敏明|敏昭|敏晃|敏晶|敏朗|敏照|敏瑛|敏白|敏秋|敏章|敏耀|敏聡|敏輝|敏顕|敦昭|敬明|斎光|明昭|晶稔|智彰|智憲|智旦|智旭|智明|智昭|智朗|智瑛|智章|暁亮|暁旦|歳明|歳昭|毅明|淑明|淑晃|淳暁|理明|理章|登志明|登明|稔亮|稔哲|稔昌|稔明|稔映|稔昭|稔晃|稔晶|稔秋|稔章|粛朗|紀彰|紀昌|紀明|紀昭|紀章|考亮|聖明|聡亮|聡哲|聡明|聡昭|聡晃|聡晶|聡朗|聡章|聡輝|聰明|藤志明|資昭|賢明|賢照|逞詮|逸朗|銛章	source-common-subset
のぶよし	与佳|亘幹|亘理|亘純|亘良|伝芳|伸佳|伸兆|伸典|伸吉|伸嘉|伸圭|伸好|伸宜|伸宣|伸怡|伸悦|伸旨|伸是|伸欣|伸由|伸睦|伸祥|伸美|伸義|伸良|伸芳|伸虔|伸賢|伸郎|信令|信佳|信儀|信允|信克|信可|信吉|信善|信喜|信嘉|信好|信孝|信幹|信弥|信悦|信愛|信慶|信敬|信欣|信由|信祥|信禎|信美|信義|信能|信至|信良|信芳|信順|修克|修功|修由|修祥|修義|修良|修芳|収兄|史孝|啓義|喜慶|喜良|宜睦|宜致|宜芳|宣介|宣代士|宣佳|宣利|宣吉|宣善|宣喜|宣嘉|宣好|宣孔|宣慶|宣是|宣祥|宣紀|宣美|宣義|宣良|宣芳|寛由|将嘉|将宜|展佳|展功|展啓|展慶|展由|展祥|展義|展芳|布佳|常義|庸嘉|庸好|庸禎|庸貴|延介|延佳|延吉|延喜|延嘉|延好|延幸|延慶|延欣|延由|延祥|延美|延義|延良|延芳|惟義|昇義|晋義|晋芳|暢克|暢善|暢好|暢烈|暢純|暢義|暢良|暢芳|永欣|申佳|申宜|睦富|章好|経惟|総禎|総義|緩与|裕允|誠彬|誠文|誠良|述良|進嘉|進祥|進賢|長慶|靖佳|靖吉|靖禎|順好|順義|順良|順資|頌昌	source-common-subset
ひろゆき	ヒロユキ|仁之|光志|克行|公之|公幸|公志|公敬|公行|博之|博孝|博幸|博征|博憲|博文|博是|博由紀|博章|博行|博通|博遊|博雪|厚行|周行|啓之|啓介|啓如|啓幸|啓征|啓敬|啓至|啓行|嘉之|坦之|大之|大元|大幸|大征|大志|大行|央之|央幸|央行|宏之|宏侑|宏幸|宏征|宏来|宏至|宏行|宗之|宗幸|宙于|宙行|宙透|宣行|宥之|容之|容幸|容行|寛之|寛如|寛幸|寛征|寛志|寛悠|寛行|寛進|尋之|尋行|展幸|展行|幸展|広之|広介|広幸|広征|広由紀|広行|廣之|廣幸|廣行|弘之|弘幸|弘強|弘征|弘恭|弘章|弘行|弘順|悠之|拓之|拓幸|拓行|拡之|拡幸|拡行|敬之|敬幸|敬雪|昊幸|晋之|曠之|汪之|泰之|泰亨|泰千|泰将|泰幸|泰志|泰行|洋之|洋幸|洋征|洋志|洋行|洪之|洸之|洸幸|浩世|浩之|浩幸|浩征|浩志|浩章|浩行|浩雪|淳行|溥之|溥幸|滉之|潤之|潤幸|煕幸|熙之|皓之|碩之|礼之|礼行|祐之|祐幸|祐行|祥之|篤行|紘之|紘幸|紘行|裕之|裕亨|裕幸|裕征|裕徑|裕教|裕由|裕章|裕紀|裕行|裕通|誠幸|豁行|陽之|頌之	source-common-subset
さなえ	さなえ|さな江|サナエ|サナ江|三直恵|三菜恵|五奈江|佐名恵|佐名枝|佐奈恵|佐奈映|佐奈枝|佐奈栄|佐奈江|佐奈絵|佐奈英|佐奈重|佐納得|佐苗|佐菜恵|佐菜枝|佐菜江|佐菜絵|作苗|冴名恵|冴菜恵|冴菜絵|咲七枝|咲七重|咲名枝|咲奈依|咲奈恵|咲奈枝|咲苗|咲菜恵|咲菜枝|咲菜江|咲那江|妙苗|実苗|小奈恵|小奈枝|小奈永|小奈江|小奈絵|小枝|小苗|小菜恵|左内江|左奈恵|左苗|幸奈栄|幸苗|彩奈恵|彩奈江|彩奈絵|彩奈重|彩苗|彩菜笑|才奈恵|才苗|抄奈恵|抄奈栄|抄奈江|抄苗|早七恵|早乃江|早南恵|早名恵|早名絵|早名衣|早奈亜|早奈恵|早奈枝|早奈江|早奈英|早恵|早枝|早江|早秧|早絵|早苗|早苗恵|早苗枝|早苗江|早菜恵|早菜枝|早菜江|早菜衣|早那恵|早那枝|早那江|早那英|早那衣|早重|桜名枝|桜苗|沙南恵|沙和恵|沙奈恵|沙奈枝|沙奈栄|沙奈江|沙奈絵|沙奈衣|沙奈重|沙苗|沙茄江|沙菜恵|沙菜江|沙菜絵|沙菜英|沙那恵|爽那恵|皐苗|眞恵|眞萌|真得|真恵|真惠|真愛|真慧|真枝|真栄|真江|真絵|真苗|真英|真衣|砂奈恵|砂奈映|砂奈枝|砂奈穂|砂納恵|砂苗|砂那江|秧|稲苗|紗奈恵|紗奈映|紗奈枝|紗奈江|紗奈絵|紗奈英|紗奈衣|紗苗|紗菜恵|紗菜江|紗菜絵|紗菜英|紗那恵|紗那江|苗枝|茶苗|草苗|菜苗|采奈依|里奈江|鈴枝|颯苗	source-common-subset
よしたか	ヨシタカ|万孝|与志隆|仁孝|佐登|佳孝|佳崇|佳嵩|佳敬|佳貴|佳隆|佳高|儀孝|儀隆|克孝|克尚|克崇|克高|凱孝|利昂|剛孝|剛敬|剛昂|吉任|吉孝|吉尊|吉尭|吉崇|吉敬|吉考|吉貴|吉隆|吉高|啓孝|善任|善喬|善堂|善孝|善崇|善嵩|善敬|善貴|善賢|善隆|善高|喜孝|喜崇|喜敬|喜正|喜貴|喜隆|喜高|嘉孝|嘉崇|嘉敬|嘉祝|嘉貴|嘉隆|嘉高|夜下香|好剛|好孝|好崇|好敬|好貴|好隆|好高|孔享|孝岳|孝高|宜孝|宜敬|容教|尚孝|幸好|幸孝|彬孝|恵孝|恵山|惟高|慶孝|慶崇|慶貴|慶隆|慶高|敬孝|昌孝|欣剛|欣孝|淑孝|淑崇|為章|由享|由孝|由崇|由嵩|由敬|由貴|由隆|由高|祥孝|祥尭|祥敬|祥隆|禎孝|福隆|純孝|美孝|美貴|美隆|義剛|義卓|義孝|義尊|義尚|義崇|義恭|義敬|義旗|義章|義象|義貴|義賢|義隆|義高|能孝|能監|能隆|至孝|至高|良俊|良剛|良孝|良尊|良岱|良崇|良敬|良生|良誉|良誠|良貴|良隆|良高|芳剛|芳喬|芳孝|芳宜|芳崇|芳嵩|芳茂|芳貴|芳賢|芳隆|芳高|薫孝|貴隆|賀公|賀孝|賀隆|順隆	source-common-subset
みお	みお|ミオ|三央|三桜|三生|三緒|三織|三青|京桜|充央|充扇|充桜|充王|充生|充織|光央|光扇|光桜|光生|光穂|光緒|光雄|味央|壬生|好音|妙於|妙王|妙音|姫桜|実央|実旺|実桜|実欧|実渚|実王|実珠|実生|実絃|実緒|実青|実音|実魚|峰音|巳緒|希緒|幹央|弥央|弥於|弥桜|弥生|弥緒|彌央|彌桜|心勇|心桜|心生|心穏|心緒|心音|心麻|愛音|明王|映音|望央|望緒|未大|未央|未峰|未桜|未欧|未渚|未生|未緒|未織|未陽|未青|未音|未麻|末央|来央|果生|果緒|水央|水尾|水扇|水桜|水澪|水王|水生|水緒|水脈|水青|水音|水魚|波音|海央|海桜|海緒|海雄|海音|深央|深愛|深生|深緒|深青|深音|深麻|満音|澪|澪音|珠央|珠於|珠桜|珠緒|瑞|瑞央|瑞桜|瑞音|生音|真愛|緑音|美丘|美和|美央|美女|美帆|美広|美想|美愛|美旺|美桜|美欧|美渚|美澪|美王|美生|美穂|美絃|美緒|美織|美良|美阿|美青|美音|美魚|美麻|翠音|聖央|聖生|聖緒|聖音|良雨|見緒|視音|観桜|観魚|零|魅桜	source-common-subset
ひかり	ひかり|ひか利|ひか梨|ひか莉|ヒカリ|光|光り|光人|光伽里|光佳里|光凛|光利|光加里|光彩|光景|光梨|光狩|光理|光璃|光莉|光華|光里|光香里|光麗|太陽|妃佳理|妃佳里|妃加璃|妃加莉|妃加里|妃可梨|妃嘉利|妃果利|妃果梨|妃果莉|妃花理|妃花莉|妃花里|妃華利|妃華李|妃華梨|妃華理|妃華里|妃雅利|妃香吏|妃香梨|妃香理|妃香璃|妃香莉|妃香里|妃香麗|姫光|姫花里|姫華理|姫香莉|彦佳莉|彩|彩星|彼香里|愛|日伽里|日佳梨|日佳理|日佳里|日佳麗|日光|日加利|日加理|日加里|日可里|日夏理|日果里|日架梨|日歌里|日狩|日花梨|日花里|日華里|日雅里|日香利|日香栞|日香梨|日香理|日香璃|日香莉|日香里|星|星凜|晃|晃理|景|晶|暉|曙光|曜|曜里|朝陽|柊奏里|比佳理|比佳里|比加利|比加理|比加里|比果利|比歌里|比香李|比香理|比香莉|比香里|氷花里|洸|火花里|灯加里|灯可理|灯香里|燿璃|琉様|空|緋佳莉|緋夏里|緋花梨|緋花璃|緋華李|緋華理|緋華璃|緋香理|緋香里|耀|聖光|菊香里|華|輝|輝光|輝梨|輝璃|陽|陽佳里|陽光|陽加里|陽夏李|陽夏梨|陽夏莉|陽歌里|陽海里|陽花梨|陽花莉|陽花里|陽里|陽香梨|陽香理|陽香莉|陽香里|響香里|飛佳理|飛夏里|飛花里|飛華吏|魅月	source-common-subset
まさこ	まさこ|まさ好|まさ子|マサコ|マサ子|万佐子|万作子|万咲子|万左子|万沙子|万砂子|万祥子|万紗子|亞子|仁子|倭子|優子|優江|允子|元子|充子|全子|公子|勝子|匠子|匡佐子|匡子|叡子|和子|和雅子|唱子|善子|均子|壮子|天子|守佐子|完子|宜子|容子|将子|將子|尚子|当子|征子|応子|恵貴子|慎子|憲子|應子|成子|摩佐子|政子|敬子|斉子|方子|旬子|昌佐子|昌子|昌左子|昌幸|昌胡|昭子|晋子|晶子|暢子|柾子|柾早子|正佐子|正光|正子|正左子|正沙子|正香|済子|温子|満佐子|満紗子|理子|當子|直佐子|直子|眞佐子|眞子|眞左子|眞彩子|眞沙子|眞爽子|眞瑳子|眞砂子|眞祥子|眞紗子|眞莎子|真三子|真乍子|真佐子|真咲子|真子|真孤|真左子|真幸子|真彩子|真抄子|真早子|真朝子|真沙子|真瑳子|真砂子|真粧子|真紗子|真菜子|真里子|督子|磨砂子|祐子|祥子|稚子|米佐子|純子|絹子|綏子|維子|緝子|美佐子|聖子|舞彩子|茉咲子|茉早子|茉沙子|茉紗子|菖子|菫子|萌咲香|萬佐子|董子|蔚子|薫子|裁子|証子|詔子|誠子|賀子|賢姫|賢子|鉦子|雅咲子|雅子|順子|麻三子|麻佐子|麻咲子|麻少子|麻左子|麻彩子|麻早子|麻沙子|麻砂子|麻紗子|麻菜子	source-common-subset
みさと	みさと|み里|三怜|三慧|三智|三理|三聖|三郷|三里|京|仁賢|充里|光怜|光沙登|光砂都|光紗人|光郷|光里|冴里|史怜|味里|好里|実さ都|実叡|実咲登|実咲都|実彗|実怜|実慧|実敏|実沙桃|実沙音|実紗斗|実紗里|実聖|実聡|実郷|実都|実里|岬音|峰里|己里|巳里|巴里|幸里|弥恵|弥智|弥沙音|弥知|弥里|心|心念|心怜|心智|心聖|心里|愛恵|扇都|操里|日郷|望仁|望恵|望里|未怜|未恵|未智|未沙都|未理|未知|未砂兎|未紗都|未聖|未聡|未里|朱里|水郷|水里|汀里|泉聖|泉郷|海慧|海理|海里|深智|深里|渡辺|湖里|満里|珠理|珠里|益恵|真郷|真里|碧理|箕郷|美仁|美佐冬|美佐登|美佐都|美冴都|美叡|美咲冬|美咲登|美咲都|美咲音|美幸|美彗|美彩冬|美彩登|美彩都|美怜|美恵|美慧|美敏|美早斗|美早都|美智|美沙|美沙斗|美沙杜|美沙登|美沙都|美沙里|美沙音|美理|美皐|美知|美砂登|美砂都|美紗十|美紗朋|美紗澄|美紗登|美紗都|美紗音|美聖|美聡|美諭|美識|美賢|美郷|美都|美里|美鈴|美響|聖冬|聖怜|聖里|見里|規里|郷|都里|雅知|青空|香里|魅里	source-common-subset
よしゆき	ヨシユキ|万雪|与司幸|与志幸|仁孝|仁敬|代師行|代志行|令侑|令行|佳之|佳千|佳幸|佳征|佳敬|佳由|佳行|修之|儀之|儀介|儀行|兆志|克征|克行|凱之|凱千|剛之|剛幸|剛行|勝千|叔功|可之|可行|吉之|吉幸|吉行|哲亨|善之|善幸|善征|善樹|善至|善行|善通|喜之|喜幸|喜征|喜敬|喜行|嘉之|嘉幸|嘉是|嘉行|嘉雪|好之|好幸|好是|好普|好行|孔享|宜之|宜公|宣之|容行|尚志|幸行|彬之|快行|恭志|恵之|悦之|悦幸|悦志|悦行|惇行|愛幸|愛行|慶之|慶幸|慶征|慶志|慶行|成之|敏志|敬之|文志|昌行|栄由|欣之|欣幸|欽幸|淑之|淑功|淑行|珱礼|理行|由之|由幸|由往|由悠季|由至|由行|祥之|祥孝|祥幸|祥行|祥順|禎之|禎通|福之|福幸|禧之|禧行|純之|純幸|美之|美幸|美征|美行|義之|義亨|義侑|義孝|義幸|義征|義志|義行|義遵|義雪|義順|能之|能行|至之|至亮|至行|致行|良之|良介|良幸|良征|良至|良致|良行|良透|良郁|芝之|芳之|芳幸|芳幽貴|芳志|芳行|芳雪|誉志幸|賀行|賢行|静敬	source-common-subset
ちあき	ちあき|ち愛|千あ紀|千亜喜|千亜妃|千亜姫|千亜季|千亜己|千亜希|千亜木|千亜樹|千亜紀|千亜記|千亜貴|千亮|千光|千央|千安季|千安希|千安気|千安紀|千安芸|千幸|千彗|千彬|千彰|千愛|千愛季|千愛希|千愛樹|千愛祈|千愛紀|千慈|千慧|千掲|千旦|千旭|千昌|千明|千明希|千映|千昭|千晃|千景|千晶|千智|千暁|千暁妃|千暉|千曙|千曜|千有希|千朗|千朱|千朱希|千淳|千滉|千煌|千照|千爽|千玲|千珠|千現|千理|千瑛|千瞳|千秋|千章|千紀|千紋|千綾樹|千翠|千耀|千聖|千聡|千英|千諒|千輝|千郁|千鏡|千阿希|千阿紀|千陽|千顕|小秋|智亜喜|智亜季|智亜希|智亜生|智亜紀|智亜記|智亜貴|智亜輝|智公|智愛|智愛喜|智旦|智昌|智明|智明樹|智明紀|智映|智昭|智晃|智晶|智暁|智朱希|智淳|智照|智玲|智瑛|智秋|智章|智耀|智陽|治明|知亜季|知亜希|知亜樹|知亜紀|知亜記|知安紀|知彰|知愛|知愛季|知昌|知明|知映|知昭|知晃|知晶|知暁|知海希|知玲|知瑛|知秋|知空|知章|知耀|知聡|知麻希|稚亜紀|稚亜貴|稚晶|稚暁|稚瑛|稚秋|稚空|稚陽|穉明|茅愛季|茅愛輝|茅暁|莉翠	source-common-subset
としのり	世紀|仁憲|俊亘|俊倫|俊儀|俊典|俊利|俊則|俊哲|俊基|俊宜|俊宣|俊式|俊徳|俊憲|俊教|俊敬|俊文|俊智|俊法|俊理|俊知|俊矩|俊礼|俊範|俊紀|俊統|俊規|俊論|俊象|俊雅|信章|健生|利典|利則|利基|利宜|利宣|利徳|利憲|利教|利法|利矩|利章|利範|利紀|利至|利記|利謹|十志範|壽則|壽徳|壽範|壽紀|壽訓|季典|季則|季徳|宗徳|寿倫|寿典|寿則|寿基|寿宜|寿宣|寿徳|寿悟|寿憲|寿成|寿教|寿法|寿範|寿紀|寿考|寿規|寿記|寿論|平矩|年則|年憲|年教|年範|年紀|年規|年記|恵規|悦典|憲広|憲紀|憲能|成憲|敏仁|敏典|敏則|敏功|敏哲|敏宗|敏宣|敏康|敏徳|敏悟|敏憲|敏教|敏敬|敏機|敏法|敏矩|敏範|敏紀|敏規|敏記|敏謙|敏陛|敏順|智仙|智功|智徳|智紀|智詞|栄徳|歳則|歳紀|淑徳|淑訓|登司憲|登志紀|稔倫|稔典|稔則|稔功|稔智|稔紀|稔統|稔規|稔記|等則|粛功|紀徳|紀真|聖宜|聡倫|聡徳|聡登|聡紀|聡規|肇法|誠法|都志則|鋭典|鋭則|順智|順記|順雄|駿典	source-common-subset
いずみ	いずみ|いず実|いず美|イズミ|一寿実|一寿美|一清|一澄|一純|一美|一角|五十美|五巳|五泉|五津美|五美|五都美|五鶴美|井澄|井純|以寸美|以寿実|以寿美|以津実|以津美|以澄|以珠美|以豆美|以都美|以鶴実|以鶴美|伊図美|伊寿実|伊寿未|伊寿美|伊朱美|伊水観|伊泉|伊津実|伊津美|伊澄|伊珠美|伊純|伊豆味|伊豆実|伊豆海|伊豆美|伊都美|伊鶴美|依寿実|依寿美|依津実|依津美|依澄|依純|偉津巳|偉清|偉澄|偉純|出実|出己|出望|出水|出海|出澄|出美|出見|出視|出雲|厳水|厳美|和|和寿美|和泉|和泉海|和澄|唯瑞美|委寿実|委寿美|委津実|委津美|委清|威澄|威美|彩澄|惟寿実|惟寿美|惟津実|惟津美|惟澄|惟純|意図弥|意寿実|意寿美|意津実|意津美|意純|愛|愛純|水泉|泉|泉住|泉優|泉充|泉光|泉子|泉実|泉巳|泉心|泉未|泉水|泉海|泉深|泉澄|泉珠|泉紀|泉純|泉美|泉見|清泉|湖|湖美|湧水|湶|潤美|瑞美|生泉|生純|白水|碧泉|稜巳|稲積|穂美|維住|維寿実|維寿美|維津実|維津美|衣住|衣寿実|衣寿美|衣泉|衣津実|衣津美|衣澄|衣紀|衣純|衣都美|衣鶴美|迫沃|郁寿美|郁澄|飯泉	source-common-subset
かずよし	一世氏|一仁|一代氏|一伊|一佳|一儀|一克|一利|一剛|一功|一厳|一可|一吉|一啓|一善|一喜|一嘉|一圭|一好|一容|一巧|一布|一慈|一慶|一承|一敬|一昌|一栄|一欽|一款|一歓|一毅|一泰|一淑|一由|一祥|一禎|一純|一美|一義|一能|一至|一良|一芳|一誉士|一誠|一賀|万吉|万善|万幸|万慶|万義|万芳|三佳|主善|利佳|利嘉|加寿議|千善|千幸|千義|千芳|千貴|同福|和与志|和世氏|和代氏|和佳|和儀|和克|和剛|和功|和可|和吉|和善|和喜|和嘉|和圭|和好|和孝|和宜|和宣|和幸|和幹|和徳|和志|和快|和恵|和悦|和愛|和慶|和敬|和文|和是|和栄|和欣|和正|和由|和督|和睦|和祥|和禎|和純|和美|和義|和能|和致|和良|和芳|和詮|和詳|和資|和賛|和賢|員由|員禎|員義|壱克|壱賀|多良|宗克|宗頼|寿喜|寿嘉|憲宣|憲由|憲督|憲能|政与|教義|数好|数実|数慶|数由|数義|数良|数芳|知功|知寛|知秀|知良|積善|計佳|計嘉|計宜|計美|計芳|計賀|量啓|量義|量至|量良|雄亮	source-common-subset
たけひろ	丈博|丈大|丈央|丈宏|丈寛|丈尋|丈広|丈弘|丈拓|丈泰|丈洋|丈浩|丈祐|丈紘|丈裕|亘弘|偉大|偉央|偉弘|健公|健博|健大|健宏|健容|健寛|健尋|健展|健広|健廣|健弘|健彦|健泰|健洋|健洸|健浩|健祐|健紘|健裕|全宏|剛凡|剛博|剛啓|剛大|剛宏|剛寛|剛平|剛広|剛廣|剛弘|剛弥|剛洋|剛浩|剛裕|勇大|勇太|勇洋|和宗|壮博|壮大|壮宏|壮寛|壮広|壮弘|壮洋|壮浩|壮裕|壯太|壯浩|太桂泰|威博|威宏|威展|威広|威弘|威悠|威洋|威裕|孟宏|孟浩|孟裕|岳博|岳大|岳宏|岳広|岳弘|岳洋|岳浩|岳紘|岳裕|峻大|建博|建嘉|建宏|建寛|建拓|建敬|建裕|武博|武大|武宏|武寛|武広|武廣|武弘|武泰|武洋|武洪|武浩|武潯|武祐|武紘|武裕|毅博|毅大|毅宏|毅寛|毅広|毅弘|毅洋|猛宏|猛広|猛弘|猛彦|猛洋|猛浩|猛裕|盛浩|竹宏|竹弘|竹曠|竹洋|虎広|虎廣|豪大|豪宏|豪弘|豪洋|豪浩|赳太|赳宏|赳寛|長裕|雄博|雄啓|雄大|雄寛|雄広|雄弘|雄拡|雄泰|雄洋|雄裕	source-common-subset
ともあき	丈明|丈晃|丈晶|与徹|与明|与豪|伴彰|伴明|伴昭|伴晃|伴暁|伴朗|倫彰|倫敬|倫明|倫昭|倫朗|倫顕|備彰|僚顕|公敬|公明|共哲|共晃|共章|具嗣|具明|典明|兼亮|卓明|友亨|友亮|友哲|友啓|友彬|友彰|友明|友昭|友晃|友晶|友暁|友朗|友淳|友祥|友秋|友章|友聡|友郷|友陽|友顕|呂晃|周明|大明|大晶|大暁|大朗|大織|奉信|奉昭|委且|委晃|実亮|寛成|寛明|寛昭|寛顕|幸成|文章|智亮|智光|智全|智哲|智彬|智彰|智成|智旭|智昌|智明|智映|智昭|智晃|智晶|智暁|智朗|智照|智瑛|智礼|智祥|智秋|智章|智紹|智聡|智聰|智著|智諒|智陽|智顕|智顯|有亮|有晃|有章|朋亮|朋彰|朋昌|朋明|朋昭|朋晃|朋暁|朋朗|朋正|朋瑛|朋秋|朋章|朋聡|朋輝|朝彰|朝明|朝映|朝昭|朝秋|朝章|朝陽|澄晃|知亮|知光|知士|知彬|知彰|知明|知昭|知晃|知晶|知暁|知曉|知朗|知璋|知祥|知秋|知章|知聡|知証|知誠|知謙|知較|知輝|知顕|紀彰|紀明|義明|衆亮|誠晶|誠聡	source-common-subset
かずのり	かずのり|一乗|一了|一仙|一伯|一位|一倫|一儀|一公|一典|一則|一功|一勲|一哲|一圭|一基|一孔|一学|一宣|一式|一徳|一慶|一憲|一成|一教|一文|一智|一期|一永|一法|一登|一矩|一祝|一祥|一策|一範|一紀|一納|一紹|一統|一至|一舟|一行|一規|一訓|一記|一詔|一詞|一謙|一議|一賀|一路|一陛|一順|一騎|万典|万勲|万展|万文|主典|主憲|人範|仁法|利典|利成|千典|千礼|千義|和仙|和以|和伯|和位|和倫|和儀|和典|和則|和功|和史|和告|和哲|和孝|和宗|和宜|和宣|和寛|和律|和徳|和慎|和慶|和憲|和教|和敬|和文|和智|和永|和法|和準|和生|和矩|和礼|和祐|和稔|和穂|和範|和紀|和納|和経|和義|和至|和裕|和規|和訓|和記|和誉|和謙|和賢|和載|和里|員規|壱訓|宗士|宗徳|寿典|寿徳|寿紀|寿誉|慶教|憲令|憲昇|憲法|憲能|教義|数典|数則|数徳|数憲|数教|数紀|數知|法徳|知典|知学|知徳|良典|計徳|豊規|起則|重典|重謙|量準|量統	source-common-subset
しほ	しほ|使保|使穂|信保|信帆|信穂|偲保|偲歩|児保|史保|史宝|史帆|史朋|史歩|史浦|史畝|史穂|史穗|史邦|司保|司帆|司歩|司穂|吏穂|嗣歩|四穂|四葉|士歩|士穂|如保|姉帆|姉穂|始帆|始歩|始穂|姿保|姿帆|姿歩|姿穂|子歩|子穂|帆保|師保|師布|志ほ|志保|志圃|志宝|志峰|志布|志帆|志房|志扶|志朋|志桜|志歩|志浦|志甫|志畝|志穂|志穗|志織|志芳|志萌|志誉|志輔|思保|思帆|思歩|思穂|慈穂|支保|支歩|旨保|晶帆|朱星|朱歩|枝保|枝歩|枝浦|枝穂|枝芳|栞帆|栞歩|梓保|梓帆|梓歩|梓甫|梓畝|梓穂|汐|汐保|汐帆|汐歩|沙穂|沙美|清星|清穂|渚保|潮|真歩|真穂|知歩|知穂|示帆|祉歩|秀穂|糸保|糸帆|糸穂|紫保|紫峰|紫布|紫帆|紫方|紫星|紫歩|紫甫|紫畝|紫穂|紫萌|紫薫|紫豊|紫輔|織帆|織穂|至保|至帆|蒔穂|視穂|視補|詞保|詩保|詩圃|詩央|詩布|詩帆|詩星|詩朋|詩歩|詩畝|詩穂|詩穗|詩芳|詩萌|誌帆|誌穂|賜帆|静保|静穂	source-common-subset
なつき	なつき|なつ季|なつ来|なつ樹|なつ紀|なつ起|ナツキ|七斗希|七月|七都希|仲月|凪月|南暁|南月|南槻|南津季|南津樹|南都樹|名月|名津季|名津樹|和月|和樹|和調|夏つ季|夏伎|夏來|夏叶|夏喜|夏基|夏妃|夏姫|夏嬉|夏季|夏己|夏希|夏悸|夏揮|夏月|夏木|夏李|夏来|夏樹|夏生|夏祈|夏稀|夏紀|夏綺|夏葵|夏規|夏記|夏貴|夏輝|夏都希|夏雪|夏騎|奈冬紀|奈夏樹|奈姫|奈季|奈希|奈月|奈月記|奈槻|奈樹|奈津喜|奈津妃|奈津姫|奈津季|奈津岐|奈津己|奈津巳|奈津希|奈津来|奈津樹|奈津生|奈津稀|奈津紀|奈津葵|奈津規|奈津記|奈津貴|奈津起|奈津輝|奈積希|奈紀|奈胤|奈都城|奈都妃|奈都姫|奈都季|奈都希|奈都樹|奈都紀|奈都記|己月|懐|懐稀|成月樹|成都喜|成都希|捺姫|捺季|捺希|捺暉|捺月|捺木|捺槻|捺津樹|捺稀|捺紀|捺聖|杏希|梨津紀|楠津紀|泣月|渚月|渚津紀|無月|直月|菜摘季|菜月|菜月季|菜月希|菜月祈|菜来|菜槻|菜津妃|菜津季|菜津希|菜津樹|菜津紀|菜津葵|菜津貴|菜生|菜稀|菜都妃|菜都季|菜都希|那月|那月樹|那津妃|那津希|那都希|那都祈|那都紀|長月|雫月|魚月|鳴月	source-common-subset
ひろのぶ	丕信|亘信|仁信|光恒|公伸|公信|公宣|博伸|博信|博修|博允|博啓|博宣|博展|博布|博延|博暢|博申|博誠|博通|博順|周伸|啓亘|啓伸|啓信|啓修|啓展|啓進|啓靖|啓順|大伸|大信|大修|大典|大宣|大展|大智|大暢|大進|央宜|央展|宏亘|宏伸|宏信|宏修|宏允|宏喜|宏宜|宏宣|宏展|宏庸|宏延|宏晋|宏暢|宏紳|宏長|宣信|寛之|寛伸|寛信|寛修|寛将|寛展|寛庸|寛延|寛朗|寛申|広伸|広信|広宣|広展|広延|広悦|廣信|廣宣|廣延|弘亘|弘伸|弘信|弘修|弘宣|弘将|弘展|弘庸|弘延|弘惟|弘晋|弘暢|弘陳|弘靖|悠修|拓允|拓史|拓宣|拓延|拓暢|敬信|敬修|普宣|泰伸|泰延|泰暢|泰睦|洋亘|洋伸|洋信|洋修|洋喜|洋宣|洋延|洋敦|洋暢|洋順|浩亘|浩伸|浩信|浩修|浩允|浩喜|浩宣|浩展|浩庸|浩延|浩恒|浩暢|浩申|浩睦|浩紳|浩靖|礼展|礼遵|祐伸|祐信|祐敦|紘伸|裕之|裕亘|裕伸|裕信|裕修|裕啓|裕喜|裕宜|裕宣|裕将|裕展|裕延|裕昇|裕晋|裕靖	source-common-subset
こうせい	亙星|光世|光声|光成|光政|光星|光晴|光正|光清|光生|光誠|光静|公世|公成|公政|公正|公生|公盛|公聖|公誠|公靖|剛成|剛正|功成|功清|功生|功精|功誠|厚成|厚生|好正|孔成|孔靖|孝世|孝成|孝政|孝正|孝生|孝聖|孝誠|宏世|宏成|宏正|宏生|宏精|宏誠|幸世|幸征|幸成|幸政|幸星|幸晴|幸正|幸生|幸聖|幸誠|幸靖|幸静|広世|広征|広斉|広晴|広正|広生|広青|康世|康城|康成|康星|康晴|康正|康生|康聖|康誠|康靖|廣正|弘世|弘征|弘成|弘清|弘生|弘盛|弘誠|恒成|恒星|恒晴|恒正|恒生|恒精|恒聖|昂世|昂生|昂誠|昴星|晃世|晃勢|晃成|晃正|晃生|晃誠|晃靖|晄正|晄生|更星|更生|洸成|洸政|洸生|浩成|浩星|浩正|浩生|浩盛|港青|滉世|皐成|皓正|皓生|紘正|紘生|紘靖|考正|耕世|耕成|耕正|耕生|耕聖|耕誠|耿誠|肯聖|興世|興成|興正|興生|航世|航成|航星|航生|航聖|行勢|行生|行誠|貢成|貢聖|香星|高世|高成|高斉|高精	source-common-subset
ひさこ	ひさこ|ひさ子|ひ彩子|ヒサコ|ヒサ子|一三子|一咲子|一紗子|丕沙子|久世子|久佐子|久古|久咲子|久子|久左子|久彩子|久枝子|久湖|久瑚|久紅|久紗子|久里子|九子|亀子|亮香|仁子|仁幸子|仁早子|仙子|修子|冨子|史子|向子|否左子|喜子|垣子|壽子|央子|央左子|妃三子|妃佐子|妃左子|妃才子|妃早子|妃更子|妃査子|妃沙子|妃白子|妃砂子|妃紗子|姫佐子|姫咲子|学子|宜佐子|富子|寿佐子|寿姫|寿子|寿左子|尚佐子|尚子|常子|広佐子|弥子|彦子|彼佐子|往子|恒子|恒沙子|恭子|悠子|慈子|披佐子|敞子|斐沙子|斐紗子|方子|日佐子|日咲子|日左子|日差子|日幸子|日早子|日査子|日沙子|日砂子|日祥子|日紗子|日迫子|旻佐子|昌子|桐子|椅子|比佐子|比咲子|比妙子|比宰子|比少子|比嵯子|比左子|比差子|比彩子|比抄子|比早子|比査子|比沙子|比砂子|比粧子|比紗子|氷冴子|永娘|永子|永己|浩財子|淹子|火佐子|火砂子|玖子|玖瑚|琵左子|畿佐子|空子|籌子|紘沙子|緋佐子|緋冴子|緋彩子|緋桜子|緋沙子|緋紗子|美佐子|肥左子|脩子|被差子|裕紗子|貴子|足子|輝佐子|長子|陽佐子|陽咲子|陽左子|陽彩子|陽砂子|陽祥子|陽紗子|飛早子|飛矢子	source-common-subset
みなみ	みなみ|みな実|みな海|みな美|ミナミ|三七実|三也美|三奈実|三奈未|三奈海|三奈美|三波|三菜美|優花|光波|光那美|凡美|南|南光|南南南|南夢|南奈実|南奈美|南実|南帆|南果|南海|南珠|南美|南風|史奈美|太陽|実な美|実七海|実並|実南|実南弥|実南海|実名望|実名海|実奈実|実奈海|実奈美|実波|実浪|実為美|実菜美|実那海|実那美|小南|岬波|巳七美|巳奈美|巳波|弥南海|弥名見|弥和生|弥奈美|弥菜美|弥那美|御那実|御那美|心海|望奈美|望菜美|望那美|未南|未南美|未奈子|未奈実|未奈巳|未奈望|未奈未|未奈海|未奈美|未波|未波海|未浪|未菜南|未菜美|未那美|水々|水明|水望|水未|水波|水海|水美|水魅|海南|海南未|海南美|海方|海波|海波音|海菜南|海菜美|深南|深波|満浪|珊瑚礁|皆実|皆波|皆美|真波|碧凪海|碧南海|美七水|美七海|美並|美凡|美南|美南実|美南弥|美南海|美名実|美名海|美奈実|美奈未|美奈美|美奈見|美愛|美泉|美波|美波南|美浪|美海|美涙|美秘|美脈|美菜実|美菜巳|美菜望|美菜未|美菜海|美菜満|美那未|翠|翠凪美|翠波|聖波|茉南|見南|見浪|身心美|陽|陽美|魅波	source-common-subset
しずか	しずか|しず加|しず香|シズカ|一輪花|侍叙香|倭圭|倭樺|公|史愛|史珠香|史瑞加|坦|定香|密|寧佳|寧夏|寧花|寧香|希|平和|康|徐|心|心珠香|志ずか|志寿佳|志寿歌|志寿花|志寿華|志寿香|志律香|志文香|志杜香|志津佳|志津加|志津可|志津果|志津花|志津華|志津香|志珠香|志瑞佳|志瑞香|志都佳|志都加|志都香|志鶴香|恬|慎|慎花|摂|支守花|支寿香|支都香|晏|枝寿佳|梓加|森|浄花|浄華|浄香|涼華|涼風|涼香|淑|淑華|淑香|清水香|清香|湖|湛|滋寿香|澹|玄|玄華|玄香|禅|穏|穏加|穏花|穏香|糸図加|紫司|紫寿花|紫寿華|紫寿香|紫杜華|紫珠香|紫都佳|紫都香|西守歌|詩寿香|詩津香|賎香|鎮伽|鎮華|鎮霞|鎮香|閑|閑香|雅|雫夏|靖|靖佳|靖華|靖袈|靖香|静|静伽|静佳|静加|静可|静和|静哉|静嘉|静夏|静子可|静寿香|静果|静架|静桂|静楓|静樺|静歌|静河|静海|静翔|静花|静芳|静華|静薫|静賀|静鈴|静雅|静霞|静風|静香|静馨|靜|靜佳|靜加|靜花|靜華|靜香|靜麗	source-common-subset
ともゆき	丈之|与之|伴之|伴幸|伴征|伴晋|伴由起|伴行|倫之|倫幸|倫由紀|倫至|倫行|倶之|偕幸|偕行|僚政|僚行|公之|公千|公志|公敬|共之|共孝|共幸|共征|共行|具之|具幸|具志|兼之|友主|友之|友亨|友享|友介|友侑|友元|友如|友孝|友幸|友征|友志|友敏|友敬|友是|友由樹|友由輝|友章|友肖|友行|友透|友遊|友雪|呂之|和孝|和敬|和行|外茂之|大之|大元|大幸|大志|奉之|奉征|奉文|寛之|寛幸|寛潔|寛雪|恭孝|扶之|文之|智之|智亨|智享|智介|智元|智公|智喜|智如|智孝|智将|智將|智幸|智征|智志|智敬|智文|智是|智晋|智洋|智潔|智由|智由樹|智祐|智祥|智章|智至|智行|智雪|智順|曹之|朋之|朋享|朋幸|朋征|朋由起|朋行|朋裕樹|朝之|朝幸|朝行|朝雪|睦之|知之|知亨|知享|知介|知以|知元|知勧|知将|知幸|知廉|知征|知志|知敬|知晋|知由|知章|知至|知致|知行|知雪|禎之|視幸|誠之|誠侑|誠元|誠幸|誠志|誠行|資之|資幸|頼行	source-common-subset
ちひろ	ちひろ|ちひ緑|チヒロ|今佑|千ひろ|千丈|千亙|千京|千仁|千仞|千仭|千優|千凡|千匁|千博|千啓|千嘉|千大|千央|千妃呂|千妃路|千妃露|千姫|千宇|千宏|千宗|千宙|千容|千寛|千寿|千尋|千展|千帆|千広|千廣|千弘|千弥|千彩|千恕|千悠|千扇|千披|千拓|千拡|千敬|千日路|千明|千晧|千景|千栄|千比呂|千比絽|千比路|千永|千泰|千洋|千洸|千浩|千滉|千潤|千皓|千礼|千祐|千祥|千空|千紘|千絃|千絋|千絢|千緋呂|千緩|千翼|千聖|千蓉|千裕|千都|千陽|千陽路|千雅|千頴|千飛路|史尋|名嘉眞|地優|地寛|地尋|地拓|地洋|愛洸|智優|智光|智博|智啓|智嘉|智大|智央|智妃路|智宏|智寛|智寿|智尋|智弘|智弥|智拡|智景|智比呂|智洋|智浩|智礼|智紘|智絢|智緩|智裕|知京|知優|知博|知啓|知大|知央|知宏|知宙|知寛|知尋|知広|知弘|知弥|知拡|知景|知末|知比呂|知洋|知浩|知潤|知礼|知紘|知裕|知都|秩弘|稚央|稚尋|稚広|稚比呂|稚裕|茅尋|茅祐	source-common-subset
かずひろ	一一|一丈|一光|一公|一勲|一博|一啓|一大|一太|一央|一孔|一宇|一宏|一宙|一容|一寛|一寿|一尋|一展|一広|一庸|一廣|一弘|一拓|一拡|一拾|一敬|一普|一景|一泰|一洋|一浩|一湖|一祐|一紘|一裕|一豪|一陽|万博|万大|万弘|万洋|万浩|万裕|三寛|主大|主泰|主裕|乙浩|佳弘|兼広|千博|千尋|千拓|千洋|千浩|千裕|司浩|吾祐|和丈|和仁|和伯|和公|和典|和凡|和博|和周|和啓|和大|和太|和央|和完|和宏|和宙|和宥|和寛|和尋|和尚|和広|和庄|和廣|和弘|和弥|和恕|和拓|和敬|和日郎|和比朗|和泰|和洋|和浩|和祐|和紘|和裕|員大|員寛|員弘|員郭|嘉司弘|多宏|宗大|寿博|寿大|寿太|寿宏|寿泰|寿浩|寿裕|師博|師浩|弌弘|弌洋|憲弘|憲泰|憲洋|收啓|教博|数博|数広|数弘|数洋|数浩|昭浩|有広|法浩|知宏|知寛|知広|籌皓|胤博|萬世|計広|計拡|計浩|運弘|重博|量啓|量大|量宏|量広|量弘|量煕|量裕|雄大|麗弘	source-common-subset
あきの	あきの|あき乃|あき野|アキノ|亜伎乃|亜伎野|亜喜乃|亜喜野|亜基乃|亜基野|亜妃乃|亜姫乃|亜季乃|亜季野|亜希乃|亜希野|亜暉乃|亜暉野|亜樹乃|亜樹野|亜生乃|亜紀乃|亜紀野|亜綺乃|亜綺野|亜葵乃|亜貴乃|亮乃|亮野|侑乃|信乃|光乃|吾城野|哲野|啓乃|安伎乃|安伎野|安喜乃|安喜野|安基乃|安基野|安季乃|安季野|安岐乃|安希乃|安希野|安幾乃|安暉乃|安暉野|安樹乃|安樹野|安紀乃|安紀野|安綺乃|安綺野|安藝乃|彩乃|彬乃|彬野|彰乃|彰野|愛乃|愛妃乃|愛姫乃|愛希乃|愛希信|愛記乃|日野|旦乃|旭乃|旭野|明乃|明季乃|明希乃|明野|映乃|昭乃|昭野|晃乃|晃野|晟野|晨乃|晶乃|晶野|暁乃|暁野|朗乃|朗野|朱希|淳乃|照乃|照野|燎野|燦乃|燦野|爽乃|爽野|玲乃|玲那|玲野|瑛乃|璃乃|瞳乃|礼乃|祥乃|秋乃|秋絹乃|秋野|穐乃|章乃|章能|章野|紀乃|綾希乃|翆乃|耀乃|聖野|聡乃|聡野|華乃|覚乃|諒乃|阿伎乃|阿伎野|阿喜乃|阿喜野|阿基乃|阿基野|阿季乃|阿季野|阿希乃|阿希野|阿暉乃|阿暉野|阿樹乃|阿樹野|阿紀乃|阿紀野|阿綺乃|阿綺野|陽乃|陽野|顕乃|顕野	source-common-subset
なお	なお|ナオ|七保|七央|七帆|七愛|七桜|七生|七穂|七緒|七織|七音|仍|凪央|凪緒|凪織|南央|南帆|南桜|南欧|南生|南穂|南緒|南織|南風|名保|名央|名帆|名歩|名生|名穂|名緒|名織|名音|和央|和灯|和緒|和音|夏大|夏央|夏生|夏穂|夏緒|央緒|奈保|奈勇|奈叔|奈和|奈央|奈尚|奈尾|奈帆|奈往|奈忍|奈応|奈於|奈旺|奈朋|奈桜|奈欧|奈歩|奈温|奈王|奈生|奈甫|奈穂|奈穏|奈緒|奈織|奈青|奈音|奈麻|女雅|如央|寧緒|尚|尚央|尚忍|尚旺|尚生|尚男|尚直|尚緒|尚青|巨|成緒|捺央|捺緒|有|梨央|楠緒|樹央|汝生|波穂|波音|渚央|渚青|由翔|直|直大|直央|直應|直生|直穂|直緒|直青|直音|真緒|納緒|花緒|苗央|苗生|若|菜丘|菜乙|菜保|菜央|菜尾|菜帆|菜教|菜桜|菜歩|菜温|菜生|菜穂|菜緒|菜織|菜豊|菜青|菜音|那央|那帆|那応|那旺|那桜|那渚|那生|那穂|那穏|那緒|那青|那麻|順	source-common-subset
りか	りか|リカ|俐夏|凛夏|凛花|凛風|凜佳|凜風|凜香|利佳|利加|利可|利嘉|利圭|利夏|利果|利架|利花|利華|利賀|利雅|利香|合花|吏伽|吏佳|吏加|吏花|吏香|季干|律華|律香|李佳|李加|李夏|李果|李歌|李花|李華|李賀|李霞|李香|林香|栗果|梨|梨伽|梨佳|梨克|梨加|梨可|梨嘉|梨夏|梨家|梨果|梨樺|梨歌|梨珂|梨禍|梨花|梨華|梨賀|梨香|理佳|理加|理化|理可|理嘉|理圭|理夏|理景|理果|理架|理楓|理樺|理歌|理科|理稼|理翔|理花|理芳|理菓|理華|理薫|理賀|理郁|理雅|理香|璃佳|璃加|璃圭|璃夏|璃果|璃歌|璃花|璃華|璃香|由梨|立佳|立夏|莉佳|莉加|莉可|莉嘉|莉夏|莉果|莉歌|莉花|莉菓|莉華|莉風|莉香|里伽|里佳|里加|里可|里嘉|里圭|里夏|里果|里架|里桂|里椛|里樺|里歌|里花|里芳|里華|里蘭|里賀|里郁|里霞|里風|里香|陸風|鯉佳|鯉香|鯛霞|麗加|麗圭|麗夏|麗奏|麗子|麗花|麗香	source-common-subset
なつみ	なつみ|なつ実|なつ海|なつ美|ナツミ|七ツ海|七月海|七海|七都海|七都美|優美|凪都美|南摘|南都実|南都美|叶月美|名津美|名都実|名都美|和月心|夏光|夏南|夏后|夏咲|夏姫|夏実|夏己|夏巳|夏弓|夏弥|夏彌|夏心|夏愛|夏摘|夏月海|夏望|夏未|夏水|夏汀|夏泉|夏波|夏津美|夏海|夏深|夏湖|夏満|夏珠|夏瑞|夏生|夏箕|夏美|夏翠|夏聖|夏見|夏観|夏身|夏都|夏都実|夏都美|奈つ実|奈つ美|奈司都|奈壮美|奈律美|奈採|奈摘|奈摘美|奈月美|奈津三|奈津光|奈津子|奈津実|奈津巳|奈津弥|奈津微|奈津未|奈津美|奈津見|奈津視|奈津路|奈積|奈美|奈都実|奈都弥|奈都未|奈都海|奈都美|寧月心|寧都美|彩実|懐美|捺実|捺己|捺心|捺未|捺海|捺美|渚未|渚美|花採|花摘|苗都美|茄津実|茄津美|菜つみ|菜つ実|菜つ美|菜亜美|菜採|菜摘|菜摘実|菜摘弥|菜摘美|菜月実|菜月心|菜月美|菜未|菜津実|菜津巳|菜津弥|菜津心|菜津未|菜津美|菜海|菜積|菜紡|菜紬|菜美|菜都未|菜都果|菜都美|那つ実|那つ美|那律美|那採|那摘|那津実|那津美|那都実|那都美|陽美|雫翠	source-common-subset
ゆうじ	佑之|佑二|佑司|佑士|佑次|佑治|佑自|侑二|侑冶|侑史|侑司|侑士|侑治|優二|優仁|優児|優冶|優司|優士|優次|優治|優滋|優路|勇之|勇二|勇児|勇史|勇司|勇士|勇寿|勇志|勇次|勇治|勇資|又市|友二|友児|友司|友慈|友次|友治|友路|右二|右史|右嗣|右次|右耳|唯次|嗣二|夕持|夕爾|夫慈|宥二|宥司|宥治|尤二|悠二|悠児|悠司|悠嗣|悠支|悠次|悠治|悠爾|悠自|愉史|有事|有二|有児|有史|有司|有次|有治|有爾|湧司|湧至|猶二|由二|由児|由嗣|由次|由治|由自|由路|祐之|祐二|祐仁|祐児|祐史|祐司|祐嗣|祐地|祐士|祐志|祐次|祐治|祐滋|祐爾|祐至|祐資|祐路|融二|裕之|裕二|裕人|裕児|裕史|裕司|裕嗣|裕士|裕志|裕慈|裕次|裕治|裕滋|裕示|裕而|裕路|遉爾|遊児|遊地|邑次|邑治|酉次|雄之|雄二|雄仁|雄児|雄史|雄司|雄嗣|雄士|雄守|雄志|雄慈|雄次|雄治|雄爾|雄而|雄至|雄詞	source-common-subset
あいこ	あいこ|あい子|あ以子|あ衣子|アイコ|アイ子|乃子|亜以子|亜伊呼|亜伊子|亜位子|亜依子|亜唯子|亜囲子|亜委子|亜子|亜惟子|亜意子|亜為子|亜生子|亜維子|亜緯子|亜育子|亜衣古|亜衣子|亞以子|亞衣子|会子|会衣子|優子|合以子|合位子|合子|吾以子|吾偉子|吾唯子|吾惟子|吾衣子|和子|哀子|姶娘|娃子|娃湖|安井子|安以子|安伊子|安似子|安位子|安依子|安偉子|安妃子|安委子|安威子|安惟子|安意子|安慰子|安比子|安為子|安維子|安衣子|想子|愛以子|愛依子|愛古|愛呼|愛姑|愛委子|愛娘|愛子|愛孔|愛幸|愛心|愛想|愛意子|愛湖|愛生子|愛皇|愛虹|愛衣子|愛香|愛馨|慈子|憂子|按以子|按比子|挨子|文以子|旭子|明位子|明唯子|明居子|明憩|明生子|明維子|有以子|有伊子|有依子|有幾子|有衣子|朱衣子|杏維子|歩唯子|歩惟子|歩衣子|相以子|相子|相鼓|紫花子|絵子|綾似子|綾依子|綾衣子|葵子|藍子|藍湖|藍琴|藍紅|藍色子|藹子|逢依子|逢委子|逢子|間子|阿以子|阿以湖|阿伊子|阿似子|阿依香|阿唯子|阿委子|阿惟子|阿意子|阿維子|阿莞子|阿衣子|集子|露草子|靄子|麻依子|麻衣子	source-common-subset
えいじ	叡児|叡司|叡治|叡示|営治|嬰児|影久|恵二|映久|映二|映児|映司|映士|映志|映次|映治|映自|映至|映路|暎二|栄久|栄二|栄伺|栄児|栄史|栄司|栄嗣|栄士|栄師|栄志|栄支|栄時|栄樹|栄次|栄治|栄滋|栄爾|栄自|栄路|榮久|榮二|榮司|榮治|永久|永二|永児|永司|永嗣|永志|永意士|永慈|永時|永智|永次|永治|永滋|永爾|永路|泱司|泳二|泳次|瑛久|瑛二|瑛児|瑛史|瑛司|瑛士|瑛志|瑛恃|瑛次|瑛治|瑛詞|盈二|穎二|英久|英之|英二|英仁|英伺|英侍|英児|英冶|英史|英司|英吏|英嗣|英士|英寿|英師|英志|英慈|英時|英智|英樹|英次|英治|英滋|英爾|英示|英而|英至|英視|英詞|英資|英路|衛久|衛二|衛史|衛司|衛士|衛志|衛治|衛詩|詠久|詠二|詠史|詠司|詠嗣|詠士|詠慈|詠治|詠而|詠自|詠至|詠視|重治|鋭久|鋭二|鋭仁|鋭侍|鋭児|鋭司|鋭寿|鋭次|鋭治|鋭滋|鋭視|頴二|頴司|頴耳	source-common-subset
かずき	かずき|一亀|一冴|一喜|一器|一城|一基|一妃|一姫|一季|一宣|一岐|一希|一幹|一幾|一戯|一揮|一旗|一旭|一月|一期|一木|一来|一樹|一機|一毅|一気|一生|一磯|一祈|一稀|一紀|一綺|一葵|一規|一記|一貴|一起|一軌|一輝|一騎|一鬼|七姫|万喜|万樹|万貴|万輝|主喜|主城|主基|主幹|主樹|佳寿紀|利樹|利紀|加寿己|加寿希|加津紀|十希|千喜|千姫|千紀|千記|千貴|千起|千輝|千騎|収紀|和久|和喜|和城|和基|和妃|和姫|和季|和宜|和岐|和己|和巳|和希|和幹|和揮|和暉|和来|和樹|和機|和欣|和毅|和気|和生|和祈|和粋|和紀|和綺|和規|和記|和貴|和起|和軌|和輝|和騎|嘉己|壱紀|寿岐|寿樹|寿記|寿輝|憲季|憲樹|数基|数希|数樹|数紀|数規|数記|知希|知樹|知毅|知生|神風|紀希|紀樹|紀輝|良樹|良紀|良興|良記|花朱季|計樹|重樹|量基|量揮|量暉|量樹|量規|順己|香告樹|香子希|香寿紀|香月	source-common-subset
さつき	さつき|さつ希|さ津き|サツキ|三十貴|三月|五月|五月姫|佐月|佐津希|佐津紀|佐津記|佐津貴|佐津起|佐都喜|佐都岐|佐都生|佐都紀|冊姫|冴月|冴月妃|刹希|参月|咲月|咲月季|咲津季|咲津希|咲津樹|咲津葵|咲貴|咲輝|咲都季|咲都紀|唆都樹|寒月|察姫|小月|左津喜|左津紀|幸月|幸来|幸紀|幸続|彩月|彩月紀|彩月記|彩津希|彩津葵|彩津規|彩輝|才槻|拶生|早土希|早月|早津季|早津希|早津紀|早紀|早苗月|早都希|早都紀|早都貴|最鶴生|朝月|札己|杜鵑花|桜月|桜月姫|桜月季|桜月希|楓希|樹|殺気|殺鬼|沙月|沙月希|沙津季|沙津希|沙津樹|沙津紀|沙津貴|沙都姫|沙都季|沙都希|沙都稀|沙都紀|沙鶴貴|爽月|爽槻|爽津貴|皋|皐|皐姫|皐季|皐暉|皐月|皐月季|皐樹|皐生|皐紀|砂月|砂津貴|紗月|紗月姫|紗月木|紗月綺|紗槻|紗津季|紗津希|紗津木|紗津樹|紗津記|紗紀|紗都季|紗都貴|聡月|花香月|茶月|菜月|薩記|薫風|鎖月|風薫|颯|颯喜|颯姫|颯希|颯月|颯樹|颯気|颯生|颯祈|颯紀|颯綺|颯葵|颯貴|颯起|颯輝|颯騎	source-common-subset
としゆき	世幸|俊之|俊亨|俊享|俊介|俊元|俊如|俊孝|俊幸|俊征|俊志|俊恭|俊維|俊至|俊行|俊透|俊進|信志|信章|信行|倫之|倫由紀|倫行|健行|利之|利亨|利享|利介|利侑|利幸|利往|利征|利志|利恭|利悠輝|利晋|利由|利章|利至|利行|利進|和孝|哉志|善利|壽之|外志之|外志幸|季之|季幸|寿之|寿亨|寿侑|寿元|寿如|寿幸|寿行|寿雪|年之|年幸|年行|志行|恵幸|恵行|才幸|才行|捷之|捷行|敏之|敏享|敏介|敏如|敏幸|敏征|敏由|敏由紀|敏至|敏行|敏裕|敏靭|敬之|斗志之|明之|明幸|時之|智之|智介|智幸|智由|智章|智行|暁之|歳之|歳介|歳幸|歳行|毅之|淑之|淑行|準起|理之|理行|登志之|登志行|祥行|稔之|稔幸|稔志|稔至|稔行|章介|紀之|紀元|紀幸|紀志|紀至|紀行|純至|聖之|聖幸|聖由樹|聡之|聡介|聡行|聰之|聰行|肇之|藤司之|訓之|豪公|賢之|賢幸|逸行|鋭幸|隼之|隼幸|順幸|順章|駿幸|駿行	source-common-subset
ひろみち	丕道|公道|勲充|博倫|博充|博典|博導|博教|博満|博理|博礼|博路|博通|博進|博逵|博道|博陸|周道|啓倫|啓充|啓満|啓矩|啓路|啓通|啓道|啓達|坦路|大倫|大宙|大路|大進|大道|宏伯|宏倫|宏充|宏典|宏導|宏方|宏理|宏真|宏裕|宏路|宏軌|宏通|宏道|宏達|寛倫|寛充|寛典|寛芳|寛裕|寛訓|寛通|寛道|尋通|尋道|広倫|広導|広海知|広満|広通|広進|広道|廣道|弘亨|弘享|弘信|弘倫|弘充|弘典|弘導|弘康|弘廸|弘成|弘理|弘融|弘路|弘迪|弘通|弘逵|弘道|弘達|弘長|悠仁|拓宙|拓祥|拓路|拓道|拡充|敬倫|景孔|泰充|泰道|洋充|洋典|洋至|洋路|洋通|洋道|浩亨|浩伯|浩倫|浩充|浩光|浩宙|浩康|浩満|浩猷|浩行|浩路|浩通|浩道|濶道|煕通|礼充|礼道|祐通|祐道|祥路|紘充|紘路|紘通|紘道|裕倫|裕充|裕典|裕宙|裕康|裕教|裕満|裕理|裕生|裕路|裕迪|裕通|裕道|裕達|裕陸|豁通	source-common-subset
たけのり	丈了|丈倫|丈典|丈則|丈功|丈哲|丈宜|丈師|丈徳|丈憲|丈敬|丈智|丈範|丈紀|丈経|健乃|健乗|健了|健仁|健典|健則|健哲|健徳|健憲|健敬|健智|健格|健知|健範|健紀|健規|健記|健賀|健賢|健雅|全徳|公徳|剛典|剛徳|剛忠|剛憲|剛教|剛礼|剛章|剛範|剛紀|剛規|勇典|勇哲|勇徳|勇範|壮則|壮登|壮範|壮紀|壯典|威倫|威典|威則|威宣|威徳|威昇|威範|威紀|孟伯|孟則|孟矩|孟範|孟紀|学徳|岳典|岳則|岳徳|岳慶|岳憲|岳文|岳紀|岳論|建典|建徳|建範|建紀|悍教|武伯|武典|武則|武功|武吉|武哲|武宜|武宣|武律|武徳|武慎|武慶|武憲|武教|武敬|武文|武方|武法|武玄|武矩|武章|武範|武紀|武義|武規|武訓|毅典|毅工|毅徳|毅憲|毅智|毅法|毅範|毅紀|猛典|猛徳|猛範|猛紀|竹則|竹徳|竹紀|竹規|豪則|豪寛|豪式|豪範|豪紀|豪規|赳徳|赳法|鍵徳|長徳|雄徳|雄法|雄紀	source-common-subset
たけお	たけ緒|丈夫|丈桜|丈生|丈男|丈緒|丈郎|丈雄|他家夫|他家男|偉生|偉雄|健大|健夫|健央|健応|健朗|健王|健生|健男|健穂|健郎|健雄|傑雄|全生|全雄|剛勇|剛士|剛大|剛夫|剛央|剛巨|剛朗|剛生|剛男|剛郎|剛雄|勇夫|勇男|士男|壮夫|壮生|壮男|壮雄|多慶夫|多慶男|多計夫|大勇|太圭夫|威力|威夫|威朗|威生|威男|威郎|威雄|孟夫|孟男|孟雄|宝雄|尊雄|岳大|岳夫|岳央|岳朗|岳生|岳男|岳穂|岳郎|岳雄|嶽男|建夫|建央|建生|建男|建雄|彪夫|敬夫|斌雄|桓夫|武保|武勇|武包|武夫|武央|武応|武方|武朗|武欧|武王|武生|武男|武穂|武緒|武郎|武雄|毅夫|毅男|毅翁|毅郎|毅雄|猛夫|猛央|猛朗|猛猪|猛王|猛生|猛男|猛郎|猛雄|竹夫|竹尾|竹生|竹男|竹緒|竹郎|竹雄|茸雄|豪夫|豪生|豪男|豪雄|赳夫|赳男|赳雄|赴夫|長勇|長夫|長朗|長生|長男|長雄|雄大|雄夫|雄生|雄男|雄郎	source-common-subset
きょうこ	きょうこ|きょう子|きょう湖|キョウ子|万華鏡|交子|亨子|亨江|享子|京代子|京児|京友子|京古|京号|京好|京姫|京子|京己|京江|京湖|京生子|京胡|京都子|京香|京鼓|亮子|今子|今宇子|今日子|今日幸|今日虹|仰子|供子|共余子|共古|共子|凶子|匠子|匡佑子|匡子|協子|卿子|叫子|叶子|叶庫|叶恋|叶瑚|喜姚子|喬子|境子|姜子|嬌子|孝子|季代子|尭子|峡子|希卯子|希央子|希有子|希洋子|希生子|希葉子|強子|強虎|彊子|恊子|恭古|恭子|恭文子|慶子|挙子|教友子|教子|教胡|敬子|日向子|昂子|晃子|景子|景燭子|景織子|暁子|更子|杏個|杏子|杏羽子|杏胡|杏香|梗子|橋子|況子|泰子|洪子|涼子|添子|清雨子|狂子|狂虎|皎子|皓子|矯子|祈陽子|稀有子|稿子|競子|紅子|経子|耿子|聖琴|興子|貴陽子|赳子|起庸子|輝子|輝陽子|郷子|郷桜子|郷湖|郷生子|鉅子|鏡古|鏡呼|鏡子|鏡湖|響古|響呼|響子|響心|響湖|響雨子|響鼓|顕子|饗古|香子|香虹|馨子|驚子	source-common-subset
よしのぶ	佳伸|佳信|佳宣|佳宦|佳延|佳誠|佶延|儀信|儀延|元達|充宣|克伸|克修|凱宣|凱惟|剛慶|可信|吉伸|吉信|吉宣|吉展|吉野生|啓亘|善亘|善伸|善信|善叙|善喜|善宣|善延|善悦|喜伸|喜信|喜宣|喜延|喜進|喜重|嘉伸|嘉信|嘉喜|嘉宣|嘉延|嘉言|圭伸|好伸|好信|好修|好宣|好庸|好延|好申|孝信|宜伸|宜信|宣伸|容正|寿宣|幸伸|幸信|彬順|徳信|恭伸|恵信|恵暢|悌史|悦信|愛喜|慶信|慶修|慶喜|慶宣|慶延|敬信|昌伸|是伸|是延|最信|栄伸|欣延|由伸|由信|由宣|由延|由誠|由辰|益与|祥伸|祥修|祥宣|祥延|禎伸|禎允|禎宣|純亘|純信|美信|美宣|義伸|義信|義修|義宣|義展|義延|義志信|義敦|義暢|義正|義辰|義進|能伸|能信|能宣|能延|能樹|能永|能聿|能陳|良伸|良信|良修|良叙|良宣|良延|良暢|良誠|良順|芳伸|芳信|芳宣|芳延|芳慶|芳申|芳脩|融信|詳直|賀庸|賢信	source-common-subset
ともき	ともき|丈樹|丈貴|丈輝|交基|伴樹|倫哉|倫己|倫希|倫樹|僚希|僚章|僚輝|公希|共喜|共希|共樹|共記|共輝|具樹|具記|友亀|友喜|友基|友季|友己|友希|友幹|友揮|友来|友樹|友毅|友生|友禧|友紀|友規|友記|友貴|友起|友輝|友騎|喬貴|基樹|大喜|大器|大樹|大生|大起|大輝|奉毅|奉示|寛基|巴樹|智|智健|智喜|智城|智基|智大|智妃|智季|智宜|智岐|智己|智希|智揮|智来|智樹|智機|智毅|智氣|智生|智紀|智規|智記|智貴|智軌|智輝|智騎|智黄|朋喜|朋基|朋妃|朋姫|朋季|朋己|朋希|朋木|朋李|朋来|朋棋|朋樹|朋毅|朋求|朋生|朋紀|朋葵|朋記|朋貴|朋起|朋輝|朝城|朝基|朝樹|朝貴|皆生|知喜|知城|知基|知姫|知季|知己|知希|知来|知槻|知樹|知機|知毅|知生|知甲|知紀|知茎|知規|知記|知貴|知起|知輝|群生|與樹|花綺|萌希|誠子|誠記|貴規|那喜|量喜	source-common-subset
みちお	みち夫|ミチオ|三千夫|三千生|三千男|三千穂|三千緒|三千郎|三千雄|三千魚|三智士|三智夫|三智男|三智雄|三知夫|三知生|三知男|三知雄|倫夫|倫生|倫男|倫緒|倫郎|倫雄|充夫|充生|充男|充雄|典夫|典生|典男|典雄|宙夫|宙朗|宙雄|実智生|実智男|実智緒|実智雄|実知雄|導夫|岐夫|岐男|巳千雄|巳智生|康夫|康雄|庸夫|廸夫|廸生|廸郎|廸雄|彭雄|径夫|径男|御知夫|慶雄|教夫|教男|教雄|未地生|未知生|未知男|未知郎|正郎|満夫|満生|満男|満雄|猷夫|猷生|猷男|理夫|理生|理郎|理雄|真夫|碩夫|端夫|端生|端男|端雄|紀夫|紀雄|美千夫|美千生|美千男|美千雄|美智士|美智夫|美智央|美智生|美智男|美智緒|美智雄|美知夫|美知生|美知男|美知雄|芳生|行男|行雄|術夫|裕郎|路夫|路央|路生|路男|路緒|路雄|迪夫|迪生|迪男|迪郎|迪雄|途男|通夫|通生|通男|通郎|通雄|道夫|道尾|道朗|道生|道男|道緒|道郎|道雄|達夫|達雄|陸夫|陸生|陸男|陸雄|順夫	source-common-subset
のぶあき	上明|亘成|亘昭|亘朗|亘璋|亙聡|伸亨|伸亮|伸光|伸彰|伸成|伸旭|伸昌|伸明|伸昭|伸晃|伸晶|伸暁|伸朗|伸照|伸秋|伸章|伸聡|伸陽|伸顕|信亮|信光|信哲|信彰|信徴|信成|信旦|信明|信昭|信晃|信晶|信暁|信曉|信朗|信淳|信皓|信秋|信章|信証|信顕|修亮|修彰|修明|修省|修章|備昭|允昭|允陽|史明|啓明|喜彰|喜映|喜昭|喜章|宜明|宣亮|宣充|宣公|宣彰|宣明|宣昭|宣晶|宣智|宣暁|宣朗|宣秋|宣章|寛明|寿謙|展彰|展明|展昭|展章|展陽|常晃|常晶|常知|康光|庸光|庸晃|延亮|延嗣|延彰|延明|延昭|延晃|延晶|延朗|延秋|延章|恒光|惟昭|振興|敦徹|敦章|昇明|晋明|暢亮|暢彬|暢成|暢明|暢昭|暢晃|暢暁|暢朗|暢章|暢聴|正亮|正哲|江晃|申哲|申晃|直晃|睦明|紳顕|総成|薫朗|訓明|誠明|誠昭|誠朗|誠章|誠聡|進昭|進暁|進章|陳爾|靖朗|順啓|順章|頌章	source-common-subset
ひとし	一|一十四|一史|一司|一嘉|一四|一士|一志|一敏|一東志|一枝|一詩|一誌|中|人之|人史|人司|人嗣|人士|人志|人織|人至|人詩|人資|仁|仁一|仁之|仁伺|仁俊|仁信|仁偲|仁史|仁司|仁嗣|仁士|仁姿|仁守|仁崇|仁市|仁志|仁思|仁慈|仁支|仁施|仁是|仁止|仁氏|仁清|仁示|仁祉|仁笥|仁至|仁視|仁詩|仁誌|仁資|仁銖|伍|倫|倫史|儔|准|単志|同|和|和史|咸|均|均之|均史|均司|均志|大|如|妃敏|守永|寿|将|將|平|庸|弁|彬|徹|恒|成|整|斉|斉史|斉司|斉志|斌|斌士|斎|斎志|日東士|日登士|日登志|旬|旬志|枇杜詩|欽|比斗史|比斗志|比登史|比登志|渾|準|準士|火斗志|独志|的|瞳志|矗|称|等|等史|等司|等志|等笥|等至|結|緋陶志|舜|衡|謹|選|釣|鈞|長久|集|飛斗志|飛途士|鴻|齊	source-common-subset
あいか	あいか|あい花|あい香|アイ華|亜以佳|亜以香|亜依佳|亜依果|亜依架|亜依華|亜依香|亜唯華|亜唯香|亜椅榎|亜衣佳|亜衣加|亜衣可|亜衣花|亜衣華|亜衣霞|亜衣香|修香|合夏|合果|合歌|合華|合郁|合香|和夏|和架|和生佳|和花|和華|和香|哀夏|哀果|哀歌|安以花|安意加|安衣香|彩夏|彩衣佳|彩衣香|彩香|愛|愛伽|愛佳|愛依花|愛加|愛可|愛叶|愛和|愛嘉|愛圭|愛堅|愛夏|愛奏|愛姫|愛彩|愛心香|愛日|愛果|愛架|愛桂|愛楓|愛樺|愛歌|愛河|愛海|愛環|愛生香|愛秋|愛翔|愛花|愛華|愛萌|愛蔓|愛衣加|愛衣花|愛衣華|愛袈|愛賀|愛逸香|愛郁|愛雅|愛霞|愛風|愛香|愛鳥|愛鹿|明依花|明花|明衣花|曖嘩|曜有歌|有依華|杏依香|相夏|瞳華|秋華|秋風|秋香|秋鹿|葵花|葵華|葵香|藍佳|藍加|藍可|藍嘉|藍夏|藍月|藍果|藍楓|藍歌|藍海|藍空|藍花|藍華|藍蘭|藍衣香|藍袈|藍賀|藍霞|藍風|藍香|藍鹿|逢佳|逢可|阿衣花|阿衣香|香衣華|鮎華|鴉嘩	source-common-subset
さちえ	さちえ|さち恵|サチエ|三治恵|五月枝|佐千恵|佐千惠|佐千慧|佐千枝|佐千永|佐千江|佐千絵|佐智恵|佐智枝|佐智栄|佐智江|佐智絵|佐知恵|佐知枝|佐知栄|佐知江|佐知絵|佐茅江|作智栄|倖恵|倖江|倖絵|吉江|咲千江|咲千絵|咲千英|咲智枝|察千江|左千江|左千重|左智慧|左智枝|左知枝|左知江|幸会|幸依|幸千恵|幸千江|幸彗|幸得|幸恵|幸惠|幸愛|幸慧|幸技|幸映|幸智恵|幸智江|幸枝|幸栄|幸永|幸江|幸治枝|幸瑛|幸益|幸知恵|幸知江|幸笑|幸絵|幸英|幸重|彩智恵|彩知永|才智枝|才知恵|早千恵|早千枝|早千江|早千重|早智恵|早智枝|早智江|早智絵|早治枝|早知恵|早知江|早知絵|早稚江|早路恵|沙千恵|沙千江|沙千絵|沙智恵|沙知依|沙知恵|沙知枝|沙知江|沙知絵|玲恵|玲江|砂千恵|砂千絵|砂智江|祉江|祐恵|祐愛|祐枝|祐栄|祐江|祐笑|祐絵|祥会|祥依|祥徳|祥恵|祥惠|祥愛|祥枝|祥栄|祥江|祥絵|祥英|祥衣|禎恵|福恵|紗千恵|紗千枝|紗千江|紗千絵|紗千衣|紗智恵|紗智慧|紗智枝|紗智江|紗知恵|紗知衣|紗稚恵|紗緻惠|菜千枝	source-common-subset
はるき	はるき|ハルキ|啓生|喜樹|大稀|悠希|悠既|悠生|悠稀|悠貴|日葵|早春生|明己|明希|明樹|春咲|春喜|春城|春基|春妃|春姫|春季|春己|春希|春木|春来|春樹|春毅|春生|春稀|春紀|春葵|春記|春貴|春起|春輝|春錦|春雪|晴之|晴喜|晴城|晴基|晴妃|晴岐|晴己|晴希|晴揮|晴樹|晴生|晴章|晴紀|晴葵|晴規|晴記|晴貴|晴輝|晴雪|暖希|暖樹|暖生東樹|東樹|栄希|栄樹|永姫|永季|治喜|治城|治基|治妃|治季|治己|治希|治揮|治樹|治機|治生|治紀|治規|治記|治貴|治輝|泰規|温喜|温季|温樹|温気|温紀|温貴|玄基|玄季|玄己|玄希|玄樹|玄生|玄記|玄貴|美希|美樹|葉留輝|遥伎|遥咲|遥喜|遥基|遥姫|遥季|遥己|遥希|遥揮|遥生|遥稀|遥規|遥貴|遥輝|遼紀|開|開城|陽|陽喜|陽城|陽基|陽妃|陽姫|陽季|陽己|陽希|陽樹|陽気|陽稀|陽紀|陽葵|陽規|陽貴|陽輝|青樹	source-common-subset
ゆきお	ゆき男|ゆき緒|ゆき雄|ユキオ|之夫|之生|之男|之雄|五男|享生|介勇|勇記夫|千男|千雄|友亀雄|友希夫|友希雄|友樹雄|友紀夫|友紀雄|唯己郎|喜郎|夕紀夫|夕起夫|宥起夫|将雄|幸之|幸勇|幸夫|幸尾|幸応|幸於|幸朗|幸正|幸生|幸男|幸穂|幸紀男|幸緒|幸郎|幸雄|往雄|征勇|征史|征夫|征生|征男|征緒|征郎|征雄|志夫|志雄|恭夫|悠紀夫|悠紀男|悠紀雄|悠起雄|愈吉生|愉希夫|政保|敬夫|敬生|敬男|敬雄|普男|有希夫|有希緒|有紀夫|有紀男|有記夫|有記輔|有記雄|熊喜男|由喜男|由城雄|由季生|由岐夫|由岐雄|由己夫|由己男|由希圭|由希夫|由木男|由樹男|由樹雄|由紀夫|由紀生|由紀男|由紀緒|由紀雄|由葵夫|由規應|由規雄|由記夫|由記雄|由貴緒|由起夫|由起男|由起雄|祐紀夫|章夫|章男|章雄|結喜緒|維夫|行勇|行夫|行央|行朗|行生|行男|行郎|行雄|裕喜雄|裕希雄|通雄|進夫|道生|適億|雄毅夫|雄輝夫|雪夫|雪於|雪生|雪男|雪緒|雪翁|雪郎|雪雄|雪青|靭郎|靭雄|順夫|順雄	source-common-subset
のぶゆき	並之|乃之|亘之|亘享|亘行|伸之|伸五|伸享|伸介|伸侑|伸元|伸公|伸到|伸如|伸幸|伸征|伸志|伸晋|伸泰|伸由紀|伸祐樹|伸維|伸至|伸行|伸起|伸雪|信之|信代|信公|信如|信幸|信往|信志|信敬|信祐|信英|信行|信雪|信順|修之|修平|修幸|修行|修通|允介|叙之|叙幸|史之|啓之|喜之|喜幸|喜行|宜之|宜幸|宜行|宣之|宣元|宣幸|宣征|宣敬|宣行|宣践|寛之|将之|将介|将公|将幸|将行|展之|展享|展幸|展行|布至|庸之|庸亨|庸介|庸喜|庸志|庸行|延之|延介|延元|延尾|延幸|延志|延章|延至|延行|弘之|恒介|恒敬|慶之|敦之|敦亨|敦幸|敦行|昇幸|晋之|暢之|暢介|暢幸|暢志|暢行|欣幸|永之|演之|照幸|照行|申之|登之|登幸|登行|直由|睦文|紳之|紳行|経幸|経至|統之|総之|良太|誠之|誠敬|辰幸|進之|進介|進致|進行|靖之|靖幸|順之|順敬|順行|頌之	source-common-subset
ちか	ちか|チカ|一桂|亨|京|凡|千か|千伽|千佳|千加|千可|千和|千嘉|千圭|千夏|千嫁|千家|千愛|千方|千日|千景|千晶|千書|千果|千架|千桂|千樺|千歌|千珂|千珈|千科|千翔|千花|千芽|千茄|千華|千薫|千詩|千賀|千鐘|千雁|千雅|千霞|千香|千馨|千鶴|史|周|周佳|哉|声|央|実|小花|希歌|恭|愛|慈|慶|散花|智佳|智加|智可|智哉|智嘉|智圭|智夏|智愛|智果|智架|智歌|智科|智絵|智花|智茄|智華|智課|智賀|智郁|智風|智香|比|池夏|池花|池香|治香|盟|真嘉|睦|睦加|知|知伽|知佳|知加|知可|知圭|知夏|知寿|知日|知春|知果|知架|知桂|知歌|知花|知芳|知華|知薫|知賀|知雅|知香|稚佳|稚加|稚可|稚夏|稚果|稚歌|稚花|稚華|稚香|聖|致可|芽加|茅果|茅花|茅華|茅香|親|誓|誓伽|近|近佳|静	source-common-subset
りえ	りえ|り恵|り江|り絵|リエ|俐悦|凛衣|凜笑|利エ|利依|利恵|利惠|利愛|利映|利枝|利栄|利江|利笑|利絵|利英|利衣|利重|史絵|吏彗|吏恵|吏惠|吏愛|吏永|吏江|吏絵|吏英|季衣|律恵|有栄|李依|李恵|李惠|李愛|李慧|李映|李枝|李桜|李榎|李江|李瑛|李絵|李英|李荏|李衣|李詠|李重|来恵|柳重|梨会|梨園|梨影|梨恵|梨愛|梨慧|梨枝|梨栄|梨永|梨江|梨瑛|梨絵|梨英|梨衣|玲江|理会|理依|理央|理得|理恵|理惠|理愛|理慧|理映|理枝|理栄|理榮|理永|理江|理瑛|理笑|理絵|理絵子|理英|理衣|理詠|理重|璃恵|璃映|璃絵|緑映|織慧|莉会|莉恵|莉愛|莉慧|莉描|莉映|莉枝|莉永|莉江|莉瑛|莉笑|莉絵|莉英|莉衣|莉重|里依|里央|里得|里恵|里悦|里惠|里愛|里慧|里映|里枝|里栄|里永|里江|里瑛|里絵|里英|里衣|里重|鯉栄|鯉江|麗恵|麗愛|麗衣	source-common-subset
ひさえ	ひさえ|ひさ恵|ひさ枝|ひさ江|ヒサエ|久世|久会|久依|久恵|久惠|久愛|久慧|久枝|久栄|久榮|久永|久江|久瑛|久笑|久絵|久英|久衛|久重|之江|九恵|仁栄|仙恵|仙枝|史江|向恵|壽恵|壽栄|壽江|壽英|壽重|央会|央恵|央枝|央江|央絵|契江|妃佐恵|妃佐枝|妃小江|妃左江|妃早恵|妃沙江|宣絵|寿|寿会|寿左絵|寿恵|寿愛|寿映|寿枝|寿栄|寿桂|寿江|寿瑛|寿生|寿絵|寿苗|寿英|寿衛|寿衣|寿詠|寿重|尚依|尚恵|尚惠|尚技|尚枝|尚栄|尚江|尚絵|尚重|弥恵|志衣|恒江|恒重|恭枝|恭栄|悠依|悠江|日佐恵|日佐江|日咲恵|日差恵|日沙英|栄重|桐恵|桐枝|桐江|比佐恵|比佐枝|比佐栄|比佐江|比佐絵|比佐衛|比佐詠|比咲恵|比小枝|比左枝|比左江|比恵|比抄恵|比査恵|比沙恵|比砂恵|比砂絵|比紗恵|比紗枝|比紗絵|比紗衣|氷佐江|氷冴|氷枝|永恵|永惠|永枝|永江|祥恵|竚江|緋冴|緋沙恵|緋紗絵|藤江|長江|陽沙恵|陽英|飛佐枝|飛冴	source-common-subset
ひろまさ	世正|仁雅|優雅|勲将|博公|博勝|博匡|博将|博政|博方|博昌|博正|博理|博真|博雅|啓允|啓全|啓勝|啓将|啓政|啓正|啓真|啓祐|啓聖|啓雅|大勝|大将|大政|大昌|大聖|大雅|央匡|央政|宏仁|宏允|宏匡|宏奨|宏将|宏当|宏征|宏政|宏昌|宏正|宏益|宏眞|宏真|宏祐|宏雅|寛匡|寛大|寛容|寛将|寛政|寛昌|寛正|寛真|寛祐|寛雅|尋匡|展昌|展正|広優|広大|広将|広当|広政|広昌|広正|広真|広雅|廣政|廣正|廣真|弘勝|弘匡|弘将|弘將|弘征|弘政|弘昌|弘正|弘真|弘雅|拓大|拓正|朗司|泰匡|泰将|泰暢|泰正|泰督|泰雅|洋匡|洋将|洋政|洋昌|洋正|洋真|洋賢|洋雅|浩匡|浩大|浩将|浩將|浩征|浩政|浩整|浩昌|浩正|浩理|浩真|浩聖|浩雅|玄政|玄正|祐将|祐政|紘政|紘昌|紘正|紘雅|裕優|裕公|裕勝|裕将|裕政|裕昌|裕晶|裕正|裕理|裕真|裕雅	source-common-subset
きえ	きえ|き江|キエ|喜恵|喜惠|喜枝|喜栄|喜榮|喜永|喜江|喜瑛|喜絵|喜衣|喜重|基恵|基枝|基栄|基江|妃依|妃恵|妃慧|妃江|妃笑|妃絵|姫依|姫永|姫江|姫絵|姫英|季|季依|季咲|季恵|季愛|季映|季枝|季江|季絵|季英|季衣|季重|己枝|希依|希影|希恵|希愛|希慧|希映|希枝|希栄|希江|希瑛|希笑|希絵|希英|希衣|希詠|希重|帰依|杏恵|杏枝|樹惠|樹愛|樹映|樹絵|樹衣|気依|気恵|気愛|生恵|生枝|生絵|甲恵|祈恵|祈愛|稀恵|稀絵|紀会|紀依|紀恵|紀惠|紀愛|紀慧|紀映|紀枝|紀栄|紀江|紀絵|紀苗|紀英|紀衣|紀詠|紀重|綺依|綺永|綺絵|綺衣|葵栄|葵絵|葵衣|衣恵|規恵|規悦|規江|記枝|記江|記絵|貴会|貴咲|貴恵|貴惠|貴愛|貴慧|貴映|貴枝|貴栄|貴永|貴江|貴瑛|貴絵|貴繪|貴英|貴衣|貴重|起惠|輝恵|輝枝|輝笑|黄映|黄絵|黄英	source-common-subset
さちこ	さちこ|さち子|サチコ|サチ子|三千子|三寿子|三智子|三知子|久子|五千子|佐ち子|佐千子|佐和子|佐地子|佐智子|佐池子|佐直子|佐知子|佐秩子|佐稚子|佐致子|佑子|作千子|作知子|倖子|冴智子|咲千子|咲智子|咲知子|咲稚子|宰千子|察智子|寿子|小千子|小智子|小治子|小知子|小雉子|尚子|嵯知子|左千子|左抽子|左智子|左知子|左秩子|左稚子|差千子|差智子|差知子|幸仔|幸代|幸千子|幸古|幸呼|幸娘|幸子|幸心|幸智子|幸江|幸湖|幸瑚|幸知子|幸福子|幸紅|幸香|彩千子|彩智子|彩知子|才智子|才知子|抄智子|抄知子|敬子|早允子|早千子|早地子|早智子|早智香|早池子|早知子|早祥子|早稚子|昌智子|更知子|最知子|桜千子|沙千子|沙子|沙智子|沙知子|沙稚子|玲子|瑳智子|瑳池子|相智子|真智子|砂千子|砂智子|砂知子|砂稚子|砂路子|祉子|祐千子|祐子|祐智子|祥千子|祥子|祥孔|祥智子|祥湖|祥知子|祿子|禄子|禎子|福子|紗千子|紗智子|紗知子|紗稚子|翔子|聡知子|茶千子|菜智子|菜知子|采知子|采雉子|鎖千子|颯智子|鯱子	source-common-subset
みきこ	みきこ|みき子|ミキコ|ミキ子|三喜子|三季子|三岐子|三希子|三木子|三樹子|三樹湖|三生子|三紀子|三規子|三記子|三貴子|三起子|三越子|三輝子|仁妃子|仁希子|充希子|充紀子|光喜子|光季子|光希子|光暉子|光輝子|妙基子|実喜子|実基子|実妃子|実姫子|実嬉子|実季子|実希子|実暉子|実木子|実木湖|実樹子|実気子|実生子|実祈子|実紀子|実葵子|実貴子|実起子|宮樹子|實希子|巨希子|己喜子|己紀子|巳喜子|巳己子|巳起子|希美子|幹子|弥妃子|弥希子|御喜子|文記子|未來子|未嬉子|未季子|未岐子|未希子|未来子|未樹子|未稀子|未紀子|未記子|未貴子|未輝子|本子|植子|水喜子|水希子|水紀子|海季子|海希子|海来子|深季子|深祈子|深芸子|深葵子|満喜子|満希子|満貴子|満起子|眉紀子|美亀子|美企子|美伎子|美卉子|美喜子|美器子|美城子|美妃子|美姫子|美嬉子|美季子|美岐子|美己子|美希子|美暉子|美木子|美木湖|美来子|美樹子|美気子|美琴子|美生子|美祈子|美紀子|美聖子|美葵子|美規子|美記子|美貴子|美起子|美輝子|聖希子|見希子|見起子|視希子|視紀子|観樹子|身輝子|魅葵子	source-common-subset
まさゆき	万佐行|仁之|仁行|修之|優之|優幸|優行|允之|允亨|允有己|允行|全之|公之|公千|公幸|公敬|剛之|勝之|勝幸|勝行|匡之|匡幸|匡行|卓之|均先|壮幸|壯之|壯幸|将之|将介|将孝|将幸|将征|将志|将行|將之|將行|征之|征幸|征行|応之|應幸|成之|成幸|成行|政之|政幸|政征|政敬|政行|政邁|敬之|斉之|方之|方幸|昌之|昌幸|昌征|昌志|昌文|昌由|昌由樹|昌行|昌邁|晶之|晶幸|晶行|暢之|柾之|柾幸|正之|正以|正孝|正幸|正征|正徹|正志|正敬|正文|正由|正由樹|正章|正行|正起|理之|理幸|理志|理行|眞之|眞佐之|眞幸|眞征|眞行|真之|真佐幸|真左幸|真幸|真征|真行|督之|祐之|祐幸|祐行|純幸|聖之|聖幸|聖征|聖由|聖行|誠之|誠幸|誠行|賢享|賢幸|賢行|雅之|雅将|雅幸|雅征|雅由樹|雅由起|雅祐|雅祐生|雅行|雅通|雅雪|順之|順幸|順行	source-common-subset
ちさと	ちさと|ちさ登|ちさ都|チサト|千三都|千了|千京|千仁|千伶|千佐堵|千佐登|千佐都|千倫|千公|千叡|千吏|千咲寿|千咲登|千咲都|千咲音|千哲|千寿|千幸|千怜|千恵|千悟|千愛|千慧|千敏|千早登|千早都|千智|千暁|千桜緒|千歳|千沙斗|千沙登|千沙都|千理|千真|千知|千砂登|千砂都|千紗土|千紗斗|千紗登|千紗都|千紗音|千総|千聖|千聡|千覚|千訓|千誠|千諭|千郷|千都|千里|千里登|友里|善方|地里|小里|持里|智さと|智仁|智佐斗|智佐登|智佐都|智妙珠|智恵|智悟|智慧|智沙登|智沙都|智理|智登|智紗都|智紗音|智聖|智聡|智識|智賢|智郷|智都|智里|松崎|治里|直聖|知伶|知佐斗|知佐登|知左登|知左都|知恵|知悟|知慧|知早斗|知智|知桃|知桜都|知沙利|知沙登|知沙都|知沙音|知理|知砂登|知紗都|知聖|知聡|知識|知達|知邑|知都|知里|稚仁|稚佐登|稚智|稚紗十|稚識|稚里|竹郷|茅怜|茅里|路里|雅里	source-common-subset
えいこ	えい子|エイコ|エイ子|ヱイ子|依以子|叡子|咏子|咲依子|咲莞子|啓子|営子|央子|嬰子|延子|影子|得衣子|恵井子|恵以子|恵以胡|恵伊子|恵似子|恵位子|恵依子|恵倭子|恵偉子|恵委子|恵威子|恵子|恵比子|恵緯子|恵衣子|恵郁子|悦子|惠以子|惠位子|惠威子|愛意子|愛生子|慧以子|慧依子|慧子|慧衣子|映井子|映以子|映子|映意子|映湖|映衣子|昶子|暈子|暎子|曖比子|枝維子|栄伊子|栄依子|栄好|栄委子|栄子|栄比子|栄衣子|榮子|永以子|永佳|永依子|永子|永幸|永惟子|永湖|永香|江い子|江以子|江伊子|江位子|江依子|江威子|江子|江衣子|江郁子|泳子|珱子|瑛以子|瑛位子|瑛子|瑛湖|瑛衣乎|瑩子|盈子|睿子|穎子|笑子|笑惟子|笑移子|絵一子|絵以子|絵依子|絵子|絵意子|絵衣子|英井子|英以子|英伊子|英依子|英倭子|英子|英怡子|英恵子|英意子|英日子|英泉子|英淑|英湖|英維子|英衣子|英郁子|英里子|衛位子|衛子|衛意子|衣井子|詠子|詠鼓|鋭子|鍈子|靉子|頴子	source-common-subset
かずお	かず夫|カズオ|一乙|一億|一匡|一壮|一大|一夫|一央|一峰|一帆|一応|一於|一朗|一生|一甫|一男|一穂|一臣|一郎|一雄|七男|万男|万雄|三夫|三男|三郎|三雄|上雄|主雄|二夫|二男|二雄|五夫|五男|五雄|伽寿生|佳厨夫|佳寿男|佳津男|佳津雄|佳珠生|佳都男|加寿勇|加寿夫|加寿男|加寿郎|加寿雄|加津夫|千勇|千男|千雄|参男|収夫|和人|和代|和令|和勇|和士|和大|和夫|和央|和尾|和巨|和応|和明|和朗|和津雄|和王|和生|和生男|和男|和穂|和緒|和良|和郎|和陽|和雄|和音|和飫|員大|員男|嘉寿夫|嘉寿男|嘉寿雄|嘉悦良|嘉津雄|嘉都夫|四男|壱夫|壱雄|夏寿雄|寿夫|寿男|寿郎|寿雄|年雄|弍夫|政保|教郎|数夫|数生|数男|数郎|数雄|策雄|算男|算織|籌夫|紀夫|蚊都夫|計夫|計男|計雄|賀寿夫|賀寿朗|賀津夫|賀津雄|運夫|運雄|量巨|量生|量雄|香豆夫|香都男	source-common-subset
ちえみ	ちえみ|ちえ美|チエミ|千会美|千依美|千恵実|千恵峰|千恵巳|千恵弥|千恵望|千恵泉|千恵海|千恵美|千惠三|千惠実|千惠美|千愛美|千映未|千映美|千枝実|千枝巳|千枝未|千枝美|千枝見|千栄実|千栄美|千永美|千江実|千江美|千瑛海|千瑛美|千笑|千笑美|千絵実|千絵美|千美|千英美|千衣実|千衣美|千詠実|千詠美|千重実|千重巳|千重美|微笑|智依実|智依美|智得美|智徳美|智恵|智恵光|智恵実|智恵弥|智恵睹|智恵示|智恵美|智恵路|智恵身|智惠実|智惠美|智愛弥|智愛美|智慧峰|智枝味|智枝美|智栄珠|智栄美|智水|智永海|智江美|智深|智瑛実|智瑛美|智笑|智絵実|智絵弥|智絵美|智繪美|智美|智英実|智英未|智英美|智衣美|智重美|池絵実|池絵美|治江美|直枝美|知依美|知優美|知恵実|知恵巳|知恵珠|知恵美|知恵見|知惠実|知惠美|知愛美|知慧美|知日美|知映美|知枝美|知栄実|知栄美|知永美|知江巳|知江美|知笑|知絵実|知絵未|知絵水|知絵美|知英美|知英見|知衣実|知衣美|知重美|秩惠美|稚恵実|稚恵美|稚笑|稚笑美|稚美	source-common-subset
えみり	えみり|エミ莉|亜微梨|亜未梨|亜美里|会美里|依実莉|依実里|依心里|依美璃|依美莉|依美里|咲凛|咲凜|咲梨|咲璃|咲里|媛充麗|恵み里|恵実利|恵実吏|恵実李|恵実梨|恵実理|恵実里|恵弥里|恵未里|恵海莉|恵美利|恵美吏|恵美梨|恵美理|恵美璃|恵美莉|恵美里|恵見合|恵見莉|恵見里|恵里|愛三輪|愛実梨|愛海里|愛深里|愛美理|愛美璃|愛美莉|愛美里|愛里|慧弥里|映実里|映未里|映美里|枝美里|枝苗莉|栄実里|栄美理|栄美里|永実李|永未里|永未麗|永美利|永美理|永美里|永見理|江実里|江巳里|江望里|江未里|江粍|江美利|江美合|江美理|江美里|江見里|瑛実理|瑛微莉|瑛美梨|瑛美理|瑛美莉|瑛美里|笑み利|笑凛|笑凜|笑利|笑微梨|笑梨|笑深里|笑理|笑璃|笑美理|笑莉|笑里|絵実梨|絵実理|絵実莉|絵実里|絵未利|絵未理|絵未里|絵深理|絵美利|絵美梨|絵美理|絵美莉|絵美里|絵見理|絵見里|英美利|英美理|英美璃|英美里|衣実璃|衣未令|衣未利|衣美理|衣美里|衣里|詠未利|詠未里|誉実利|誉美利	source-common-subset
しげのり	卯典|卯紀|徳重|恵則|恵哲|恵徳|恵教|恵規|慈典|成中|成倫|成典|成則|成功|成哲|成宜|成律|成徳|成慶|成憲|成政|成教|成文|成法|成準|成矩|成礼|成範|成紀|成規|成訓|成記|成論|成里|林儀|栄倫|栄典|栄則|栄範|樹典|樹忠|樹教|樹範|樹紀|滋典|滋則|滋宜|滋憲|滋成|滋教|滋智|滋章|滋範|滋紀|滋規|滋訓|為章|盛徳|盛憲|盛記|秀典|秀則|篤徳|篤慎|繁典|繁則|繁功|繁徳|繁法|繁禮|繁範|繁紀|臣規|臣里|茂令|茂典|茂則|茂孝|茂宜|茂宣|茂徳|茂憲|茂教|茂敬|茂法|茂登|茂矩|茂範|茂紀|茂能|茂記|薫徳|薫範|薫紀|薫順|重倫|重儀|重典|重則|重勲|重孝|重宣|重徳|重悳|重憲|重教|重文|重智|重格|重知|重矩|重礼|重程|重章|重範|重紀|重経|重統|重能|重規|重論	source-common-subset
ゆうすけ	佑亮|佑介|佑允|佑典|佑助|佑資|佑輔|侑亮|侑介|侑佑|侑典|侑右|侑祐|侑資|侑輔|優亮|優介|優佑|優典|優助|優祐|優輔|勇亮|勇介|勇佐|勇佑|勇典|勇助|勇祐|勇翼|勇輔|又亮|友亮|友介|友佑|友典|友助|友祐|友翼|友資|友輔|右介|右典|右弼|右輔|唯介|夕介|夕助|夕輔|宥典|宥輔|幽助|悠丞|悠亮|悠介|悠佐|悠佑|悠助|悠右|悠祐|悠輔|憂介|憂輔|攸介|有亮|有介|有佐|有佑|有祐|有補|有資|有輔|湧介|湧祐|由介|由佐|由佑|由将|由祐|由輔|祐丞|祐之|祐亮|祐介|祐佐|祐允|祐典|祐助|祐左|祐弼|祐昌|祐督|祐輔|結介|融介|裕亮|裕介|裕佑|裕典|裕助|裕右|裕将|裕左|裕督|裕祐|裕資|裕輔|諭佑|遊介|郁祐|雄丞|雄亮|雄介|雄佑|雄典|雄助|雄弼|雄祐|雄裕|雄資|雄輔	source-common-subset
ふみか	久華|二三佳|二三花|二三薫|二三香|二美加|二美可|二美歌|二美香|二美馨|典佳|典加|典可|典歌|典花|典香|冊加|册加|冬美香|史伽|史佳|史加|史和|史夏|史朱香|史果|史楓|史歌|史花|史華|史蘭|史賀|史雅|史香|史馨|富実香|富美佳|富美嘉|富美香|布実可|布生加|布美加|布美可|布美花|布美香|扶三加|扶味香|扶未香|扶美佳|扶美加|扶美香|文伽|文佳|文加|文化|文可|文嘉|文夏|文実香|文日|文未香|文果|文歌|文珠香|文美加|文耶|文花|文華|文蘭|文郁|文雅|文風|文香|書加|書桂|書郁|楓三香|楓美佳|楓美香|歩伽|歩佳|歩実花|福美香|簡加|美花|良佳|良香|芙三加|芙実佳|芙実加|芙実夏|芙実花|芙実香|芙弥佳|芙弥果|芙弥花|芙未香|芙美佳|芙美加|芙美歌|芙美花|芙美香|記奏|誌香|迪花|郁佳|郁加|郁圭|郁歌|郁花|郁香|風実果|風実歌|風実花|風緑香|風美奏|風美果|風美歌|風美花|風美香	source-common-subset
のぶこ	のぶこ|のぶ古|のぶ子|ノブコ|ノブ子|乃婦子|乃子|乃富子|乃布子|乃扶子|乃普子|乃武子|乃歩子|乃生子|乃笛子|乃芙子|之芙子|亘子|亙子|仁子|伊子|伸子|伸布子|伸幸|信公|信好|信子|修好|修子|倫子|允子|充子|円子|叙子|史子|周子|喜子|喬子|宜子|宣子|寛子|寿子|展子|布子|希子|序子|度子|庸子|延子|延戸|律子|応子|恒子|悦子|惣子|房子|敍子|敦子|敬子|敷子|文子|昇子|昶子|晃子|晋子|暢子|暢更|書子|正子|永子|準夫子|演克|演子|献子|申子|登子|睦子|紳子|綽子|総子|緩子|肆子|育子|能冨子|能夫子|能婦子|能子|能富子|能布子|能扶子|能武子|能生子|能舞子|能英子|舒子|葉子|董子|薫子|裕子|覃子|言子|誕子|誠子|説子|迪子|述子|通子|進子|野婦子|野歩子|野生子|野舞子|野芙子|野風子|陳子|靖子|順子|頌子|頒子	source-common-subset
みかこ	みかこ|みか子|ミカ子|三佳子|三加子|三嘉子|三夏子|三日子|三歌子|三花子|三茄子|三華子|三賀子|三香子|伯香子|充香子|光佳子|光夏子|光華子|光香子|南加子|堅香子|好郁子|実伽子|実佳子|実加子|実可子|実嘉子|実圭子|実夏子|実夏湖|実家子|実日子|実春子|実果子|実果瑚|実樺子|実歌子|実河子|実科子|実翔子|実花子|実茄子|実華子|実賀子|実郁子|実霞子|実香子|実馨子|実鹿子|巳華子|巳賀子|巳香子|弥佳子|弥嘉子|弥華子|彌果子|心佳子|心華子|明華子|未佳子|未加子|未可子|未夏子|未果子|未歌子|未翔子|未花子|未華子|未霞子|未香子|桜貝子|水花子|江郁子|海歌子|海香子|深夏湖|美何子|美佳子|美加子|美加湖|美可子|美周子|美哉子|美喜子|美嘉子|美圭子|美夏子|美夏湖|美奏心|美家子|美日子|美春子|美果姫|美果子|美果瑚|美架子|美樺子|美歌子|美河子|美珂子|美甘子|美科子|美翔子|美花子|美花香|美菓子|美華子|美賀子|美郁子|美雅子|美霞子|美香子|美馨子|美鹿子|翠花子|見佳子|見花子|視馨子	source-common-subset
めぐみ	めぐみ|めぐ実|めぐ深|めぐ美|メグミ|亜巳|人仁|仁|仁愛|仁生|仁美|南久美|周己|周美|女久美|女倶視|女公美|希|希実|希美|御久美|徳|恩|恩恵|恵|恵久実|恵久美|恵味|恵咲|恵女|恵子|恵実|恵己|恵巳|恵弓|恵弥|恵望|恵未|恵海|恵深|恵満|恵珠|恵瑞|恵生|恵美|恵視|惠|惠実|愛|愛久実|愛久美|愛光|愛実|愛巳|愛幸|愛心|愛恵|愛惠|愛望|愛未|愛来未|愛果|愛水|愛海|愛深|愛珠|愛生|愛真|愛美|愛魅|慈|慈美|慧|慶|明久美|明紅美|梅久美|沢|温|潤|潤美|珠|瑪紅美|祝|穂|純|芽|芽ぐみ|芽丘実|芽丘美|芽久実|芽久宮|芽久美|芽久視|芽具実|芽具美|芽含|芽実|芽恵|芽愛|芽来美|芽求美|芽生|芽紅美|芽美|芽育|芽育実|苺実|茅美|萌|萌久美|萌文|萌未|萌水|萌生|萌美|萌芽|萠|謎具魅	source-common-subset
かずあき	一了|一亜樹|一亮|一信|一光|一右|一哲|一啓|一堯|一弁|一彰|一徹|一成|一揚|一旭|一昌|一明|一昭|一晃|一晶|一暁|一曉|一朗|一焼|一爽|一瑛|一皓|一省|一祥|一秋|一章|一精|一翔|一聡|一聴|一西|一覚|一輝|一鑑|一陽|一顕|万明|万晶|主晶|佳寿秋|利彰|利章|千彰|千明|千晃|千晶|千聡|和之|和亮|和右|和哲|和彬|和彰|和愛|和旦|和旭|和昇|和昌|和明|和映|和昭|和晃|和晶|和暁|和朋|和朗|和照|和瑛|和皓|和秋|和章|和聡|和英|和諒|和陽|和顕|員明|員章|嘉津昭|壱昭|壱朗|多章|寿旭|寿明|寿昭|寿朗|憲昌|憲明|憲昭|憲輝|教義|敬晃|数明|数昭|数晃|数章|数輝|知明|知朗|算昭|算章|紀明|義昭|航陽|良誠|計彰|計明|計昭|賀都彰|重成|量明|量昭|雄亮	source-common-subset
ひろやす	仁康|仁泰|仁靖|公安|公靖|博保|博安|博康|博恭|博治|博泰|博秦|博誉|博貫|博資|博靖|啓保|啓安|啓尉|啓康|啓恭|啓文|啓泰|啓靖|大和|大康|大恭|大泰|大靖|央恭|央泰|宇泰|宏保|宏安|宏康|宏彌|宏恭|宏泰|宏益|宏育|容靖|寛保|寛又|寛康|寛恭|寛泰|寛能|寛裕|尋康|展安|展康|広保|広安|広康|広恭|広泰|広耕|広賢|広靖|廣保|廣安|廣康|廣恭|弘保|弘和|弘妥|弘安|弘康|弘恭|弘悌|弘易|弘晏|弘泰|弘育|弘裕|弘豈|弘雍|弘靖|悠育|拓保|拓康|拓泰|拡保|普康|汎康|泰康|泰育|泱泰|洋保|洋安|洋康|洋泰|洋賢|洋靖|浩保|浩安|浩寧|浩尉|浩康|浩恭|浩泰|浩靖|熙育|皓泰|碩鎮|祐康|祐靖|紘康|紘靖|綽保|裕保|裕安|裕寧|裕康|裕恭|裕泰|裕靖|鉱康	source-common-subset
じょうじ	丈二|丈人|丈児|丈史|丈司|丈嗣|丈士|丈志|丈慈|丈次|丈治|丈爾|丈織|丈路|上次|上治|丞二|丞司|丞士|丞治|丞示|乗次|亟治|仗二|仗治|城二|城児|城冶|城史|城司|城士|城慈|城次|城治|城至|壌二|壌児|壌治|定二|定次|常二|常司|常次|常氏|常治|情児|成二|成司|成治|戯二|昇治|条二|条児|条次|条治|条路|條治|浄之|浄二|浄仁|浄司|浄次|浄治|澄司|烝治|祥史|祥司|穣二|穣司|穣吏|穣士|穣志|穣慈|穣次|穣治|穣爾|穣畤|穰二|穰司|穰治|襄二|襄侍|襄児|襄志|襄次|襄治|襄爾|誠史|譲二|譲児|譲兒|譲冶|譲史|譲司|譲嗣|譲士|譲志|譲慈|譲次|譲治|譲滋|譲爾|讓二|讓史|讓次|讓治|貞治|醸治|錠二|錠児|錠史|錠司|錠嗣|錠次|錠治|静治|饒児	source-common-subset
やすひろ	三井|休広|保博|保大|保宏|保寛|保広|保廣|保弘|保洋|保浩|保裕|億洋|安博|安啓|安央|安宏|安寛|安広|安廣|安弘|安敞|安洋|安浩|安紘|安裕|尉浩|康博|康啓|康大|康宏|康容|康寛|康尋|康巨|康広|康廣|康弘|康敬|康比呂|康洋|康浩|康煕|康祐|康紘|康美|康裕|弥寿広|弥寿弘|恒弘|恭博|恭啓|恭大|恭宏|恭宗|恭寛|恭広|恭弘|恭敬|恭洋|恭浩|恭裕|恵裕|悌宏|慈洋|慶弘|晏弘|泰伯|泰博|泰啓|泰大|泰央|泰宇|泰宏|泰寛|泰尋|泰広|泰廣|泰弘|泰悠|泰敬|泰汎|泰洋|泰浩|泰煕|泰祐|泰紘|泰裕|烈弘|穏寛|育宏|行栄|裕宏|裕弘|裕洪|靖博|靖周|靖啓|靖大|靖太|靖央|靖宏|靖容|靖寛|靖尋|靖広|靖廣|靖弘|靖拡|靖曠|靖泰|靖洋|靖浩|靖祥|靖紘|靖裕|順弘	source-common-subset
りお	りお|リオ|了|倫緒|凛央|凛旺|凛桜|凛欧|凛王|凛生|凛緒|凛音|凜旺|凜生|凜緒|利緒|利織|利音|吏央|吏惟|吏於|吏桜|吏緒|律緒|律織|李和|李央|李愛|李旺|李桃|李桜|李歩|李牡|李生|李緒|李麻|栞生|梨央|梨愛|梨於|梨旺|梨桜|梨生|梨穂|梨緒|梨麻|理央|理旺|理桜|理欧|理生|理穏|理緒|理織|理音|理麻|琳央|琳桜|琳王|琳緒|琳麻|璃和|璃央|璃尾|璃恩|璃旺|璃桜|璃穏|璃緒|璃音|真歩|稜桜|籬男|綸音|莉乙|莉大|莉央|莉恩|莉推|莉於|莉旺|莉桜|莉欧|莉温|莉生|莉穂|莉緒|莉織|莉青|莉音|莉麻|遼生|里央|里於|里映|里桜|里欧|里生|里穂|里緒|里織|里音|里麻|鈴央|鈴音|陸王|陸皇|離緒|鯉緒|麗央|麗桜|麗烏|麗生|麗音|龍央|龍桜	source-common-subset
いさみ	いさみ|一三美|五三実|五三美|五沙実|五沙美|五砂美|以佐実|以佐美|以左実|以左美|以早実|以早美|以沙実|以沙美|以瑳海|以砂実|以砂美|以紗実|以紗美|伊三実|伊三美|伊三見|伊佐実|伊佐己|伊佐未|伊佐海|伊佐美|伊左実|伊左己|伊左美|伊差美|伊早実|伊早巳|伊早美|伊沙実|伊沙美|伊砂実|伊砂美|伊紗実|伊紗美|伊讃実|伊讃美|何佐津|偉佐実|偉佐美|偉左美|偉沙美|偉砂美|功|功実|功望|功美|勇|勇三|勇実|勇巳|勇心|勇深|勇生|勇真|勇美|勲実|勲巳|勲未|勲美|勲見|勲視|勲魅|勳美|委佐美|威佐美|威左美|威沙美|威砂美|征美|意佐実|意佐美|意左実|意左美|意早実|意早美|意沙実|意沙美|意瑳実|意瑳美|意砂実|意砂美|意紗実|意紗美|敢充|来美|武美|沙美|清|為佐視|猪三巳|猪三美|猪佐巳|猪佐美|猪左美|猪沙美|猪砂美|衣佐実|衣佐美|衣左実|衣左美|衣早実|衣早美|衣沙実|衣沙美|衣砂実|衣砂美|衣紗実|衣紗美|赳	source-common-subset
のぶえ	のぶえ|のぶ江|ノブエ|乃夫江|乃婦絵|乃布枝|乃布江|乃扶恵|乃歩恵|亘江|伸依|伸恵|伸愛|伸枝|伸栄|伸榮|伸江|伸絵|伸苗|伸英|伸衛|伸衣|伸詠|伸重|信会|信恵|信惠|信枝|信栄|信江|信絵|信衛|信衣|修枝|修江|修絵|允恵|充恵|円亜|円絵|叙恵|史依|史江|啓恵|啓江|喜得|壽恵|宜江|宣依|宣恵|宣支|宣映|宣枝|宣江|宣絵|宣衣|寿枝|展恵|展枝|展江|展絵|布恵|布愛|布枝|布江|常江|庸恵|庸江|延依|延恵|延惠|延枝|延栄|延江|延絵|延英|延衣|延重|悦重|惟恵|揚恵|敦江|暢恵|暢枝|暢栄|暢江|更恵|永恵|洵瑛|演恵|申恵|申枝|申絵|登恵|紳江|総枝|緩恵|葉枝|薫恵|薫枝|薫江|裕恵|誕恵|述枝|進江|重絵|野笛|野舞枝|野風江|靖恵|靖枝|順恵|順惠|順江|頌宴|頌恵	source-common-subset
のぶたか	乃文高|亘毅|亘隆|亙孝|令高|伸剛|伸卓|伸多佳|伸天|伸孝|伸尚|伸岳|伸崇|伸敬|伸昂|伸空|伸考|伸能|伸臣|伸誉|伸貴|伸隆|伸飛|伸高|信公|信卓|信喬|信孝|信宜|信宝|信尚|信尭|信峰|信崇|信幸|信教|信敬|信昂|信毅|信登|信節|信考|信臣|信貴|信賢|信隆|信高|修孝|修敬|修生|修高|允孝|史孝|史誉|啓孝|啓貴|喜孝|喜翰|宜孝|宜隆|宣孝|宣尚|宣敬|宣貴|宣賢|宣隆|寛高|展孝|展尭|展崇|展嵩|展敬|展生|展貴|展隆|庸孝|庸崇|庸貴|庸賢|延剛|延孝|延隆|延高|延鷹|恒貴|恒隆|所孝|敦剛|敦貴|昶孝|暢孝|暢崇|暢慶|暢貴|暢隆|暢高|欣貴|温将|申孝|真高|督雄|総貴|能崇|脩孝|薦正|誠孝|誠貴|誠隆|通隆|長生|順孝|順敬|順貴|頌孝|頌渉|頌隆	source-common-subset
ひろかず	仁一|公一|博一|博万|博凡|博千|博司|博和|博寿|博憲|博紀|博良|博計|博量|厚一|啓一|啓収|啓和|啓員|啓憲|嘉一|壽一|大一|大和|大寿|大数|大計|太一|太和|央一|央和|宏一|宏和|宏員|宏計|宏量|宗万|宙一|寛一|寛和|尋一|尚一|展和|巨一|平和|広一|広和|広多|広数|広業|広計|広運|広量|廣一|廣和|弘一|弘万|弘九|弘和|弘員|弘多|弘憲|弘教|弘数|弘運|弘量|弥一|弥寿|彦知|拓一|拓員|拡和|敬和|普一|治二|泰一|泰和|泰麗|洋一|洋和|洋年|洋数|洋量|浩一|浩且|浩主|浩和|浩壽|浩寿|浩数|浩籌|浩計|浩量|祐一|祐和|祥一|紘一|紘主|紘千|紘和|絋一|裕一|裕万|裕円|裕千|裕司|裕和|裕員|裕憲|裕教|裕計|裕運|裕重|郭和|順和|鴻三	source-common-subset
みえ	みえ|み江|み絵|ミエ|三恵|三惠|三愛|三枝|三栄|三永|三江|三瑛|三絵|三英|三詠|三重|充恵|充笑|味恵|妙恵|妙栄|実得|実恵|実惠|実愛|実枝|実栄|実榮|実江|実瑛|実絵|実衣|実詠|実重|實枝|巨惠|巳恵|巳絵|弥恵|弥愛|弥枝|弥江|弥絵|彌惠|彌永|心映|恵美|扇絵|望恵|望愛|望栄|望江|望衣|未恵|未惠|未愛|未慧|未映|未枝|未栄|未永|未江|未瑛|未笑|未絵|未英|未衣|果枝|果絵|民枝|水恵|水絵|海依|海恵|海愛|海映|深恵|深絵|珠衣|真恵|美会|美妓|美岐|美得|美恵|美恵エ|美惠|美愛|美慧|美映|美望|美枝|美枝子|美柯|美栄|美榮|美永|美江|美瑛|美笑|美絵|美繪|美艶|美英|美衣|美詠|美重|翠恵|見映|見栄|見江|規江|身江|身衣|魅愛	source-common-subset
きよか	きよか|きよ花|キヨカ|京香|今日花|喜与佳|喜代佳|喜代加|喜代絵|喜代香|圭香|基代佳|季世華|季代佳|季代花|季夜日|季楊花|季陽花|希世佳|希世加|希世香|希代華|希代香|希羊加|希誉花|希誉香|希陽加|廉佳|廉花|心香|斉香|晴香|桔夜加|樹代香|樹誉果|汐佳|汐花|汐華|汐香|浄佳|浄香|淑加|淑香|淳華|清か|清世花|清代香|清伽|清佳|清加|清可|清叶|清嘉|清夏|清果|清楓|清歌|清花|清華|清霞|清風|清香|清馨|潔佳|潔加|潔花|潔香|澄佳|澄花|白華|白風|祈代果|祈代香|神花|粋佳|粋花|粋香|精花|精香|紀代香|聖佳|聖加|聖時佳|聖果|聖架|聖歌|聖花|聖華|聖香|聖馨|葵夜華|規予香|記代香|貴与香|貴世佳|貴世香|貴代加|貴代香|貴翌香|貴誉加|貴陽嘉|起世香|起代佳|輝誉香|陽香|雪佳|雪和|雪花|雪華|雪香|青香|静咲|静花|静香|馨日	source-common-subset
たかとし	万世|享俊|享利|享稔|位祥|充智|剛仁|剛俊|剛寿|卓俊|卓利|卓寿|卓聡|卓英|啓敏|圭利|太俊|孚俊|孝世|孝俊|孝利|孝均|孝季|孝寿|孝年|孝敏|孝智|孝稔|孝紀|孝聡|孝記|孝駿|学俊|学聡|宇俊|宜利|宜宗|尊俊|尊祀|尊聡|尚俊|尚利|尚稔|尭俊|峰紀|崇俊|崇利|崇寿|崇敏|崇智|崇暁|崇準|崇稔|崇章|崇聡|嵩淳|應要|教稔|敞敏|敬俊|敬敏|昂甫|毅俊|爵世|登敏|考利|能敏|誉俊|誉寿|豪念|貴世|貴俊|貴利|貴和|貴壽|貴寿|貴峻|貴年|貴敏|貴敬|貴智|貴稔|貴紀|貴聖|貴聡|貴鋭|貴駿|貴齢|賢寿|隆世|隆仁|隆俊|隆利|隆壽|隆寿|隆平|隆年|隆敏|隆智|隆稔|隆紀|隆聖|隆聡|隆訓|隆鋭|雄俊|高俊|高利|高寿|高年|高敏|高明|高稔|高資|高鋭	source-common-subset
たかまさ	享正|享聖|健正|剛匡|剛正|剛理|卓完|卓正|卓賢|啓正|太聖|央匡|孝仁|孝優|孝允|孝全|孝匡|孝和|孝将|孝尚|孝征|孝政|孝旬|孝昌|孝正|孝理|孝眞|孝真|孝祐|孝雅|学正|学督|宇優|宇正|宜聖|尊将|尊正|尊理|尊雅|尚昌|尚正|尭允|岳誠|峻昌|崇全|崇公|崇匡|崇将|崇征|崇応|崇昌|崇晶|崇正|崇真|崇誠|崇雅|恭将|教正|敬将|敬昌|敬正|章公|章真|考将|考真|茂将|行栄|誉将|誉正|誉真|誠昌|貴優|貴全|貴公|貴勝|貴匡|貴大|貴将|貴將|貴巨|貴征|貴成|貴政|貴昌|貴正|貴理|貴真|貴誠|貴雅|資將|賢正|陽順|隆優|隆允|隆元|隆公|隆匡|隆将|隆応|隆政|隆昌|隆正|隆真|隆誠|隆雅|隼正|駿将|高備|高典|高将|高政|高昌|高正|高賢|高雅	source-common-subset
ともよし	与喜|与好|与欣|伴善|伴嘉|倫好|倫義|倶義|共祥|具佳|具能|具良|兼由|友与志|友克|友吉|友哉|友啓|友善|友喜|友圭|友好|友就|友彦|友慶|友泰|友理|友祥|友禄|友禎|友美|友義|友良|友芳|友譲|呂佳|呂嘉|大義|奉表|寅栄|寛嘉|寛憙|寛昌|寛正|文祥|智且|智佳|智吉|智啓|智善|智喜|智嘉|智圭|智好|智宜|智宣|智巧|智康|智慶|智是|智由|智祥|智禎|智福|智禧|智美|智義|智能|智良|智芳|智計|有快|有秀|有誼|朋嘉|朋由|朋章|朋美|朋義|朋良|朋芳|朝吉|朝善|朝好|朝慶|朝祥|朝美|朝義|朝芳|知佳|知克|知善|知好|知宜|知恵|知愛|知慶|知敬|知是|知由|知督|知睦|知祥|知禎|知福|知秀|知純|知美|知義|知至|知良|知芳|禎芳|資善|頼良	source-common-subset
よしかず	与四一|与志和|仁一|佳一|佳和|佳数|儀一|克倭|凱一|剛一|可一|可員|吉一|吉利|吉司|吉和|吉員|吉数|和三|啓和|善一|善和|善多|善数|喜一|喜和|喜数|喜萬|嘉一|嘉三|嘉和|嘉数|嘉計|四士主|好一|好和|好数|孝一|孝九|孝和|宜一|容史和|幸和|幸運|彦一|快一|恵一|恵和|悦一|慶一|慶和|慶員|慶紀|敬一|敬和|新和|昌和|昌寿|是一|栄一|欣一|欣和|欽一|泰和|湛和|為个|烋一|由一|由三|由和|由多|由志一|由数|由量|省和|祥一|祥三|祥和|禎一|福和|純一|美一|美和|美員|美数|羨一|義一|義和|義員|義嘉寿|義寿|義数|義算|義計|義量|能収|能和|能員|良一|良収|良和|良員|良壽|良策|芳一|芳和|芳数|英一|萬壽|誠一|謹一|貴和|資一|賢一|領一	source-common-subset
いさお	いさ夫|イサオ|一三大|一三夫|一三男|五三大|五三男|五三雄|亥三夫|亥三雄|亥佐雄|亥早夫|以佐夫|以佐男|伊三夫|伊三生|伊三男|伊三雄|伊佐夫|伊佐央|伊佐生|伊佐男|伊佐緒|伊佐郎|伊佐雄|伊左夫|伊左央|伊左生|伊左雄|伊弉雄|伐|位佐夫|倭佐旺|偉佐夫|偉佐雄|偉咲夫|偉査夫|偉沙夫|傭|公|公保|力|力男|功|功力|功夫|功扶|功朗|功生|功男|功緒|功翁|功郎|功雄|効|勇|勇人|勇夫|勇生|勇男|勇翁|勇臣|勇郎|勇雄|勣|勲|勲勇|勲夫|勲央|勲生|勲男|勲郎|勲雄|勳|勳男|厳央|多|威佐夫|威夫|巧|庸|建勲雄|征|征夫|徳|悳|慰佐男|效|敢|有功|治|潔|烈|猪三雄|猪佐雄|猪左夫|猪早夫|砂郎|祥男|維左夫|績|績雄|薫|衣沙桜|諌|赳夫|赳男|軍夫|軍雄|錬男|雄男|験|魁|魁夫	source-common-subset
こうぞう	享三|仰三|侯三|倖三|倖造|光三|光蔵|光藏|光造|公三|公奏|公蔵|公造|剛三|剛造|功三|功蔵|功造|厚三|厚造|好三|好憎|好蔵|好造|孔三|孝三|孝蔵|孝造|宏三|宏蔵|宏造|巧三|巧蔵|幸三|幸蔵|幸造|広三|広蔵|広造|庚蔵|康三|康壮|康左右|康蔵|康造|廣三|弘三|弘僧|弘蔵|弘造|恒三|恒蔵|恒造|拡三|拡造|昂三|晃三|晃造|晄三|晧三|曠三|更三|枩蔵|校三|構造|洸三|洽三|洽蔵|浩三|浩壮|浩蔵|浩造|甲三|甲蔵|甲象|畊三|皇三|皎三|皓三|硬三|紘三|紘造|絋三|綱三|考三|耕三|耕作|耕慥|耕蔵|耕造|肯三|興三|興蔵|興造|航三|航蔵|航造|行三|行蔵|行造|貢三|貢造|鉱三|鉱造|鋼三|鋼蔵|鋼造|鑛三|閤三|香蔵|高三|高蔵|鴻三|鴻造	source-common-subset
しゅうじ	修之|修二|修仁|修伺|修児|修史|修司|修吏|修嗣|修士|修寿|修志|修慈|修智|修次|修治|修滋|修爾|修示|修自|修至|修詩|収事|収二|収司|収志|収次|収治|周二|周児|周史|周司|周嗣|周士|周志|周次|周治|周滋|周而|周路|宗二|宗司|宗志|宗次|宗治|崇二|崇史|崇司|崇慈|崇時|州二|州児|州史|州司|州士|州治|愁治|收二|柊二|柊路|楫爾|洙治|洲司|洲志|洲治|浩司|爾|祝二|祝嗣|秀二|秀仁|秀児|秀史|秀司|秀嗣|秀士|秀弐|秀志|秀慈|秀次|秀治|秀爾|秀璽|秀示|秀而|秀至|秀路|秋二|秋児|秋司|秋次|秋治|秋爾|秋耳|終止|習二|習志|習示|耿二|脩二|脩司|脩嗣|脩士|脩慈|脩治|脩而|舟二|舟志|萩治|衆司|衆治|衆示|集治|集而	source-common-subset
よしまさ	ヨシマサ|与之正|他正|佳匡|佳将|佳応|佳政|佳昌|佳正|佳雅|佶正|儀正|克幹|克政|克昌|凱昌|剛正|叔昌|可昌|吉将|吉政|吉昌|吉正|吉真|善匡|善将|善政|善昌|善正|善雅|喜司|喜征|喜政|喜昌|喜正|喜真|嘉将|嘉政|嘉昌|嘉正|嘉真|嘉賀|好政|好昌|好正|好真|孝正|宜政|宜正|宣正|彬正|恵正|悦将|慶将|慶政|慶昌|慶正|慶真|慶雅|敬正|昌優|欣剛|欣正|欽正|淑充|由匡|由昌|由雅|祥昌|祥正|祥雅|福督|禧昌|純昌|純正|美政|美正|義公|義勝|義和|義将|義応|義政|義方|義昌|義正|義理|義真|義雅|能政|能昌|能正|至正|至誠|良優|良匡|良将|良征|良政|良昌|良正|良真|良祥|良雅|芳匡|芳将|芳政|芳昌|芳正|芳良|芳雅|資正|順正|須正	source-common-subset
たくみ	たくみ|タクミ|侘美|匠|匠史|匠和|匠実|匠巨|匠己|匠巳|匠未|匠海|匠生|匠美|匠臣|匠規|匡|匡美|卓|卓三|卓久実|卓久美|卓仁|卓充|卓史|卓実|卓巨|卓己|卓巳|卓幹|卓弥|卓彌|卓未|卓海|卓生|卓稔|卓美|卓臣|卓見|卓視|卓身|卓躬|卓魅|呈|啄実|啄未|啄美|多久實|多久美|多玖巳|多玖海|多空実|多空美|宅実|宅美|工|工実|工美|巧|巧実|巧己|巧巳|巧水|巧美|托美|拓|拓三|拓充|拓光|拓味|拓夢|拓実|拓巨|拓己|拓巳|拓弥|拓望|拓未|拓民|拓水|拓洋|拓海|拓深|拓生|拓積|拓美|拓臣|拓良|拓見|拓視|拓誠|拓身|拓輝|昂|沢美|琢三|琢実|琢己|琢巳|琢弓|琢弥|琢未|琢海|琢深|琢美|琢見|琢視|琢身|託実|託未|託美|逞水|鐸美	source-common-subset
こういち	こう一|コウイチ|交一|交市|亨一|享一|仰一|佼一|倖市|候一|光一|光市|公一|公市|剛一|功一|功市|厚一|好一|好壱|好市|孔一|孝一|孝市|宏一|宏市|宏弌|岬一|嵩一|巧一|巧市|巷一|幸一|幸市|広一|広市|庚一|康一|康市|廣一|弘一|弘市|恍一|恒一|恒壱|拡一|攻一|效一|昂一|昴一|昿一|晃一|晃市|晄一|晧一|曠一|杭一|欅一|江一|洪一|洸一|洸市|洽一|浤一|浩一|浩壱|浩市|滉一|甲一|皇一|皎一|皓一|皓市|硬一|祐一|稿一|篁一|紅一|紘一|紘市|絋一|綱一|考一|耕一|耕市|耿一|膠一|興一|興市|航一|荒一|虹一|行一|行市|誠一|講一|講市|豪一|貢一|貢市|郊一|酵一|鉱一|鋼一|鋼市|鎬一|鏗市|項一|香一|高一|鴻一|鴻市|黄弌	source-common-subset
たかのぶ	一修|一暢|享伸|允信|剛伸|剛信|剛恒|卓信|卓展|卓延|卓総|啓伸|喬伸|喬庸|圭信|堂献|天伸|天信|天宣|太信|太寅|好伸|孝之|孝伸|孝信|孝修|孝允|孝史|孝宣|孝将|孝展|孝庸|孝延|孝收|孝暢|孝演|孝紳|学展|宜伸|宝宣|宝誠|尊信|尊宣|尚伸|尚宣|尚敦|尭正|岳展|岳暢|崇亘|崇伸|崇信|崇宣|崇暢|崇誠|恭史|挙誠|教信|敬信|敬喜|敬展|敬誠|登園|考伸|考信|考宣|考将|考総|能永|臣将|良誠|誉伸|誉暢|貴亘|貴伸|貴信|貴喜|貴宣|貴将|貴庸|貴延|貴敦|貴暢|貴申|貴進|貴靖|貴順|賢伸|陽信|隆亘|隆伸|隆信|隆允|隆喜|隆宣|隆展|隆庸|隆延|隆昶|隆暢|隆正|隆董|隆進|隆靖|高之|高伸|高信|高宣|高庸|高延|高陳|高順|鷹信	source-common-subset
おさむ	オサム|一|乂|乃|乱|了|京|伊|伸|修|修武|修矛|倫|克|制|収|司|吏|基|墾|士|大|大寒|夫佐武|守|完|宗|宰|将|導|就|尹|尾佐虫|己|平|廉|弼成|律|御|徴|徹|惣|憲|成|拾|振|摂|攝|收|攻|教|敦|整|敷|斂|斉|於修|易|治|治夢|治武|治虫|牧|王佐夢|理|理武|男佐夫|甸|督|研|磨|秋|税|穣|穫|穰|紀|納|経|経武|統|綜|総|縮|習|耕|脩|脩武|致勲|董|蔵|藏|蘊|調|論|資|賦|辨|道|釐|鎮|長|長六|長武|長生|長睦|靖|順|領|養|鳩|齊	source-common-subset
わかこ	わかこ|わか子|わか香|ワカ子|世子|倭伽子|倭佳子|倭加子|倭可子|倭夏子|倭果子|倭歌子|倭花子|倭華子|倭雅子|倭香子|吾伽子|吾佳子|吾加子|吾夏子|吾果子|吾歌子|吾花子|吾華子|吾香子|和介子|和伽子|和佳子|和加子|和可子|和嘉子|和圭子|和夏子|和奏子|和家子|和日子|和果子|和桂子|和歌姫|和歌子|和禾子|和花子|和菓子|和華子|和華江|和賀子|和郁子|和雅子|和風子|和香子|和香湖|婉子|嫩子|我伽子|我佳子|我加子|我夏子|我果子|我歌子|我花子|我華子|我香子|新子|理子|環伽子|環佳子|環加子|環夏子|環果子|環歌子|環花子|環華子|環香子|稚佳子|稚子|稚華子|童子|羽伽子|羽佳子|羽加子|羽夏子|羽果子|羽歌子|羽花子|羽華子|羽香子|芽子|若兼子|若加子|若子|若楓子|若草子|若薫子|話伽子|話佳子|話加子|話夏子|話果子|話歌子|話花子|話華子|話香子|輪伽子|輪佳子|輪加子|輪夏子|輪果子|輪歌子|輪花子|輪華子|輪香子|雅子	source-common-subset
りさ	りさ|リサ|倫砂|凛咲|凛彩|凛爽|凛紗|凜咲|凜沙|凜紗|利佐|利咲|利幸|利彩|利早|利沙|利砂|利紗|利里|吏佐|吏咲|吏沙|吏砂|吏紗|宙沙|律沙|怜沙|李佐|李咲|李娑|李幸|李彩|李早|李沙|李砂|李紗|李里|林沙|梨佐|梨冴|梨咲|梨在|梨妙|梨嵯|梨彩|梨早|梨沙|梨渚|梨爽|梨砂|梨紗|梨聖|梨茶|梨裟|理佐|理史|理咲|理嵯|理左|理彩|理抄|理早|理桜|理沙|理然|理瑳|理砂|理磋|理科|理紗|理菜|璃佐|璃咲|璃桜|璃沙|璃瑳|璃紗|立咲|綾沙|緑佐|緑彩|羅沙|莉佐|莉咲|莉彩|莉栄|莉梓|莉沙|莉皐|莉砂|莉紗|莉里|里佐|里冴|里咲|里唆|里彩|里抄|里早|里映|里沙|里瑳|里砂|里紗|里茶|里裟|鈴実|麗佐|麗沙|麗砂|麗紗	source-common-subset
こうし	亨之|倖士|光之|光史|光司|光嗣|光四|光師|光志|公史|公司|公嗣|公士|公子|公志|公視|功士|功志|効史|厚志|好史|孔志|孝史|孝司|孝士|孝始|孝志|孝至|宏志|宏資|工志|巧子|幸之|幸史|幸司|幸嗣|幸士|幸子|幸志|幸枝|庚子|康史|康司|康志|弘士|恒史|恒士|恒志|昂士|昂志|晃史|晃司|晃士|晃志|晃至|晧志|江芝|洪志|浩之|浩史|浩司|浩嗣|浩士|浩子|浩志|浩至|浩資|港史|滉之|煌紫|甲之|甲子|甲志|皇史|皓之|皓史|皓司|皓士|皓資|紅紫|紘之|紘史|綱史|考史|耕史|耕司|耕嗣|耕士|耕子|耕志|耕至|耕資|耿史|耿子|興史|興士|興子|興志|航史|航士|行至|貢史|貢四|貢士|貢志|貢視|香至|高史|高志|鴻志|黄史	source-common-subset
しげき	信奎|志解樹|恵喜|恵希|恵樹|慈希|慈樹|慈生|慈紀|成喜|成基|成己|成樹|成毅|成紀|成規|成記|成貴|成起|成輝|晃生|栄喜|栄希|栄樹|樹希|樹来|樹生|樹紀|滋喜|滋基|滋巍|滋己|滋幹|滋暉|滋樹|滋毅|滋紀|滋規|滋貴|為章|無樹|盛喜|盛樹|篤樹|篤紀|繁喜|繁城|繁基|繁季|繁己|繁希|繁暉|繁樹|繁毅|繁生|繁紀|繁規|繁記|繁貴|繁輝|聖輝|臣樹|臣紀|臣起|芝輝|英季|茂喜|茂城|茂基|茂季|茂岐|茂己|茂希|茂木|茂樹|茂毅|茂生|茂紀|茂興|茂規|茂記|茂貴|茂起|茂輝|蕃樹|薫喜|薫樹|薫輝|詩劇|誉基|誉己|誉貴|誠基|誠樹|重喜|重基|重己|重希|重旗|重来|重樹|重機|重毅|重煕|重紀|重規|重記|重貴|重起|重輝|重鎮	source-common-subset
なみこ	なみこ|なみ子|ナミ子|七三子|七実子|七波子|七海子|七美子|並子|乃美子|内美子|冊子|凡子|南三子|南伊子|南允子|南光子|南壬子|南子|南実子|南未子|南水子|南波子|南洋子|南海娘|南海子|南珠子|南瞳子|南美子|南翠子|南見子|名実子|名未子|名美子|名翠子|和未子|和禾子|夏仁子|夏実子|夏海子|夏美子|奈三子|奈仁子|奈充子|奈光子|奈実子|奈峰子|奈己子|奈巳子|奈幹子|奈弥子|奈心子|奈扇子|奈未子|奈民子|奈水子|奈泉子|奈海子|奈深子|奈満子|奈王子|奈珠子|奈瑞子|奈益子|奈瞳子|奈稔子|奈美子|奈美香|奈聖子|奈見子|奈路子|奈身子|寧心子|成実子|成美子|桜美子|楠実子|樹美子|永美子|泉子|波呼|波子|波実子|波海子|波美子|洋子|浪子|濤子|濤美子|生美子|甫子|直稔子|直美子|苗美子|菜三子|菜実子|菜弥子|菜採子|菜未子|菜海子|菜美子|菜見子|菜視子|行樹|那三子|那実子|那己子|那巳子|那弥子|那未子|那美子	source-common-subset
ひろと	ヒロト|仁人|伯人|優心|優斗|優翔|公人|博人|博仁|博任|博斗|博登|博都|博音|哲人|啓人|啓仁|啓太|啓登|啓都|嘉人|大人|大元|大土|大斗|大杜|大登|大翔|央人|宏人|宏仁|宏斗|宏翔|宙人|宙大|宙斗|宥人|寛人|寛仁|寛士|寛斗|寛智|寛澄|寛登|寛飛|尋都|展人|展土|広人|広徒|広登|広翔|広途|広門|広隼|廣人|廣登|弘人|弘戸|弘斗|弘渡|弘登|弘都|悠人|拓人|拓登|拡人|敬人|敬登|日呂登|昊人|昿人|普人|比呂人|比呂斗|泰人|泰斗|洋人|洋仁|洋任|洋斗|洋灯|洋登|洋翔|洸人|洸斗|浩人|浩大|浩登|浩聡|潤人|煕人|皓飛|碩人|礼人|祐人|空人|紘人|紘土|紘士|紘都|裕人|裕度|裕斗|裕登|裕翔|裕聡|裕豊|裕都|裕騰|陽路人	source-common-subset
れいか	れいか|れい佳|れい香|レイカ|令佳|令夏|令果|令花|令華|令賀|令香|伶佳|伶依香|伶圭|伶夏|伶果|伶歌|伶花|伶香|冷花|冷華|冷香|励佳|励加|励果|励花|励華|契香|峰花|嶺火|嶺花|嶺華|嶺香|怜佳|怜加|怜可|怜夏|怜果|怜花|怜華|怜衣花|怜郁|怜香|恋以香|澪伽|澪佳|澪夏|澪花|澪衣可|澪香|玲伽|玲佳|玲加|玲可|玲嘉|玲夏|玲果|玲架|玲歌|玲花|玲華|玲衣香|玲郁|玲香|礼佳|礼加|礼可|礼夏|礼果|礼花|礼華|礼蘭|礼雅|礼香|綺香|虹架|虹花|虹華|鈴佳|鈴加|鈴和|鈴花|鈴華|鈴香|零華|零賀|霊果|霊華|麗|麗伽|麗佳|麗加|麗可|麗嘉|麗夏|麗果|麗樺|麗歌|麗火|麗花|麗華|麗賀|麗雅|麗霞|麗香|麗馨|麗鹿|黎歌|黎花|黎華|黎香	source-common-subset
あつき	あつき|あつ希|亜月|亜月姫|亜槻|亜津紀|亜都希|充紀|充記|充輝|功起|厚基|厚嬉|厚希|厚樹|厚毅|厚紀|厚葵|厚輝|吾月|安津紀|幹樹|彩月季|徳毅|忠来|忠貴|惇希|惇紀|惇起|惇輝|愛月|敦哉|敦喜|敦基|敦妃|敦岐|敦己|敦希|敦揮|敦樹|敦生|敦磯|敦稀|敦紀|敦規|敦記|敦貴|昌樹|明光|明月|春姫|春祈|春葵|暁希|暖季|暖月|有継|杏月|杏槻|淳喜|淳基|淳姫|淳希|淳揮|淳月|淳樹|淳毅|淳紀|淳記|淳貴|淳輝|淳響|温季|温希|温暉|温月|温樹|温生|温紀|温輝|熱季|熱気|秋月|篤喜|篤基|篤姫|篤季|篤宜|篤己|篤希|篤暉|篤樹|篤毅|篤生|篤磯|篤紀|篤規|篤貴|篤輝|純岐|純己|純樹|純輝|藍月|豊己|貴己|貴規|貴記|阿月|陸生	source-common-subset
やすお	休男|休雄|保勇|保夫|保生|保男|保緒|保郎|保雄|健郎|八寿男|八州夫|八州男|八州雄|八洲夫|八洲生|八洲男|八洲雄|勉男|匡司|和士|和夫|和郎|坦男|坦郎|坦雄|夜穂|妥夫|安保|安勇|安夫|安彦|安生|安男|安雄|宴雄|寧夫|寧雄|寿男|康夫|康朗|康王|康生|康男|康郎|康雄|康須雄|庸夫|庸雄|弥寿夫|弥寿生|弥寿長|弥寿雄|弥男|恭士|恭夫|恭央|恭朗|恭生|恭男|恭雄|息生|悌夫|悌男|悠夫|慶雄|擁夫|晏夫|晏男|泰代|泰夫|泰央|泰扶|泰治|泰生|泰甫|泰男|泰郎|泰雄|温雄|穏雄|綏夫|綏男|綏雄|耕雄|育夫|育男|育郎|育雄|胖夫|裕夫|裕生|裕男|裕郎|裕雄|要夫|誉雄|豈夫|資雄|道生|雍夫|雍雄|靖夫|靖峰|靖生|靖男|靖郎|靖雄|養男	source-common-subset
あきひと	亜基人|亜季人|亜希人|亜希仁|亨仁|享仁|亮人|亮仁|亮史|仁人|哲人|哲仁|哲史|哲士|啓人|啓仁|壮人|壮史|彬人|彬仁|彬史|彰一|彰人|彰仁|彰史|彰士|愛仁|成仁|揚人|揚士|敬人|文人|旭人|旭仁|昌人|明一|明人|明仁|明兵|明史|明士|映人|映仁|映公|昭一|昭人|昭仁|昭儒|昭史|昭吾|昭民|昭等|晃一|晃人|晃仁|晃史|晃士|晶一|晶人|晶仁|晶士|暁人|暁仁|暁史|暁士|暁寛|曉人|朗人|朗仁|朗史|淳史|照人|玲人|玲史|瑛一|瑛仁|璋仁|皓人|盟人|瞳日月|研史|祥仁|祥史|祥士|秋一|秋人|秋仁|章一|章人|章仁|章公|章史|義人|聡人|聡仁|裕人|覚人|誠人|誠士|諒人|輝人|輝仁|鑑人|陽人|陽仁|顕人|顕仁|顕史	source-common-subset
ひろとし	仁俊|公俊|公敏|博仁|博俊|博利|博壽|博寿|博年|博慧|博敏|博温|博稔|博聡|博順|啓信|啓利|啓年|啓敏|啓稔|大俊|大利|大年|大稔|大鉄|太駿|宇利|宏俊|宏利|宏勇|宏寿|宏年|宏敏|宏智|宏聡|宏肇|宙俊|宙稔|宥利|寛俊|寛利|寛年|寛敏|寛智|寛歳|常利|広俊|広利|広寿|広年|広敏|広稔|広聡|廣壽|弘俊|弘利|弘寿|弘年|弘捷|弘敏|弘稔|弘臣|恵敏|悠稔|拓寿|拓稔|拓聡|拡利|敬年|泰世|泰俊|泰敏|洋俊|洋利|洋寿|洋年|洋敏|洋智|洸明|浩世|浩俊|浩利|浩寿|浩年|浩敏|浩登志|浩稔|煕敏|碩敏|祐俊|祐利|祐年|祐敏|空俊|紘世|紘俊|紘利|紘敏|裕俊|裕利|裕寿|裕敏|裕敦|裕智|裕稔|裕紀|裕聡|豊智	source-common-subset
ひさし	ひさ志|久|久之|久二|久伺|久佐司|久史|久司|久嗣|久士|久巳|久師|久志|久斉|久祉|久紫|久視|久詞|久詩|久資|久賜|久進|九|九史|九志|亀|仁|仁市|十|千士|古|史|向士|喜史|在|壽|壽志|央|央史|央嗣|央志|央至|央資|契|学史|学司|富|寿|寿之|寿人|寿史|寿司|寿吏|寿嗣|寿士|寿巳|寿志|寿旨|寿至|寿詩|寿資|尚|尚之|尚史|尚司|尚嗣|尚四|尚士|尚将|尚巳|尚志|常|幸|廈|延|弥|恒|恒史|恒司|恒志|恭志|悠|悠史|悠志|斉|日作司|昂|昶|栄|栄志|桐志|比佐司|比佐志|比左志|比左思|比差支|比沙志|永|永史|永司|永詞|猶|羽久|脩示|長|長志|飛彩士	source-common-subset
つよし	つよし|ツヨシ|丁|乾|伉|佶|侃|侃志|健|健司|健師|健志|健義|健資|傑|克|剛|剛之|剛健|剛史|剛司|剛嗣|剛士|剛始|剛志|剛旨|剛毅|剛紫|剛脩|剛至|剛視|剛資|力|勁|勁代志|勉|勍|勝|厳|嚴|堅|士|壮|壮志|壯|大|大剛|威|威志|幹|幹史|幹士|康|強|強史|強司|強士|強志|強至|彊|彪|徹|懿軒|拳|敢|敢史|敢施|智与士|毅|毅史|毅士|毅志|毅次|津与志|津代司|津代志|津吉|津好|津由|津義|津芳|洸|烈|猛|疆|矯|確|穀|綱|義|耐|行|豪|豪史|豪志|赳|都世志|都吉|都美|都義|都芳|鋼|雄|養|驍	source-common-subset
みえこ	みえこ|みえ子|み江子|ミエコ|ミエ子|三乃子|三恵子|三惠子|三慧子|三映子|三枝子|三栄子|三永子|三江子|三絵子|三英子|三衣子|三詠子|三重子|允枝子|充重子|光映子|光枝子|光栄子|光江子|光衣子|味重子|実得子|実恵子|実惠子|実映子|実枝子|実栄子|実永子|実江子|実絵子|実英子|実重子|宮恵子|實恵子|實惠子|實枝子|己恵子|巳恵子|巳惠子|巳枝子|巳江子|弥恵子|弥永子|弥江子|弥重子|御恵子|惠美子|操恵子|未恵子|未映子|未英子|民映子|民重子|水映子|水枝子|海恵子|海絵子|深恵子|瑞枝子|眞恵子|真愛子|積子|美会子|美依子|美咲子|美妙子|美家子|美得子|美恵呼|美恵子|美惠子|美愛子|美慧子|美映子|美枝子|美栄子|美榮子|美永子|美江子|美瑛子|美画子|美禰子|美笑子|美絵子|美英子|美衣子|美詠子|美重子|良瑛子|見依子|見恵子|見枝子|見栄子|見江子|視英子|路得子|身依子|身江子|身衣子	source-common-subset
あきのぶ	亨暢|亮伸|亮信|亮敦|亮暢|健生|光信|哲信|哲靖|啓修|彬伸|彬修|彬宣|彰伸|彰信|彰修|彰宣|彰展|彰布|彰延|旭将|旭庸|昌修|明伸|明信|明修|明史|明宣|明将|明展|明布|明庸|明延|明悦|明晋|明暢|明生|明順|映信|昭亘|昭伸|昭信|昭修|昭允|昭宣|昭寿|昭展|昭延|昭暢|晁延|晃伸|晃宜|晃宣|晃延|晃暢|晃演|晃申|晃進|晟伸|晶伸|晶信|晶宣|晶房|暁信|暁喜|暁宣|暁延|暁経|暁進|曜宣|朗伸|淳伸|淳允|照展|瑛信|監之|秋伸|秋信|秋宣|秋正|秋順|章亘|章伸|章信|章修|章展|章布|章敦|章暢|章申|聡之|聡伸|聡信|聡寿|聡将|聡申|謙信|鑑頌|陽之|陽展|陽進|顕伸|顕信|顕宣|顕正	source-common-subset
のりまさ	乗正|了匡|倫暢|倫正|公正|典均|典将|典應|典成|典政|典正|典真|典雅|利征|則匡|則政|則昌|則正|則芸|則雅|剛正|功昌|功眞|勳正|哲成|哲正|哲理|哲聖|学将|学正|宗昌|宜正|宣政|宣正|展正|師正|度正|徳将|徳政|徳昌|徳正|徳真|徳聖|徳雅|慶聖|憲優|憲匡|憲将|憲征|憲成|憲政|憲昌|憲正|憲賢|憲雅|教全|教正|教雅|敬将|敬正|文栄|智優|智正|智雅|格正|永昌|法将|法政|法昌|法正|知正|矩方|矩正|礼雅|章董|範勝|範匡|範将|範征|範政|範昌|範暢|範正|範雅|紀政|紀昌|紀正|紀雅|統督|維勝|義正|至暢|規仁|規全|規正|規真|規雅|訓将|詮政|詮正|軌正|軌順|順正|騎正	source-common-subset
やすのり	保典|保則|保宜|保宣|保徳|保憲|保教|保法|保矩|保範|保紀|保規|奉典|安代|安伯|安典|安則|安功|安宣|安徳|安憲|安教|安智|安法|安範|安紀|安統|安規|安記|寧伯|康典|康則|康孝|康師|康徳|康怒|康憲|康教|康敬|康方|康矩|康稔|康範|康紀|康規|康訓|康記|庸典|庸則|庸徳|弥徳|恭典|恭則|恭宣|恭徳|恭慶|恭憲|恭敬|恭範|恭紀|恭純|恭規|恵教|愛仁|慈則|慶模|泰之|泰令|泰倫|泰儀|泰典|泰則|泰功|泰勲|泰宣|泰得|泰徳|泰憲|泰成|泰教|泰昇|泰智|泰理|泰知|泰章|泰範|泰紀|泰規|泰道|泰雅|育紀|裕則|裕規|邦範|靖了|靖典|靖則|靖徳|靖憲|靖教|靖法|靖矩|靖範|靖紀	source-common-subset
みきお	みき生|みき男|三亀男|三喜夫|三喜生|三喜男|三喜郎|三喜雄|三季生|三希雄|三木男|三木雄|三来生|三樹夫|三樹生|三樹男|三樹雄|三毅夫|三生夫|三紀夫|三紀郎|三紀雄|三記男|三起生|三起雄|実喜男|実希夫|実樹朗|実樹生|実樹男|実紀尾|実貴男|巳喜夫|巳喜生|巳喜男|巳喜雄|巳季雄|巳紀夫|巳記夫|幹|幹士|幹大|幹太|幹夫|幹弥|幹扶|幹朗|幹樹夫|幹治|幹生|幹男|幹緒|幹翁|幹郎|幹雄|未喜於|未喜男|未器男|未希生|未来朗|未来王|未来生|未来男|未生男|未紀夫|未紀雄|未貴男|樹夫|樹生|樹男|樹郎|樹雄|海紀男|美亀男|美喜夫|美喜生|美喜男|美喜雄|美城雄|美奇夫|美奇穂|美宜男|美希夫|美希雄|美樹夫|美樹男|美樹雄|美紀夫|美紀尾|美紀男|美紀雄|美記夫|美貴夫|美貴男|美貴雄|美起男|美輝夫|美輝男|美輝雄|見記夫|観希央|酒喜男|酒造雄	source-common-subset
りえこ	りえこ|りえ子|リエ子|リヱ子|五重子|倫英子|利依子|利恵子|利悦子|利惠子|利映子|利枝子|利栄子|利永子|利江子|利絵子|利英子|利衣子|利重子|史絵子|吏恵子|吏慰子|吏永子|吏江子|吏英子|律恵子|律絵子|李恵子|李惠子|李愛子|李枝子|李栄子|李江子|李笑子|李絵子|李英子|李荏子|李衣子|李詠子|柳重子|梨依子|梨咲子|梨恵子|梨映子|梨枝子|梨栄子|梨江子|梨瑛子|梨笑子|梨絵子|梨英子|梨衣子|梨詠子|理会子|理依子|理徳子|理恵子|理悦子|理惠子|理愛子|理慧子|理映子|理枝子|理栄子|理永子|理江子|理泳子|理笑己|理絵子|理英子|理衣子|理詠子|理重子|璃英子|癒永子|莉依子|莉恵子|莉慧子|莉映子|莉枝子|莉江子|莉絵子|莉英子|里会子|里依子|里咲子|里恵子|里惠子|里慧子|里映子|里枝子|里栄子|里永子|里江子|里泳子|里瑛子|里絵子|里英子|里衣子|里詠子|鈴依子|領江子|鯉江子	source-common-subset
まいこ	まいこ|まい子|マイ子|万以子|万伊子|万似子|万依子|万唯子|万尉子|万意子|万維子|万衣子|夢愛子|妹子|希衣子|摩伊子|摩依子|摩衣子|昧子|末依子|枚子|柾泉子|槙依子|正唯子|毎子|満衣子|眞依子|真万子|真井子|真以子|真伊子|真似子|真依子|真唯子|真妃子|真委子|真惟子|真意子|真愛子|真生子|真移子|真維子|真緯子|真衣子|磨以子|磨依子|磨生子|磨育子|磨衣子|米子|舞以子|舞伊子|舞位子|舞依子|舞姫|舞姫子|舞子|舞幸|舞恋|舞洸|舞湖|舞琴|舞紅|舞維子|舞虹|舞衣子|舞許|舞香|舞鼓|芽子|芽衣子|苺子|茉一子|茉伊子|茉似子|茉依子|茉唯子|茉生子|茉衣子|雅依子|鞠子|魔惟子|麻一子|麻以子|麻伊子|麻似子|麻依子|麻妃子|麻委子|麻子|麻已子|麻巳子|麻意子|麻比子|麻泉子|麻生子|麻生香|麻維子|麻維袴|麻緯子|麻衣子|麻郁子	source-common-subset
まい	まい|マイ|万以|万伊|万依|万偉|万唯|万尉|万惟|万意|万愛|万衣|妹|愛依|愛唯|愛好|摩依|摩衣|昇|曲唯|未玲|枚|毎|毎妹|毬衣|満唯|満衣|眞依|眞唯|眞愛|眞生|眞維|眞衣|真井|真以|真伊|真依|真唯|真尉|真己|真彩|真惟|真意|真愛|真未|真李|真為|真生|真結|真維|真衣|真衣子|磨依|磨衣|稀唯|稀衣|米|繭衣|舞|舞伊|舞依|舞夢|舞彩|舞惟|舞衣|舞雪|苺|茉以|茉伊|茉似|茉依|茉尉|茉惟|茉生|茉結|茉緋|茉衣|間井|雅依|雅衣|魔胃|麗依|麻以|麻伊|麻似|麻依|麻夷|麻委|麻尉|麻恵|麻惟|麻意|麻愛|麻生|麻礼|麻結|麻維|麻衣|麻集|麿泉|麿衣	source-common-subset
しのぶ	しのぶ|しの武|しの歩|しの舞|し乃ぶ|シノブ|仁|信婦|信布|信武|信歩|信風|偲|偲風|凌布|史乃扶|史乃歩|史乃芙|史薫|司之武|司伸|司信|司叙|司暢|司葉|司農夫|嗣延|四信|四暢|姉信|姿風|心薫|忍|忍也|忍婦|志々舞|志のぶ|志乃ぶ|志乃信|志乃夫|志乃婦|志乃富|志乃寿|志乃布|志乃文|志乃生|志乃舞|志乃芙|志乃風|志之歩|志伸|志信|志喜|志宣|志展|志布|志延|志暢|志生|志能富|志能歩|志薫|志農夫|志遥|志野歩|志野生|志養|思伸|思信|思展|恕|悠|慕|支信|枝忍|枝薫|柴信|梓暢|死乃生|毅|氏伸|清信|矢野歩|筱生|篠生|糸布|紫乃芙|紫伸|紫信|紫延|紫生|紫薫|至信|詩のぶ|詩乃歩|詩乃舞|詩伸|詩信|詩文|詩申|詩薫	source-common-subset
やすこ	やすこ|やす子|ヤスコ|ヤス子|也寸子|也寿子|也素子|仁子|侃子|保子|保幸|保湖|保香|倭子|倭須子|億子|儒子|八主子|八壽子|八寿子|八州子|八洲子|八須子|共子|勉子|和子|哉寿子|奉子|妥子|安子|安寿子|安衡|宴子|家寿子|寧子|寿子|尉子|屋寿子|庚子|康|康委子|康子|康湖|庸子|廉子|弥主子|弥壽子|弥子|弥寸子|弥寿子|弥珠子|弥須子|彌壽子|快子|恭古|恭子|恵子|悌子|惠子|慈子|慰子|慶子|易子|晏子|暖子|暖孝|柔子|椰季子|欣子|泰子|泰湖|温子|湛子|矢主子|矢寿子|矢珠子|矢須子|祥子|祺子|穆子|穏子|綏子|緩子|耕子|耶須子|育子|能子|蓁子|行子|裕子|誉子|謹子|資子|逸子|野朱子|野須子|陽春子|雍子|靖子|靖孝|静子	source-common-subset
ちえこ	ちえこ|ちえ子|ち恵子|ち江子|チエコ|チエ子|チヱ子|仟永子|仟江子|千会子|千依子|千営子|千宴子|千得子|千恵子|千悦子|千惠子|千愛子|千慧子|千映子|千枝古|千枝子|千栄子|千榮子|千永子|千江子|千瑛子|千笑子|千絵古|千絵子|千芙子|千英子|千衛子|千衣子|千詠子|千誉子|千重子|友恵子|地恵子|地惠子|恒久|慧子|智依子|智円子|智子|智工子|智恵子|智恵己|智惠子|智愛子|智慧子|智映子|智枝子|智栄子|智永子|智江子|智笑子|智絵子|智英子|智衣子|智詠子|智重子|望衣子|池映子|池江子|知亜子|知会子|知依子|知央子|知延子|知影子|知恵光|知恵子|知惠子|知愛子|知慧子|知映子|知枝子|知栄子|知榮子|知永子|知江子|知瑛子|知絵子|知英子|知衣子|知詠子|知重子|秩恵子|稚依子|稚恵子|稚枝子|稚栄子|稚絵子|稚英子|稚衛子|稚重子|致得子|致恵子|行雄	source-common-subset
ななえ	ななえ|なな恵|なな江|七々恵|七々絵|七え|七七恵|七七枝|七七江|七七重|七奈枝|七奈江|七奈絵|七彩|七恵|七惠|七愛|七慧|七星|七映|七枝|七栄|七榮|七江|七生|七笑|七絵|七苗|七英|七菜江|七衣|七重|南々江|南奈依|名奈恵|名苗|名菜枝|夏苗|奈々恵|奈々愛|奈々映|奈々枝|奈々栄|奈々江|奈々瑛|奈々絵|奈々英|奈々重|奈々雅|奈ナ江|奈七恵|奈南依|奈南恵|奈名恵|奈名江|奈奈恵|奈奈枝|奈奈江|奈奈絵|奈奈重|奈苗|奈苗枝|奈菜恵|奈菜江|奈菜絵|奈那恵|奈那枝|奈那江|奈那絵|奈那衣|納枝|納苗|苗々英|菜々恵|菜々映|菜々枝|菜々栄|菜々江|菜々笑|菜々絵|菜々衣|菜々重|菜名恵|菜奈恵|菜奈江|菜奈絵|菜恵|菜江|菜絵|菜苗|菜菜恵|菜菜江|菜那江|虹|那々恵|那々枝|那奈恵|那奈英|那苗|雫々恵	source-common-subset
ひかる	ひかる|ひか留|ヒカル|光|光る|光星|光流|光琉|光瑠|光留|光精|光香瑠|光龍|太陽|妃佳留|妃加瑠|妃花琉|妃華瑠|妃華留|妃薫|妃香|妃香瑠|彩|彩月|彩華|日|日佳瑠|日加留|日華留|日香瑠|日香留|日駈|旺|昌|星|映|晃|晃流|晃留|晄|晶|智|暉|曜|月|月輝|比加留|比香瑠|比香留|洸|洸琉|流星|潤|濯|煕|照|燈|燿琉|燿瑠|玄|玉|瑛|瑛留|皓|瞭|空輝|籌|緋加留|緋可瑠|緋可留|緋果留|緋花流|緋花留|緋華瑠|緋香留|耀|聖加瑠|聖瑠|英|華|輝|輝冬|輝夜|輝星|輝流|輝琉|輝瑠|陽|陽佳留|陽晃|陽翔留|陽花瑠|陽香瑠|陽駈|電|飛翔|飛翔琉|飛香瑠|飛香留|魅	source-common-subset
しょうご	勝伍|勝吾|勝悟|匠剛|奨吾|奨悟|将五|将伍|将剛|将吾|将呉|将悟|將吾|將護|尚吾|尚悟|尚郷|庄五|庄午|庄吾|庄悟|彰吾|彰悟|彰晤|彰護|承吾|捷吾|昇剛|昇午|昇吾|昇悟|昌吾|昌悟|昭五|昭伍|昭午|昭吾|昭悟|昭語|晶午|晶吾|晶悟|松午|松吾|松悟|梢伍|正五|正伍|正剛|正午|正吾|正悟|正護|渉吾|渉悟|照悟|照護|璋五|璋伍|生五|生剛|生吾|省互|省五|省伍|省午|省吾|省悟|祥五|祥伍|祥吾|祥悟|祥護|章互|章五|章伍|章吾|章悟|笙悟|翔伍|翔吾|翔悟|翔梧|聖吾|聖悟|肖五|荘吾|荘悟|蕭吾|衝吾|詔吾|詔悟|詳悟|象吾|鈔吾|鍾期|鐘吾|鐘悟|頌吾|頌悟	source-common-subset
まさや	万三哉|万佐也|仁也|仁哉|優也|優冶|允也|允哉|克也|全哉|全矢|公也|公哉|剛哉|勝也|勝哉|勝弥|匡也|匡哉|匡弥|和也|壮哉|大也|宜也|将也|将哉|将弥|将矢|将耶|將也|幹也|当哉|征也|征哉|征弥|征矢|応也|成矢|政也|政八|政哉|政弥|政矢|方也|方哉|昌也|昌哉|昌弥|昌矢|晶也|晶矢|暢哉|柾谷|栄也|格也|正也|正佐也|正八|正哉|正弥|正矢|満佐也|満佐哉|理也|理哉|眞也|眞哉|真也|真佐也|真佐弥|真咲也|真哉|真在哉|真左也|真左哉|真弥|真矢|真紗矢|祐也|祐哉|純也|聖也|聖哉|薫也|薫弥|誠也|誠哉|諒也|賢也|賢哉|雅也|雅哉|雅弥|雅彌|雅矢|雅耶|順也|馬左也|麿瑳也	source-common-subset
せいこ	せいこ|せい子|セイコ|セイ子|世以子|世伊子|世依子|世姫児|世子|世生子|世緯子|世育子|世衣子|井子|制子|勢乙子|勢以子|勢伊子|勢位子|勢依子|勢子|勢意子|勢衣子|史子|声子|妹伊子|彗子|征以子|征古|征子|性子|惺子|成子|政子|政維子|整子|斉子|斉香|斎子|星以子|星子|星湖|星瑚|星降|是依子|晟子|晢子|晴子|晴湖|晶子|栖湖|栖虚|正伊子|正子|正惟子|歳子|浄子|清吾|清子|清湖|済子|瀬依子|瀬台子|生子|盛子|省子|笙子|精子|聖仔|聖位子|聖依子|聖姫|聖子|聖木|聖湖|聖紘|聖衣子|茜子|菁子|西湖|誓子|誠子|請子|鉦子|青壷|青子|青湖|青琥|青胡|青虎|青衣子|靖子|静伊子|静子|静湖|静香|靜子|馨子	source-common-subset
れいこ	れいこ|れい子|れい湖|レイコ|レイ子|令以子|令伊子|令依子|令好|令委子|令子|令意子|令湖|令維子|令英子|令郁子|伶以子|伶子|伶衣子|儷子|冷子|冽子|励子|励胡|勵子|嶺子|嶺湖|怜公|怜冴|怜唯子|怜子|怜湖|怜瑚|景胡|澪子|澪湖|玲|玲以子|玲伊子|玲依子|玲偉子|玲好|玲子|玲恵子|玲惟子|玲江|玲湖|玲瑚|玲英子|玲衣子|玲衣湖|玲香|礼以子|礼伊子|礼位子|礼依子|礼允子|礼児|礼古|礼好|礼妃子|礼威子|礼子|礼己子|礼緯子|礼衣子|祈子|祝子|禮好|禮子|羚子|聆古|聆子|良子|苓子|莉子|蓮子|藜子|虹子|豊子|醴子|鈴子|鈴衣子|零子|霊子|霊故|麗依子|麗子|麗湖|麗瑚|麗紅|麗胡|麗衣子|黎子|黎衣子|黎鼓|齢依子|齢子	source-common-subset
じゅんじ	准二|准史|准司|准嗣|准治|循二|恂二|惇二|惇史|惇司|惇士|惇治|旬二|旬司|洵史|洵治|淳之|淳二|淳仁|淳児|淳史|淳司|淳吏|淳嗣|淳士|淳志|淳慈|淳次|淳治|淳滋|淳爾|淳示|淳至|淳路|準二|準司|準士|準志|準次|準治|準示|潤二|潤人|潤仁|潤児|潤史|潤司|潤士|潤志|潤慈|潤次|潤治|潤爾|純之|純二|純児|純史|純司|純嗣|純士|純志|純慈|純次|純治|純滋|純爾|純示|純至|純路|詢二|詢次|諄二|遵二|遵志|醇爾|閏二|閏次|隼二|隼史|隼司|隼弐|隼次|隼治|順|順之|順二|順史|順司|順嗣|順士|順就|順志|順次|順治|順滋|順耳|順詞|順路	source-common-subset
なみ	なみ|ナミ|七三|七実|七海|七美|乃海|乃美|凡|凪未|凪海|南|南み|南実|南弥|南洋|南海|南美|名実|名望|名波|名美|和|和海|和澪|夏城|夏美|奈三|奈味|奈子|奈実|奈己|奈巳|奈弥|奈慎|奈望|奈未|奈果|奈水|奈海|奈満|奈珠|奈生|奈示|奈美|奈見|奈視|奈身|奈都|奈魅|居美|巨|成実|成美|梨美|樹美|水美|永実|永海|波|波実|波海|波美|波観|渚海|濤|生味|納美|苗美|茄美|菜光|菜味|菜実|菜嶺|菜巳|菜弥|菜心|菜望|菜未|菜水|菜海|菜珠|菜生|菜笑|菜美|菜翠|菜見|菜魅|那実|那弥|那未|那海|那珠|那美|那魅|銘美|魚海	source-common-subset
こうた	亘太|亨太|侯太|倖大|倖太|倖汰|光多|光太|光汰|兜太|公大|公太|剛大|剛太|功多|功大|功太|厚太|好太|好汰|孔大|孔太|孝太|宏多|宏太|小唄|小歌|小詩|嵩太|工太|巧太|幸他|幸多|幸大|幸太|幸汰|広大|広太|康多|康太|廣太|弘多|弘大|弘太|心詩|恒多|恒太|攻太|昂大|昂太|昂汰|昴太|晃多|晃大|晃太|晃汰|江太|洪太|洸太|浩大|浩太|湖唄|湖歌|滉大|滉太|煌太|甲太|皇太|皐太|皓大|皓太|皓汰|紘多|紘大|紘太|紘汰|考太|耕大|耕太|耿太|興太|航多|航大|航太|航汰|荒太|虹太|行太|貢大|貢太|輝大|鉱大|鉱太|鋼太|項太|香太|高太	source-common-subset
しげお	シゲオ|卯雄|咸夫|咸男|志気雄|志計夫|恵夫|恵男|恵雄|慈夫|慈男|成夫|成央|成巨|成生|成男|成穂|成緒|成郎|成雄|方雄|晟郎|林夫|林男|栄夫|栄男|栄雄|樹夫|樹生|樹男|樹香|殖夫|殷生|滋大|滋夫|滋央|滋巨|滋朗|滋生|滋男|滋郎|滋雄|潤生|盛夫|盛男|盛雄|稠夫|維夫|繁夫|繁央|繁於|繁生|繁男|繁穂|繁緒|繁郎|繁雄|繁香|臣男|茂伯|茂勇|茂夫|茂央|茂朗|茂王|茂生|茂男|茂穂|茂緒|茂郎|茂雄|草緒|荘夫|葆雄|蒼生|薫夫|薫朗|薫生|薫男|薫緒|薫雄|誠夫|誠男|誠雄|諄郎|重勇|重夫|重尾|重朗|重生|重男|重緒|重郎|重雄|重雅|鎮男|鎮雄	source-common-subset
りょうじ	両二|両次|了二|了児|了司|了士|了次|了治|了滋|亨二|亨司|亨治|享司|享治|亮二|亮児|亮史|亮司|亮嗣|亮次|亮治|亮爾|亮耳|亮路|僚二|凉司|凌二|凌史|凌司|嶺二|嶺志|嶺治|怜治|怜示|梁次|涼二|涼児|涼司|涼士|涼弛|涼志|涼次|涼治|涼至|玲樹|療治|瞭二|瞭治|稜二|稜児|稜治|竜二|竜志|竜次|竜治|糧史|糧司|綾二|綾児|良二|良児|良司|良志|良慈|良次|良治|良爾|良知|諒二|諒児|諒司|諒次|諒治|遼二|遼児|遼史|遼司|遼志|遼次|遼治|遼路|量二|量司|量治|量爾|鐐二|陵二|陵史|陵司|陵治|領二|領時|領次|領治|龍二|龍史|龍治	source-common-subset
ちえ	ちえ|ち江|チエ|千乃|千会|千依|千叡|千営|千宴|千恵|千悦|千惠|千愛|千慧|千映|千智|千枝|千栄|千永|千江|千瑛|千笑|千絵|千繪|千苗|千英|千衣|千詠|千重|千雅|千頴|地恵|地枝|地江|城燕|央江|小絵|忠江|智|智世|智会|智媛|智得|智恵|智惠|智愛|智慧|智映|智枝|智栄|智永|智江|智瑛|智紅|智絵|智繪|智美|智英|智衣|智詠|智重|朕恵|治枝|直央|直絵|睦恵|知会|知依|知得|知恵|知惠|知愛|知慧|知映|知枝|知柄|知栄|知永|知江|知笑|知絵|知英|知衣|知詠|知重|秩依|秩愛|秩枝|稚恵|稚惠|稚慧|稚枝|稚栄|稚絵|稚衣|致栄	source-common-subset
まお	まお|マオ|万央|万桜|万欧|万王|万穏|万緒|万青|万音|万魚|中央|大緒|希桜|愛桜|愛緒|愛音|摩央|摩於|摩緒|望桜|歩蒼|満央|満桜|満緒|眞央|眞帆|眞旺|眞欧|眞生|眞穂|眞緒|眞織|眞麻|真|真乙|真保|真史|真和|真大|真央|真女|真帆|真弦|真恩|真愛|真桜|真櫻|真欧|真王|真生|真穂|真穏|真緒|真織|真雄|真青|真音|真魚|真麻|磨夫|磨緒|稀央|舞乙|舞央|舞扇|舞於|舞桜|舞生|舞緒|舞織|舞雄|舞音|苺桜|茉央|茉桜|茉欧|茉生|茉緒|茉青|茉音|茉魚|麻々|麻亜|麻央|麻少|麻帆|麻桜|麻欧|麻生|麻穂|麻緒|麻織|麻青|麻音|麻魚	source-common-subset
たかふみ	上文|享史|享文|享郁|任史|伯史|偉文|健文|充史|公郁|兼史|剛史|剛文|卓史|卓文|啓史|喬史|喬文|太史|太文|孝典|孝史|孝文|孝郁|学史|宇史|宗史|宜史|尊史|尊文|尊郁|尚史|尚文|尭史|尭文|岳史|岳文|峰史|峰文|峻史|崇典|崇史|崇文|崇章|嵩史|嵩文|幸文|恭史|恭文|恭郁|教史|教文|敬史|敬文|昂史|栄史|毅史|登史|章文|考史|肖典|能史|誉典|誉史|誉文|豪史|貴史|貴吏|貴文|貴章|貴記|貴詞|貴郁|賢典|賢史|賢文|郁文|陵文|陽史|隆典|隆史|隆吏|隆央|隆文|隆普実|隆籍|隆良|隼史|雄史|香文|高史|高文|高書|高詞|鷹史|鷹郁	source-common-subset
やすし	やすし|やす志|ヤスシ|也寸之|也寸志|仁|休司|依|保|保也|保司|保四|保士|保夫|保志|保資|健|八嵩士|又市|和|和司|坦|坦之|妥|存|安|安史|安司|安四|安士|安志|完|定|宜志|寧|寧至|平|康|康二|康史|康司|康嗣|康四|康士|康志|康次|康至|康詞|康資|廉|廉士|弥|恬|恭|恭史|恭司|恭士|悌|愷|慈|易|易司|欣|泰|泰史|泰司|泰嗣|泰士|泰志|泰氏|泰至|渥|湛|燕|祥|祥史|純|綏|耕|育士|裕|裕史|裕司|錦司|雍|靖|靖之|靖史|靖司|靖嗣|靖四|靖士|靖志|靖至|魁	source-common-subset
のりかず	亘一|仁一|令和|伯一|倫一|倫司|倫和|儀一|典一|典和|典計|典量|則一|則和|功一|功和|勳一|升一|周和|哲一|哲和|士司|孝和|孝容|宜和|宣一|宣多|宣寿|希和|式一|律和|徳一|徳万|徳利|徳司|徳和|徳寿|徳数|悟一|慎一|慶一|憲一|憲和|憲数|憲知|憲計|成良|教一|教和|敬和|文一|昇一|昇三|昇千|昇和|昇計|智一|格知|模一|権和|法一|法和|法数|準和|理一|登一|礼一|礼澄|祝一|章一|章和|章員|範一|範和|範員|範寿|範計|紀一|紀和|紀量|統一|規一|規司|規和|規員|規嘉津|規数|訓一|訓和|記一|記和|賀一|軌一|雅一	source-common-subset
けいし	けいし|京之|京子|佳史|佳司|佳士|佳志|兄司|啓之|啓史|啓司|啓嗣|啓士|啓志|啓思|啓恩|啓旨|啓枝|啓示|啓至|啓視|啓誌|啓資|圭之|圭史|圭司|圭嗣|圭志|圭詩|契嗣|恵之|恵史|恵司|恵嗣|恵士|恵子|恵市|恵志|恵示|恵視|恵詩|恵誌|惠史|惠司|慧之|慧史|慧芝|慶之|慶史|慶司|慶嗣|慶士|慶志|敬之|敬史|敬司|敬嗣|敬士|敬始|敬子|敬志|敬思|敬止|敬紫|敬芝|敬視|敬詞|敬資|景之|景史|景士|景詩|桂史|桂司|桂嗣|桂子|桂志|桂枝|桂石|桂詩|渓伺|渓史|経史|経志|継志|肇四|肇志|計之|計司|計士|計志|警子	source-common-subset
ただお	タダオ|九雄|任男|任雄|伝生|但夫|侃夫|侃男|侃雄|俊雄|傳生|公夫|公男|典夫|凡夫|勅夫|匡勇|匡夫|匡生|匡男|匡雄|只夫|只央|只生|只男|只雄|唯夫|唯央|唯生|唯男|唯郎|唯雄|多太男|寔男|尹夫|廷夫|廷雄|征夫|忠勇|忠士|忠大|忠夫|忠央|忠朗|忠生|忠男|忠穂|忠緒|忠郎|忠雄|惟夫|整夫|格夫|格生|格郎|正夫|正生|正男|正郎|正雄|殷男|淳夫|淳男|理夫|理男|理雄|疆雄|直夫|直男|直郎|直雄|真夫|督夫|督雄|禎夫|禎雄|端夫|節夫|精雄|糾夫|紀夫|紀男|紀雄|維夫|維男|肇生|董夫|薫夫|薫雄|虔郎|質郎|頌夫	source-common-subset
ともよ	ともよ|トモヨ|丈代|企代|伴代|倫世|倫代|倫葉|僚代|全世|公代|共世|共代|共余|共生|具世|具代|創代|友世|友予|友代|友余|友夜|友揚|友百代|友葉|友誉|友預|和世|和代|妃代|始代|委世|委代|巴世|幸世|幹代|智与|智世|智予|智代|智佳|智容|智茂予|智葉|智誉|智順|有世|有代|朋与|朋世|朋予|朋代|朋余|朋佳|朋夜|朋興|朋葉|朋要|朋誉|朝世|朝代|朝葉|朝陽|登茂代|睦世|知与|知世|知予|知代|知余|知佳|知容|知穂|知良|知葉|社百|紀代|萌予|萌代|萌葉|萠葉|記代|詳世|誠世|誠代|都茂世|都茂代|量世|類代|鵬代	source-common-subset
あきひこ	亜喜彦|亜季彦|亜希彦|亜木彦|亜樹彦|亜紀彦|亜規彦|亜記彦|亜貴彦|亜輝彦|亨彦|亮彦|卿彦|叡彦|吾喜彦|吾季彦|吾希彦|吾木彦|吾樹彦|吾紀彦|吾記彦|吾貴彦|哲彦|嗣彦|安喜彦|安紀彦|安芸彦|尭彦|彬彦|彰彦|成光|成彦|招彦|敬彦|旭彦|旭比古|旺彦|昂彦|昌彦|明光|明喜彦|明季彦|明希彦|明弘|明彦|明木彦|明樹彦|明比古|明紀彦|明記彦|明貴彦|映彦|昭弘|昭彦|昭比古|晃彦|晟彦|晶彦|暁彦|暁比古|暉彦|有希彦|朋彦|朗彦|清彦|炳彦|照彦|燦彦|爽彦|玲彦|瑛彦|璋彦|皓彦|礼彦|秋妃小|秋彦|秋日子|章光|章孫|章彦|精彦|純彦|耿彦|聡彦|聡比古|誠彦|輝彦|陽彦|韶彦|顕光|顕彦	source-common-subset
まさかず	マサカズ|仁一|修和|優一|優和|允和|公一|剛一|剛和|剛年|勝一|勝和|匡一|匡和|匡憲|壮和|奨一|容和|将一|将利|将和|将寿|将量|將一|尚和|幹一|征一|征和|應和|成和|政一|政和|政数|政計|政量|昌一|昌三|昌凡|昌和|昌寿|昌計|晶一|正一|正三|正和|正員|正寿|正弌|正数|正知|正算|正計|正量|理一|理和|理員|理計|甲和|直二|眞一|眞佐和|眞和|真一|真佐一|真佐和|真和|真寿|祐和|維和|縁般|聖司|聖和|若一|証一|誠一|誠和|誠宗|賀一|賢一|賢和|雅一|雅佐和|雅和|雅員|雅憲|雅知|雅航|雅計|雅重|雅量|順一	source-common-subset
しんすけ	伸丞|伸亮|伸介|伸佑|伸典|伸助|伸友|伸右|伸祐|伸資|伸輔|信亮|信介|信佑|信典|信助|信祐|信輔|心介|心助|心輔|愼介|愼助|愼祐|慎亮|慎介|慎佑|慎典|慎助|慎友|慎祐|慎裕|慎資|慎輔|新介|新佐|新助|新甫|新祐|新輔|晋丞|晋亮|晋介|晋佑|晋典|晋助|晋右|晋将|晋弼|晋祐|晋資|晋輔|槙介|津亮|津典|深介|清介|申介|眞介|眞輔|真亮|真介|真佐|真佑|真典|真助|真哉|真祐|真資|真輔|紳介|紳佑|紳助|紳祐|紳輔|臣助|臣祐|親典|親助|親輔|辰介|辰典|辰輔|進亮|進介|進佑|進典|進助|進祐|進輔	source-common-subset
けい	けい|ケイ|京|京依|佳|佳以|佳衣|勁|啓|啓依|啓維|圭|圭以|圭似|圭依|圭偉|圭威|圭意|圭衣|奎|契|奚|希以|希位|希依|希唯|希衣|彗|彗衣|形|形衣|径|恵|恵以|恵依|恵偉|恵唯|恵圭|恵生|恵育|恵衣|惠|惠以|慧|慶|慶衣|憩|掲|敬|敬以|敬偉|敬衣|景|景衣|桂|桂以|桂伊|桂依|桂唯|桂生|桂衣|渓|渓衣|溪|炯|珪|瓊|硅|磬|競|系|紀衣|経|絹衣|継|綮|繋|肇|花依|花泉|茎|茎維|華柄|華衣|蛍|螢|計|顕|馨	source-common-subset
かずよ	かずよ|カズヨ|一与|一世|一予|一代|一依|一四|一夜|一姫|一容|一良|一葉|一誉|万世|万予|万代|万葉|佳寿代|佳律代|佳月与|佳津代|佳都世|佳須代|加図予|加寿世|加寿代|加寿佳|加数代|加津代|加須代|千世|千佳|可ず代|可寿代|可須世|和与|和世|和予|和代|和余|和容|和恵|和珠代|和良|和葉|和陽|員与|員世|員代|嘉代|嘉朱代|嘉珠代|圭代|圭寿代|圭朱代|壽世|多世|多代|宗世|容代|寿世|寿代|数世|数代|料代|昭代|枚代|歌寿代|百代|知世|芳寿与|華寿代|萬代|計世|計代|賀寿代|賀津代|起世|量与|量世|量代|雅寿誉|香寿代|香津代|香洲代|香珠代|香鶴代|麗代	source-common-subset
しおん	しおん|偲音|史園|史恩|史温|史緒音|史臣|史遠|史音|司恩|司音|咲温|嗣臣|四温|士恩|子音|幸暖|幸音|心暖|心温|心音|心響|志恩|志温|志穏|志緒|志苑|志遠|志隠|志音|思温|思遠|思音|慈音|支温|星音|時元|朱音|枝音|柴オン|栞苑|栞遠|栞音|栞鳳|梓恩|梓音|梨音|汐奏|汐穏|汐遠|汐音|沙音|海音|渚園|潮音|獅温|矢音|砥音|祁音|祇音|私音|糸音|紗音|紙音|紫おん|紫円|紫央|紫恩|紫温|紫穏|紫苑|紫音|紫響|織音|聖思|聖月音|聖音|花遥|詞音|詩園|詩夢|詩嫣|詩恩|詩温|詩穏|詩苑|詩音|誌音|賜恩	source-common-subset
かずゆき	一主|一之|一亨|一介|一侑|一到|一勇喜|一如|一将|一幸|一往|一征|一徹|一志|一悠|一有記|一由|一行|一遂|一道|一雪|万行|主幸|主行|克之|兼之|兼幸|利之|利行|加寿幸|加津之|十行|千之|千幸|和一|和之|和亨|和享|和介|和侑|和勇貴|和勧|和千|和孝|和将|和幸|和征|和志|和恭|和教|和敬|和是|和晋|和生|和由記|和礼|和祐己|和致|和行|和路|和雪|和順|員之|員幸|員行|嘉之|壱幸|宗征|寿之|寿将|寿幸|寿志|寿章|寿行|弌之|数元|数幸|数行|昭之|般之|良将|良幸|計幸|計征|計行|量之|量幸|量行|雄幸	source-common-subset
のぞみ	のぞみ|のぞ未|のぞ海|のぞ美|ノゾミ|乃ぞみ|乃素実|乃素美|乃美|和希|夢|夢叶|夢望|嶋|希|希み|希光|希史|希奏実|希子|希実|希己|希希|希幸|希弥|希心|希明|希星|希望|希望美|希未|希泉|希海|希珠|希生|希美|希聖|希萌|希見|希視|希路|希魅|幾美|心|志|愛|愛泉|慕星|星美|望|望三|望妃|望妙|望実|望峰|望己|望巳|望希|望弥|望微|望心|望望|望未|望水|望洋恵|望海|望深|望珠|望瑞|望美|望聖|望見|望里|真希|祈美|稀|稀子|稀未|稀果|臨|臨実|臨巳|臨美|臨見|野添美|野添見|野草美|願	source-common-subset
ひろや	仁哉|博也|博八|博哉|博弥|友哉|啓也|啓弥|大也|大哉|大弥|大耶|太哉|央也|央哉|央弥|宏也|宏哉|宏弥|宏矢|宏耶|宙也|容也|寛也|寛八|寛哉|寛弥|寛泰|尋也|尋弥|広也|広哉|広弥|広耶|広谷|広野|廣也|廣弥|弘也|弘八|弘哉|弘弥|弘耶|弥也|恕乎|拓也|拡也|拾也|敬也|明弥|比呂也|比呂哉|泰也|泰弥|洋也|洋哉|洋弥|洋耶|洪也|洪哉|洪弥|洪矢|洪耶|洸哉|洸弥|洸矢|浩也|浩哉|浩弥|浩矢|浩耶|溥哉|碩哉|祐也|祐哉|祐弥|祐耶|祥也|祥哉|紘也|紘哉|紘矢|翔也|裕也|裕八|裕哉|裕弥|裕矢	source-common-subset
やすえ	やすえ|やす江|保寿永|保恵|保枝|保栄|保江|保衛|健恵|八寿恵|八寿枝|八春恵|八洲榮|安恵|安愛|安映|安枝|安柄|安栄|安永|安江|安笑|安絵|安英|安衛|安重|容江|寧恵|寧江|尉江|康予|康恵|康枝|康栄|康永|康江|康絵|康衣|康重|庸恵|庸江|庸絵|弥寿枝|弥寿江|弥瑞枝|恭枝|恭栄|恭永|恭江|恭絵|恭英|恭衛|恭衣|恵枝|悠恵|悠江|愛枝|慈愛|晏映|晏絵|泰得|泰恵|泰惠|泰枝|泰栄|泰江|泰絵|泰衛|祥江|穏恵|綏枝|耕栄|耶季|育恵|能枝|行栄|裕枝|裕江|鎮江|靖恵|靖愛|靖枝|靖栄|靖江|靖絵|靖衛|順恵|順重	source-common-subset
たかや	享哉|仁也|公也|剛也|剛弥|功禰|卓也|卓哉|卓弥|卓彌|和也|喬也|喬矢|多佳哉|多加也|多賀也|大也|天也|天哉|太也|太哉|太賀哉|孝也|孝哉|孝弥|孝矢|学也|宇哉|宜也|宣也|尊也|尊哉|尚也|尚哉|尭哉|岳哉|峰也|峻也|崇也|崇哉|崇弥|崇矢|嵩也|嵩哉|巧也|幸也|恭也|敬也|敬哉|敬士|昂也|昂哉|昂弥|昴弥|杲也|毅也|毅哉|考哉|考耶|聖哉|誉也|誉耶|貴也|貴哉|貴弥|貴矢|貴耶|資也|賢哉|賢弥|陽也|隆也|隆哉|隆弥|隆彌|隆矢|駿耶|高也|高哉|高殿|高矢|魏也|鷹也|鷹哉|鷹弥|鷹矢|鷹耶	source-common-subset
まひろ	まひろ|マヒロ|万宏|万宙|万尋|万広|万拡|万滉|万皓|万紘|万裕|万陽|和優|希優|心広|愛優|摩博|摩尋|未空|毬尋|眞優|眞宙|眞尋|眞廣|眞洸|眞空|真優|真公|真博|真嘉|真四|真大|真央|真宏|真宙|真寛|真尋|真広|真廣|真弘|真弥|真拓|真比呂|真洸|真海|真潤|真礼|真空|真紘|真絢|真裕|真鴻|磨央|磨妃呂|磨寛|磨拓|舞優|舞光|舞妃呂|舞広|舞海|舞紘|茉優|茉大|茉央|茉宏|茉尋|茉広|茉洋|茉洸|茉潤|茉祐|茉紘|茉緩|茉裕|茉鴻|麻妃桜|麻宏|麻寛|麻広|麻弘|麻比呂|麻洸|麻潤|麻絢|麻裕|麻鴻	source-common-subset
くにひろ	一泰|世洋|久仁廣|久仁弘|久仁洋|久仁浩|之弘|公博|公宏|匡広|匡弘|匡紘|国博|国大|国宏|国寛|国広|国廣|国弘|国拡|国敬|国泰|国洋|国浩|国紘|国裕|国郭|國博|國宏|國寛|國廣|國弘|國浩|國裕|地裕|城弘|城裕|域弘|寿広|州博|州啓|州広|州弘|州洋|州紘|州裕|晋大|晋寛|晋広|晋弘|晋洋|晋裕|有広|有弘|有洋|薫大|訓啓|訓大|訓宏|訓広|訓弘|訓浩|訓裕|邦佑|邦博|邦啓|邦大|邦宏|邦宗|邦宙|邦容|邦寛|邦広|邦弘|邦拓|邦拡|邦洋|邦浩|邦煕|邦碩|邦祐|邦紘|邦衛|邦裕|都博|都弘|都洋	source-common-subset
ただよし	任克|公良|匡剛|匡昌|匡良|唯与志|唯佳|唯允|唯吉|唯喜|唯嘉|唯圭|唯好|唯敬|唯義|唯至|唯賀|好唯|宰祥|帝佳|廷吉|忠与志|忠亮|忠住|忠佳|忠俊|忠儀|忠允|忠克|忠典|忠功|忠可|忠吉|忠善|忠喜|忠好|忠孝|忠宜|忠宣|忠彦|忠恕|忠愛|忠慶|忠敬|忠昌|忠毅|忠温|忠由|忠禎|忠禧|忠純|忠美|忠義|忠能|忠良|忠芳|忠誠|忠賢|敬克|正佳|正叔|正吉|正嘉|正慶|正栄|正稔|正美|正義|正良|正芳|正賢|淳良|渡佳|理美|直佳|直儀|直吉|直美|直義|禎貴|端佳|糾義|董美|薫美|貞幹|賢芳|迪禎	source-common-subset
みう	みう|三宇|三羽|光羽|光雨|南雨|実佑|実侑|実卯|実右|実有|実海|実生|実結|実羽|実雨|己愛|巳生|希友|弥卯|弥生|弥羽|心優|心初|心海|心結|心羽|心雨|望卯|望羽|未卯|未夢|未央|未宇|未有|未海|未生|未結|未羽|未輪|水海|泉宥|泉羽|海|海心|海映|海有|海羽|深唄|深海|深雨|満雨|珠羽|真宇|真有|真生|碧優|美佑|美優|美初|美卯|美夕|美夢|美宇|美愛|美憂|美有|美海|美潤|美生|美羽|美翔|美胡|美詩|美雨|美風|翠羽|聖羽|視雨|観初|観宇|観雨|雅羽|魅有|魅羽|魅雨	source-common-subset
いぶき	いぶき|いぶ喜|いぶ希|いぶ記|いぶ貴|いぶ輝|一寿|一生城|一舞|一舞妃|一颯|今生季|伊吹|伊富岐|伊文紀|伊武季|伊武樹|伊芙希|伊芙樹|伊雪|依吹|依舞姫|依舞貴|依蕗|偉吹|初季|唯吹|唯楓|唯風輝|夢姫|夢彩|夢生|大気|威吹|威武希|威武貴|威歩希|威生樹|実吹|彩吹|彩蕗|息吹|息姫|惟吹|惟生|意武暉|愛吹|愛舞希|愛輝|歩姫|歩紀|歩輝|気吹|為風|生|生吹|生希|生立|生舞輝|生芽|生蕗|異舞季|祈蕗|維風己|維風紀|緯吹|美吹|聖吹|聖輝|育吹|芽|芽吹|芽実果|芽生|芽紀|莞吹|萌|薫季|衣吹|衣舞妃|衣舞姫|衣舞季|衣舞希|衣蕗|雪吹|颯	source-common-subset
すずか	すずか|すず花|すず香|好々歌|寿々佳|寿々加|寿々歌|寿々花|寿々華|寿々香|寿香|彗々香|朱澄夏|朱澄花|朱珠嘉|朱珠華|朱瑞華|水澄花|水珠花|水瑞佳|涼|涼々華|涼伽|涼佳|涼加|涼可|涼夏|涼月|涼果|涼楓|涼歌|涼海|涼珂|涼花|涼華|涼雅|涼霞|涼風|涼香|涼馨|淑花|澄々花|澄珠花|珠々花|珠々芳|珠々華|珠々香|珠洲花|珠瑞香|珠香|紗々蘭|紗加|紗夏|紗果|紗環|紗花|紗華|紗蘭|翠々伽|翠々加|翠々花|翠々香|翠寿日|諒香|鈴々花|鈴伽|鈴佳|鈴加|鈴嘉|鈴夏|鈴果|鈴楓|鈴歌|鈴海|鈴花|鈴苛|鈴菓|鈴華|鈴蘭|鈴雅|鈴霞|鈴風|鈴香|鈴鹿|雪香|須寿加	source-common-subset
はなこ	はなこ|はな子|ハナコ|ハナ子|丹奈|久未保|優有子|優澤梨|八菜子|刃奈子|初菜子|南保華|博那子|友梨恵|天詩|嫻|小文|巴名子|巴奈子|巴茄仔|巴菜子|巴那子|平湖|御子|早那子|明日嘉|星璃花|春名子|春奈子|春菜子|春華子|晴|曄子|杏媚|果音|桜子|欣|沙渚|波奈子|波寧子|波菜子|淑真|琶奈子|瑛子|癒沙子|真恭|端奈子|簡霞|維沙希|羽南子|羽奈子|羽那子|花奈子|花子|花湖|花琴|花紅|花菜子|花虹|花香|芳子|芳己子|芳那子|若草子|英子|菜智|菜菜子|華古|華呼|華奈子|華子|華己|華湖|華那子|葉乃|葉名子|葉夏子|葉奈子|葉楠子|葉菜子|葉那子|蔡|話心|青華子|飛菜多|鼻子	source-common-subset
かずまさ	一予|一仁|一修|一優|一允|一公|一剛|一勝|一匡|一存|一将|一將|一征|一成|一政|一昌|一格|一正|一理|一真|一祐|一純|一聖|一薫|一誠|一諒|一賢|一雅|万政|万昌|万雅|主政|主正|佳寿優|利眞|利真|効正|千匡|千昌|千正|千真|千誠|千雅|司将|和仁|和優|和公|和勝|和匡|和大|和将|和征|和成|和政|和斉|和昌|和正|和真|和督|和祐|和聖|和荘|和誠|和賢|和雅|員匡|員昌|員正|多祐|宗将|寿昌|寿栄|寿正|憲征|憲政|憲正|收真|教仁|教雅|数元|数政|数昌|数正|計理|計雅|量雅	source-common-subset
けんすけ	けん輔|乾介|健丞|健亮|健介|健佐|健佑|健典|健助|健友|健右|健弼|健扶|健甫|健督|健祐|健裕|健資|健輔|兼介|兼佑|兼典|兼助|兼昌|兼督|兼資|兼輔|剣介|剣輔|堅介|堅佑|堅助|堅輔|建亮|建介|建典|建助|建祐|建輔|憲亮|憲介|憲佐|憲佑|憲典|憲助|憲右|憲祐|憲資|憲輔|権祐|狷介|眷弼|研亮|研介|研助|研祐|研輔|絢介|絢祐|虔甫|見輔|謙介|謙佑|謙典|謙助|謙右|謙相|謙祐|謙輔|賢丞|賢亮|賢介|賢佐|賢佑|賢典|賢助|賢昌|賢相|賢祐|賢資|賢輔|顕介|顕典|顕祐|顕良|顕輔	source-common-subset
しずこ	しず子|シズコ|シズ子|倭子|倭文子|史寿子|史津子|史都子|司寿子|司津子|司珠子|司都子|士津子|士都子|始主子|始月子|委文子|委津子|姿寿子|姿珠子|姿瑞子|寂子|寧子|志す子|志ず子|志主子|志周子|志壽子|志守子|志寿子|志州子|志律子|志文子|志朱子|志津子|志珠子|志都児|志都子|志須子|志鶴子|思稔子|思都子|慎子|支寿子|支津子|支都子|施月子|旨志子|晏子|枝瑞子|梓津子|浄子|淑子|清水子|滋寿子|玄子|真珠子|穆子|穏子|糸月子|紫津子|紫珠子|紫純子|紫都子|至寿子|芝二子|茂都子|詞津子|詩寿子|詩津子|詩珠子|資津子|賎子|賜鶴子|賤子|鎭子|鎮子|鎮湖|閑子|靖子|静呼|静子|静湖|静香|靜子	source-common-subset
つぐみ	つぐみ|つぐ実|ツグ美|世継|世美|乙実|乙心|乙美|二三|二実|二珠|二美|亜子|亜実|亜弥|亜心|亜未|亜水|亜深|亜珠|亜紅実|亜紅美|亜美|亜魅|伝申|倫実|倫美|倫誠|告実|嗣生|嗣美|委美|子美|愛|愛実|愛美|承実|承未|月久実|月久美|月実|月宮美|月泉|月海|月深|月神|月紅実|月紅美|月美|槻空美|次未|次海|次美|紀美|紡実|紹美|紹良|継実|継未|継美|緒心|緒未|緒深|緒珠|美月光|胤実|胤水|胤珠|胤美|調美|譜現|貢|都久美|都玖実|都組|静海|静美|鞠実|鞠水|頌美|鶫|麗后|麗実|麗生|麗美	source-common-subset
たけよし	丈佳|丈好|丈恭|丈慶|丈祥|丈義|丈能|丈良|他家喜|偉良|健剛|健勝|健吉|健善|健喜|健嘉|健悦|健敬|健純|健美|健義|健良|健芳|兵吉|剛仁|剛吉|剛喜|剛嘉|剛圭|剛由|剛督|剛祥|剛義|剛良|剛賢|勇嘉|勇良|哮義|壮佳|壮宜|壯吉|太計芳|威好|孟孔|孟由|孟義|岳克|岳美|岳義|建善|彪好|武佳|武克|武吉|武善|武喜|武嘉|武好|武宜|武巧|武恵|武慶|武敬|武由|武祥|武美|武義|武能|武良|武芳|武誉|毅圭|毅純|毅良|毅芳|猛義|竹吉|竹好|竹義|竹芳|豪芳|赴佳|長愛|雄良|雄貴	source-common-subset
りこ	りこ|リコ|倫子|凛子|凛湖|凛虹|凜|凜子|凜心|利古|利呼|吏子|吏湖|季虹|月琴|李子|李湖|李琴|李瑚|李胡|李香|栞香|梨子|梨己|梨湖|梨琴|梨瑚|梨香|梨鼓|浬呼|浬子|玲叶|理古|理子|理心|理恋|理来|理湖|理琴|理瑚|理紅|理香|理鼓|璃子|璃己|璃恋|璃来|璃湖|璃胡|璃虹|璃衣|璃香|百合子|綸香|緑子|莉仔|莉古|莉子|莉幸|莉心|莉恋|莉来|莉江|莉湖|莉瑚|莉紅|莉胡|莉虹|莉香|莉鼓|葵子|里好|里娘|里子|里己|里恋|里来|里湖|里琴|里虹|里鼓|離子|鯉子|麗紅	source-common-subset
あきと	亜希人|亜希斗|亜紀人|亜紀斗|亜貴斗|亜輝人|亨和|亮人|亮斗|亮登|光人|哲人|啓人|壮人|彬人|彬斗|彰人|彰仁|彰斗|彰都|慊人|慶二|成人|旭人|旭土|昌人|明人|明仁|明士|明希人|明斗|明東|明水|明登|明途|明都|映仁|昭人|昭仁|昭十|昭斗|昭登|晃人|晃土|晃斗|晟人|晧人|晶乙|晶人|晶仁|暁人|暁到|暁士|暁大|暁斗|暁登|曉人|朗人|照人|爽人|現人|瑛人|瑛斗|秋人|秋斗|章人|章仁|章斗|章登|章門|紹人|耀飛|聡人|諒人|豪人|郷人|鑑人|阿樹人|阿規人|陽人|陽登|陽翔|顕人|黎人	source-common-subset
さちよ	さちよ|さち世|さち代|サチ代|三千代|三智世|三知代|佐千世|佐千代|佐地代|佐智世|佐智代|佐知世|佐知代|佐稚代|倖代|吉代|咲千代|咲智世|小千代|小市代|小知代|嵯智世|左千代|左知代|幸与|幸世|幸予|幸代|幸余|幸千代|幸夜|幸如|幸容|幸智世|幸智代|幸生|幸美|幸葉|幸誉|彩知世|彩知代|悟代|抄千代|抄智代|早千世|早千代|早智世|早智代|早知世|早竹葉|智千代|更知代|栄千代|櫻智代|沙千世|沙千代|沙智世|沙智代|沙智夜|沙智葉|沙知代|玲代|登志子|真千代|砂智代|礼代|祐世|祐代|祐葉|祥与|祥世|祥予|祥代|祥知世|禎世|禎代|紗千世|紗千代|紗智世|紗智代|紗知代|裕代|詳世	source-common-subset
ななこ	ななこ|なな子|なな虹|ナナコ|ナナ子|七々子|七な子|七七子|七光|七名子|七夕子|七奈子|七子|七彩子|七波子|七瑚|七菜子|七虹|七那子|凪々子|南々子|南南子|南名子|南向子|南和子|南奈子|南菜子|南那子|名々子|名奈子|名菜子|名那子|夏々子|夏奈子|夏菜子|夏那子|奈々子|奈な子|奈七子|奈南子|奈名子|奈和子|奈奈子|奈渚子|奈菜子|奈那子|寧和子|愛々心|成々子|捺南子|杏々子|梨々子|梨奈子|楠々子|樹々子|生生子|納名子|納和子|花々子|苗々子|菜々子|菜々恋|菜七子|菜児|菜南子|菜名子|菜夏子|菜多子|菜奈子|菜子|菜採子|菜樹子|菜菜子|菜那子|虹子|那々子|那南子|那名子|那和子|那奈子|那樹子|那菜子|那那子|魚子	source-common-subset
かつひろ	一宏|一広|一裕|且洋|且裕|佳明|克仁|克博|克周|克啓|克嘉|克大|克宏|克宙|克寛|克展|克巨|克広|克廣|克弘|克拓|克敬|克朗|克比呂|克泰|克洋|克浩|克祐|克紘|克裕|力裕|功博|功弘|功汎|功洋|功浩|功裕|勝仁|勝佑|勝公|勝博|勝啓|勝大|勝太|勝宏|勝宙|勝寛|勝広|勝廣|勝弘|勝彦|勝拓|勝比呂|勝泰|勝洋|勝洪|勝洸|勝浩|勝湖|勝煕|勝紘|勝裕|和宏|和寛|和広|和衡|和裕|巧宗|捷広|捷洋|旦広|桂宏|桂寛|桂浩|活博|活弘|裕弘|賀津宏|雄公|雄大|雄広|雄弘|雄洋|雄裕	source-common-subset
しげひろ	恵博|恵弘|恵郭|慈広|成博|成周|成啓|成大|成央|成完|成宏|成展|成広|成弘|成拓|成泰|成洋|成浩|成祐|成裕|方煕|木博|林央|栄博|栄弘|栄洋|樹弘|樹洋|滋博|滋厚|滋啓|滋宏|滋寛|滋広|滋弘|滋泰|滋洋|滋裕|甚洋|盛広|盛浩|繁博|繁宏|繁寛|繁広|繁廣|繁弘|繁洋|繁浩|繁裕|茂博|茂大|茂央|茂宏|茂寛|茂広|茂廣|茂弘|茂拓|茂洋|茂浩|茂裕|茂陽|薫弘|誉大|誉郭|誠弥|誠洋|重博|重大|重宏|重寛|重尋|重広|重廣|重弘|重洋|重浩|重礼|重禮|重紘|重裕|重陽|重鴻	source-common-subset
しげよし	成介|成佳|成元|成功|成可|成吉|成和|成善|成嘉|成好|成就|成志|成栄|成欣|成由|成祥|成美|成義|成能|成良|成芳|晟能|栄義|栄芳|滋与史|滋吉|滋義|滋芳|盛祥|盛禄|盛義|秀喜|繁儀|繁吉|繁善|繁喜|繁嘉|繁好|繁慶|繁禎|繁義|繁良|繁芳|茂佳|茂儀|茂吉|茂善|茂喜|茂嘉|茂好|茂宜|茂尚|茂巧|茂慶|茂敬|茂新|茂由|茂美|茂義|茂良|茂芳|薫可|薫良|誠芳|重令|重儀|重克|重吉|重善|重喜|重嘉|重好|重徳|重慶|重敬|重昌|重栄|重珍|重由|重節|重美|重義|重良|重芳	source-common-subset
きみお	上雄|乙未生|乾夫|乾雄|亀三男|亀三雄|仁勇|仁夫|仁男|仁雄|伎三男|公勇|公和|公大|公夫|公央|公巳夫|公応|公扶|公朗|公生|公男|公穂|公美翁|公美雄|公良|公郎|公雄|其美夫|君夫|君王|君生|君男|君緒|君郎|君雄|喜三夫|喜三生|喜三男|喜三雄|喜味夫|喜巳男|喜美夫|喜美生|喜美男|喜美郎|喜美雄|基巳雄|基美夫|基美男|基美雄|己巳男|巳三夫|希美夫|希美生|希美男|希美雄|樹実雄|樹美郎|王夫|甲子男|甲子雄|癸己雄|癸未夫|紀三男|紀子生|紀巳男|紀美夫|紀美生|紀美男|紀美雄|紀臣男|規三夫|規実男|規明夫|規美生|記美夫|貴美夫|貴美生|貴美男|貴美雄|起美雄|起観雄	source-common-subset
たつお	たつ夫|タツ夫|伊男|健夫|健央|健生|健男|健雄|剛男|卓男|多津夫|多津男|多都雄|太津朗|太津男|奮男|建夫|建生|建男|建雄|撻男|樹夫|樹央|樹生|樹男|樹緒|樹雄|琢輔|登生|立士|立夫|立央|立生|立男|立郎|立雄|竜堆|竜夫|竜王|竜生|竜男|竜緒|竜翁|竜郎|竜雄|起勇|起夫|起央|起生|起男|起雄|辰也|辰保|辰夫|辰朗|辰生|辰男|辰郎|辰雄|逹雄|達勇|達夫|達央|達應|達於|達旺|達朗|達王|達生|達男|達穂|達緒|達郎|達雄|龍夫|龍尾|龍朗|龍王|龍生|龍男|龍緒|龍郎|龍雄	source-common-subset
せいこう	世功|勢康|征孝|征宏|征康|征行|成功|成幸|成晃|成浩|成耕|成興|政孝|政宏|政広|政行|政香|星光|晴光|晴康|晴弘|晴耕|棲江|正光|正功|正好|正幸|正康|正恒|正昂|正晃|正浩|正興|正香|正高|清光|清功|清好|清孝|清宏|清幸|清弘|清晃|清浩|清貢|清香|盛光|盛孝|盛宏|盛洪|精光|精孝|精弘|精耕|聖光|聖好|聖幸|聖更|聖紅|聖紘|聖香|誠光|誠功|誠厚|誠孝|誠宏|誠幸|誠広|誠晃|青光|青岡|青晃|青江|青甦|青篁|青香|靖晃|靖鉱|静光|静江|静考|静行|静香	source-common-subset
としたか	俊享|俊卓|俊喬|俊孝|俊尊|俊峰|俊崇|俊廷|俊敬|俊毅|俊茂|俊貴|俊賢|俊隆|俊高|利享|利孝|利宇|利宜|利峯|利崇|利幸|利敬|利毅|利貴|利資|利隆|利高|利鷹|壽崇|季陵|宗位|宗嵩|寿孝|寿尚|寿崇|寿考|寿貴|寿隆|寿高|寿鷹|年央|年孝|年隆|戸志隆|敏卓|敏孚|敏孝|敏宜|敏尭|敏崇|敏考|敏臣|敏貴|敏隆|敏高|敏鷹|智堂|智孝|智尚|淑貴|理崇|甫篁|登志考|稔尚|稔尭|稔崇|稔敬|稔貴|稔隆|稔高|章誉|紀貴|聡孝|聡尚|聡毅|聡貴|聡高|聰隆|英貴|迅鷹|駿貴|駿鷹	source-common-subset
はじめ	はじめ|ハジメ|一|一元|一士|一歩|一生|丕|俶|元|先|冠|初|初芽|剏|創|原始|叔|吉|哉|啓|土師萌|基|壱|大|天|太|始|孟|孟秋|宗|建|弌|式|恒|才|拓|斌|新|早|昂|春|曄|朔|朝|本|東|権|正|治|波治目|洽|淑|源|玄|甫|甲|祖|祝|章|端|紀|統|耻目|聡|肇|肇光|肇太|自|興|良|芽|草|萌|計|起|載|長|開|順|馨|魁	source-common-subset
わかな	わかな|わか奈|わか菜|ワカナ|倭加奈|和|和佳奈|和佳苗|和佳菜|和佳那|和加奈|和化|和可奈|和可女|和可菜|和可那|和叶|和哉|和嘉奈|和圭菜|和圭那|和夏奈|和奈|和奏|和奏菜|和愛|和日奈|和果奈|和架菜|和歌奈|和歌菜|和花奈|和花菜|和花那|和華奈|和華那|和賀凪|和雅菜|和香名|和香奈|和香菜|和香那|夏奈|妙奈|幼菜|我花奈|新奈|春菜|環花菜|稚乃|稚南|稚夏|稚奈|稚称|稚菜|童菜|羽加奈|羽叶|羽哉|羽奏|羽歌那|羽花奈|羽香南|羽香菜|若佳菜|若加奈|若加菜|若叶|若名|若命|若和|若夏菜|若奈|若果菜|若栄|若楓奈|若稲|若菜|若葉|若那|若魚|華ヶ菜	source-common-subset
まさみち	仁紀|允通|允道|全通|公康|公通|公道|勝康|勝通|勝道|匡迪|匡道|匡達|壮理|大迪|大道|将亨|将充|将康|将理|将通|将道|將道|征道|成道|政治|政路|政通|政道|方通|昌猷|昌紀|昌路|昌迪|昌通|昌道|昌達|正伯|正倫|正充|正典|正導|正廸|正成|正暢|正満|正理|正紀|正至|正融|正路|正迪|正通|正道|正達|正陸|理倫|理通|眞通|眞道|真倫|真充|真理|真路|真通|真道|真陸|誠充|誠道|誠達|賢道|雅充|雅満|雅理|雅盈|雅路|雅迪|雅通|雅道|雅達|順理|順道	source-common-subset
しんや	しん也|シンヤ|伸也|伸哉|伸弥|伸爾|伸矢|伸耶|信也|信哉|信弥|信矢|信耶|参也|審也|審弥|心也|心哉|心矢|愼也|愼哉|慎也|慎哉|慎弥|慎矢|慎耶|振也|新也|新哉|新家|新弥|新矢|新耶|晋也|晋哉|晋弥|晋矢|晨也|晨哉|槙也|槙哉|欣也|津也|申也|申弥|眞也|眞八|眞哉|眞矢|真也|真哉|真弥|真彌|真矢|真耶|秦也|秦弥|紳也|紳哉|紳弥|紳爾|紳矢|紳耶|臣也|臣哉|臣弥|臣矢|芯夜|親也|親哉|親矢|辰也|辰哉|辰弥|辰耶|進也|進哉|進弥|進矢|鎮矢|震哉	source-common-subset
せいら	せいら|セイラ|世依羅|世楽|世永良|世良|世衣来|世衣良|征羅|征良|征蘭|性裸|惺羅|成礼|成良|成麗|星來|星依良|星姫|星娘|星愛|星星|星来|星楽|星灯|星礼|星空|星等|星羅|星良|星良々|星莱|星藍|星衣良|星麗|晟楽|晴桜|晴楽|晴羅|晴良|晴蘭|正羅|水楽|沙羅|清礼|清羅|清良|清麗|瀬以良|生来|生羅|生裸|精羅|聖來|聖女|聖娘|聖恵|聖愛|聖来|聖果|聖桜|聖楽|聖礼|聖空|聖羅|聖良|聖薇|聖薔薇|聖藍|聖蘭|聖衣羅|聖裸|聖麗|誠良|青空|青羅|青良|静羅|静良|静衣羅|靜良	source-common-subset
としや	俊也|俊哉|俊弥|俊爾|俊矢|俊野|修哉|倫也|刀志也|利也|利哉|利家|利弥|十志也|叔也|史哉|和久哉|壽也|壽哉|季也|季哉|宗也|宗哉|宗矢|寿也|寿哉|寿家|寿弥|寿矢|年也|年哉|年弥|捷也|敏也|敏八|敏哉|敏弥|敏彌|敏椰|敏矢|敬也|斗史哉|斗志也|斗志矢|智也|智哉|暁也|曉也|東志也|歳也|淑也|淑哉|準哉|灯至也|理也|登士哉|登寿也|登志也|知也|稔也|稔哉|稔夜|稔弥|稔矢|等志也|紀也|紀哉|紀弥|聖也|聡也|聡哉|聡弥|聡彌|聡矢|肇也|肇哉|逸也|鋳哉|隼也|隼矢|駿哉	source-common-subset
りかこ	りかこ|りか子|リカコ|リカ子|倫香子|六花子|凛花子|利伽子|利佳子|利加子|利可子|利嘉子|利夏子|利患子|利果子|利架子|利歌子|利花子|利華子|利賀子|利香子|利香恵|吏佳子|吏可子|吏花子|吏香子|律華子|李佳子|李加子|李嘉子|李果子|李花子|梨佳子|梨加子|梨夏子|梨果子|梨花子|梨華子|梨賀子|梨香子|理伽子|理佳子|理加子|理可子|理嘉子|理夏子|理果子|理架子|理歌子|理花子|理華子|理賀子|理香子|理馨子|璃歌子|璃花子|立夏子|緑香子|莉佳子|莉加子|莉可子|莉夏子|莉日子|莉果子|莉花子|莉華子|莉香子|里伽子|里佳子|里加子|里可子|里嘉子|里圭子|里夏子|里果子|里歌子|里花子|里霞子|里香子|鈴香子|麗桂子	source-common-subset
きらら	きらら|七星|光|光軍|妃来|妃羅々|妃麗|姫らら|姫星|姫羅々|姫羅良|姫良々|子稀月|季羅|季羅々|季良々|希光星|希星|希羅々|希良々|希良良|彗|彩々|星|星欄々|星琉|星空|星羅愛|星良|星輝|樹らら|樹良来|水晶|永輝|永遠輝|流星|煌|煌々|煌羅|煌良|燦|瞬|祈良々|稀星|稀月|稀良々|稀蘭|紀麗|結晶|綺|綺星|綺楽々|綺楽星|綺羅|綺羅々|綺羅星|綺羅羅|綺羅良|綺良々|綺良羅|綺良良|耀|耀蘭|聖|花咲|苺姫々|華|規良々|輝|輝らら|輝子|輝心|輝星|輝瞳|輝羅羅|輝良々|雲母|雲紗|雲花|騎星星	source-common-subset
こうへい	亘平|亙平|亨平|倖平|光兵|光平|公平|剛平|功平|匡平|厚平|向平|好平|孔兵|孔平|孝兵|孝坪|孝平|宏併|宏平|工平|巧平|幸併|幸平|幸柄|広平|庫平|康兵|康平|弘平|恒平|恭平|昂兵|昂平|昊平|昴平|晃兵|晃平|晧平|曠平|更平|桁平|構平|江平|洪平|洸平|浩兵|浩平|滉平|煌平|甲兵|甲平|皋平|皓平|紘平|綱兵|綱平|考兵|考平|耕兵|耕平|耕炳|耕苹|耿平|興平|航兵|航平|行平|衡平|講兵|講平|貢平|鉱平|鋼兵|鋼平|香平|高平|鴨平|鴻平|黄平	source-common-subset
くにお	クニオ|一雄|久二夫|久二男|久二雄|久仁夫|久仁於|久仁生|久仁男|久仁雄|久爾夫|久迩男|九二夫|九二男|九二雄|九日生|公仁男|六合雄|功仁朗|匡生|国士|国夫|国王|国生|国男|国郎|国雄|圀夫|圀生|圀郎|圀雄|國士|國夫|國生|國男|國雄|地生|地男|地雄|城大|城央|城生|城男|孔二男|州夫|州央|州生|州男|州臣|州雄|恭仁雄|有生|求仁生|訓夫|訓生|訓男|訓雄|邦士|邦夫|邦央|邦尾|邦彦|邦應|邦朗|邦生|邦甫|邦男|邦相|邦穂|邦緒|邦翁|邦良|邦郎|邦雄|郁夫|都夫|都生|都男|都雄	source-common-subset
たつのり	健成|建典|建徳|建紀|建規|樹典|樹徳|燵典|立典|立則|立師|立憲|立昇|立規|竜典|竜則|竜徳|竜悟|竜憲|竜法|竜範|竜紀|竜経|竜義|起則|起範|辰典|辰則|辰周|辰宜|辰律|辰徳|辰慶|辰憲|辰成|辰昇|辰登|辰矩|辰範|辰紀|辰規|辰記|逹典|逹憲|達典|達則|達功|達哲|達宣|達徳|達恭|達憲|達教|達敬|達智|達法|達理|達矩|達章|達範|達紀|達規|達訓|達記|達里|龍乗|龍典|龍則|龍勝|龍徳|龍憲|龍昇|龍法|龍礼|龍範|龍紀|龍道|龍風|龍騎	source-common-subset
よしはる	仁啓|仁治|仁美|令治|佳春|佳晴|佳治|佳美|修治|儀治|克治|可治|吉張|吉春|吉晴|吉治|和治|善明|善春|善晴|善治|善陽|喜春|喜晴|喜東|喜治|喜陽|嘉春|嘉晴|嘉朗|嘉治|好日|好春|好晴|好治|好温|完春|寿治|彦治|快春|悦治|慶春|慶晴|慶治|憲明|昌治|栄春|栄治|欣春|淑治|由春|由晴|由治|益春|祥春|祥晴|祥治|福温|美明|美春|美晴|美治|義明|義春|義晴|義治|義鋪|能治|至春|良春|良晴|良治|芳張|芳明|芳春|芳晴|芳治|誠治|賀治	source-common-subset
えつこ	えつこ|えつ子|エツ子|会津子|依司子|依津子|咲津子|喜子|工津子|律子|得津子|恵千子|恵司子|恵律子|恵津子|恵通子|恵都子|悦好|悦子|悦津子|悦湖|悦虹|惠津子|惠都子|愛津子|愛都子|慧津子|慧通子|映嗣子|映津子|映頌子|暎槻子|枝司子|枝津子|枝都子|栄司子|栄津子|栄都子|榮津子|永律子|永津子|永通子|永都子|江つ子|江律子|江津子|江都子|泳津子|瑛侃子|益土子|税子|笑津子|笑都子|絵律子|絵津子|絵都子|艶都古|英月子|英津子|英都子|英鶴子|荏土子|衣月子|衣津子|衣通子|衣都子|詠津子|説子|謁子|越子|越湖|越虹|越都子|逸子|重紬子|鉞子|鋭子|閲子	source-common-subset
きらり	きらり|キラリ|光星|光来|光璃|光莉|喜星|妃梨|妃織|妃良梨|妃麗|姫星|姫来麗|姫羅梨|姫羅莉|希望|希来璃|希来里|希琉|希羅利|希羅吏|希羅李|希羅梨|希羅理|希羅璃|希羅莉|希羅里|希美星|希舞|希良梨|希良理|希良莉|希良里|希蘭里|希音梨|星|星凜|星梨|星莉|星音|晃利|木良理|樹羅里|水晶|水晶花|流星|煌梨|煌里|皇|祈|祈星|稀星|稀良莉|綺星|綺羅星|綺羅李|綺羅梨|綺羅璃|綺羅莉|綺羅里|綺良梨|綺良里|美月光|美輝|耀|葵羅梨|葵良莉|貴羅里|起良理|輝|輝光|輝星|輝星花|輝星里|輝星麗|輝莉|輝輪|輝里	source-common-subset
たかはる	剛冶|剛治|卓治|喬治|堂晴|多加晴|天晴|太治|太陽|好治|孚治|孝元|孝悠|孝春|孝晴|孝治|孝温|孝陽|学治|宜治|尊春|尊治|尚治|尚温|尚玄|尭春|尭晴|岳晴|岳東|崇元|崇展|崇春|崇晴|崇栄|崇治|崇玄|崇立|幸大|恭治|挙晴|教晴|敬晴|敬治|昂治|王春|登治|篁治|考治|耕春|聖晴|臣玄|行栄|誉治|貴令|貴冶|貴大|貴春|貴晴|貴治|貴玄|貴陽|陽大|陽晴|隆元|隆春|隆晴|隆治|隆温|隆美|顧問|飛流|高志|高明|高春|高晴|高治|高陽|鷹治	source-common-subset
たかひさ	享久|任央|公寿|剛久|卓久|卓央|和央|哲久|喬久|天悠|天永|孝久|孝寿|孝尚|孝弥|孝文|孝永|宇久|宇央|宜永|宣久|尊久|尊寿|尚久|尚央|尚寿|尭久|尭央|岳久|岳央|岳寿|崇久|崇央|崇寿|崇尚|崇恭|崇永|嵩久|幸久|恭久|教久|敬久|敬央|敬寿|敬尚|昂央|昂永|毅久|登久|聖久|聖尚|能久|行栄|誉久|誠寿|豪久|貴久|貴史|貴向|貴央|貴寿|貴尚|貴恒|貴永|賢永|隆久|隆壽|隆央|隆寿|隆尚|隆永|隆良|高久|高央|高寿|高尚|高永|鷹寿	source-common-subset
ともたか	伯昂|伴隆|倫尚|公孝|公隆|具孝|具隆|友剛|友喬|友孝|友崇|友敬|友貴|友隆|友飛|友高|和貴|大崇|大敬|大毅|巴高|智享|智俊|智健|智天|智孝|智容|智尚|智峻|智崇|智教|智敬|智栄|智正|智毅|智考|智臣|智誉|智貴|智隆|智高|朋天|朋孝|朋岳|朋生|朋貴|朋隆|朋飛|朋高|朝剛|朝啓|朝好|朝孝|朝岳|朝崇|朝恭|朝誉|朝貴|朝隆|相孝|知俊|知剛|知孝|知学|知宇|知尭|知崇|知愛|知敬|知昂|知正|知生|知能|知貴|知隆|知高|量崇|鞆高	source-common-subset
ひろふみ	丈史|公文|博典|博史|博央|博文|博文三|博章|厚文|啓史|啓文|嘉章|大史|大文|奉文|奏文|宇史|宏典|宏史|宏文|宏章|宏郁|宗史|宙史|容史|寛典|寛史|寛文|寿文|尋史|尋文|尚史|広史|広文|廣文|弘典|弘冨美|弘史|弘文|弘章|拓史|拡史|拡大|敞史|敬史|敬文|敬章|日路文|晋文|普文|比呂文|泓文|泰典|泰史|泰文|洋典|洋史|洋文|浩史|浩文|煕史|煕文|皓文|碩章|礼文|祐史|祐文|祥史|紘史|紘文|紘郁|絋史|裕典|裕史|裕文|裕章|裕誌|裕郁	source-common-subset
まほ	まほ|ま帆|マホ|万保|万宝|万峰|万帆|万星|万歩|万浦|万穂|万穗|万芳|万鳳|今歩|希帆|愛歩|愛渉|摩保|摩穂|満保|満帆|満歩|満穂|眞保|眞帆|眞歩|眞穂|真保|真央|真宝|真峰|真布|真帆|真星|真歩|真浦|真秀|真穂|真穗|真萌|真輔|真鳳|磨帆|磨歩|磨穂|舞保|舞峰|舞帆|舞歩|舞穂|茉保|茉宝|茉峰|茉帆|茉朋|茉歩|茉浦|茉甫|茉穂|茉萌|茉鳳|萌歩|間保|雅穂|魔穂|麻保|麻宝|麻峰|麻布|麻帆|麻歩|麻甫|麻畝|麻穂|麻穗|麻鳳	source-common-subset
かのこ	かのこ|かの子|カノ子|介能子|伽乃子|伽之子|佳のこ|佳乃子|佳乃胡|佳之子|佳楠子|佳納子|佳能子|佳野子|加乃子|加之子|加納子|加能子|加野子|協子|可乃子|可之子|可信子|可子|可愛子|可能子|叶子|叶能子|和子|嘉の子|嘉乃子|嘉之子|嘉能子|圭乃子|夏乃子|夏之子|夏野子|彼子|快乃子|果乃子|果乃瑚|果之子|桂乃子|樺の子|歌乃子|歌之子|歌野子|甲乃子|花のこ|花乃子|花之子|花子|花心|花野子|菓乃子|華乃子|華之子|華野子|観音子|賀乃子|賀野子|郁乃子|雅乃湖|霞乃子|霞之子|風子|香乃古|香乃子|香之子|香子|香納子|香野子|香音子|鹿の子|鹿乃子|鹿子|鹿野子	source-common-subset
こうや	亘哉|仰也|光也|光哉|光弥|光矢|公也|公哉|公弥|功也|功哉|功弥|厚也|孔也|孝也|孝哉|孝弥|宏也|宏哉|宏弥|工耶|巧也|巧哉|幸也|幸哉|幸弥|幸矢|広也|広弥|広椰|康也|康冶|康哉|康弥|弘也|弘哉|恒也|昂也|昂弥|昂耶|昴也|晃也|晃哉|晃弥|晧也|浩也|浩哉|浩弥|浩治|浩矢|滉也|甲也|皐哉|皓也|皓哉|空也|紘也|紘矢|考哉|耕也|耕哉|耕矢|肯哉|興也|興哉|興矢|航也|航哉|航矢|虹矢|行哉|貢也|鉱也|香也|香哉|香弥|高也	source-common-subset
まさやす	仁康|全康|全泰|全耕|公康|勝保|勝康|匡康|匡泰|匡益|存保|将保|将康|将恭|将恵|将泰|将靖|將康|將裕|征泰|応泰|成恭|政休|政保|政安|政寧|政康|政泰|政賢|政運|政靖|方康|方靖|昌保|昌和|昌寧|昌康|昌庸|昌恭|昌求|昌泰|昌靖|晶保|暢康|栄安|正保|正和|正安|正寧|正尉|正康|正恭|正泰|正祥|正裕|正靖|正養|満佐育|理康|理泰|理靖|眞康|真尉|真康|真恭|真泰|真穏|真靖|誠康|誠恭|雅保|雅安|雅康|雅恭|雅泰|雅靖|順康	source-common-subset
けんじろう	乾二郎|乾志郎|乾次郎|健二朗|健二郎|健児郎|健司郎|健次朗|健次郎|健治朗|健治郎|健至郎|健赦|兼二朗|兼二郎|兼志郎|兼次郎|兼治郎|兼赦|剣次郎|堅二朗|堅二郎|堅次郎|堅治郎|堅赦|建二朗|建二郎|建司朗|建司郎|建次郎|建治郎|建赦|憲二朗|憲二郎|憲史郎|憲司朗|憲司郎|憲次郎|憲治郎|憲赦|懸事郎|權治郎|研二朗|研二郎|研士郎|研次郎|研治郎|研赦|絢二朗|絢二郎|絢赦|絹次郎|縣次郎|謙二朗|謙二郎|謙志郎|謙次郎|謙治郎|謙赦|謙路郎|賢二朗|賢二郎|賢司郎|賢次朗|賢次郎|賢治朗|賢治郎|賢赦|鎌治郎|顕二朗|顕二郎|顕仁郎|顕次朗|顕次郎|顕治朗|顕治郎|顕赦	source-common-subset
てるお	てる緒|テルオ|光勇|光夫|光生|光男|光郎|光雄|央夫|央雄|彰夫|彰男|日雄|旭雄|映夫|映男|映雄|昭夫|昭生|昭男|昭郎|昭雄|晃勇|晃夫|晃央|晃弘|晃朗|晃生|晃男|晃郎|晃隆|晃雄|晄夫|晢雄|晶雄|暉夫|暉生|暉男|暉郎|暉雄|暎夫|曄夫|曄雄|曜生|栄朗|栄緒|栄雄|照士|照天|照夫|照央|照朗|照生|照男|照緒|照郎|照雄|瑛夫|皓生|皓雄|穎男|耀夫|耀毅|耀男|英夫|英男|転留男|輝勇|輝大|輝夫|輝央|輝生|輝男|輝郎|輝雄|陽夫	source-common-subset
まさとも	優友|優朋|允知|公朝|勝友|勝知|匡作|匡智|匡朋|壮衆|将丈|将友|将大|将奉|将智|将朋|将知|征伴|征智|応友|成友|政伯|政友|政和|政智|政朋|政朝|政源|政知|方智|方知|昌丈|昌伴|昌公|昌友|昌大|昌智|昌朋|昌朝|昌知|晶智|晶朝|正倫|正具|正友|正大|正幹|正智|正曹|正有|正朋|正朝|正睦|正知|理友|理智|甫朋|眞朋|真丈|真友|真和|真大|真智|真朋|真知|祐智|聖智|聖知|賢朋|雅友|雅智|雅朋|雅朝|雅盟|雅知|雅群	source-common-subset
きりこ	きりこ|きり子|キリコ|企梨子|切り子|切子|吉吏子|喜利子|喜梨子|喜理子|喜莉子|喜里子|妃凛子|妃理子|季利子|季李子|季梨子|季理子|季莉子|季里子|寄理子|己理子|希倫子|希利子|希吏子|希李子|希梨子|希理子|希莉子|希里子|斬子|木利子|木梨子|木理子|木莉子|木里子|木鯉子|杏里子|来利子|来李子|来里子|桐子|桐香|樹利子|樹吏子|樹梨子|樹理子|樹莉子|樹里子|生莉子|紀利子|紀吏子|紀梨子|紀理子|紀莉子|紀里子|綺里子|葵里子|規倫子|記利子|記梨子|記理子|記莉子|記里子|貴利子|貴梨子|貴理子|貴莉子|貴里子|起理子|輝里子|錐子|雰子|霧子|霧恋	source-common-subset
ゆうや	佑也|佑哉|佑弥|侑也|侑哉|侑弥|侑矢|侑耶|優也|優哉|優弥|優矢|優雅|勇也|勇和|勇哉|勇弥|勇矢|友也|友哉|友弥|友耶|友野|夕也|夕夜|夕耶|夕雅|宙也|宙耶|宥哉|幽也|悠也|悠哉|悠夜|悠弥|悠彌|悠矢|悠耶|悠野|憂矢|有也|有哉|有弥|有矢|湧也|湧耶|由也|由哉|由弥|祐也|祐八|祐哉|祐弥|祐彌|祐矢|祐耶|結耶|脩也|融也|裕也|裕哉|裕弥|裕彌|裕矢|裕耶|遊也|遊弥|遊矢|遊耶|遊野|雄也|雄哉|雄弥|雄矢|雄耶	source-common-subset
よしひこ	与志彦|仁彦|令彦|余志彦|佳彦|佳志彦|儀彦|允彦|兆彦|克彦|叔彦|可彦|吉彦|吉日児|和彦|哲彦|善彦|善比古|喜彦|嘉彦|四々彦|四司彦|圭彦|垢彦|好彦|孝彦|宜彦|宜日子|宣彦|富彦|寧彦|巧彦|幸彦|彬彦|徳彦|快彦|恵彦|愛彦|愿彦|慈彦|慶彦|憲彦|敬彦|整彦|是彦|栄彦|榮彦|欣彦|欽彦|款彦|海彦|淑彦|珍彦|理比古|由司彦|由彦|祥彦|禎彦|美彦|美比古|義彦|義比古|能彦|至彦|良彦|良比古|芳彦|芳比古|誉司彦|誠彦|謙彦|賀彦|賢彦|順彦|香彦	source-common-subset
ひなこ	ひなこ|ひな子|ヒナコ|ヒナ子|一七子|光南子|品子|妃七子|妃凪子|妃南子|妃名子|妃奈子|妃成子|妃菜子|妃那子|姫名子|姫奈子|姫菜子|彼奈子|批名子|披名子|斐奈子|斐那子|日南子|日名子|日名瑚|日向子|日和子|日夏子|日奈子|日成子|日捺子|日暖幸|日波子|日生子|日菜子|日那子|日陽子|柊南子|比南子|比名子|比和子|比奈子|比直子|比苗子|比菜子|比那子|火奈子|火那子|燈名虹|百南子|瞳菜子|秀菜子|緋名子|緋奈子|緋那子|裕奈子|鄙子|陽南子|陽南己|陽名子|陽名菊|陽向子|陽和子|陽夏子|陽奈子|陽波子|陽笑子|陽菜子|陽菜香|雛奈子|雛子|飛奈子|飛菜子	source-common-subset
あきとし	亮俊|亮寿|亮年|亮齢|光利|勝利|哲俊|哲年|哲智|哲淑|壮健|央賢|彬淑|彰俊|彰利|彰年|彰敏|成章|日俊|旭寿|昌利|明俊|明利|明寿|明憲|明敏|明稔|明紀|明聡|明要|昭俊|昭充|昭利|昭史|昭寿|昭年|昭敏|昭稔|昭紀|晃俊|晃利|晃壽|晃寿|晃年|晃才|晃敏|晃稔|晃聖|晨年|晶俊|晶年|晶敏|暁俊|朗利|璃斉|璋敏|秋利|秋寿|秋敏|章利|章寿|章平|章年|章敏|章智|章稔|鑑載|陽俊|陽稔|陽紀|顕俊|顕寿|顕年|顕明	source-common-subset
まさはる	マサハル|仁治|優寿|優晴|優治|允晴|允温|全晴|全治|公晴|公治|勝春|勝晴|勝治|匡晴|匡治|匡玄|将張|将星|将春|将晴|将治|将玄|將春|將治|征治|應養|政春|政晴|政治|政玄|昌明|昌春|昌晴|昌治|昌玄|晶春|晶晴|正修|正全|正張|正明|正春|正晴|正東|正治|正温|正美|正請|正陽|理晴|理治|理知|理陽|眞治|真令|真元|真晴|真治|真玄|真砂春|祐晴|祐治|聖治|聖陽|薫春|誠春|誠晴|誠治|雅春|雅晴|雅治|雅陽|雅青	source-common-subset
ようすけ	容介|容典|容助|容右|容甫|容祐|容資|容輔|庸亮|庸介|庸佑|庸助|庸宥|庸祐|庸輔|揚介|曜介|曜典|曜輔|柳介|洋丞|洋亮|洋介|洋佑|洋典|洋助|洋右|洋奨|洋左|洋甫|洋祐|洋補|洋輔|涌典|燿介|瑤亮|瑶亮|瑶介|用介|用輔|羊介|耀介|耀助|良輔|葉介|要亮|要介|要佐|要助|要甫|要祐|要輔|躍介|遙介|遙佑|遙助|遙祐|遙輔|遥亮|遥介|遥佑|遥助|遥祐|遥輔|陽亮|陽介|陽佑|陽典|陽助|陽右|陽祐|陽資|陽輔|鷹介	source-common-subset
くるみ	くるみ|くる実|くる美|クルミ|久流水|久琉美|久瑠実|久瑠海|久瑠美|久留実|久留巳|久留美|來未|來海|來瑠美|來皇|來美|公瑠美|公留実|公留美|功留美|句留実|句留美|宮留未|幹美|徠未|未来|来|来夢|来実|来弥|来心|来望|来未|来歩|来海|来湖|来瑠未|来生|来留実|来留望|来留桃|来留海|来瞳|来笑|来美|来見|来魅|栗実|栗留未|玖琉美|玖瑠実|玖瑠海|玖瑠美|玖留実|玖留美|稀美|空流見|空瑠美|紅望|紅瑠実|紅瑠美|紅留実|紅留美|繰吏|繰未|繰美|胡桃|胡桃実|胡美|薫実|薫未|薫美	source-common-subset
しんご	伸互|伸五|伸伍|伸午|伸吾|伸悟|信五|信伍|信午|信吾|信悟|信護|参午|心吾|心悟|心護|志ん五|愼吾|愼護|慎互|慎五|慎伍|慎吾|慎悟|慎語|慎護|振吾|新五|新伍|新午|新吾|新悟|晋五|晋伍|晋午|晋吾|晋呉|晋悟|晨吾|森互|森護|槙吾|槙悟|清吾|申伍|申吾|眞吾|眞悟|眞梧|眞護|真五|真伍|真午|真吾|真悟|真梧|真護|真豪|神吾|紳吾|紳悟|臣吾|辰伍|辰吾|辰悟|辰梧|進伍|進午|進吾|進悟|進護|鎮吾|駸五	source-common-subset
なほこ	なほこ|なほ子|ナホコ|ナホ子|七保子|七宝子|七帆子|七歩子|七穂子|乃穂子|修子|公子|内保子|南帆子|南穂子|名保子|名帆子|名朋子|名穂子|和帆子|夏帆子|夏穂子|多保子|奈保子|奈夫子|奈宝子|奈峰子|奈布子|奈帆子|奈朋子|奈歩子|奈浦子|奈火子|奈生子|奈甫子|奈秀子|奈種子|奈穂子|奈穗子|奈芳子|奈萌子|奈輔子|奈邦子|寧保子|寧歩子|尚保子|尚子|水帆子|波帆子|波房子|渚帆子|為穂子|直保子|直子|直帆子|直歩子|直穂子|直邦子|稲穂子|納堡子|苗穂子|菜保子|菜峰子|菜帆子|菜朋子|菜歩子|菜渉子|菜甫子|菜穂子|那保子|那帆子|那灯子|那穂子	source-common-subset
しげあき	以昭|恵昭|惠昭|慈昭|成亮|成光|成公|成彬|成彰|成明|成昭|成晃|成暁|成暉|成朋|成朗|成秋|成章|成顕|木章|樹亮|樹明|滋亮|滋明|滋昭|滋晃|滋朗|滋章|為章|盛昭|盛朗|維謙|繁亮|繁彰|繁明|繁昭|繁朗|繁秋|繁章|茂亮|茂彰|茂昌|茂明|茂昭|茂晃|茂暁|茂朗|茂照|茂皓|茂秋|茂章|茂輝|茂顕|薫明|薫晶|薫陽|誠晃|重亮|重哲|重彰|重成|重明|重昭|重晃|重晶|重暁|重暉|重曉|重朗|重秋|重章|重陽|重顕	source-common-subset
ただひろ	任宏|伊廣|侃弘|匡博|匡啓|匡宏|匡寛|匡広|匡弘|匡洋|匡洪|匡裕|匡都|唯博|唯啓|唯宏|唯寛|唯弘|唯浩|唯裕|士衛|宗弘|宰宏|忠博|忠啓|忠大|忠宏|忠宗|忠寛|忠広|忠廣|忠弘|忠恕|忠挙|忠敬|忠泰|忠洋|忠浩|忠煕|忠裕|恭宗|惟弘|格啓|格宏|格広|正博|正啓|正大|正宏|正寛|正弘|正洋|正浩|淳博|理博|理洋|理裕|直大|直宏|直弘|真弘|真裕|督博|禎宏|禎洋|禎浩|董弘|規宏|規玄|覧容|資大|陽登|雅祥	source-common-subset
まさひと	亮仁|仁人|優人|優仁|優史|元斉|全人|公仁|公史|勝人|勝仁|匡人|匡仁|匡史|和史|和士|大仁|大寛|完仁|将人|将仁|将士|將人|將仁|尉人|幹人|征人|征仁|成人|成史|政人|政仁|政任|政史|斉史|方人|昌人|昌仁|昌史|晶寛|暢人|正人|正仁|正史|正士|正寛|泰知|満佐人|理人|理仁|理史|眞三仁|眞人|眞仁|眞比人|真人|真仁|真史|真士|督人|聖一|聖人|聖仁|誠人|誠仁|賢人|賢仁|道仁|雅人|雅仁|雅史|雅士|雅民	source-common-subset
よしひさ	与旨久|仁久|佳久|佳寿|佳尚|儀久|元久|可久|吉久|吉央|吉尚|啓久|善久|善寿|喜久|喜寿|嘉久|嘉寿|嘉尚|壬久|好久|好古|好史|好寿|孔久|宜久|宣久|幸久|彬久|徳寿|恵久|悦久|悦央|愛久|慈久|慶久|慶寿|昌久|昌尚|栄久|欣久|欣剛|欽久|泰久|泰央|洋久|理久|由久|由寿|由尚|禎久|福寿|純央|美久|美寿|義久|義央|義寿|義尚|義長|能久|良久|良剛|良央|良寿|良尚|良長|芳久|芳寿|貴久|賀久|賢寿|躬久	source-common-subset
えな	えな|依奈|依那|得奈|恵凪|恵名|恵和|恵奈|恵菜|恵那|恵雫|悦奈|惠那|愛夏|愛奈|愛梛|愛波|愛菜|愛那|慧南|慧娜|慧愛|慧生|慧茄|慧那|映凪|映南|映奈|映菜|映那|枝名|枝奈|枝菜|栄奈|榎奈|永名|永奈|永愛|江凪|江南|江名|江奈|江菜|江那|瑛奈|瑛愛|瑛菜|瑛那|画奈|笑凪|笑名|笑和|笑奈|笑樹|笑生|笑菜|絵南|絵名|絵奈|絵菜|絵那|英奈|英菜|英那|衣奈|衣生|衣菜|衣那|詠凪|詠南|詠奈|詠菜	source-common-subset
すすむ	一|万|上|且|丞|之|乾|亀|二|亨|享|伸|侑|先|前|劭|励|勉|勧|右|奏|奨|存|寅|将|尹|年|延|強|征|征夫|愈|成|摯|敕|敢|昇|晋|普|暹|歩|渉|漸|烝|生|皐|益|直|督|範|粛|素住|羌|聳|航|薦|行|誘|貢|賞|超|路|迪|進|進武|進歩|遂|達|邁|陞|陟|駿	source-common-subset
せいや	世也|世哉|世弥|勢也|勢矢|征也|征八|征哉|征矢|惺也|成也|成哉|成弥|成耶|政冶|政哉|政弥|整哉|斉也|斉家|星也|星哉|星夜|星弥|星彩|星矢|星耶|晟也|晟矢|晴也|晴哉|晴弥|晴称|晴耶|晶也|正也|正哉|正矢|清也|清哉|清夜|清弥|清矢|瀞夜|盛也|省也|精也|精哉|精弥|聖世|聖也|聖哉|聖夜|聖弥|聖矢|西夜|誓也|誠也|誠八|誠哉|誠弥|誠彌|誠矢|青哉|青椰|靖也|靖哉|靖弥|静也|静哉|静夜|静弥	source-common-subset
つかさ	つかさ|一|丈|丘|主|令|伯|佰|使|使沙|使紗|僚|元|元佐|典|務|司|司佐|司唆|司彩|司紗|司采|司颯|吏|嗣|士|夏花咲|官|宰|宰佐|帝|帥|師|幹|恭沙|拍|月咲|月花紗|月華咲|朱沙|朱紗|束|束咲|束早|束瑳|束砂|束紗|束颯|柄差|正|津佳沙|津加沙|津香沙|爵|秩|緑沙|良|良紗|郎|都加佐|都加差|都笠|都花桜|都花沙|都華咲|都重|都香沙|都香砂|都香紗|采咲|采紗|長	source-common-subset
たかひと	一仁|享人|剛一|剛人|剛仁|剛兵|剛士|卓人|卓仁|啓人|喬仁|圭人|堯人|大人|奉仁|威人|孝人|孝仁|孝侍|学仁|宇人|宇仁|宜史|尊人|尊仁|尚人|尚仁|尚史|尭人|尭民|岳人|岳仁|峻人|崇|崇人|崇仁|崇公|崇史|嵩人|嵩仁|幟仁|敬人|敬仁|有希|栄仁|毅人|毅仁|社史|章史|節人|考人|耕人|聖人|聖仁|聖士|誉人|誉仁|貴一|貴人|貴仁|貴倫|貴史|貴大|貴日止|賢人|賢仁|銘人|隆人|隆仁|高人|高仁|高史	source-common-subset
たつひろ	健弘|健洋|建光|建完|建広|建洋|樹弘|樹浩|樹裕|立博|立大|立寛|立展|立広|立弘|立紘|立裕|竜博|竜大|竜宏|竜寛|竜広|竜弘|竜弥|竜拓|竜洋|竜浩|竜裕|起寛|起弘|起浩|辰公|辰博|辰大|辰宏|辰寛|辰広|辰弘|辰洋|辰浩|辰祐|辰裕|逹博|達博|達啓|達大|達宏|達寛|達広|達廣|達弘|達拓|達洋|達浩|達祐|達空|達紘|達裕|龍博|龍啓|龍大|龍太|龍宏|龍宣|龍広|龍廣|龍弘|龍拡|龍洋|龍浩|龍祥|龍裕	source-common-subset
ひであき	任昭|任章|季晃|宣明|日出明|日出昭|日出秋|暎明|栄彰|栄明|栄昭|栄晃|栄朗|栄章|栄耀|瑛明|瑛朗|皓|秀亮|秀哲|秀彬|秀彰|秀成|秀昌|秀明|秀映|秀昭|秀晃|秀晶|秀暁|秀朗|秀照|秀瑛|秀秋|秀章|秀聡|秀聰|秀輝|秀陽|秀顕|英了|英亜樹|英享|英亮|英哲|英彬|英彰|英成|英旦|英昇|英昌|英明|英映|英昭|英晁|英晃|英晶|英智|英暁|英朗|英知|英秋|英章|英聡|英聴|英証|英詳|英謙|英輝|英銘|英顕|豪章	source-common-subset
ひろつぐ	博二|博嗣|博次|博皓|博紹|博継|博胤|博詞|啓嗣|啓次|啓継|嘉嗣|大倫|大健|大嗣|大承|大次|大詞|大貢|宇紹|宏嗣|宏次|宏紹|宏胤|宏諭|寛嗣|寛承|寛次|尋嗣|広嗣|広次|広継|広譜|廣嗣|廣次|弘嗣|弘承|弘次|弘治|弘知|弘紹|弘継|恒祐|憲嗣|拡嗣|擴嗣|敬二|普次|治二|洋世|洋亜|洋嗣|洋次|浩世|浩二|浩嗣|浩次|浩紹|浩継|浩胤|浩貢|祐嗣|祐次|祥嗣|紘嗣|裕世|裕二|裕償|裕嗣|裕次|裕紹|裕継	source-common-subset
るい	るい|る依|ルイ|塁|塁生|屡依|愛|月希|来海|桜依|泪|流以|流伊|流依|流委|流威|流意|流為|流生|流維|流衣|涙|琉|琉以|琉伊|琉依|琉偉|琉唯|琉威|琉愛|琉斐|琉海|琉生|琉維|琉衣|琉飴|瑠|瑠井|瑠以|瑠伊|瑠似|瑠依|瑠倭|瑠偉|瑠唯|瑠姫|瑠威|瑠惟|瑠意|瑠愛|瑠海|瑠生|瑠維|瑠莞|瑠衣|留五|留以|留伊|留依|留意|留維|留衣|累|良依|誄|路以|路易|路衣|類|類衣|魁	source-common-subset
としかず	仁一|俊一|俊勝|俊和|俊多|俊量|利一|利和|利員|利士一|利志和|利数|利計|利量|哉三|壽一|壽和|季三|季和|宗一|寿一|寿千|寿和|寿知|寿量|年一|年和|幸和|才二|敏一|敏佳寿|敏和|敏員|敏守|敏憲|敏数|敏算|敏計|敏量|智一|智和|智雄|校和|歳一|歳和|歳計|理一|登士和|登志一|登志和|稔一|稔司|稔和|稔員|紀一|紀和|純和|繁一|美一|聡一|聡和|聰和|肇一|賢一|賢和|鋭和|隼一|隼司|隼和|駿和|驥一	source-common-subset
いくお	亥久男|亥九生|以久生|以久男|伊久夫|伊久生|伊久男|伊久雄|伊九夫|伊功雄|侑夫|侑男|功夫|威久雄|威公雄|宥雄|幾久男|幾夫|幾応|幾朗|幾生|幾男|幾緒|幾郎|幾雄|征士|征夫|征生|征男|征郎|征雄|戦生|敢雄|澳男|為久雄|猪久夫|生夫|生男|生緒|生翁|生郎|生雄|育夫|育央|育朗|育生|育男|育穂|育緒|育造|育郎|育雄|行夫|行生|行男|行郎|行雄|郁夫|郁央|郁應|郁扶|郁朗|郁生|郁甫|郁男|郁穂|郁緒|郁邑|郁郎|郁雄	source-common-subset
けいと	けいと|ケイト|京十|京図|京愛|京綸|佳音|啓人|啓仁|啓斗|啓杜|啓渡|圭人|圭十|圭登|圭絲|圭都|希愛|恵人|恵伊都|恵土|恵愛|恵斗|恵杜|恵登|恵糸|恵聡|恵衣都|恵都|恵音|慧人|慧十|慧斗|慧登|慶人|慶冬|慶友|慶糸|慶都|敬人|敬斗|敬都|景斗|景綸|景都|桂人|桂十|桂叶|桂土|桂斗|桂朋|桂杜|桂都|桂音|毛糸|渓十|渓灯|渓都|渓音|花依都|花兎|花糸|華衣都|蛍人|蛍十|蛍斗|蛍都|計都|馨灯|馨都	source-common-subset
たつみ	たつみ|たつ美|タツミ|健巳|健美|多津美|多積|多都美|太津巳|巽|建充|建美|樹実|樹巳|樹海|樹美|田津実|田津美|田積|立実|立己|立巳|立海|立美|立身|立躬|竜実|竜己|竜巳|竜弥|竜水|竜美|起巳|起貫|辰三|辰実|辰己|辰已|辰巳|辰弥|辰海|辰爾|辰美|辰身|達三|達光|達参|達味|達実|達己|達巳|達弥|達心|達海|達生|達美|達臣|達見|達視|龍三|龍光|龍実|龍己|龍巳|龍心|龍未|龍水|龍海|龍美|龍視	source-common-subset
まさる	まさる|マサル|俊|偉|健|傑|優|克|全|冠|勉|勝|勝昇|匡|卓|哲|善|嘉|増|壮|多|大|太|完|将|將|尚|尤|幹|当|彦|応|愈|捷|政|政瑠|斌|昌|智|暁|暢|最|正|正児|正流|正溜|正瑠|満佐流|満佐瑠|潤|理|甫|甲|督|碓|秀|聖|臣|英|衛|豪|賞|賢|超|越|長|雄|雅|雅児|高	source-common-subset
かずたか	一剛|一喬|一天|一太|一孝|一宇|一尊|一岳|一峰|一峻|一崇|一巨|一敬|一栄|一毅|一爵|一琢|一生|一登|一祐|一誉|一貴|一賢|一隆|一高|一鷹|万尚|主臣|千貴|和丘|和乙|和享|和剛|和卓|和啓|和堂|和孝|和尊|和岳|和峻|和崇|和嵩|和教|和敬|和生|和能|和親|和誉|和貴|和資|和隆|和香|和高|員孝|壱崇|寿崇|寿隆|憲能|枚比|百敬|知剛|良誠|萬隆|計孝|運隆|量崇|量隆|陸翔|雄貴|順貴	source-common-subset
たけあき	丈彰|丈昌|丈明|丈晃|丈朗|丈淳|丈聡|偉晶|健哲|健彰|健明|健昭|健晃|健暁|健朗|健章|剛亮|剛哲|剛彰|剛明|剛昭|剛晃|剛暁|剛祥|剛秋|剛章|壮哲|壮昭|壮晃|壮朗|壮章|威明|威朗|威顕|岳彰|岳明|岳昭|岳晃|岳暁|岳朗|岳秋|嵩了|建哲|建彰|恒明|武亨|武亮|武彰|武揚|武明|武昭|武晃|武朗|武秋|武章|武聡|武顕|毅明|猛哲|猛明|竹明|竹昭|竹朗|竹秋|豪明|豪晃|豪朗|雄亮|雄昭|雄章	source-common-subset
やすよし	保吉|保善|保喜|保好|保孔|保美|保義|保良|保芳|安儀|安克|安吉|安啓|安善|安喜|安嘉|安好|安慶|安由|安祥|安義|安良|安芳|宜慶|容義|寧吉|康仁|康佳|康允|康克|康吉|康善|康喜|康嘉|康好|康快|康悦|康由|康義|康能|康良|康芳|得善|恭吉|恭喜|恭義|恵由|晏義|泰佳|泰善|泰嘉|泰好|泰宜|泰彬|泰敬|泰栄|泰由|泰義|泰良|泰芳|温良|裕淑|裕祥|靖佳|靖喜|靖由|靖義|靖良|靖芳|静嘉	source-common-subset
よしやす	与志育|伊定|佳康|佳恭|佳泰|佳靖|可保|吉保|吉康|吉恭|吉泰|啓考|善保|善康|善泰|善靖|喜保|喜安|喜康|喜泰|嘉保|嘉康|嘉恭|嘉泰|好保|好康|好恭|好泰|宜康|恵保|恵康|悦康|愃保|慶安|慶寧|慶泰|淑靖|由保|由康|由恭|由泰|由靖|省久|祥保|祥恭|祥泰|美保|美康|義保|義安|義容|義康|義恭|義泰|義綏|義靖|能安|能平|能康|至康|良保|良康|良恭|良泰|芦八州|芳保|芳康|芳泰|芳靖|誉康	source-common-subset
かずさ	かずさ|一冴|一宰|一嵯|一彩|一抄|一早|一朔|一桜|一沙|一瑳|一砂|一紗|一総|一颯|万沙|万草|上総|会沙|佳寿沙|佳月才|佳朱沙|倭総|冬桜|加寿紗|千咲|千嵯|千沙|千紗|千颯|司紗|和佐|和咲|和左|和彩|和早|和沙|和瑳|和砂|和紗|和草|和颯|嘉瑞紗|壱佐|委紗|寿嵯|寿彩|寿祭|寿紗|寿采|数冴|春彩|春早|月砂|架咲|毎早|知紗|紀咲|良紗|華珠沙|計沙|霞咲|霞咲く|香寿紗|香津沙|香瑞砂|香瑞紗|馨津沙|麗砂	source-common-subset
ひろむ	ひろむ|公|協|博|博務|博武|博睦|周晋|啓|坦|大夢|大武|大脩|大陸|央睦|宏|宏務|宏夢|宏武|宏生|宙勇|宙夢|宣|寛夢|寛武|尋武|広|広務|広夢|広武|広生|弘|弘務|弘夢|弘武|弘睦|弥夢|恕|拓|拓夢|拓生|拡|擴|曠|比呂武|比呂睦|比路夢|氾|洋|洋六|洋夢|洋望|浩務|浩夢|浩武|浩陸|煕|熙|礼武|紘|紘夢|紘睦|裕|裕勇|裕夢|裕武|裕歩|裕睦|飛浪武	source-common-subset
あきひさ	亜生久|亮久|亮壽|亮寿|亮尚|光久|哲久|哲寿|啓久|啓尚|安希久|安希央|安紀久|彬央|彰久|彰寿|彰尚|成寿|敬久|昂久|昌久|昌寿|明久|明央|明寿|明尚|明永|映寿|昭久|昭仙|昭壽|昭寿|昭尚|晃久|晃史|晃央|晃尚|晃永|晶久|暁久|暁央|暁寿|暁永|朗久|朗寿|照久|瑛久|皓久|祥久|秋久|秋寿|章久|章之|章央|章寿|章尚|精寿|紹久|耀久|聡久|聡之|聡央|聡尚|覚久|輝久|鑑久|陽久|顕久|顕尚	source-common-subset
あつのり	京律|充倫|充則|充功|充宣|充律|充教|充敬|充文|充範|充紀|功徳|功憲|厚了|厚典|厚則|厚宣|厚徳|厚憲|厚範|厚紀|宏宗|敦位|敦典|敦則|敦功|敦史|敦宣|敦得|敦徳|敦慎|敦憲|敦敬|敦智|敦範|敦紀|敦統|敦規|昌憲|淳仁|淳則|淳徳|淳教|淳文|淳智|淳永|淳矩|淳範|淳紀|淳考|温則|温教|篤伯|篤典|篤則|篤功|篤宜|篤宣|篤徳|篤慶|篤憲|篤法|篤礼|篤祷|篤範|篤紀|篤識|貴考|重詞	source-common-subset
えま	えま|エマ|会麻|依麻|円舞|恵万|恵愛|恵摩|恵満|恵真|恵磨|恵茉|恵麻|惠万|惠麻|愛真|愛舞|愛茉|愛麻|慧万|慧眞|慧麻|映摩|映真|映茉|枝万|枝満|枝真|枝茉|枝麻|栄真|栄麻|永万|永満|永茉|永麻|江万|江摩|江満|江真|江舞|江茉|江麻|瑛真|瑛麻|笑万|笑満|笑真|笑茉|結喜乃|絵万|絵摩|絵満|絵真|絵舞|絵茉|絵馬|絵麻|英真|英舞|英麻|衣万|衣真|衣舞|衣茉|衣麻|詠真|詠麻	source-common-subset
つとむ	つとむ|ツトム|乾|事|仂|任|伝|作力|佳|働|克|力|力作|力武|力睦|功|功夢|努|努夢|努武|劭|励|労|劼|勅|勉|勉可|勗|務|勢|勤|勧|勲|司|墾|奨|孜|孟|守|工|強|彊|恪|惇|惟勤|懋|拳|挌|效|敏|敦|朝武|格|求|津十無|津富|津年武|積|精|義|耕|茂|薫|行|農|邁|邵|魁	source-common-subset
まあや	まあや|ま綾|万亜也|万彩|万愛弥|万文|万紋|万絢|万綾|愛彩|愛綾|愛采|摩彩|摩絢|摩耶|眞彩|眞惠|眞綺|眞耶|真亜也|真亜弥|真亜耶|真弥|真彩|真彰|真愛弥|真愛陽|真文|真杏和|真理|真礼|真紋|真綺|真綾|真郁|真阿弥|磨彩|磨礼|磨綾|舞彩|舞綾|茉亜也|茉妥|茉彩|茉愛|茉愛弥|茉文|茉礼|茉純|茉絢|茉綾|茉郁|雅彩|魔彩|麻亜也|麻亜弥|麻亜矢|麻亜耶|麻彩|麻恵|麻愛弥|麻愛耶|麻文|麻礼|麻紋|麻絢|麻綾|麻耶	source-common-subset
ゆいか	ゆいか|ゆい佳|ユイカ|侑依香|侑衣花|優依花|優依華|優唯香|優衣華|優衣香|友以佳|友依花|友衣可|唯伊花|唯伽|唯何|唯佳|唯加|唯可|唯嘉|唯夏|唯愛花|唯日|唯果|唯栞|唯楓|唯樺|唯歌|唯花|唯華|唯衣花|唯風|唯香|弓以香|悠伊香|惟香|有依香|柚郁香|由以加|由以香|由依加|由依香|由比佳|由比香|由花|由衣加|由衣夏|由衣香|結以花|結佳|結加|結叶|結唯花|結唯香|結夏|結奏|結愛花|結愛華|結架|結楓|結科|結花|結苺花|結華|結衣圭|結衣香|結香|維花	source-common-subset
あつひろ	京宏|京洋|充宏|充寛|充広|充弘|厚仁|厚博|厚宏|厚広|厚廣|厚弘|厚洋|厚浩|厚裕|徳弘|惇大|惇宏|惇弘|惇洋|敦博|敦啓|敦大|敦宏|敦寛|敦広|敦廣|敦弘|敦汎|敦洋|敦浩|敦紘|敦裕|敬洋|昌啓|昌広|昌弘|淳公|淳博|淳啓|淳宏|淳寛|淳広|淳弘|淳彦|淳洋|淳浩|淳裕|温大|温広|睦裕|篤博|篤啓|篤大|篤宏|篤寛|篤広|篤廣|篤弘|篤弥|篤敬|篤洋|篤浩|篤紘|篤裕|純寛|貴裕	source-common-subset
としまさ	俊允|俊匡|俊多|俊将|俊政|俊昌|俊正|俊理|俊真|俊祐|俊賢|俊雅|健正|利優|利允|利公|利匡|利将|利政|利方|利昌|利正|利理|利真|利雅|壽將|季正|寿匡|寿政|寿昌|寿真|年優|年將|年成|年正|年真|幸正|惇大|敏全|敏公|敏匡|敏政|敏昌|敏正|敏眞|敏真|敏雅|明正|智修|智将|東志政|歳昌|歳正|知将|稔將|稔昌|稔正|稔理|稔祐|稔賢|章正|等和|紀正|聡将|財将|駿将|駿正	source-common-subset
よしてる	よし照|令輝|佳晃|佳照|佳輝|吉光|吉晃|吉暉|吉照|吉輝|善昭|善晃|善照|善輝|喜照|喜英|喜輝|嘉晃|嘉照|嘉輝|好晃|好照|好輝|宜暉|宜照|宜輝|恵昭|恵照|惟央|慶輝|欣映|欣昭|由晃|由照|由輝|益輝|祥光|祥晃|祥照|祥皓|祥輝|禎昭|禎晃|純光|純輝|繕照|美光|美輝|義光|義晃|義暉|義照|義英|義輝|能光|能暉|良光|良明|良晃|良煕|良照|良輝|芳照|芳輝|誉輝|貴光|賀照	source-common-subset
よしろう	よし朗|与四朗|与四郎|与志朗|与志郎|与朗|与次郎|世四郎|世詩朗|仁朗|仁郎|代志郎|令郎|休郎|余四郎|余志郎|佳朗|佳郎|候良|儀郎|克郎|典郎|剛郎|勝朗|吉朗|吉良|吉郎|善朗|善郎|喜朗|喜郎|嘉朗|嘉良|嘉郎|好朗|好郎|恵郎|悦朗|悦郎|惇郎|愛朗|慈郎|慶郎|昌志郎|是郎|暢朗|淑朗|淑郎|理郎|由朗|由郎|研郎|祥朗|祥郎|祺郎|禎郎|美朗|美郎|義朗|義良|義郎|良朗|良郎|芳朗|芳郎|陽志郎|順朗	source-common-subset
かずや	かずや|一也|一人也|一八|一冶|一哉|一夜|一央|一家|一弥|一彌|一矢|万也|万弥|三也|主哉|五弥|佳主也|佳寿也|佳津也|佳都也|利也|利哉|加寿也|加寿哉|千也|千弥|和也|和八|和哉|和夫|和弥|和彌|和泰|和生|和矢|和耶|員也|嘉寿也|夏寿也|多弥|如矢|寿也|寿哉|寿弥|寿矢|将也|師也|憲也|憲哉|数也|数哉|数弥|知也|知哉|航也|航八|航弥|良也|計也|計弥|賀津也|起也|量也|雄也|鹿頭矢	source-common-subset
くにこ	くに子|クニ子|久丹子|久二子|久仁子|久仁湖|久任子|久爾子|久邇子|九に子|九二子|九仁子|倶仁子|公仁子|公任子|公子|六合子|共仁子|具二子|具仁子|句仁子|句爾子|国子|国香|圀子|國子|域子|壌子|孔仁子|宮二子|宮仁子|州子|庫二子|庫仁子|弘仁子|恭二子|恭仁子|晋子|有子|求仁子|洲子|漢子|玖仁子|玖担子|玖爾子|界子|矩仁子|空新子|空虹子|紅丹胡|紅仁子|薫子|訓仁子|訓子|貢二子|貢仁子|邦仁子|邦子|邦孔|邦湖|郁子|郡子|郷子|都娘|都子|雅子	source-common-subset
こゆき	こゆき|こ由祈|倖由|倖雪|光雪|功幸|古雪|呼幸|呼雪|女幸|姫雪|小侑|小優季|小優希|小友姫|小夕希|小幸|小悠紀|小有岐|小有希|小有紀|小由季|小由岐|小由希|小由紀|小由貴|小由起|小結喜|小雪|小雪姫|居志|巨幸|幸侑紀|幸雪|心倖|心優希|心優気|心結希|恋優希|恋優貴|恋幸|恋由姫|恋由紀|恋雪|来夢祈|来幸|湖夕姫|湖幸|湖由紀|湖雪|琴雪|瑚幸|瑚雪|白雪姫|粉雪|紅幸|胡幸|胡雪|虹幸|虹志|虹雪|香優貴|香夕季|香幸|香志|香由希	source-common-subset
さとる	さとる|さと流|サトル|了|令|会|佐登留|佐資|倫|勘|叡|司|哲|啓|学|學|寛|察|弁|彗|得|怜|悟|悟流|悟由|悟留|想|惺|慧|憬|憲|敏|教|智|暁|暁嗣|曉|桜都留|然|理|理人|省|睿|知|砂吐流|禅|総|聆|聖|聡|聰|覚|覺|解|訓|証|詮|諒|諭|識|賢|達|郷|里留|鋭|開	source-common-subset
はやと	伯矢登|俳優人|健人|剣人|剣刀|勇人|勇仁|勇利|勇和|勇斗|勇登|勇虎|勇部|勇都|哲人|将人|巴矢人|快人|快仁|捷人|捷達|敏刀|敏登|敬人|早人|早登|早矢登|林人|準人|準斗|甲矢人|粛人|羽矢人|翔人|葉弥斗|覇人|迅人|迅斗|迅登|速|速人|速徒|速登|逸人|逸斗|逸登|鋭人|隼|隼人|隼仁|隼利|隼史|隼土|隼士|隼戸|隼斗|隼生|隼登|隼翔|隼道|隼都|颯人|颯冬|颯斗|駿人|駿斗	source-common-subset
たかひこ	任彦|位彦|俊彦|傑彦|公彦|剛彦|匡彦|卓彦|啓彦|喬彦|多賀彦|大佳彦|天彦|太彦|威彦|孚彦|孝彦|孝比古|学彦|宇彦|宜彦|尊彦|尚彦|尭彦|岳彦|峯彦|峻彦|崇人|崇弘|崇彦|廷彦|応彦|恭彦|恭比古|敬彦|昂彦|昂比古|昴彦|栄彦|毅彦|泰加彦|王彦|登彦|眞彦|空彦|節彦|統彦|翔彦|能彦|誉彦|誠彦|豪彦|貴彦|貴日呼|賢彦|陽彦|隆弘|隆彦|隆比古|隼彦|雄彦|顕彦|駿彦|高彦|高日子|鷹彦	source-common-subset
たけとし	丈寿|丈年|丈敏|丈智|丈稔|丈聡|健俊|健利|健寿|健年|健敏|健稔|健聡|健誠|剛俊|剛利|剛寿|剛平|剛年|剛敏|剛淑|剛紀|剛聡|勇俊|勇年|壮俊|壮利|壮寿|壮年|壮稔|壮聡|威俊|威敏|孟俊|岳俊|岳利|岳敏|岳聡|建利|強敏|武亨|武俊|武利|武寿|武年|武敏|武甫|武稔|武要|毅俊|毅敏|毅紀|猛俊|猛利|猛敏|猛歳|竹俊|竹敏|竹明|豪俊|長俊|長寿|長年|長敏|雄俊|雄紀	source-common-subset
よしつぐ	与継|佳嗣|佳次|吉嗣|吉次|吉継|吉貢|善嗣|善次|善継|善続|善胤|善貢|善韶|喜嗣|喜承|喜次|嘉嗣|嘉次|嘉継|嘉詞|嘉貢|好嗣|好次|宜嗣|富胤|彦次|彬嗣|徳次|恭次|慶臧|昌次|欣委|由嗣|由次|由継|由貢|益嗣|祥嗣|祥次|祥継|美嗣|美次|義二|義償|義司|義嗣|義就|義次|義紹|義継|義続|義貢|能嗣|良嗣|良承|良次|良継|良績|良胤|良貢|芳嗣|芳次|芳継|貴嗣|賀次	source-common-subset
あつお	亜津夫|充生|充穂|充雄|功雄|厚保|厚夫|厚於|厚朗|厚生|厚男|厚緒|厚郎|厚雄|圧雄|安津夫|実雄|崇雄|惇夫|惇央|惇生|惇雄|教生|敦乙|敦勇|敦夫|敦央|敦朗|敦生|敦男|敦緒|敦郎|敦重|敦雄|昌生|暑香|淳士|淳夫|淳朗|淳生|淳男|淳郎|淳雄|渥夫|渥雄|温夫|温朗|温生|温男|温雄|熱生|睦男|睦郎|睦雄|穆男|篤夫|篤央|篤朗|篤生|篤男|篤臣|篤郎|篤雄|醇郎|集男	source-common-subset
ひでみ	ひでみ|一二三|妃美|季実|季巳|季美|愛仁|愛生|愛美|愛規|日出味|日出実|日出己|日出海|日出満|日出現|日出美|日出見|映美|暎美|未|未実|柊美|栄実|栄已|栄美|淑美|瑛美|秀三|秀味|秀実|秀實|秀己|秀巳|秀弥|秀未|秀水|秀海|秀深|秀珠|秀碧|秀穂|秀美|秀見|英三|英史|英実|英實|英己|英已|英巳|英弥|英望|英未|英民|英水|英泉|英海|英生|英美|英見|英視|英魅|豪見|陽出美	source-common-subset
ひなた	ひなた|ヒナタ|光永|南|向日葵|太陽|妃南|妃南多|妃向|妃奈多|妃妙|妃陽|姫詩|姫那多|彩羽|悠笑|日|日南羽|日向|日向大|日向太|日向汰|日向陽|日和|日奈多|日寿|日暖|日菜|日菜多|日菜太|日菜珠|日菜詩|日詩|日那向|日那多|日陽|明|春陽|暖|暖太|桧那|比奈多|灯向|灯成多|美葵|羽叶|陽|陽凪|陽凪詩|陽南|陽南汰|陽向|陽向太|陽暖|陽翔|陽菜|陽菜向|陽菜樂|陽葵|陽詩|陽那|雛多|雛音|飛南|飛向	source-common-subset
しげゆき	卯起|壮之|恵之|恵元|恵幸|恵由|慈之|成之|成介|成幸|成往|成徹|成志|成章|成行|栄之|栄幸|栄志|樹幸|樹至|殖之|滋之|滋元|滋幸|滋敬|滋章|滋行|甚幸|盛行|秀幸|穣之|篤徹|篤行|維之|維志|繁之|繁幸|繁征|繁志|繁行|習之|臣之|茂之|茂幸|茂廉|茂役|茂征|茂敬|茂是|茂至|茂行|董之|薫之|誉之|誠之|誠幸|誠行|賀行|重之|重如|重幸|重志|重敬|重行|重雪	source-common-subset
てるよし	光克|光喜|光慶|光由|光純|光能|光良|央剛|央啓|央芳|彰泰|映善|昭和|昭慶|昭祥|昭美|昭義|晃佳|晃兆|晃功|晃吉|晃嘉|晃好|晃慶|晃栄|晃歓|晃由|晃祥|晃義|晃良|晃芳|晃貴|暉好|暉由|照佳|照吉|照喜|照嘉|照好|照悦|照由|照純|照美|照義|照良|照芳|照麗|璋悦|英仁|英善|英嘉|英義|輝佳|輝克|輝典|輝吉|輝善|輝好|輝宜|輝欣|輝睦|輝美|輝義|輝良|輝芳	source-common-subset
としはる	世始|亟治|亨浩|俊会|俊日|俊明|俊春|俊晴|俊治|俊浩|俊玄|俊美|俊輔|俊陽|健治|利明|利春|利晴|利治|利玄|利英|利陽|壽令|壽春|壽晴|壽治|季栄|季治|寿張|寿春|寿晴|寿治|年冶|年春|年晴|年治|憲治|才治|捷治|敏春|敏晴|敏治|敏玄|智春|智治|樹春|歳春|淳良|甫敏|登史治|登志春|登志晴|稔春|稔晴|稔治|紀春|統史温|聖晴|聡晴|聡治|都史春|都志春|鋭治|隆之|隼陽	source-common-subset
しの	しの|し乃|之乃|仔乃|伸乃|信|信乃|信濃|偲乃|凌|史乃|史野|司乃|四濃|士乃|始乃|姿乃|姿野|小竹|心野|忍|志の|志乃|志之|志濃|志能|志野|思乃|思之|慈乃|支乃|旨乃|朱乃|枝埜|柴乃|梓乃|梓之|椎乃|汐乃|淑|淑乃|清乃|滋野|糸乃|糸野|紫乃|紫之|紫希|紫登|紫紀|紫野|織乃|至乃|芝乃|視乃|詞乃|詩乃|詩望|詩野|誌乃|誌野|資乃|静望|風野	source-common-subset
れな	れな|レナ|令名|令和|令奈|令菜|令那|伶名|伶奈|伶梨|伶菜|伶那|冷奈|怜名|怜夏|怜奈|怜茄|怜菜|怜那|恋名|恋夏|恋奈|恋永|恋菜|恋那|札奈|澪奈|然奈|犂菜|玲凪|玲南|玲名|玲和|玲奈|玲永|玲緒|玲菜|玲那|礼名|礼夏|礼奈|礼尚|礼愛|礼成|礼永|礼納|礼菜|礼那|紅|練奈|苓奈|莉奈|蓮南|鈴奈|鈴捺|鈴菜|零捺|麗名|麗奈|麗永|麗流|麗菜|麗那|黎茄	source-common-subset
やすのぶ	保伸|保信|保喜|保宣|保延|保暢|保業|保申|保誠|嘉延|安伸|安信|安修|安喜|安宣|安展|安布|安延|容伸|寿伸|庚修|康之|康亘|康伸|康信|康修|康允|康叙|康史|康喜|康宣|康展|康延|康暢|康順|庸伸|恭伸|恭信|恭宜|恭延|泰亘|泰伸|泰信|泰修|泰宣|泰庸|泰延|泰暢|泰正|泰舒|泰誕|益与|育伸|裕亘|裕展|靖伸|靖信|靖修|靖喜|靖宣|靖展|靖庸|靖延|靖暢	source-common-subset
よしとも	佳友|佳大|佳智|佳朋|佳朝|儀朋|克友|勝義|吉友|吉智|吉朋|吉知|善友|善培|善智|善知|喜友|喜大|喜智|嘉公|嘉具|嘉友|嘉智|嘉朋|嘉知|好知|孝知|快友|惟友|慶伴|慶友|慶智|慶朋|慶知|昌伴|欣伴|由友|由智|祥倫|祥智|美供|美共|美朝|美知|義具|義友|義晁|義智|義朋|義朝|義知|良伴|良友|良智|良朋|良朝|良知|良興|良誠|芳友|芳智|芳朋|芳知|謙知	source-common-subset
さいこ	さいこ|さい子|サイ子|三五子|佐以子|佐伊子|佐似子|佐依子|佐尉子|佐惟子|佐江子|佐衣子|作意子|修子|冴衣子|哉好|哉子|哉香|妻子|宰子|彩井子|彩古|彩子|彩尉子|彩江|彩湖|彩衣子|才子|才湖|才衣子|採子|斉子|斎子|早衣子|最子|朗子|栽子|歳子|沙依子|沙偉乎|沙子|沙衣子|済子|砕壷|砕壺|砕子|祥子|祭子|紗以子|紗依子|紗衣子|細子|聖子|菜子|菜衣子|裁子|西子|載子|采子|采衣子|際子|齊子|齋子	source-common-subset
とおる	とおる|トオル|中|了|予|亘|亨|亨冶|享|亮|做|傳|兌|公|冬織|冽|利|到|叡|哲|啓|太|孔|宣|導|徹|徹守|徹瑠|斗織|明|昶|暁|暢|杜織|東児|格|桃留|棣|泰|浹|済|渡欧留|澄|玲|理|竜|統|耐|聡|至|融|行|豁|貫|超|透|透織|通|進|道|達|阜|龍	source-common-subset
なつこ	なつこ|なつ子|ナツ子|七月子|七津子|七都子|仲津子|南州子|南月子|南津子|南紬子|南都子|南香|名律子|名津子|名都子|名鶴子|和月子|和都子|夏呼|夏子|夏湖|夏瑚|夏鼓|奈司子|奈寿子|奈律子|奈徒子|奈智子|奈月子|奈津好|奈津子|奈津湖|奈珠子|奈途子|奈通子|奈都古|奈都子|奈鶴子|懐子|捺子|捺瑚|撫子|杏子|楠都子|波津子|浪津子|渚津子|直津子|納子|納津子|納都子|苗津子|菜採子|菜摘児|菜摘子|菜月子|菜津子|菜通子|菜都子|菜鶴子|那津子|那都子	source-common-subset
はるお	ハルオ|哈爾生|啓夫|張雄|明士|明夫|明生|明男|明郎|明雄|春夫|春尾|春桜|春満|春生|春男|春穏|春緒|春郎|春雄|晴勇|晴士|晴夫|晴央|晴巨|晴於|晴朗|晴生|晴男|晴郎|晴雄|暎夫|東夫|東生|東男|東郎|東雄|治士|治夫|治王|治生|治男|治穂|治郎|治雄|波留夫|流雄|温夫|温男|温雄|玄男|玄雄|美郎|美雄|遥於|開生|陽夫|陽生|陽男|陽雄|青於|靖夫|靖雄	source-common-subset
ひびき	ひびき|ひび希|ヒビキ|妃々姫|妃々希|妃々紀|妃々貴|妃々輝|妃美姫|妃美貴|妃美輝|姫々希|姫々紀|姫々貴|姫々輝|姫美貴|姫美輝|寿妃|心歌|心響|日々喜|日々嬉|日々希|日々輝|日比妃|日比紀|日美季|日美希|日美輝|日葵|比実樹|比日樹|比美樹|灯々祈|緋実綺|緋美綺|美響|花響|陽々季|陽々輝|陽日葵|陽美姫|陽美輝|韵|響|響姫|響己|響希|響弓|響月|響来|響樹|響生|響紀|響葵|響貴|響輝|飛々喜|飛々輝|飛日希|飛美希|鳴|鼓	source-common-subset
まいか	まいか|まい華|まい香|マイカ|万衣加|万衣花|万衣香|妹花|妹香|昧歌|未唯歌|梅花|梅香|満依香|真唯香|真衣佳|真衣加|真衣果|真衣香|磨衣香|米香|舞以伽|舞伽|舞佳|舞加|舞可|舞嘉|舞夏|舞果|舞桂|舞歌|舞翔|舞花|舞華|舞衣香|舞郁|舞里香|舞雅|舞風|舞香|苺佳|苺花|苺香|茉似花|茉依加|茉衣加|茉衣夏|茉衣香|雅衣歌|麻伊加|麻依加|麻偉華|麻恵香|麻愛花|麻日花|麻華|麻衣|麻衣佳|麻衣可|麻衣夏|麻衣花|麻衣華|麻衣香	source-common-subset
てるあき	光亮|光右|光彰|光明|光映|光昭|光朗|光秋|光章|光行|光陽|光顕|央招|央顕|彰顕|映光|映明|昭明|昭朗|昭秋|晃彬|晃彰|晃明|晃朗|晃章|暉昭|曜彰|曜章|栄亮|煕明|照哲|照彰|照旦|照旭|照明|照映|照昭|照晃|照晶|照朗|照皎|照秋|照章|照陽|瑛彬|瑛章|瑩徹|皓明|皓章|輝亮|輝彬|輝彰|輝憲|輝昌|輝明|輝映|輝昭|輝晃|輝朗|輝秋|輝章|輝顕|顕彰	source-common-subset
ともかず	丈和|与和|伯一|伴一|伴和|倫一|倫和|倫壱|倫数|僚一|公一|共一|共和|具一|具和|友一|友二|友円|友利|友和|友寿|友教|友数|友紀|友良|友計|大一|大七|大司|大和|奉和|奉寿|寅一|智一|智司|智和|智憲|智数|智良|智計|智重|智量|朋一|朋十|朋和|朋知|朝一|朝和|朝政|知一|知万|知二|知司|知和|知寿|知憲|知数|知旦|禎一|等一|誠和|那和|鞆一	source-common-subset
やすあき	保彰|保昌|保明|保昭|保晃|保晶|保秋|保章|和明|和昭|妥彰|孝|安亮|安彬|安明|安昭|安朗|安秋|安章|安輝|康亮|康彰|康昌|康明|康昭|康晃|康晶|康暁|康朗|康秋|康章|康輝|康顕|恭彬|恭彰|恭明|恭昭|恭章|恭顕|泰亨|泰亮|泰彬|泰彰|泰旦|泰明|泰昭|泰晃|泰晶|泰祥|泰秋|泰章|泰紹|泰陽|泰顕|芳明|靖彰|靖明|靖昭|靖晃|靖曜|靖皓|靖秋|靖章	source-common-subset
やすたか	保和|保喬|保孝|保尭|保崇|保隆|保高|安剛|安孝|安崇|安隆|安高|康喬|康孝|康尊|康崇|康嵩|康平|康恭|康敞|康敬|康聖|康能|康荘|康誉|康貴|康隆|康高|恭啓|恭孝|恭崇|恭敬|恭貴|恭隆|恭高|楽貴|泰公|泰卓|泰孝|泰宇|泰崇|泰敬|泰考|泰臣|泰賢|泰隆|泰高|益隆|祐孝|育敬|行栄|裕孝|裕峰|裕崇|裕隆|賢孝|靖孝|靖崇|靖恭|靖能|靖貴|靖隆|靖高	source-common-subset
るな	るな|る奈|ルナ|児奈|夏月|夢月|月|月南|月奈|月姫|月愛|月捺|月楠|月渚|月碧|月神|月菜|月輝|月那|来那|楼奈|流七|流凪|流名|流奈|流涙|流菜|流那|満月|琉七|琉凪|琉南|琉名|琉夏|琉奈|琉愛|琉月|琉海|琉菜|琉那|瑠七|瑠凪|瑠南|瑠名|瑠夏|瑠奈|瑠捺|瑠月|瑠汝|瑠渚|瑠菜|瑠那|留夏|留奈|留愛|留菜|留那|留鳴|美月|胡兎|路菜|隆奈	source-common-subset
とみお	乙未生|冨夫|冨生|冨男|冨美夫|冨雄|利美雄|十三夫|十三生|十三男|十三雄|十美男|土三男|外美夫|外美雄|宝保|宝夫|富三穂|富勇|富士|富大|富夫|富央|富実夫|富朗|富望|富王|富生|富男|富美夫|富美男|富美雄|富貴男|富郎|富雄|斗光臣|智男|智雄|東三男|東光雄|東海雄|渡海男|登己勇|登巳夫|登美夫|登美生|登美男|登美穂|登美雄|登見雄|福夫|福男|福雄|美雄|臣生|臣男|藤美雄|豊美男|豊雄|都三男|都美夫|鳥海緒	source-common-subset
ゆたか	ゆたか|ゆた賀|ユタカ|佑考|侑尚|優|優多彼|優宇|優教|勇鷹|哲|坦|壌|大|完|宥|富|寛|寛佳|広|弓多果|弓貴|悠喬|悠貴|悠隆|愃|愉崇|有太可|柚多香|泰|泰生|浩|淳|温|湯多可|由多加|由多可|由多賀|由教|由貴|由高|益|碩|祐|祐孝|禮|穣|穰|結多香|胖|裕|裕也|裕香|裕高|諭孝|豊|豊花|豊香|豐|隆|雄高|饒	source-common-subset
きよたか	冽隆|喜代孝|喜代隆|圭崇|圭貴|基世学|浄隆|淳亢|淳太|淳隆|清享|清伉|清允|清剛|清天|清太|清孝|清宜|清尊|清尚|清尭|清峰|清崇|清嵩|清巨|清恭|清敬|清栄|清毅|清生|清能|清誉|清貴|清隆|清雄|清高|潔孝|潔貴|潔隆|磨享|磨孝|磨貴|精孝|純至|聖剛|聖和|聖孝|聖尚|聖岳|聖峰|聖峻|聖崇|聖敬|聖誉|聖貴|聖隆|聖高|貴代孝|貴孝|貴隆|麒与隆|麿孝	source-common-subset
よしふみ	与志文|仁文|任史|佳典|佳史|佳文|侯文|儀文|典文|凱文|剛史|吉史|吉文|啓史|啓文|善史|善文|喜史|喜文|嘉史|嘉文|嘉章|嘉郁|好史|好文|好郁|孝文|宜典|恵文|悦史|意文|愛史|愛文|慶史|慶文|敬文|昌文|明郁|栄文|欣史|淑史|淑文|為章|由文|祥史|祥文|禎文|美典|美文|義典|義史|義房海|義文|良史|良文|良郁|芳史|芳文|芳郁|誉司文|誉士史|順史	source-common-subset
かずとし	一世|一人之|一俊|一利|一十四|一十士|一壽|一寿|一平|一年|一廉|一敏|一敬|一智|一淑|一甫|一稔|一紀|一聡|一豪|一迅|一駿|万利|万寿|万年|千俊|千稔|和俊|和利|和勇|和哉|和壽|和宗|和寿|和年|和徒使|和憲|和敏|和智|和歳|和淑|和秀|和稔|和聡|和聰|和齢|員振|嘉利|寿鉄|幸俊|憲俊|憲記|数利|数敏|数繁|航哉|良年|計利|計年|起季|量俊	source-common-subset
けんご	けん吾|乾吾|件吾|健五|健伍|健午|健后|健吾|健固|健悟|健護|兼伍|兼吾|兼悟|兼豪|剣伍|剣光|剣吾|剣悟|堅五|堅吾|堅固|堅悟|堅豪|建互|建吾|憲五|憲伍|憲吾|憲巨|憲悟|拳吾|拳悟|挙吾|権悟|献吾|研五|研伍|研吾|研悟|研語|見悟|謙互|謙五|謙伍|謙吾|謙庫|謙悟|賢五|賢伍|賢剛|賢吾|賢悟|賢語|遣吾|遣悟|鎌吾|顕五|顕吾|顕悟	source-common-subset
ふうか	ふうか|ふう海|嵐花|布宇加|復花|楓う香|楓佳|楓優香|楓加|楓叶|楓夏|楓奏|楓日|楓果|楓桜|楓椛|楓樺|楓羽香|楓花|楓華|楓薫|楓蘭|楓賀|楓香|歩初花|芙佳|芙夏|芙生香|芙羽香|芙香|遥香|風|風佳|風優花|風加|風可|風夏|風奏|風布香|風愛|風果|風柚香|風樺|風歌|風海|風海香|風羽樺|風羽歌|風羽花|風羽香|風花|風華|風薫|風鈴|風霞|風香|颯佳|颯夏|颯奏|颯花	source-common-subset
みらい	みらい|三莱|充来|光礼|光莱|光雷|夢|実來|実愛|実来|実羅衣|実良以|己頼|巳雷|幹来|弥來|弥雷|弥頼|心來|心愛|心来|心頼|心麗|明依|明日|明日夢|望愛|望来|未來|未夢|未来|未来依|未来生|未来輝|未礼|未羅偉|未羅生|未雷|水礼|永遠|海来|海礼|深来|深雷|深頼|珠來|眞愛|美來|美愛|美来|美礼|美羅衣|美良以|美良衣|美莱|美麗|美黎|翠来|身頼|魅礼	source-common-subset
たかみち	剛成|剛道|卓倫|卓宙|孝倫|孝充|孝実|孝迪|孝通|孝道|孝陸|学路|宇宙|宗道|尊有|尊路|尊道|尚道|尭通|尭道|岳導|岳道|峻理|峻通|崇倫|崇導|崇成|崇行|崇訓|崇路|崇迪|崇通|崇道|恭道|敬通|敬道|考道|良康|誉道|貴充|貴満|貴美智|貴路|貴途|貴通|貴道|隆充|隆導|隆義|隆通|隆運|隆道|隆陸|雄道|高充|高理|高路|高通|高道|鷹典	source-common-subset
ただゆき	任之|信章|公孝|公将|公志|公敬|功幸|匡之|匡以|匡志|只之|唯之|唯幸|唯志|唯至|唯行|唯起|唯雪|嘉志|孔享|宰之|宰順|律幸|忠之|忠孝|忠将|忠幸|忠征|忠志|忠敬|忠是|忠由|忠至|忠致|忠行|忠透|忠遵|忠順|惟行|正之|正幸|正敬|正行|理之|理行|直之|直幸|直行|眞千|真之|督之|祥志|禎之|禎元|禎幸|禎行|紀之|維征|質幸|雅行	source-common-subset
ひでたか	俶崇|偉誉|栄孝|栄誉|栄貴|栄高|栄鷹|秀剛|秀和|秀喬|秀太|秀好|秀孝|秀宇|秀尊|秀尚|秀尭|秀岳|秀峯|秀峰|秀峻|秀崇|秀恭|秀敬|秀空|秀考|秀能|秀誉|秀豪|秀財|秀貴|秀賢|秀隆|秀高|秀鷹|英丘|英乙|英剛|英孝|英宜|英尊|英尭|英岳|英峻|英崇|英嵩|英敬|英正|英毅|英考|英貴|英陽|英隆|英高|英鷹|豪剛|豪崇|豪臣|豪貴|豪隆	source-common-subset
ひでゆき	仙之|偉之|嗣之|嗣順|幸享|日出幸|日出行|映幸|栄之|栄幸|栄行|瑛之|秀之|秀享|秀介|秀侑|秀友希|秀将|秀幸|秀廉|秀征|秀徹|秀志|秀恭|秀敬|秀晋|秀有喜|秀礼|秀章|秀維|秀至|秀行|秀進|秀雪|育之|英久|英之|英亨|英享|英介|英侑|英公|英如|英孝|英将|英就|英幸|英征|英志|英恭|英敬|英文|英由基|英由季|英由紀|英由規|英行|英順|豪之|豪行	source-common-subset
まさひで	仁秀|仁英|優秀|優英|全秀|公之|公秀|公英|剛秀|勝秀|勝英|匡秀|匡英|壮秀|将栄|将秀|将英|将豪|將秀|尚英|征秀|応栄|政嗣|政秀|政英|政誘|斉秀|昌之|昌栄|昌秀|昌継|昌英|晶英|柾秀|正任|正嗣|正栄|正秀|正英|正豪|理栄|理秀|理英|眞栄|眞秀|眞英|真任|真佐秀|真嗣|真栄|真秀|真英|聖継|誠英|賢秀|賢英|連秀|雅偉|雅秀|雅英	source-common-subset
しろう	之朗|之浪|之良|仔郎|仕郎|伺朗|伺郎|史朗|史楼|史琅|史良|史郎|司朗|司良|司郎|嗣朗|嗣郎|四朗|四良|四郎|士朗|士良|士郎|始郎|姿郎|子朗|子郎|孜朗|孜郎|師朗|志朗|志良|志郎|思郎|支朗|支郎|旨郎|枝朗|枝郎|枳郎|梓楼|止郎|滋朗|獅郎|白雨|祉朗|紫朗|紫良|紫郎|肆朗|肆郎|至朗|至郎|詞郎|詩朗|詩郎|資朗|資郎|賜郎	source-common-subset
たくじ	倬司|倬志|倬治|卓丙|卓二|卓児|卓史|卓司|卓嗣|卓士|卓志|卓樹|卓次|卓治|卓滋|卓爾|卓璽|卓至|卓詩|卓資|卓路|啄二|太久至|宅司|宅治|巧士|度治|拓二|拓児|拓史|拓司|拓嗣|拓士|拓志|拓時|拓次|拓治|拓爾|拓自|拓至|拓資|拓路|沢二|琢二|琢児|琢史|琢司|琢嗣|琢士|琢始|琢治|琢爾|琢自|琢視|託嗣|託慈|託爾|貞爾|鐸二	source-common-subset
ちさこ	ちさ子|チサ子|佐知子|千佐子|千咲子|千左子|千幸子|千彩子|千才子|千抄子|千早子|千智子|千更子|千査子|千歳子|千沙子|千沢幸|千爽子|千瑳子|千砂子|千砂香|千祥子|千笹子|千紗子|千茶子|千草子|千采子|千里子|地佐子|地咲子|地桜子|智三子|智佐子|智咲子|智左子|智彩子|智早子|智沙子|智砂子|智紗子|智聡子|智茶子|智里子|椿沙子|治斉子|理子|知佐子|知咲子|知左子|知彩子|知早子|知沙子|知砂子|知紗子|稚佐子|稚子|稚沙子|稚紗子|至佐子	source-common-subset
まちこ	まちこ|まち子|マチ子|万千子|万智古|万智子|万知子|三月子|俟子|増知子|市子|待子|待智子|摩千子|摩智子|摩知子|望子|未知子|槙知子|正智子|正智江|正知子|満千子|満地子|満子|満智子|満知子|町子|眞千子|眞智子|眞知子|眞稚子|真千娘|真千子|真地子|真智子|真智琴|真知子|真稚子|磨智子|磨知子|磨稚子|茉千子|茉智子|萬千子|萬智子|萬知子|街子|誠知子|都子|雅千子|雅知子|麻千子|麻智子|麻知子|麻稚子|麻至子|麻致子|麿知子	source-common-subset
もえ	もえ|弥愛|愛永|文愛|文映|最燃|望|望依|望央|望恵|望愛|望永|望江|望絵|望萌|李愛|李瑛|李衣|杏映|桃依|桃笑|桃衣|母永|燃|百恵|百愛|百慧|百永|百笑|百絵|百衣|百詠|若笑|茂恵|茂枝|萌|萌え|萌会|萌依|萌咲|萌媛|萌実|萌彗|萌恵|萌愛|萌映|萌枝|萌永|萌江|萌瑛|萌笑|萌絵|萌英|萌衣|萌衿|萠|藻笑|雲燕	source-common-subset
かずと	一人|一仁|一任|一兎|一冬|一刀|一十|一外|一如|一徹|一斗|一東|一桃|一渡|一澄|一登|一統|一翔|一途|一達|一都|万人|利人|加寿人|千豊|司都|和人|和仁|和土|和士|和外|和斗|和杜|和渡|和澄|和登|和絃|和都|和門|員人|嘉寿人|壱和|壽人|宗人|寿人|寿登|弌仁|応百|憲人|数人|数斗|知斗|航斗|計人|計寿人|起生|麗人|麗斗	source-common-subset
けんし	健之|健史|健司|健嗣|健士|健子|健志|健支|健真|健至|兼司|兼嗣|兼四|兼至|剣士|堅士|堅子|堅志|建史|建志|建視|憲史|憲司|憲嗣|憲士|憲志|憲治|憲至|憲資|拳之|拳士|権司|権士|狷士|献之|献史|献志|玄師|県志|研之|研史|研司|研士|研志|謙之|謙史|謙嗣|謙士|謙志|賢史|賢司|賢士|賢子|賢志|賢至|顕士|顕志|顕資	source-common-subset
なおと	ナオト|亨人|修人|凪響|名音|奈央人|奈央島|奈緒人|奈音|如人|尚人|尚仁|尚利|尚十|尚史|尚土|尚斗|尚玄|尚登|尚門|巨人|巨登|斉人|正人|治人|波音|流音|淳人|照美|由翔|直人|直仁|直冬|直利|直努|直十|直和|直士|直大|直徒|直斗|直歩|直渡|直登|直砥|直統|直翔|直豊|直都|直門|直雄人|眞人|真人|真斗|矗人|脩人|菜緒人|那音	source-common-subset
のぶき	伸喜|伸城|伸基|伸希|伸樹|伸紀|伸記|伸貴|伸起|伸輝|信哉|信喜|信城|信奎|信希|信木|信樹|信毅|信紀|信記|信貴|信輝|修己|修毅|修生|宣喜|宣城|宣季|宣己|宣希|宣樹|宣生|宣紀|宣貴|展己|展希|展幾|展樹|展紀|展規|展記|延樹|延気|暢季|暢宜|暢己|暢希|暢樹|暢紀|暢輝|真紀|統規|能舞記|誠喜|誠基|誠樹|進樹|頌樹	source-common-subset
れおな	れおな|レオナ|伶央名|伶央奈|伶央菜|伶央那|怜央奈|怜央納|怜緒奈|怜緒菜|怜音名|怜麻奈|澪央奈|澪緒菜|玲名|玲央名|玲央奈|玲央菜|玲央那|玲奈|玲尾奈|玲恩奈|玲於奈|玲於那|玲桜奈|玲欧奈|玲欧那|玲皇奈|玲緒南|玲緒奈|玲緒樹|玲緒菜|玲緒那|玲織奈|玲翁成|玲雄奈|玲音鳴|礼央奈|礼央菜|礼央那|礼桜奈|礼緒奈|礼緒菜|礼緒那|礼織菜|蓮桜菜|鈴央菜|鈴緒奈|鈴音奈|零尚|麗和那|麗央奈|麗女|麗於奈|麗桜凪|麗桜菜|麗王奈|麗緒奈	source-common-subset
たかやす	タカヤス|享保|享億|享靖|充康|充穏|剛康|喬康|喬泰|太保|孝保|孝安|孝康|孝弟|孝恭|孝晏|孝泰|孝育|孝靖|宜保|寿保|尊康|尊靖|崇康|崇泰|崇靖|嵩泰|教靖|敬保|敬康|敬愛|毅泰|福安|誉康|誉泰|貴保|貴安|貴康|貴恭|貴泰|貴裕|貴靖|隆保|隆安|隆寧|隆康|隆恭|隆泰|隆育|隆裕|隆靖|雄康|高保|高安|高康|高靖|髙安|鷹泰	source-common-subset
しほこ	しほ子|史保子|史帆子|史朋子|史歩子|史甫子|史秀子|史穂子|司保子|司帆子|司歩子|司穂子|司芳子|嗣畝子|士保子|士帆子|士穂子|姿穂子|寿穂子|巳芳子|師保子|心歩子|志ほ子|志保子|志峰子|志布子|志帆子|志朋子|志望子|志歩子|志法子|志穂子|志芳子|志萌子|志豊子|思星子|支帆子|支穂子|枝保子|汐子|潮子|祉保子|糸穂子|紫保子|紫峰子|紫帆子|紫歩子|紫穂子|紫豊子|織穂子|視保子|詩保子|詩帆子|詩歩子|詩穂子|詩穗子|賜穂子	source-common-subset
しょう	しょう|丞|劭|勝|匠|咲|唱|奨|将|将風|尚|彰|志ょう|憧|承|抄|捷|掌|敞|昇|昌|星|昭|晶|曉|梢|椒|正|渉|湘|照|瑛|璋|省|礁|祥|称|章|笙|粧|紫耀|翔|翔央|翔宇|聖|荘|菖|葉|蕉|薔|証|詳|鉦|鍾|青|韶|頌	source-common-subset
ただあき	伊昭|傳明|公信|公彰|公敬|公章|匡亮|匡明|匡昭|匡晃|匡朗|匡秋|匡章|唯明|尹明|忠亮|忠哲|忠彬|忠彰|忠旦|忠明|忠昭|忠晃|忠晟|忠暁|忠暉|忠曉|忠朗|忠照|忠璋|忠祥|忠秋|忠章|忠諒|忠陽|忠顕|惟昭|正光|正明|正晃|正朗|正章|江晃|理明|直明|直昭|直照|真昭|禎啓|禎昭|禎章|糾明|紀彰|紀昭|維了|維昭|賢照	source-common-subset
ひろすけ	博介|博典|博助|博祐|博資|博輔|啓佑|啓友|啓資|嘉介|大祐|大輔|太助|太祐|央昌|宏丞|宏介|宏典|宏友|宏祐|宏輔|宙祐|寛介|寛典|寛相|寛輔|広介|広助|広祐|広輔|弘介|弘典|弘昌|弘祐|弘輔|恕助|泰介|泰佑|泰輔|洋介|洋佑|洋右|洋祐|洋輔|浩介|浩扶|浩祐|浩資|皓祐|碩祐|紘典|絃典|裕亮|裕介|裕典|裕輔|郊恭	source-common-subset
もとひろ	元博|元啓|元大|元央|元宏|元寛|元尋|元広|元廣|元弘|元洋|元浩|元熈|元裕|元豁|元陽|原弘|固弘|基博|基史|基啓|基大|基宏|基寛|基広|基弘|基拓|基洋|基浩|基祐|基祥|基紘|基裕|基陽|大博|奉文|幹啓|幹宏|本宏|本浩|源博|源弘|真宥|礎弘|紀公|素宏|素広|素弘|素洋|素浩|素裕|茂広|誉弘|資宏|資巨|資皓|資裕	source-common-subset
よしみつ	与光|与四光|令光|佳三|佳充|佳光|佳満|克充|吉三|吉充|吉光|吉満|和光|善三次|善允|善充|善光|善満|喜充|喜光|喜満|嘉充|嘉光|嘉満|嘉瑞|好充|好光|好満|幸苗|徳光|恵充|慶光|成光|整充|新光|是充|泰光|淑光|祥充|祥光|禎三|美光|義允|義充|義光|義満|能充|良充|良光|良晃|良満|芳光|芳満|芳美津|賀充|賀光|賢明	source-common-subset
こころ	こころ|ここ蕗|一|優|優心|優心誇|古今侶|古今呂|呼々呂|媛心|小々露|巨巨呂|己々露|己呼路|希|彩心|心|心々桜|心子|心彩|心桜|心海|心温|心良|心華|心誇|心路|心露|志|快|思|恋|恋良|情|想|想気|愛|愛心|木々路|椛|湖々露|湖光心|湖子露|湖心|真|真実|真心|紅衣|純|純真|自然|花心|茲呂|虹心|魂|鼓湖呂	source-common-subset
むつみ	むつ実|むつ海|むつ美|六三|六実|六津未|六津美|六海|六美|六都実|六都美|務摘|和|夢摘|夢津実|夢津美|夢積|夢美|夢都美|武都実|武都美|眤|眸摘|眸津美|眸瑞|睦|睦つ実|睦つ美|睦味|睦土美|睦実|睦己|睦巳|睦弓|睦心|睦望|睦未|睦水|睦津実|睦津美|睦海|睦深|睦珠|睦生|睦美|睦見|睦身|睦都実|睦都美|陸奥美|陸津実|陸津美|陸海|陸美|霧津実|霧津美	source-common-subset
れいじ	レイジ|万治|令二|令仁|令侍|令児|令司|令嗣|令次|令治|令而|励二|励治|嶺二|嶺志|嶺爾|怜二|怜児|怜史|怜司|怜嗣|怜慈|怜次|怜治|札二|澪司|玲二|玲児|玲司|玲次|玲治|玲爾|玲至|礼二|礼仁|礼児|礼司|礼慈|礼時|礼次|礼治|羚児|苓次|鈴次|隷二|隷児|零二|零児|零士|麗二|麗司|麗次|黎二|黎児|黎時|黎治	source-common-subset
あきふみ	亜希文|亮史|亮文|信文|哲史|哲文|哲章|将文|彬史|彬文|彰史|彰文|彰章|成史|揚史|旭史|昌史|明典|明史|明文|明章|映史|映文|昭史|昭文|晃史|晃文|晨史|晶史|晶文|晶章|暁史|暁文|暉文|曉文|朗史|朗文|照史|瑛史|祥文|秋史|秋文|章史|章文|章文美|紹文|聡史|聡文|覚章|詔文|諭史|輝史|陽史|陽文|顕史|顕文	source-common-subset
そうすけ	創介|創佑|創助|創祐|創輔|壮亮|壮介|壮佑|壮助|壮右|壮祐|壮輔|壯祐|奏介|宗亮|宗介|宗佐|宗佑|宗典|宗助|宗右|宗将|宗甫|宗祐|宗輔|左右輔|庄亮|惣亮|惣介|惣助|操助|漱祐|爽介|相助|相祐|綜輔|総介|総助|総右|総輔|聡介|聡佑|聡助|聡祐|聡輔|艸介|草介|草助|草祐|荘介|荘助|荘祐|荘輔|蒼介|蒼祐|颯介	source-common-subset
みつよし	三吉|三好|三宜|三省|三美|三義|三良|三芳|三資|備愛|充佳|充克|充吉|充善|充巧|充庸|充悳|充意|充慶|充由|充祥|充義|充能|充良|充芳|光与志|光儀|光克|光功|光厳|光吉|光善|光喜|光嘉|光好|光悦|光慶|光由|光祥|光美|光義|光聖|光能|光良|光芳|十吉|密義|満吉|満喜|満禧|満美|満義|満良|満芳|瑞良|蜜芳	source-common-subset
やすまさ	保匡|保将|保政|保昌|保正|健正|夷正|安政|安昌|安正|安眞|安真|安誠|安雅|定正|容正|康允|康勝|康匡|康将|康幹|康政|康昌|康正|康真|康雅|弥昌|恭匡|恭将|恭成|恭政|恭昌|恭正|易正|晏正|泰允|泰匡|泰将|泰征|泰政|泰昌|泰晶|泰正|泰真|泰賢|泰雅|裕正|裕理|靖公|靖匡|靖将|靖政|靖昌|靖正|靖真|靖雅	source-common-subset
よしひで	与志英|仁秀|仁英|佳栄|佳秀|佳英|僖秀|吉栄|吉秀|吉英|善秀|善英|喜偉|喜秀|喜英|嘉秀|嘉英|圭秀|好秀|好英|宜英|宣秀|尚克|慈英|慶秀|慶英|敬栄|旨英|欣栄|欣秀|淳秀|由秀|由英|祥嗣|祥秀|祥英|禎秀|禎英|美秀|美英|義喜|義栄|義秀|義英|能秀|能英|至秀|至英|良秀|良英|芳栄|芳秀|芳英|賀英|賢英|雅英	source-common-subset
にいな	にいな|ニ那|丹唯奈|丹奈|丹衣奈|二五菜|二伊奈|二奈|二菜|二衣南|二衣奈|仁以名|仁以奈|仁伊奈|仁似奈|仁依奈|仁依菜|仁南|仁唯菜|仁奈|仁姫奈|仁惟奈|仁愛|仁菜|仁衣名|仁衣奈|仁衣成|仁衣菜|仁衣那|仁那|似以奈|似奈|似維菜|似衣奈|似衣菜|初奈|初菜|初那|新依奈|新名|新和|新唯奈|新夏|新奈|新樹|新稲|新茄|新菜|新衣奈|新那|荷依奈|虹七|虹乃|虹依奈|虹奏	source-common-subset
くによし	国吉|国善|国喜|国嘉|国好|国宜|国悦|国泰|国由|国祥|国義|国能|国良|国芳|國義|國能|城好|城旨|州禎|晋仁|晋由|晋良|訓佳|訓喜|訓好|訓睦|訓義|訓良|訓芳|邦之|邦佳|邦允|邦典|邦吉|邦善|邦喜|邦嘉|邦好|邦宜|邦彦|邦愛|邦敬|邦欣|邦淑|邦由|邦益|邦祥|邦美|邦義|邦能|邦良|邦芳|郁善|都美|都義	source-common-subset
ひでとし	任利|嗣敏|寿鉄|日出年|栄俊|栄利|栄哉|栄寿|榮利|秀俊|秀利|秀叔|秀寿|秀峻|秀年|秀幸|秀敏|秀斗志|秀甫|秀登志|秀稔|秀章|秀紀|秀繁|秀聡|秀肇|秀駿|穎紀|英仁|英俊|英信|英利|英寿|英峻|英年|英才|英敏|英明|英智|英歳|英毅|英淑|英登志|英知|英稔|英聖|英聡|英資|英逸|英鋭|英隼|豪俊|豪利|豪敏|豪紀	source-common-subset
まさふみ	仁史|優史|允史|全史|公史|公文|公章|公郁|勝文|匡史|匡文|匡章|匡記|和典|和史|壮史|将史|将文|將文|征史|征文|成史|承|政典|政史|政文|昌史|昌文|晶文|正二三|正人|正典|正史|正扶三|正文|正章|正訓|正郁|理史|理文|眞史|真佐文|真史|真文|祐史|祐文|祐郁|聖史|聖文|誠史|誠文|賢文|雅史|雅文|雅郁	source-common-subset
ゆきひろ	之宏|侑宏|侑弘|元達|如洋|寛之|幸博|幸啓|幸宏|幸寛|幸尋|幸広|幸廣|幸弘|幸比路|幸洋|幸浩|幸紘|幸裕|征大|征宏|征寛|征広|征弘|征洋|征浩|征紘|征裕|志啓|悠博|敬啓|晋浩|有希博|有記浩|由規広|祐弘|章浩|至洋|行博|行啓|行宏|行寛|行尋|行広|行弘|行洋|行浩|行紘|行裕|通裕|雪宏|雪尋|雪浩|雪裕|順弘	source-common-subset
かの	かの|か乃|カノ|佳乃|佳之|佳希|佳能|佳野|加乃|加奈|加野|可乃|可望|叶乃|和野|嘉乃|夏乃|夏野|奏乃|奏和|奏望|奏音|日乃|果乃|果音|架乃|栞乃|栞音|楓乃|樺乃|歌乃|歌穏|河乃|花乃|花和|花園|花望|花野|花音|菓乃|華乃|華之|華希|華野|華音|郁乃|風乃|風和|風音|香乃|香濃|香野|香音|鹿乃	source-common-subset
かづき	かづき|一喜|一希|一月|一樹|一生|一紀|一貴|一起|一輝|佳月|佳槻|佳津希|佳津紀|佳津輝|利希|加月|加津紀|可津希|和希|和月|和樹|和気|嘉月|圭月|夏月|夏槻|月雫|果月|架月|架都樹|桂月|楓月|樺月|歌月|火月|稼月|絵月|花月|花槻|花都規|華姫|華月|蘭月|賀月|雅月|霞月|風月|颯月|香卯月|香月|香月姫|香槻|香都紀	source-common-subset
けいた	京太|佳大|佳太|佳汰|兄太|勁太|哲太|啓丈|啓多|啓大|啓太|啓汰|啓泰|圭多|圭大|圭太|圭汰|契太|彗太|径大|恵多|恵大|恵太|惠多|惠大|惠太|慧大|慧太|慶多|慶大|慶太|慶田|敬多|敬大|敬太|敬汰|景大|景太|桂多|桂大|桂太|桂汰|桂田|渓大|渓太|系太|経太|継太|茎太|計太|賢太|馨太|鯨太|鶏太	source-common-subset
そうし	倉志|創史|創嗣|創士|創志|創示|双柿|壮史|壮司|壮士|壮志|奏之|奏史|奏司|奏志|奏思|宗之|宗史|宗司|宗嗣|宗士|宗志|惣之|惣司|早史|桑志|爽子|相始|相志|総史|総司|総嗣|総士|総詩|聡司|聡士|聡志|艸史|艸子|草之|草司|草子|草詩|荘之|荘史|荘司|荘士|荘子|葱子|葵紫|蒼史|蒼紫|霜柿|颯紫	source-common-subset
こうさく	光作|光朔|光策|公作|公策|功作|厚作|好作|孝作|孝朔|孝策|宏作|宏策|工作|幸佐久|幸作|幸朔|幸策|広作|広策|庚作|康作|康策|弘作|弘策|恒作|昂作|昊作|晃作|晃朔|構作|洪作|洸作|浩作|浩策|皇作|皐作|皓作|皓策|紘作|考作|耕作|耕朔|耕策|耕筰|興作|興策|航作|講作|講策|貢作|貢策|鉱作|香作	source-common-subset
まさひこ	仁彦|備彦|優彦|允彦|充彦|全彦|公彦|勝彦|匡彦|和彦|壮彦|奨彦|将彦|将比古|將彦|尚彦|征彦|慎彦|成彦|政彦|政比古|斉彦|方彦|昌彦|晶彦|暢彦|格彦|正彦|正日子|正比古|正男子|理彦|理比己|眞彦|真佐彦|真左彦|真彦|真比古|真砂彦|祐彦|章彦|維彦|聖彦|芳彦|薫彦|証彦|誠彦|誠比古|賢彦|連彦|雅彦|雅比古|雅諺|順彦	source-common-subset
さちお	三千男|佐千夫|佐千男|佐千雄|佐智夫|佐智央|佐智男|佐智雄|佐知夫|佐知男|佐知郎|佐知雄|倖生|左千夫|左千雄|左智夫|左知夫|幸大|幸夫|幸央|幸朗|幸王|幸生|幸男|幸緒|幸翁|幸郎|幸雄|悌夫|早智緒|早智雄|沙智夫|沙智男|沙知緒|狭千朗|砂地夫|祉夫|祐夫|祐朗|祐生|祐男|祐郎|祐雄|祥大|祥夫|祥央|祥生|祥男|祥緒|祥郎|祥雄|禎夫|鯱男	source-common-subset
たいじ	台二|台児|大二|大侍|大冶|大司|大地|大士|大志|大樹|大治|大詞|大路|太事|太二|太仁|太児|太史|太司|太嗣|太地|太士|太志|太次|太治|太爾|岱次|岱治|泰二|泰児|泰史|泰司|泰吏|泰嗣|泰地|泰士|泰志|泰慈|泰樹|泰次|泰治|泰爾|泰而|泰至|泰路|耐二|耐次|耐治|退二|退治|隶次|鯛二|鯛児	source-common-subset
よしや	ヨシヤ|与志也|佳也|佳哉|可也|吉也|吉哉|吉弥|吉谷|善也|善八|善哉|善弥|喜也|喜哉|喜弥|喜彌|嘉也|嘉哉|嘉弥|好也|好哉|快哉|恵也|恵哉|慶也|昌也|欣也|毅也|由也|由哉|由弥|祥也|祥哉|禎也|美也|美哉|義也|義哉|義弥|義彌|義矢|能也|良也|良哉|良弥|良矢|芳也|芳八|芳哉|芳弥|葭哉|葭矢	source-common-subset
あきたか	亜紀孝|亨岳|亮乙|亮尚|尭喬|彬孝|彰剛|彰孝|彰教|彰貴|彰隆|彰高|文貴|明孝|明敬|明貴|明隆|明高|昭孝|昭崇|昭毅|昭貴|昭隆|昭高|晃及|晃孝|晃崇|晃隆|晶誉|暁万|暁宜|暁崇|暁生|朗孝|秋孝|秋高|空高|章孝|章尭|章敬|章象|章貴|章隆|章高|聡孝|聡宮|銘教|陽崇|陽豊|顕孝|顕恭|顕敬|顕貴	source-common-subset
あつよし	充佳|厚吉|厚善|厚喜|厚義|孝佳|宏成|惇吉|惇悦|惇由|惇禎|敦伊|敦吉|敦喜|敦嘉|敦好|敦孔|敦宣|敦由|敦省|敦義|敦良|淳与志|淳仁|淳佳|淳善|淳喜|淳嘉|淳好|淳幹|淳禎|淳美|淳義|淳良|淳芳|渥和|渥嘉|渥好|渥慶|温理|督益|穆義|篤佳|篤好|篤宜|篤尚|篤慶|篤敬|篤斉|篤義|篤良|篤靖|貴佳	source-common-subset
けいご	京吾|佳吾|兄悟|勁吾|啓一伍|啓五|啓伍|啓午|啓后|啓吾|啓悟|啓語|啓護|圭五|圭伍|圭吾|圭悟|圭梧|境悟|奎吾|径五|恵吾|恵悟|惠五|惠吾|慧伍|慧吾|慧悟|慶五|慶伍|慶吾|慶悟|慶晤|慶護|敬五|敬伍|敬吾|敬悟|景吾|景悟|桂五|桂伍|桂吾|桂悟|桂梧|桂碁|桂護|系吾|継吾|計伍|計吾|馨吾	source-common-subset
たかね	たかね|たか音|丹佳音|丹花音|傑音|卒音|多伽音|多佳音|多加祢|多加音|多歌音|多花音|多賀音|多香音|多馨音|大花音|大華音|大香音|天子|妙兼峰|妙香音|孝嶺|孝根|孝音|尊音|尚子|尚音|岳|峰|峻音|崇岑|崇音|嵩香音|嶺音|敬音|旦花音|昂音|空佳音|空寧|空茜|空鐘|空音|誉音|貴子|貴峰|貴根|貴花音|貴茜|貴音|高峰|高嶺|高音	source-common-subset
たくや	倬也|倬弥|匠也|匠哉|匠弥|匠矢|匠称|卓也|卓冶|卓哉|卓夫|卓弥|卓彌|卓治|卓爾|卓矢|卓耶|啄也|啄哉|啄弥|啄矢|啄耶|太久也|宅哉|宅彌|巧也|巧哉|巧弥|巧彌|巧矢|択哉|択弥|拓也|拓冶|拓哉|拓夜|拓弥|拓彌|拓矢|拓耶|拓育|拓郁|拓野|沢弥|琢久哉|琢也|琢八|琢哉|琢弥|琢矢|琢耶|託也	source-common-subset
ちはる	ちはる|チハル|一美|千令|千原|千喜|千悠|千旁|千明|千春|千時|千晴|千治|千温|千瑶|千知|千美|千羽瑠|千羽鶴|千花|千華|千葉流|千遥|千遼|千陽|千青|千靖|咲春|地晴|地温|小春|小花|智明|智春|智晴|智暖|智温|智美|智陽|椎晴|知春|知晴|知暖|知波瑠|知美|知花|知遙|知遥|知陽|稚春|稚華|雅春	source-common-subset
ともや	丈哉|伴哉|倫也|倫哉|倫弥|倫矢|倶也|僚也|具也|兼也|友也|友哉|友弥|友彌|友耶|和弥|大也|寛也|巴哉|幸也|悌也|扶也|智世|智也|智八|智和|智哉|智弥|智彌|智椰|智矢|智耶|有冶|朋也|朋哉|朋弥|朋彌|朋矢|朝也|朝哉|朝矢|睦也|知也|知哉|知弥|知彌|知矢|禎也|與也|誠也|貴也|那哉	source-common-subset
たかひで	享秀|享英|剛秀|剛英|卓秀|卓英|喬栄|堯英|孝次|孝秀|孝英|孝頴|宇英|尊秀|尚次|尚秀|尚英|尭秀|尭英|岳英|峰秀|峻秀|崇秀|崇英|恭英|敬秀|敬英|昂嗣|昂秀|昂英|昇秀|爵秀|登英|章秀|考秀|臣秀|行栄|誉英|貴嗣|貴栄|貴秀|貴英|賢秀|賢英|陽紀|隆偉|隆栄|隆秀|隆英|高嗣|高秀|高英	source-common-subset
みつひろ	三公|三博|三弘|三敬|三洋|三都浩|允宏|允浩|允裕|充博|充啓|充宏|充寛|充広|充弘|充泰|充洋|充浩|充紘|充裕|光博|光啓|光大|光宏|光寛|光広|光廣|光弘|光敬|光洋|光洪|光浩|光煕|光紘|光裕|円博|慎宏|慎洋|慎浩|明宏|晃弘|満博|満大|満宏|満広|満弘|満洋|満浩|満裕|盈弘|貢宏|貢弘	source-common-subset
よしすけ	住資|佳介|佳典|佳右|佳資|吉亮|吉助|吉甫|吉祐|周祐|善佐|善祐|喜亮|喜介|喜典|嘉介|嘉佑|嘉甫|嘉祐|嘉資|嘉輔|好佐|好佑|好甫|好祐|幸亮|慶祐|慶輔|栄資|由扶|由祐|睆亮|祥祐|祥資|祺祐|義介|義典|義助|義祐|義資|義輔|良介|良弼|良祐|良資|良輔|芳佐|芳助|芳甫|芳祐|芳輔|賀典	source-common-subset
よしたけ	佳丈|佳岳|佳武|佳毅|吉丈|吉剛|吉威|吉武|善丈|善剛|善毅|喜丈|喜武|嘉丈|嘉健|嘉剛|嘉彪|嘉武|嘉毅|嘉長|好剛|好武|孝武|宜武|宣毅|幸武|慶丈|慶武|欣剛|由武|由竹|祥丈|祥剛|祥岳|祥武|節武|美武|義丈|義剛|義勇|義岳|義武|義猛|能毅|良丈|良健|良剛|良威|良武|芳剛|芳武|芳毅	source-common-subset
りほ	りほ|六穂|凛帆|凛星|凛歩|凛秀|凜歩|利保|利帆|利甫|利穂|吏穂|怜歩|李保|李帆|李歩|李穂|梨保|梨帆|梨歩|梨甫|梨穂|涼穂|澪保|澪甫|理保|理帆|理歩|理畝|理穂|理穗|理芳|理萌|璃保|璃帆|璃星|璃歩|璃穂|莉保|莉帆|莉歩|莉穂|莉萌|里保|里帆|里歩|里畝|里穂|里萌|麗保|麗穂	source-common-subset
きんじ	公二|公治|勤二|勤次|勤治|勤爾|均二|均次|均治|忻治|欣二|欣伺|欣司|欣嗣|欣士|欣始|欣志|欣慈|欣次|欣治|欣爾|欣道|欽二|欽司|欽士|欽次|欽治|欽示|琴二|謹二|謹司|謹志|謹次|謹治|謹爾|謹而|近二|近治|金二|金伸|金児|金司|金嗣|金次|金治|鈞次|錦二|錦侍|錦司|錦寿|錦治	source-common-subset
たかみつ	上実|丘光|公光|剛充|剛光|喬充|多香光|太充|央充|孝三|孝允|孝充|孝光|孝満|孝褌|容充|尊充|尊光|尭光|峰充|峰光|崇充|崇光|敬充|敬光|昌允|毅充|泰光|渉光|誉三|誉充|貴三|貴允|貴充|貴光|貴満|貴瑞|貴美津|陽光|隆三|隆充|隆光|隆円|隆晄|隆満|顕光|高充|高光|高満|髙光|鷹満	source-common-subset
ともはる	丈晴|丈治|与晴|仁晴|伴晴|伴治|佑治|供晴|倫晴|倫治|儔治|公張|具治|兼玄|友敏|友春|友時|友晴|友治|友陽|大治|寛大|寛治|智啓|智大|智張|智悠|智明|智春|智晴|智栄|智治|智開|智陽|智靖|朋春|朋晴|朋治|朝春|朝晴|朝治|朝陽|知春|知晴|知暖|知栄|知治|知温|知玄|誠栄|那治	source-common-subset
もか	もか|モカ|妹香|思香|智夏|最可|望佳|望加|望叶|望和|望果|望架|望歌|望花|望華|望香|木果|杏夏|桃佳|桃桜梅|桃花|森歌|檬架|珈琲|甘香|百伽|百加|百夏|百果|百歌|百花|百華|百香|若加|茂香|萌伽|萌佳|萌加|萌可|萌夏|萌愛|萌日|萌楓|萌歌|萌甘|萌花|萌華|萌詩|萌香|裳花	source-common-subset
げんき	げんき|元喜|元基|元希|元暉|元樹|元毅|元気|元氣|元熙|元生|元紀|元葵|元規|元記|元貴|元起|元軌|元輝|弦器|弦季|弦樹|弦紀|弦輝|彦毅|彦淇|源喜|源基|源希|源樹|源紀|源輝|玄基|玄季|玄希|玄揮|玄暉|玄来|玄樹|玄毅|玄気|玄生|玄紀|玄規|玄記|玄貴|玄起|玄輝|絃光|絃喜	source-common-subset
このは	このは|この羽|この葉|光乃羽|光乃葉|光暖葉|好花|好華|好葉|実花|小乃波|小葉|幸乃羽|幸音葉|心乃羽|心乃葉|心和羽|心希羽|心映|心暖羽|心暖花|心望羽|心波|心羽|心花|恋乃葉|恋乃覇|木の葉|木乃花|木乃葉|木葉|木音葉|樹葉|湖乃葉|瑚乃葉|紅乃葉|胡乃羽|胡乃葉|虹乃羽|虹乃花|虹羽|誇の羽|香乃羽|香乃葉|香暖羽|香花|香音羽|香音葉|鼓乃羽|鼓乃葉	source-common-subset
みつる	みつる|ミツル|三琉|三留|三鶴|中|亜|仭|允|允至|充|光|光流|光留|克|十|実弦|実津瑠|実津留|実都留|密流|密留|富|崇|彭|晃|暢|望|民津留|深鶴|満|満吾|満鶴|溢|滿|瀰|爾|甫|盈|碩|統|美弦|美津瑠|美津留|美都留|美鶴|蜜流|足|躬弦|載	source-common-subset
えいすけ	エイスケ|央補|影介|慧輔|映介|映輔|栄亮|栄介|栄佑|栄典|栄助|栄友|栄弼|栄祐|栄輔|榮介|永介|永典|永助|永如|永祐|永育|永輔|泳助|瑛亮|瑛介|瑛佑|瑛祐|瑛輔|英亮|英介|英佐|英佑|英典|英助|英右|英祐|英補|英資|英輔|英輪|衛亮|衛介|衛資|衛輔|詠介|詠助|鋭介|鋭祐|頴介	source-common-subset
しんいち	シン一|一意|伸一|伸壹|伸市|伸逸|信一|信壱|信市|信逸|審一|岑一|心一|愼一|慎一|慎市|振一|新一|新市|晋一|晋市|晨一|森一|榛一|槇一|槙一|津一|清一|潭一|申一|眞一|眞市|真一|真市|神一|禎一|箴一|紳一|臣一|臣市|親一|親市|辛一|辰一|辰市|進一|進市|鍼一|鎮一|震一	source-common-subset
ともやす	丈康|丈資|伴康|倫保|倫安|倫康|倫靖|公康|公泰|具康|具泰|兼育|友保|友尉|友康|友恭|友泰|友穏|友資|友靖|大泰|寅泰|寛泰|智保|智安|智尉|智康|智恭|智泰|智靖|有康|朋保|朋安|朋康|朋泰|朋靖|朝保|朝安|朝康|朝恭|朝泰|知保|知安|知寧|知康|知恭|知泰|知行|知資|知靖	source-common-subset
なおゆき	七百行|亨之|亨行|修之|修行|名生之|奈乙雪|如雪|実行|尚之|尚亨|尚侑|尚到|尚幸|尚往|尚征|尚志|尚晋|尚行|治之|猶由規|猶行|直主|直之|直亨|直享|直佑樹|直如|直幸|直廉|直征|直志|直恭|直教|直敬|直有希|直歩|直生之|直由|直由岐|直由樹|直由記|直礼|直祐樹|直維|直行|真之|真志|真行|順之	source-common-subset
ひろしげ	仁樹|博允|博成|博滋|博繁|博茂|博重|啓成|大成|大茂|宏成|宏晋|宏繁|宏茂|宏重|寛成|寛盛|寛繁|寛茂|寛重|尋繁|広成|広滋|広繁|広茂|広重|廣成|弘成|弘臣|弘茂|弘重|拡茂|敬成|敬重|普成|泰成|洋成|浩成|浩茂|浩誉|祐成|祐茂|祥成|裕成|裕栄|裕滋|裕繁|裕茂|裕薫|裕重	source-common-subset
よしくに	佳邦|南国|吉国|吉國|吉州|吉邑|吉邦|善国|善邦|喜国|喜邦|営邦|嘉国|嘉國|嘉邦|好国|好國|好城|好訓|好邦|宜邦|悦州|愛国|愛圀|慶久迩|慶邦|由訓|由邦|祥国|祥訓|祥邦|禎邦|純邦|美国|美邦|義国|義國|義城|義州|義訓|義邦|良州|良訓|良邦|芳国|芳國|芳邦|貴邦|韶邦|馨邦	source-common-subset
てつお	丁津緒|剛生|哲人|哲勇|哲史|哲和|哲士|哲大|哲夫|哲央|哲旺|哲朗|哲王|哲生|哲甫|哲男|哲緒|哲臣|哲郎|哲雄|喆雄|天津男|天鶴男|徹勇|徹士|徹大|徹夫|徹朗|徹生|徹男|徹郎|徹雄|恒夫|撤於|撤雄|轍夫|鉄夫|鉄於|鉄朗|鉄津雄|鉄王|鉄生|鉄男|鉄翁|鉄郎|鉄雄|鐵応|鐵男|鐵雄	source-common-subset
ゆうし	佑志|佑至|侑史|侑士|侑示|優史|優士|優志|優至|優詩|勇司|勇士|勇志|勇詩|友士|友志|唯士|悠史|悠志|悠至|憂士|憂子|有史|有司|有志|柚子|游子|湧志|熊子|祐之|祐史|祐嗣|祐士|祐志|融思|裕史|裕司|裕士|裕志|裕至|遊子|遊糸|酉子|雄之|雄史|雄司|雄士|雄姿|雄志	source-common-subset
けんぞう	乾三|倹三|健三|健蔵|健藏|健造|兼三|兼蔵|兼造|剣蔵|堅三|堅蔵|堅造|巻蔵|建三|建蔵|建藏|建造|愃三|慊三|憲三|憲蔵|憲造|懸蔵|捲三|権三|權藏|献三|研三|研蔵|研造|絢三|虔三|謙三|謙蔵|謙造|賢三|賢宗|賢省|賢蔵|賢藏|賢造|鍵造|鎌三|顕三|顕宗|顕蔵|顕造|験蔵	source-common-subset
のぶまさ	亘正|伸全|伸匡|伸尚|伸政|伸昌|伸正|伸雅|信匡|信将|信政|信方|信昌|信正|信祐|信雅|修幹|修昌|修正|傳眞|宜政|宣全|宣将|宣政|宣正|宣真|宣雅|将正|展将|展昌|展正|庸匡|庸真|延公|延匡|延昌|敦雅|暢将|暢正|永将|聿正|能成|舒正|薫正|誠政|進昌|陳政|靖昌|順允	source-common-subset
はるよし	大義|明意|明昌|明義|春儀|春吉|春善|春喜|春好|春慶|春敬|春義|春良|春芳|晴吉|晴善|晴喜|晴嘉|晴好|晴彬|晴惟|晴由|晴美|晴義|晴良|晴芳|東義|治予視|治兌|治吉|治善|治喜|治嘉|治好|治尚|治慶|治承|治明|治祥|治禧|治美|治義|治良|治芳|温善|玄祥|近義|陽至|陽良	source-common-subset
きいち	亀一|亀市|僖一|其一|几一|喜一|喜乙|喜伊一|喜市|嘉一|基一|基市|季一|季意知|己一|己亥一|希一|帰一|幾一|揆一|暉一|期一|木一|机一|杞一|杵一|樹一|機一|毅一|煕一|祺一|禧一|稀市|紀一|紀市|紀弌|葵一|規一|記一|貴一|貴市|起一|起市|軌一|輝一|驥一|鬼一|麒一	source-common-subset
のぼる	のぼる|伸|凌|升|升登|宣|岳|幟|徳|敲|斉|旦|旭|昂|昇|昇瑠|晃|晟|暢|暹|暾|望|朝日|東|格|沖|泝|登|登流|登琉|皐|盛|立|竜|粗|繕|襄|親弘|豊|農菩琉|遷|鐙|陛|陞|陟|陽|騰|龍	source-common-subset
ゆうま	ゆうま|佑真|佑磨|佑馬|佑麿|侑真|侑馬|侑麻|優真|優磨|優茉|優馬|勇磨|勇馬|勇麿|友磨|友馬|右磨|夕真|夢叶愛|宥万|悠眞|悠真|悠磨|悠茉|悠馬|悠麿|憂舞|有真|有磨|由万|由真|由磨|由茉|由馬|祐磨|祐馬|結真|結磨|結茉|裕磨|裕馬|遊馬|雄万|雄真|雄磨|雄馬|雄麻	source-common-subset
じゅんこ	じゅん子|ジュンコ|ジュン子|享子|仁香|六月子|准子|凖子|寿子|巡子|徇子|循子|恂子|惇子|旬子|旬香|春香|殉子|洵子|洵湖|淑子|淳乎|淳子|準子|潤子|潤湖|潤虹|潤香|盾子|筍子|純子|純己|純廣|純湖|絢子|絢湖|統子|訓子|詢子|諄子|述子|遵子|醇子|閏子|隼子|順姫|順子|順香	source-common-subset
せいいち	世一|勢一|勢市|弌|征一|征市|惺市|成一|成市|政一|政市|整一|斉一|星一|晟一|晟市|晴一|晴市|正一|正市|清一|清伊知|清市|瀞一|生一|盛一|盛市|省一|精一|精以知|精市|聖一|聖壱|聖弌|菁一|蜻一|西一|西市|誓一|誠一|誠壱|誠市|青一|靖一|静一|静市|靜一|馨一	source-common-subset
たつよし	立佳|立善|立義|竜吉|竜喜|竜嘉|竜巧|竜幹|竜慶|竜由|竜祥|竜義|竜良|辰佳|辰吉|辰圭|辰好|辰宜|辰悦|辰昌|辰益|辰祥|辰義|辰良|辰芳|達佳|達允|達好|達宜|達怡|達悦|達慶|達是|達美|達義|達良|達芳|達貴|龍佳|龍嘉|龍圭|龍好|龍宜|龍昌|龍美|龍義|龍芳|龍若	source-common-subset
よしなり	与志育|佳也|佳成|佳有|兆生|克成|勝成|可也|可成|吉也|吉就|吉成|啓成|善哉|善成|喜也|喜成|嘉作|嘉成|好也|好成|富里|彬也|彬成|恵也|愛也|慶也|慶成|敬也|由也|美哉|美成|義也|義備|義就|義成|義済|義生|能就|能成|良也|良成|良生|芳也|芳就|芳成|貴就|貴成	source-common-subset
かずま	一万|一摩|一眞|一真|一磨|一誠|一馬|一麻|七万|万真|万馬|主真|主馬|亮寿馬|佳瑞馬|利真|千実|千馬|和慎|和摩|和眞|和真|和磨|和篤|和誠|和馬|和麻|和麿|壱馬|夏主馬|寿真|寿磨|憲真|憲磨|政摩|数真|数磨|数馬|数麻|知真|知磨|紀摩|計摩|計真|計磨|雄真|雄馬	source-common-subset
たいき	大喜|大器|大基|大季|大己|大希|大揮|大暉|大樹|大毅|大気|大生|大稀|大紀|大至|大記|大貴|大起|大輝|大騎|太基|太希|太樹|太毅|太稀|太紀|太規|太記|太貴|太起|太輝|泰喜|泰器|泰基|泰季|泰己|泰希|泰樹|泰毅|泰熙|泰生|泰紀|泰規|泰貴|泰起|泰輝|泰麒	source-common-subset
たくま	匠真|匠馬|卓万|卓摩|卓眞|卓真|卓磨|卓馬|卓麻|卓麿|啄真|啄麻|多久馬|太久真|太久磨|太久馬|宅真|崇真|巧真|巧磨|択真|択磨|択麻|拓宇|拓摩|拓満|拓眞|拓真|拓磨|拓稀|拓舞|拓雅|拓馬|拓麻|拓麿|沢真|琢万|琢允|琢摩|琢眞|琢真|琢磨|琢馬|琢麻|琢麿|詫摩|詫間	source-common-subset
たつや	タツヤ|事哉|健也|健矢|多対也|展也|巽也|幸也|建也|建哉|建弥|樹也|樹哉|樹矢|立也|立哉|立弥|立矢|竜也|竜八|竜哉|竜弥|竜彌|竜矢|翔也|裁也|貴也|起也|辰也|辰八|辰哉|辰弥|辰彌|辰矢|逹哉|達也|達哉|達弥|達彌|達成|達矢|達耶|龍也|龍哉|龍弥|龍成|龍矢	source-common-subset
のぶや	与弥|乃巫弥|乃歩也|亘哉|伸也|伸八|伸哉|伸弥|伸矢|信也|信哉|信弥|信耶|修也|允耶|叙也|喜弥|存弥|宜也|宜哉|宣也|宣哉|宣弥|寛也|将也|将弥|展也|展哉|展弥|展欣|延也|延哉|敦也|敦哉|晋弥|暢也|暢哉|暢弥|登也|能舞也|舒也|誠矢|農夫也|長也|靖也|順也|頌也	source-common-subset
けんいち	けん一|乾一|健一|健壱|健市|健弌|兼一|兼市|剣一|剣壱|堅一|堅市|巻一|建一|建逸|憲一|憲壱|憲市|憲弌|拳一|権一|涓一|犬一|献一|監一|研一|研壱|研市|硯一|硯市|絢一|絹一|虔一|見一|謙一|謙市|賢一|賢壱|賢市|賢逸|釼一|釼市|鍵一|鎌一|鎌市|顕一|顯一	source-common-subset
しげたか	恵剛|恵崇|慈高|成剛|成威|成孝|成隆|成高|栄剛|樹隆|滋剛|滋孝|滋貴|滋隆|盛天|盛貴|繁喬|繁孝|繁貴|繁賢|繁隆|茂孝|茂敬|茂栄|茂毅|茂貴|茂賢|茂隆|茂高|薫高|誉剛|誠孝|調孝|重威|重孝|重宝|重尊|重尭|重嵩|重敬|重昂|重貴|重隆|重高|重鵬|重鷹|鎮毅	source-common-subset
しげのぶ	しげ伸|恵信|恵史|恵庸|成亘|成伸|成信|成允|成宣|成延|成昌|成靖|栄信|樹信|樹宣|樹靖|滋信|滋宣|滋延|盛伸|繁伎|繁伸|繁信|繁敷|繁綽|茂乃夫|茂伸|茂信|茂修|茂喜|茂宣|茂展|茂延|茂暢|薫信|誠信|誠展|重伸|重信|重喜|重宣|重延|重忍|重暢|重陳|重順|鎮信	source-common-subset
てるゆき	光之|光亨|光幸|光志|光由|光至|光雪|央之|央幸|央行|映之|映五|映侑|映幸|映行|昭之|昭元|昭章|晃之|晃千|晃孝|晃幸|晃志|晃教|晃章|晃行|晃透|暉之|暉行|曜行|照之|照享|照将|照幸|照礼|照行|照起|瑛之|瑛行|皓之|英志|輝之|輝幸|輝志|輝至|輝行|輝門	source-common-subset
なおたか	仁孝|修生|尚剛|尚卓|尚堯|尚孝|尚崇|尚敬|尚登|尚考|尚誉|尚貴|尚鎬|尚隆|尚高|有栄|直充|直剛|直喬|直堯|直孝|直尭|直岳|直崇|直応|直挙|直敬|直正|直毅|直生|直社|直考|直能|直誉|直貴|直賢|直隆|直飛|直高|真孝|真崇|真栄|真誉|納敬|能鷹|隼也|順山	source-common-subset
ひろなり	佑成|博也|博成|史成|啓也|啓成|啓業|啓生|大也|大就|大成|大稔|太就|太成|宏也|宏成|官成|寛也|寛成|寛生|寛雅|尋成|広也|広成|広業|廣也|弘也|弘成|拡哉|敬全|景生|洋也|洋成|洋生|浩也|浩成|浩然|浩生|浩誠|礼造|祐成|紘成|紘生|裕也|裕克|裕成|裕晴	source-common-subset
よしみち	佳倫|佳通|佳道|允通|兆方|吉倫|吉義|吉通|吉道|啓道|善倫|善充|善路|善通|善道|喜通|喜道|嘉通|嘉道|好通|好道|幸途|恵充|悦通|慶典|慶道|敬道|由倫|由道|祥兌|禎通|美路|美通|美道|義教|義眞|義路|義通|義道|能道|臣道|良倫|良理|良通|良道|芳通|芳道	source-common-subset
よしと	与志人|仁人|佳人|佳斗|儀人|凱登|可人|吉人|吉登|吉都|善人|善仁|善斗|善登|喜人|喜登|嘉人|嘉斗|嘉都|圭人|好人|好登|宜人|快人|慶人|敬人|整人|泰人|淑人|琳人|由人|由土|祥人|純人|美人|美兎|義人|義仁|義斗|義留|義登|良人|良斗|良都|芳人|芳斗	source-common-subset
たけのぶ	丈信|丈展|丈敦|丈暢|健伸|健信|健修|健允|健悦|剛伸|剛信|剛宣|剛紳|勇信|壮信|威亙|威伸|威信|威宣|威暢|岳伸|岳信|岳史|武亘|武伸|武信|武喜|武宜|武宣|武寛|武延|武恒|武暢|毅伸|毅信|毅暢|烈伸|生昇|竹伸|竹信|豪伸|豪信|長延|雄信|雄誠|雄進	source-common-subset
りょうた	両太|了太|亨太|享大|亮多|亮大|亮太|亮汰|僚大|僚太|僚汰|凌大|凌太|凌汰|嶺多|嶺太|嶺汰|怜太|椋太|涼大|涼太|涼汰|玲太|瞭太|瞭汰|稜大|稜太|稜汰|綾太|綾汰|良多|良大|良太|良汰|諒大|諒太|諒汰|遼大|遼太|量大|量太|陵太|陵汰|領太|龍太|龍汰	source-common-subset
あいの	あいの|亜以乃|亜以野|亜伊乃|亜依乃|亜依野|亜委乃|亜委野|亜惟乃|亜惟野|亜祈|亜衣乃|亜衣野|会乃|和野|安以乃|安以野|安依乃|安依野|安惟乃|安惟野|安意乃|安意野|安維乃|安衣乃|安衣野|愛乃|愛希|愛祈|愛野|愛音|藍乃|藍希|藍野|間乃|阿以乃|阿以野|阿依乃|阿依野|阿委乃|阿委野|阿惟乃|阿惟野|阿衣乃|阿衣野	source-common-subset
たかき	剛希|喬木|喬樹|喬貴|天希|天輝|太紀|孝樹|孝毅|孝貴|崇希|崇揮|崇気|崇記|幸岐|敬規|昂希|昂生|昴幹|毅哉|澤希|皐希|誉樹|豪輝|貴喜|貴己|貴希|貴樹|貴紀|貴騎|隆之|隆喜|隆基|隆樹|隆毅|隆規|隆輝|高喜|高城|高木|高来|高紀|高貴|高輝|鷹生	source-common-subset
ようじ	容二|容治|容爾|庸二|庸司|庸次|庸治|揚二|曜司|曜示|洋二|洋児|洋史|洋司|洋志|洋次|洋治|洋示|羊二|羊司|耀司|葉二|要二|要司|要士|要時|要次|要治|要路|誉次|陽事|陽二|陽仁|陽児|陽兒|陽史|陽司|陽嗣|陽弍|陽次|陽治|陽示|陽路|養二|養治	source-common-subset
けいいち	けい一|京一|佳一|佳市|兄一|勁一|啓一|啓壱|啓市|圭一|圭壱|圭市|奎一|契一|希一|彗一|形一|径一|恵一|恵市|恵弌|惠一|惠市|慧一|慶一|慶市|憩一|敬一|敬壱|敬市|景一|景市|桂一|桂史|桂市|渓一|珪一|系一|経一|継一|肇一|蛍一|計一|馨一|鶏一	source-common-subset
しゅんじ	俊二|俊児|俊史|俊司|俊士|俊志|俊思|俊慈|俊次|俊治|俊爾|俊示|俊自|俊至|峻二|峻史|峻司|峻地|峻志|峻次|峻爾|春二|春児|春司|春次|春治|春爾|瞬二|瞬次|竣二|竣治|舜二|舜児|舜司|舜次|舜治|舜爾|隼二|隼士|駿二|駿児|駿司|駿士|駿次|駿爾	source-common-subset
たけゆき	丈之|丈幸|丈征|偉之|健之|健仁|健以|健幸|健志|健恭|健至|健行|健起|剛之|剛幸|剛志|剛由|剛行|堅之|壮志|壮晋|壮由|威之|威幸|威行|岳之|岳幸|岳征|岳行|岳雪|建行|武之|武幸|武征|武志|武行|毅之|猛之|猛行|竹之|竹通|長幸|雄之|雄幸|雄行	source-common-subset
ゆきのり	之典|之制|之則|之徳|之矩|之範|以仙|侑昇|幸伯|幸典|幸則|幸徳|幸憲|幸教|幸敬|幸稔|幸範|幸紀|幸規|幸訓|幸記|幸謙|征典|征則|志典|恭徳|恭昇|敬教|敬矩|敬識|有旗議|有記憲|為章|由規則|穂徳|至則|行倫|行則|行哲|行徳|行教|行生|行範|行紀|起功	source-common-subset
あさひ	亜佐飛|亜咲姫|亜沙妃|亜紗比|亜紗緋|亜紗飛|安沙飛|彩咲陽|愛咲日|愛沙妃|愛紗姫|旦妃|旭|旭姫|旭日|旭陽|明彩陽|明沙陽|春妃|暾|朝咲日|朝妃|朝姫|朝斐|朝日|朝比|朝瞳|朝紗陽|朝緋|朝陽|朝飛|浅緋|海昇|海沙陽|礼妃|阿佐比|阿佐飛|阿沙陽|麻妃|麻姫|麻比|麻沙日|麻緋|麻陽	source-common-subset
せつこ	せつこ|せつ子|セッ子|セツコ|セツ子|世律子|世津子|世通子|世都子|他子|切子|勝子|勢津子|勢通子|勢都子|妹津子|折子|接子|摂子|摂津子|摂都子|攝子|政都子|早典子|晢子|晴津子|晴通子|清津子|清都子|瀬津子|畝津子|節女|節子|節津子|節香|紲子|聖津子|聖都子|設子|説子|雪子|雪津子|雪湖|靜津子	source-common-subset
たける	タケル|丈|丈琉|丈瑠|仁|健|健児|剛|剛児|剛流|卓|哮|壮|威|孟|孟瑠|孟留|宇|尊|岳|岳瑠|建|斌|武|武児|武尊|武流|武琉|武瑠|武留|毅|洸|烈|猛|猛留|竹流|翔|虎琉|豪|赳|長|長留|闘|雄	source-common-subset
はると	会人|大翔|悠人|悠斗|悠翔|春人|春仁|春兎|春斗|春杜|春翔|時人|晴人|晴仁|晴任|晴土|晴士|晴斗|晴渡|晴登|晴翔|晴都|治人|治仁|治門|波瑠杜|波留人|温斗|温登|玄人|遙人|遙斗|遥大|遥斗|遥登|遥翔|陽人|陽仁|陽土|陽大|陽斗|陽翔|青大|駿登	source-common-subset
ゆうと	佑人|佑斗|佑都|侑人|侑土|侑徒|侑斗|優人|優仁|優宇人|優斗|優都|勇人|勇仁|勇刀|勇斗|友人|友斗|友登|夢叶|悠人|悠仁|悠斗|悠羽飛|悠都|憂人|憂斗|有人|有斗|湧人|湧大|祐人|祐仁|祐斗|結人|裕人|裕斗|裕飛|雄人|雄仁|雄図|雄大|雄斗|雄翔	source-common-subset
かつあき	カツ昭|一昭|一章|且明|克光|克公|克哲|克彬|克彰|克成|克昌|克明|克昭|克晃|克晶|克暁|克朗|克秋|克章|克耀|克陽|克顕|力昭|功章|勝亮|勝商|勝彬|勝彰|勝昌|勝明|勝昭|勝晃|勝晶|勝暁|勝秋|勝章|勝豪|勝輝|勝陽|和昭|捷昭|活明|賢招|雄秋	source-common-subset
せいすけ	勢助|征祐|征輔|性助|成亮|成介|成佑|成典|成祐|政介|整典|星介|星佑|星恭|晴亮|晴介|正介|正輔|清亮|清介|清助|清祐|清輔|生介|生祐|盛介|精介|精佐|精助|精輔|聖介|聖弐|聖輔|誠亮|誠介|誠佑|誠典|誠助|誠祐|誠輔|靖介|靖祐|静亮|馨助	source-common-subset
たかしげ	たかしげ|享成|享誠|剛成|啓茂|喬成|喬重|天誉|太加茂|太茂|孝成|孝樹|孝繁|孝茂|孝重|尚栄|尚茂|尭繁|崇成|崇繁|教義|敬茂|敬重|競重|行栄|誉|誉重|貴成|貴滋|貴秀|貴繁|貴茂|貴重|隆成|隆滋|隆篤|隆繁|隆茂|隆重|高成|高生|高繁|高茂|高重	source-common-subset
としひこ	とし彦|世彦|俊彦|俊比古|保彦|冨次彦|利彦|十四彦|十詩彦|史彦|壽彦|外士彦|外志彦|季彦|寿彦|年彦|年比古|憲彦|才彦|捷彦|敏彦|敏比古|明彦|星彦|智彦|暁彦|歳彦|淑彦|灯志彦|登史彦|登司彦|登士彦|登志彦|稔彦|穎彦|紀彦|聡彦|肇彦|英彦|載彦|都志彦|鋭彦|闘志彦|順彦	source-common-subset
としろう	世朗|俊朗|俊良|俊郎|利史郎|利司郎|利朗|利郎|勇郎|十四郎|吐志楼|壽朗|壽郎|寿朗|寿郎|年朗|年良|年郎|戸四郎|拾史郎|敏朗|敏良|敏郎|斌郎|智朗|智郎|淑朗|淑郎|熹郎|理郎|登史郎|登四郎|登志朗|登志郎|社司郎|稔朗|稔良|稔郎|聖郎|聡朗|聡郎|逸郎|都志郎|鋭郎	source-common-subset
ともひさ	丈久|伴久|倫久|倫央|倫尚|倶久|僚久|僚寿|公久|共久|具久|友久|友壽|友宣|友寿|基礎課|始久|寛久|幸久|智久|智仁|智壽|智央|智宣|智寿|智尚|智永|朋久|朋仙|朋央|朋寿|朋尚|朋永|朝久|朝寿|朝尚|登茂久|知久|知仙|知寿|知尚|義尚|誠久|量久	source-common-subset
なおあき	修明|宜明|尚亮|尚央|尚明|尚昭|尚晃|尚晶|尚照|尚秋|尚章|尚翠|尚顕|巨光|巨哲|巨明|直亮|直審|直彬|直彰|直征|直昌|直明|直昭|直晃|直晶|直暁|直朗|直照|直瑛|直祥|直秋|直章|直紹|直聡|直誠|直諒|直陽|直顕|真明|真聡|順亮|順明|順昭	source-common-subset
ひろちか	博允|博哉|博央|博幾|博愛|博盟|博親|博近|大睦|宏哉|宏盟|宏直|宏知|宏親|宏近|宙周|寛央|寛親|広周|広親|広近|廣親|弘允|弘史|弘愛|弘智|弘親|弘誓|弘迩|拓史|敬允|洋央|洋慶|洋知|浩允|浩史|浩親|浩躬|紘央|裕哉|裕恒|裕睦|裕税|裕近	source-common-subset
やすゆき	保之|保幸|保行|修之|和之|和行|和通|安之|安幸|安行|容幸|寧之|尉之|康之|康幸|康征|康敬|康至|康行|庸行|廉幸|廉行|徳行|恭之|恭幸|恭章|恭至|恭行|易之|易行|泰之|泰幸|泰征|泰是|泰行|祥之|耕之|育之|靖之|靖幸|靖征|靖晋|靖行|靖雪	source-common-subset
てつじ	哲二|哲仁|哲児|哲史|哲司|哲嗣|哲士|哲始|哲寿|哲市|哲志|哲慈|哲持|哲次|哲治|哲滋|哲爾|哲示|哲而|哲自|哲至|哲路|徹|徹二|徹仁|徹児|徹史|徹司|徹士|徹志|徹次|徹治|徹示|徹至|徹路|轍次|鉄二|鉄司|鉄次|鉄治|鉄示|銕二|銕治	source-common-subset
いちろう	一朗|一浪|一狼|一老|一良|一郎|以知朗|以知郎|伊千朗|伊千郎|伊智朗|伊智郎|伊治朗|伊治郎|伊知朗|伊知郎|伊置朗|伊置郎|伊茅朗|伊茅郎|偉智朗|偉知朗|偉知郎|壱朗|壱郎|威智郎|威知朗|威知郎|市朗|市楼|市牢|市良|市郎|弌朗|弌郎|怡知朗|意知朗|意知郎|瀬一郎|維知朗|維知郎|逸朗|逸郎	source-common-subset
かつとし	一利|一敏|且稔|亮賢|健聖|克俊|克利|克寿|克年|克敏|克斉|克斗志|克智|克理|克知|克稔|克紀|克聡|力俊|功敏|加津俊|勝俊|勝利|勝勇|勝哉|勝壽|勝寿|勝年|勝敏|勝智|勝登志|勝稔|勝紀|勝聡|包敏|捷利|捷年|捷敏|活寿|賀津俊|賢俊|雄俊|雄歳	source-common-subset
きたろう	北郎|喜多朗|喜多郎|喜太朗|喜太郎|季多朗|季多郎|季太朗|季太郎|希多朗|希多郎|希太朗|希太郎|幾多郎|幾太郎|朔郎|木多朗|木多郎|木太朗|木太郎|棋太郎|樹多朗|樹多郎|樹太朗|樹太郎|毅太郎|熹太郎|紀多朗|紀多郎|紀太朗|紀太郎|記多朗|記多郎|記太朗|記太郎|貴多朗|貴多郎|貴太朗|貴太郎|起太郎|輝太郎|鬼太郎|麒太郎	source-common-subset
けいぞう	京三|京蔵|令三|佳三|啓三|啓二|啓蔵|啓藏|啓象|啓造|圭三|圭左右|圭蔵|圭造|奎三|形三|恵三|恵奏|恵蔵|恵造|惠三|惠造|慶三|慶壮|慶蔵|慶造|敬三|敬蔵|敬造|景三|桂三|桂蔵|桂造|潔三|珪三|系三|経三|荊三|計三|計左右|計蔵|馨三|馨造	source-common-subset
じゅりあ	じゅりあ|ジュリア|天麗|寿倫亜|寿利亜|寿李愛|寿梨亜|寿理亜|寿莉愛|寿莉阿|寿里亜|寿里愛|朱梨亜|朱里亜|朱里彩|朱里愛|樹利亜|樹李亜|樹梨亜|樹浬亜|樹理亜|樹璃亜|樹莉亜|樹莉愛|樹莉杏|樹里亜|樹里亞|樹里余|樹里彩|樹里愛|樹里杏|樹里阿|珠梨亜|珠梨愛|珠理亜|珠理晃|珠璃亜|珠璃亞|珠璃安|珠莉亜|珠里亜|珠里愛|純莉愛	source-common-subset
なおよし	尚佳|尚剛|尚功|尚善|尚嘉|尚好|尚宜|尚宣|尚慶|尚淑|尚祥|尚美|尚義|尚良|尚芳|尚謙|尚順|猶義|直佳|直吉|直善|直喜|直嘉|直好|直宜|直彬|直悦|直愛|直慶|直敬|直文|直栄|直由|直禎|直美|直義|直良|直芳|直詳|直賀|直賞|眞義|真祥	source-common-subset
のぶひこ	乃布彦|乃武彦|乃生彦|之彦|亘彦|伸彦|信光|信彦|信比古|信秀|修彦|允彦|円彦|叙彦|喜彦|宜彦|宣彦|寅彦|将彦|尹彦|展光|展彦|庸彦|延彦|応彦|敦彦|暢彦|暢比古|為彦|申彦|真彦|睦彦|禹彦|経彦|統彦|綽彦|薫彦|誠彦|進彦|長彦|陳彦|靖彦|順彦	source-common-subset
さだお	了丈|佐多夫|佐太夫|佐太雄|作太男|奠夫|完夫|完男|定保|定夫|定央|定尾|定生|定男|定緒|定郎|定雄|寧男|左田男|憲夫|真夫|真男|砂田男|禎勇|禎士|禎夫|禎央|禎男|禎穂|禎郎|禎雄|節夫|節男|節雄|貞多男|貞夫|貞朗|貞生|貞男|貞緒|貞郎|貞雄	source-common-subset
しずお	倭士|倭夫|倭文夫|倭文雄|倭男|倭雄|四津生|寧雄|志寿夫|志寿男|志津夫|志津生|志津男|志津雄|志都夫|志都雄|慎夫|淑夫|清夫|清雄|粛夫|詩津男|謙夫|賎夫|賎男|鎭男|鎭雄|鎮夫|鎮生|鎮男|鎮郎|鎮雄|閑男|静大|静夫|静生|静男|静良|静郎|静雄|靜夫|靜男	source-common-subset
まあさ	まあさ|万亜沙|万亜砂|万浅|万阿紗|円麻|希麻|摩麻|正麻|満亜砂|満咲|痲亜早|真亜佐|真亜咲|真亜沙|真亜砂|真安沙|真愛彩|真愛沙|真明麻|真朝|真杏咲|真浅|真麻|磨挨拶|舞桜|茉亜沙|茉亜砂|茉亜紗|茉朝|茉浅|茉麻|麻亜沙|麻亜砂|麻亜紗|麻彩紗|麻愛彩|麻朝|麻沙|麻浅|麻紗|麻麻	source-common-subset
ももこ	ももこ|もも子|モモコ|モモ子|宇宙子|小桃子|李子|李桃子|李胡|杏子|桃々子|桃代|桃子|桃己|桃恋|桃湖|桃狐|桃瑚|桃百子|桃萌子|桃香|桃鼓|母々子|百々子|百光|百古|百子|百桃子|百瑚|百百子|百紅|百考|百萌子|百香|茂々子|萌々子|萌々香|萌木子|萌桃子|萌萠子|萠々子|雲望子	source-common-subset
あきひで	亮栄|亮秀|亮英|哲秀|哲英|嗣豪|彰秀|彰英|昌秀|明映|明栄|明秀|明英|映秀|昭秀|昭英|晃任|晃偉|晃央|晃栄|晃秀|晃英|晃豪|晶英|暁英|朗英|朗豪|照英|玲秀|秋秀|秋英|章栄|章秀|章英|紀秀|聡秀|聡英|聴英|阿輝英|陽英|顕栄|顕秀	source-common-subset
かずなり	一也|一功|一勢|一周|一尚|一就|一成|一整|一斉|一有|一済|一生|一誠|一靉|一鳴|九成|佳須也|倭徳|加津也|和也|和作|和功|和孝|和尚|和就|和平|和成|和斉|和生|和績|和誠|和貴|和雅|和順|員成|壽成|寿成|憲成|数也|数功|数成|計成	source-common-subset
たけひと	丈人|丈仁|偉一|偉人|偉史|健人|健仁|健史|剛一|剛人|剛仁|剛士|勇人|壮人|壮仁|壮史|威人|威仁|岳人|岳仁|岳史|嵩人|嵩仁|建人|建仁|武一|武人|武仁|武史|武士|武寛|毅人|毅仁|猛人|猛仁|竹人|竹仁|豪人|豪仁|赳仁|雄人|雄仁	source-common-subset
ただのり	伊則|伊憲|兄規|公徳|公敬|匡功|匡慶|匡憲|匡規|唯則|唯徳|唯紀|唯至|忠典|忠則|忠功|忠士|忠孝|忠宣|忠展|忠徳|忠悳|忠憲|忠教|忠敬|忠智|忠法|忠礼|忠稚|忠範|忠紀|忠臣|忠規|忠誨|忠軌|正典|正慶|正憲|正法|直紀|紀知|蔵刑	source-common-subset
なおひろ	公博|奈緒広|奈緒祐|尚博|尚啓|尚大|尚央|尚宏|尚寛|尚広|尚弘|尚洋|尚浩|尚礼|尚紘|尚裕|巨博|巨泰|斉広|有広|有弘|有洋|直博|直大|直央|直宏|直寛|直広|直廣|直弘|直敬|直泰|直洋|直浩|直溥|直祐|直紘|直裕|真寛|真洋|菜穂洋|順広	source-common-subset
かずし	一之|一史|一司|一嗣|一士|一市|一心|一志|一止|一清|一滋|一石|一禎|一至|一詩|一誌|一賜|万志|佳崇司|和之|和史|和司|和嗣|和士|和子|和志|和晋|和至|和視|員司|寿士|寿志|教史|教詞|数史|法志|知史|知嗣|計|計志|量史	source-common-subset
けんと	健人|健仁|健斗|健杜|健永|健登|兼人|兼士|剣人|剣士|剣斗|堅人|堅士|堅斗|堅登|建人|建斗|憲人|憲斗|拳人|拳斗|権人|献人|献斗|研人|研斗|絢人|絢斗|腱斗|謙人|謙斗|謙登|賢人|賢利|賢十|賢史|賢幹|賢斗|賢登|顕与|顕人	source-common-subset
だいき	台気|大亀|大伎|大喜|大器|大城|大基|大季|大宜|大己|大希|大幾|大恭|大揆|大揮|大暉|大棋|大樹|大機|大毅|大気|大生|大祈|大稀|大紀|大綺|大葵|大規|大記|大貴|大起|大軌|大輝|大騎|太喜|太基|太希|太樹|太毅|太紀|太貴	source-common-subset
けんしん	健伸|健信|健心|健新|健真|健進|兼信|剣心|剣慎|堅真|堅進|建伸|建信|建新|建青|憲伸|憲信|憲臣|拳信|権信|研信|研真|研神|研進|見信|見眞|見真|謙信|謙心|謙真|謙臣|賢信|賢匠|賢真|賢臣|賢親|賢辰|賢進|顕伸|顕信|顕臣	source-common-subset
みちあき	三千昭|三千秋|倫央|倫明|充明|康哲|教義|未千秋|民千明|理明|美知秋|至商|裕昭|路彰|路明|路陽|迪彰|迪明|迪昭|通|通彰|通旦|通明|通昭|通晃|通秋|通章|通陽|通顕|道亮|道彰|道明|道昭|道晃|道秋|道章|道顕|達彬|達明|遙秋|遥秋	source-common-subset
よしただ	佳弁|佳忠|佳正|克忠|吉唯|吉忠|吉正|吉祗|善忠|喜忠|嘉忠|嘉正|好唯|好問|好孚|好忠|好正|孝惟|宜制|恵産|愿正|慶忠|敬忠|明正|祥肇|禎忠|純正|美忠|義唯|義尹|義忠|義直|義質|能忠|良匡|良地|良忠|良正|良淳|芳忠|芳正	source-common-subset
いさむ	イサム|一支武|五三六|五然夢|以乍牟|伊三武|伊武|偉|力|功|功武|勇|勇務|勇夫|勇武|勇海|勲|勲夢|勲武|奮|威佐武|戦|攻|敢|権|武|浩|湧|猛|猪佐武|矯|簡|証|諌|諭|豪|赳|鐃|雄|魁	source-common-subset
えれな	えれな|エレナ|依怜奈|恵令奈|恵怜菜|恵澪奈|恵玲奈|恵玲菜|恵玲那|恵礼奈|恵鈴奈|恵麗菜|愛令奈|愛伶菜|愛怜菜|愛玲奈|慧怜奈|栄玲奈|江怜奈|江玲奈|江礼奈|笑叶|絵令奈|絵怜奈|絵怜菜|絵玲奈|絵礼奈|絵麗奈|英令奈|英奈|英怜奈|英玲南|英玲奈|英麗菜|衛玲奈|衣怜菜|衣澪奈|詠麗奈|鋭令奈|頴令那	source-common-subset
しげる	しげる|シゲル|仟|卯|子|志げる|恵|慈|懋|成|林|栄|森|楙|樹|殖|滋|潤|盛|秀|稠|積|繁|苞|英|茂|茂げ留|茂生|茂留|茲|葆|蒼|蓁|蓊|蔚|蕃|薫|藩|詩げ留|重	source-common-subset
しゅう	修|収|史悠|周|執|士侑|央|宗|就|崇|嵩|州|志優|愁|收|朱優|朱宇|朱有|朱羽|柊|柊羽|楸|珠侑|珠夕|珠生|珠羽|秀|秀宇|秀羽|秋|秋優|脩|舟|衆|詩夕|蹴|週|遒|酬|集	source-common-subset
ももえ	ももえ|もも恵|もも江|もも衣|モモエ|最萌|望萌|李恵|杏映|桃恵|桃愛|桃映|桃枝|桃江|桃瑛|桃絵|桃萌|桃衣|百々恵|百々枝|百々江|百々絵|百会|百咲|百恵|百惠|百愛|百映|百枝|百永|百江|百穂|百笑|百絵|百萌|百衛|百重|盛素影|萌々恵|萌々絵	source-common-subset
れいら	れいら|レイラ|令裸|伶楽|光来|励來|嶺羅|怜来|怜羅|怜良|怜麗|恋来|玲来|玲楽|玲良|玲蘭|玲音|玲麗|琉羅|礼来|礼羅|礼良|鈴星|鈴楽|鈴良|鈴蘭|鈴裸|麗來|麗来|麗羅|麗良|麗薔薇|麗蘭|麗衣了|麗裸|麗輝|麗鈴|黎來|黎良|黎蘭	source-common-subset
しげとし	恵健|恵敏|成仁|成俊|成利|成寿|成年|成敏|成辰|栄俊|権利|滋利|滋敏|繁俊|繁利|繁寿|繁年|繁敏|繁歳|繁聡|茂俊|茂利|茂寿|茂年|茂敏|茂智|茂稔|茂粛|薫俊|薫明|誉俊|誉考|重俊|重刀士|重利|重壽|重寿|重年|重敏|鍾俊	source-common-subset
ともなり	与成|伴也|伴成|倫也|倫成|僚也|共成|具也|具就|具成|具有|兼成|友也|友成|友教|友響|大宜|始孝|寛也|従成|智也|智成|智斉|智有|智生|智誠|朋也|朋成|朋斎|朋生|朝成|比音|知也|知孝|知就|知愛|知成|知斉|知樹|知生	source-common-subset
まさなお	仁直|優直|優真|元直|克忠|匡尚|壮巨|将尚|将直|將尚|当尚|征尚|征巨|征直|政尚|政直|昌均|昌尚|昌直|正作|正修|正尚|正斎|正直|正縄|正順|眞直|真尚|真直|督尚|礼直|純尚|誠尚|誠直|賢尚|賢直|雅尚|雅有|雅直|雅真	source-common-subset
やすひこ	也寸彦|保彦|八寿彦|八州彦|八洲彦|和彦|奉彦|妥彦|安彦|容彦|寧彦|康彦|康日己|康比古|廉彦|弥守彦|弥寿彦|弥総彦|弥須彦|徳彦|快彦|恭彦|恭比古|恵彦|悌彦|易彦|晏彦|泰彦|烈彦|祥彦|精彦|育彦|裕彦|誉彦|連彦|雍彦|靖彦|靖比古|静彦|鳩彦	source-common-subset
よしかつ	仁克|伊功|佳克|佳勝|佳活|俶将|可勝|吉且|吉克|吉勝|善克|善勝|喜克|喜勝|嘉克|嘉勝|好且|好克|好勝|宣克|富勝|慶勝|淑勝|由克|由勝|祥紀|美克|美勝|義且|義克|義勝|義雄|能克|良且|良克|良勉|良勝|芳克|芳勝|賀勝	source-common-subset
うらら	うらら|うら蘭|う礼良|ウララ|卯楽々|嬉ら|宇星|宇楽|宇良々|宇良良|小春|暖|暢|朗|歌楽々|汎|清朗|牧|羽来|羽良々|胡楽々|詩楽|詩楽々|雨|雨良々|雲母|麗|麗ら|麗妃|麗子|麗星|麗未|麗来|麗来々|麗桜|麗楽々|麗良|麗華|麗蘭	source-common-subset
けんや	ケンヤ|乾也|健也|健冶|健哉|健弥|健彌|健矢|兼也|兼矢|剣也|堅也|堅哉|堅弥|堅矢|建也|建哉|憲也|憲哉|憲弥|拳也|権也|研也|研哉|研弥|研矢|絢也|絢哉|謙也|謙哉|謙弥|賢也|賢哉|賢弥|賢矢|顕也|顕哉|顕弥|験也	source-common-subset
たいすけ	大亮|大介|大助|大幹|大祐|大資|大輔|太亮|太介|太佑|太典|太助|太右|太祐|太補|太資|太輔|岱介|泰之|泰亮|泰介|泰伴|泰佑|泰典|泰助|泰右|泰哉|泰央|泰甫|泰祐|泰育|泰裕|泰資|泰輔|退介|退助|退輔|隊介|鯛介	source-common-subset
ひでのぶ	偉伸|栄伸|栄信|栄喜|栄展|栄暢|秀亘|秀伸|秀信|秀修|秀允|秀史|秀宣|秀展|秀山|秀延|秀昇|秀暢|秀臣|秀誠|秀長|秀靖|英伸|英信|英修|英允|英宣|英将|英展|英延|英惟|英暢|英申|英誠|英進|英順|豪伸|豪庸|豪紳	source-common-subset
ゆうぞう	佑三|佑蔵|侑三|優三|優蔵|優造|勇三|勇蔵|勇象|勇造|友三|友造|右三|夕蔵|宥三|尤三|悠三|悠蔵|悠造|有三|有蔵|有造|涌三|湧三|由右三|由蔵|由造|祐三|祐壮|祐蔵|祐造|裕三|裕蔵|裕造|諭三|遊三|雄三|雄蔵|雄造	source-common-subset
かつや	一矢|且也|且弥|亮矢|健也|克也|克哉|克弥|克彌|克矢|克耶|功也|功冶|功弥|加津也|勝也|勝哉|勝弥|勝彌|勝矢|勝耶|和也|和哉|和矢|嘉津弥|夏津也|捷哉|敢也|活也|豁也|豪也|豪哉|豪耶|賀津也|雄也|雄哉|雄矢|香津也	source-common-subset
すずこ	すずこ|すず子|スズコ|スズ子|主珠子|和子|壽珠子|宰子|寿々娘|寿々子|寿子|寿寿子|寿文子|寿杜子|寿津子|寿珠子|寿都子|寿鶴子|州寿子|彗々子|春秋子|朱々子|洲々子|涼子|渚珠子|珠寿子|珠州子|珠洲子|直寿子|秀瑞子|紗子|鈴子|錫子|鐸子|陶寿子|須寿子|須津子|須珠子	source-common-subset
みなと	みなと|ミナト|三都|南斗|南那斗|咸人|実奈斗|実奈都|弥那斗|心夏翔|未奈都|未波斗|未那斗|水|水斗|水杜|水那斗|水都|水音|海南斗|海夏人|港|港人|湊|湊人|湊音|源|源人|生湊|皆人|皆十|美南都|美夏都|美奈斗|美奈都|美捺都|美菜都|魅那兎	source-common-subset
かずのぶ	一伸|一信|一修|一允|一史|一喜|一宜|一宣|一将|一展|一延|一昶|一暢|一薫|一誠|一進|万布|千信|千暢|収威|和伸|和信|和修|和史|和喜|和宣|和展|和延|和敦|和暢|和申|員信|弌信|憲信|憲申|良暢|良誠|計信	source-common-subset
かつまさ	一正|且将|且政|且昌|健正|優匡|克優|克全|克勝|克匡|克将|克將|克当|克征|克政|克昌|克晶|克格|克正|克眞|克真|克祐|克維|克雅|力正|勉聖|勝優|勝匡|勝司|勝将|勝征|勝政|勝昌|勝正|勝真|勝雅|曽政|豪将	source-common-subset
とものぶ	伴信|伴暢|友伸|友信|友啓|友喜|友宣|友延|友進|委伸|智亘|智伸|智信|智修|智喜|智宜|智宣|智将|智庸|智延|智敦|智設|智誠|有伸|有信|朋伸|朋信|朋展|朋延|朋暢|朝伸|朝信|朝延|知伸|知信|知史|知宣|知延	source-common-subset
まさしげ	優成|元薫|元達|勝成|匡成|匡茂|壮重|将成|将茂|将重|將成|当繁|政成|政滋|政繁|政茂|政重|方臣|昌成|昌滋|昌繁|昌茂|昌重|正成|正穣|正繁|正茂|正薫|正重|眞恵|真成|真茂|真重|聖樹|雅成|雅繁|雅茂|雅重	source-common-subset
よしぞう	与四蔵|佳三|佳増|吉三|吉蔵|吉造|善三|善藏|善造|喜三|喜蔵|喜造|嘉三|嘉造|好三|好蔵|恵造|懿造|由三|由蔵|由造|祥三|美三|美造|義三|義蔵|義造|能三|良三|良蔵|芳三|芳蔵|芳造|英三|行蔵|要四蔵|賀三|順三	source-common-subset
りょうや	了也|亮也|亮八|亮哉|亮弥|亮陽|僚也|僚哉|僚矢|凌也|凌哉|凌夜|崚冶|嶺夜|怜也|怜哉|椋矢|涼也|涼哉|涼夜|涼弥|燎野|玲也|玲哉|稜也|稜夜|綾夜|綾野|良哉|良夜|良弥|諒也|諒夜|諒弥|遼也|遼矢|量也|陵矢	source-common-subset
つぐお	二夫|二男|二雄|亜夫|亜央|亜生|亜緒|亜雄|嗣夫|嗣央|嗣朗|嗣生|嗣男|嗣郎|嗣雄|承男|承雄|次夫|次朗|次生|次男|次郎|次雄|紹夫|紹生|紹雄|継夫|継生|継男|継雄|維男|胤夫|詞勇|諭寛|貢雄|韶夫|韶男	source-common-subset
なつえ	なつえ|なつ恵|なつ枝|ナツエ|七都衣|南津江|南都恵|名都江|夏彗|夏恵|夏惠|夏愛|夏映|夏枝|夏榮|夏江|夏絵|夏螢|夏衣|奈律枝|奈律江|奈津恵|奈津枝|奈津栄|奈津江|奈津絵|奈都恵|奈都枝|奈都江|奈都絵|奈都衣|成津恵|菜津恵|菜津枝|菜津江|菜都江|那津江	source-common-subset
なほみ	なほみ|なほ美|七保美|南帆実|南帆美|南甫美|名保実|名保美|名帆美|名穂巳|名穂美|奈保実|奈保巳|奈保真|奈保美|奈保見|奈峰美|奈帆実|奈帆美|奈扶美|奈朋美|奈甫美|奈穂実|奈穂美|奈緒美|奈誉美|尚美|直保美|直己|直美|苗穂美|菜保美|菜帆美|菜穂美|那保実|那保美|那穂美	source-common-subset
ひみか	ひみか|ひみ佳|ヒミカ|一花|仁心香|妃実加|妃実嘉|妃弥香|妃未夏|妃美佳|妃美嘉|妃美花|妃美華|妃美香|妃香|妃魅華|姫美香|日実加|日実香|日美佳|日美加|日美華|日美香|比実香|比美香|氷海風|氷美菓|氷魅華|火魅華|緋水佳|緋深炎|緋美華|緋美迦|緋美香|緋魅華|陽実佳|陽美佳	source-common-subset
さだよし	定佳|定吉|定善|定喜|定好|定幹|定由|定禄|定美|定義|定良|定芳|定謙|幀義|忠義|真義|禎斉|禎祥|禎義|禎能|禎芳|貞仁|貞佳|貞吉|貞善|貞喜|貞嘉|貞好|貞宜|貞幹|貞敬|貞理|貞祥|貞美|貞義|貞良|貞芳	source-common-subset
たかつぐ	剛嗣|喬嗣|天従|天胤|孝二|孝司|孝嗣|孝次|孝継|学嗣|尊嗣|尚胤|峻嗣|崇及|崇嗣|崇次|崇紹|崇継|崇胤|恭嗣|敬嗣|敬紹|敬継|章次|能嗣|貴司|貴嗣|貴次|貴紹|貴継|貴詔|隆世|隆嗣|隆次|高嗣|高次|高紹	source-common-subset
たけまさ	丈将|丈征|丈昌|丈正|丈雅|健優|健将|健正|剛将|剛昌|剛正|壮成|威正|威雅|岳征|岳真|建正|武優|武全|武将|武政|武昌|武正|武真|武道|武雅|毅昌|猛征|猛昌|竹雅|豪允|豪将|豪政|豪真|豪聖|雄允|雄正	source-common-subset
ひでよし	季義|栄悦|秀世志|秀佳|秀儀|秀剛|秀吉|秀善|秀喜|秀嘉|秀好|秀宜|秀容|秀悦|秀祥|秀禎|秀美|秀義|秀良|秀芳|秀英|穎吉|英世士|英俊|英充|英吉|英喜|英好|英淑|英由|英禎|英精|英美|英義|英良|英芳|英誉	source-common-subset
よういち	夭一|容一|容市|容逸|庸一|庸市|慵一|揚一|暘一|暢一|曜一|曜市|楊一|洋一|洋壱|洋市|洋逸|燿一|用一|祥一|羊一|羊市|美一|羔一|耀一|葉一|蓉一|要一|謡一|遙一|遥一|陽一|陽市|雍一|養一|養市|鷹一	source-common-subset
りゅうじ	劉二|柳二|柳治|流之|琉二|琉侍|立志|立慈|立爾|竜二|竜児|竜史|竜司|竜嗣|竜次|竜治|竜自|竜路|鉚二|鉚治|隆二|隆人|隆児|隆司|隆士|隆次|隆治|隆滋|隆爾|隆示|龍二|龍児|龍兒|龍司|龍嗣|龍次|龍治	source-common-subset
かいと	かいと|凧|凱人|凱士|凱登|塊|快人|快斗|快音|海人|海仁|海兎|海全|海土|海大|海斗|海杜|海渡|海登|海瞳|海翔|海都|海音|海飛|灰人|界人|界斗|皆斗|翔飛|開人|開土|開登|魁|魁人|魁斗|魁都	source-common-subset
たつし	多津司|太津史|建志|樹史|立史|立司|立嗣|立士|立志|竜史|竜司|竜士|竜志|竜至|竜詞|起史|辰史|辰司|辰士|辰志|辰識|達|達之|達史|達司|達嗣|達士|達志|達思|達氏|達至|達資|龍史|龍司|龍士|龍志	source-common-subset
たつじ	太津二|太肚二|樹司|立二|立自|竜二|竜司|竜嗣|竜志|竜次|竜治|辰之|辰二|辰仁|辰児|辰司|辰志|辰次|辰治|辰滋|達二|達仁|達児|達史|達司|達嗣|達士|達弐|達次|達治|達爾|達示|龍二|龍嗣|龍次|龍治	source-common-subset
みのる	みのる|ミノル|利|実|実乗|実則|実留|実隆|實|年|徳|未乗|果|登|祉|秀|秋|稔|稔三|稔人|稔琉|穂|穣|穫|穰|美留|美登|美穂|美能瑠|美能留|美野累|聡|見乃瑠|豊|酉|魅乃瑠	source-common-subset
かずひと	一人|一仁|一介|一史|一士|一斉|一等|万人|万史|二仁|冬人|千人|千仁|和一|和人|和仁|和史|和士|和民|和翁|員人|員史|壱仁|壽人|多仁|宗人|寿人|寿仁|師仁|憲人|数人|計人|計仁|賀寿仁|量仁|量士	source-common-subset
たかとも	万友|公張|卓那|啓友|孝具|孝友|孝智|孝有|孝知|尊友|尚朋|尭友|岳友|峰朋|崇友|崇文|崇智|崇朝|崇睦|嵩智|空大|貴友|貴智|貴朋|貴朝|隆丈|隆備|隆友|隆智|隆朋|隆朝|隆末|隆知|高友|高智|高鞆	source-common-subset
たけひこ	丈彦|偉彦|健孫|健彦|健比古|健比子|傑彦|全彦|剛彦|勇彦|壮彦|多計彦|威光|威彦|孟彦|寅彦|岳彦|建彦|建日子|建比古|斌彦|桓彦|武彦|武比古|毅彦|毅比古|洸彦|猛彦|研彦|竹彦|竹比古|竹毘古|篁彦|豪彦|長彦|雄彦	source-common-subset
ともまさ	伴公|伴将|伴正|倫正|具公|具方|具正|勇正|友政|友正|友祐|奉正|智優|智允|智全|智将|智將|智政|智正|智真|智祐|智雅|有正|朋昌|朋正|朝正|朝雅|知優|知勝|知将|知昌|知正|知聖|知賢|知雅|誠正	source-common-subset
ゆういち	佑一|佑市|侑一|優一|優市|勇一|勇壱|勇市|友一|友壱|友市|友都|右一|唯一|宥一|悠一|悠市|憂一|有一|有市|洋一|湧一|猶一|猷一|由一|由宇一|祐一|祐市|脩一|融一|裕一|裕市|諭一|郁一|雄一|雄市	source-common-subset
ここあ	ここあ|ココア|千愛|幸呼愛|心々愛|心々明|心々暖|心亜|心彩|心愛|心明|心暖|心杏|心海|心温|心碧|心紅|心霊|恋々愛|恋彩|恋心愛|恋恋愛|恋愛|想愛|湖々亜|湖瑚愛|瑚々明|瑚々杏|瑚心愛|胡々亜|茲亜|茲藍|虹々愛|虹空|誇々彩	source-common-subset
そうた	倉太|創大|創太|壮大|壮太|壯太|奏太|奏汰|宗大|宗太|宗汰|将汰|崇太|惣太|想太|想汰|湊太|爽太|相太|綜太|総太|聡大|聡太|聡汰|艸太|草多|草太|荘太|蒼大|蒼太|蒼汰|走太|颯大|颯太|颯汰	source-common-subset
たすく	たすく|丞|二|亮|介|伍|佐|佑|佑昴|侑|侑玖|助|匡|又|右|啓|多須久|奨|将|弼|扶|援|救|涼|相|祐|翼|翼空|耕|資|賛|輔|輔久|輝祐|雍	source-common-subset
きよひろ	享祐|喜代仁|喜代宏|喜代広|圭宏|圭広|希世弘|浄宏|淳広|清公|清博|清啓|清大|清宏|清寛|清広|清廣|清弘|清洋|清浩|清裕|精宏|精洋|聖博|聖周|聖大|聖宏|聖広|聖弘|聖浩|聖皓|聖裕|記世大|陽弘|靖浩	source-common-subset
たいせい	大世|大成|大星|大晟|大晴|大生|大空|大聖|大誓|大誠|大靖|大静|太成|太政|太整|太星|太清|太生|太盛|太誠|汰世|泰世|泰征|泰成|泰星|泰正|泰清|泰生|泰盛|泰聖|泰誓|泰誠|泰靖|耐誠|苔青	source-common-subset
ともひと	丈士|与史|伴人|伴仁|倫一|倫人|倫史|倫士|全人|具士|兼仁|友人|友仁|友士|大人|大士|奉仁|寛仁|智一|智人|智仁|智史|智士|有人|朋人|朋仁|朋史|朋士|知人|知仁|知士|節人|義仁|誠人|頼人	source-common-subset
ひろかつ	博且|博克|博勝|博捷|博桂|啓克|啓勝|大勝|大活|大雄|宏克|宏勝|容克|寛勝|広克|広勝|廣勝|弘克|弘勝|敬勝|明勉|泰克|泰勝|洋且|洋克|洋力|洋勝|浩且|浩克|浩勝|湖勝|祐勝|紘勝|裕克|裕勝	source-common-subset
みつあき	三明|三章|允朗|充彬|充彰|充明|充昭|充晃|充朗|充秋|充章|充輝|光亮|光哲|光彬|光彰|光慧|光明|光映|光昭|光晃|光晶|光暁|光朗|光秋|光章|光顕|崇晶|慎朗|暢明|満明|満昭|満秋|満章|瑞昭	source-common-subset
もとあき	元亮|元彰|元成|元旦|元明|元昭|元晃|元晟|元晶|元曄|元朗|元秋|元章|元顕|基彰|基明|基昭|基晃|基晶|基暁|基秋|基章|基精|基顕|幹明|幹章|東晶|源亮|源昭|真啓|素明|素昭|素秋|統明|資明	source-common-subset
すぐる	すぐる|一|俊|偉|健|傑|優|優流|優瑠|克|出|勝|卓|大|峻|捷|直|禅|秀|精|純|総|聖|興|英|覧|誉|豪|賢|超|逸|邁|雄|駿	source-common-subset
せいご	征吾|成吾|成悟|政吾|晴剛|正五|正剛|正吾|正悟|正護|清五|清吾|清悟|清護|生五|省吾|省悟|精吾|精晤|聖吾|聖悟|誓吾|誠五|誠伍|誠吾|誠悟|誠護|青五|青吾|青梧|靖吾|静吾|静悟|静護	source-common-subset
いっせい	一世|一勢|一城|一声|一征|一成|一政|一斉|一斎|一星|一晟|一晴|一栖|一正|一清|一生|一盛|一精|一聖|一誓|一誠|一青|一靖|一静|壱成|壱晟|壱生|壱青|奕成|逸世|逸成|逸政|逸星|逸生	source-common-subset
かずひさ	一久|一壽|一央|一寿|一尚|一悠|一桐|万寿|主尚|兼久|千久|和久|和剛|和壽|和央|和宣|和寿|和尚|和恒|和恭|和悠|和永|和能|員久|壱久|寿久|憲久|憲能|教久|教尚|数久|数寿|計久|量久	source-common-subset
じゅんや	准也|凖也|惇也|惇哉|惇矢|殉也|洵也|洵哉|淳也|淳哉|淳弥|準也|準哉|潤也|潤哉|潤家|純也|純哉|純弥|純彌|純矢|絢也|絢哉|詢也|諄也|遵也|隼也|隼哉|隼弥|隼矢|順也|順哉|順弥|順彌	source-common-subset
たけひさ	丈久|丈尚|丈比佐|丈永|偉久|健久|健央|健寿|健恭|剛久|剛央|剛寿|剛尚|勇寿|壮央|多計久|威久|威尚|岳久|岳央|岳寿|岳尚|武久|武央|武寿|武尚|武長|毅久|毅寿|毅尚|竹久|長久|雄久|雄央	source-common-subset
としひで	俊偉|俊傑|俊栄|俊秀|俊英|俊豪|健秀|利季|利栄|利秀|利英|和日出|壽秀|壽英|季秀|寿秀|寿英|寿豪|年秀|年英|慶一|敏秀|敏英|敬英|斌衡|智英|暁秀|歳英|登志秀|稔英|紀秀|聖英|聡秀|肇秀	source-common-subset
ねね	ねね|ネネ|冬音|和寧|夢|子々|寧々|寧ね|寧子|寧寧|寧嶺|寧根|寧音|峰子|嶺々|希寧|弥音|心々|根々|檸檸|眠々|祈音|祢々|祢子|祢禰|禰々|禰音|稔音|音々|音好|音子|音寧|音音	source-common-subset
ことは	ことは|こと葉|今晴|古杜葉|古都葉|寿葉|小都波|心灯羽|心羽|恋翼|毎羽|湖登波|理|琴巴|琴映|琴波|琴羽|琴花|琴華|琴葉|瑚斗葉|瑚音羽|紀羽|胡音羽|言|言葉|詞羽|詞葉|詩葉|采|采波|采花|采華	source-common-subset
てるき	光樹|光貴|光輝|央希|央樹|映希|映樹|晃己|晃揮|晃毅|晃輝|照喜|照樹|照生|照貴|照起|皓輝|耀記|輝|輝喜|輝基|輝己|輝希|輝樹|輝機|輝毅|輝生|輝紀|輝記|輝貴|輝起|輝軌|陽輝	source-common-subset
ひでと	任人|傑人|嗣人|嗣仁|嗣士|愛仁|日出人|日出刀|日出東|日出登|栄人|栄斗|栄登|秀人|秀仁|秀任|秀史|秀年|秀斗|秀登|秀都|英人|英仁|英俊|英利|英斗|英登|英翔|英達|英都|英門|英隼|豪人	source-common-subset
しげかず	卯一|従尹|恵和|成一|成和|成員|栄一|樹一|樹和|滋一|滋可寿|滋和|甚一|盛一|繁一|繁和|繁数|繁量|茂一|茂和|茂寿|茂計|薫一|誉円|誠一|誠和|誠計|賀計|重一|重和|重圭|重数|重量	source-common-subset
たかすけ	享祐|天佑|太加介|孝亮|孝介|孝佑|孝典|孝弼|孝昌|孝祐|孝輔|宜佐|尊介|尭助|尭右|崇介|敬介|祟介|貴介|貴佑|隆介|隆典|隆右|隆甫|隆祐|隆輔|雄介|高亮|高介|高助|高輔|魏右|鷹介	source-common-subset
ともみち	伴通|倫理|倫道|倶往|偕迪|公迪|共路|友方|友路|友通|友道|友陸|大度|大路|寛達|明道|智巌|智教|智路|智通|智道|智達|朋通|朋道|朝路|朝道|知倫|知宙|知徹|知教|知路|知通|知道	source-common-subset
ひさあき	久哲|久彰|久昌|久明|久昭|久晃|久晶|久朗|久璋|久秋|久章|久聡|久聴|久詮|久輝|久阿紀|久陽|久顕|央昭|央淳|孝昭|寿明|寿昭|寿晃|寿章|尚彰|尚明|尚晃|尚章|栄昭|比三明|永明|永晃	source-common-subset
よしちか	佳史|佳周|佳親|吉親|善親|善近|喜親|嘉親|好近|宜親|宣史|尚周|惇睦|愛親|慶親|欣愛|欽史|祐年|祥周|祥哉|美比|美親|義周|義和|義幾|義愛|義親|義近|能親|能隣|良周|良親|芳親	source-common-subset
ちから	チカラ|主悦|主税|主計|力|力良|努|勢|千佳良|千加良|千可良|千夏良|千賀良|千香良|史等|周良|恭良|才|智加良|智加陽|智可等|智唐|智嘉羅|智空|権|睦等|知力|知賀等|税|能|能力|親良	source-common-subset
かずしげ	一成|一樹|一滋|一篤|一繁|一茂|一誠|一重|和以|和恵|和成|和栄|和樹|和滋|和繁|和茂|和薫|和誉|和誠|和重|圭成|壱重|憲成|教義|数成|穆成|紀成|良誠|良重|良鎮|計重|量重	source-common-subset
つねあき	亘明|典明|常光|常彰|常明|常昭|常晃|常晶|常秋|常章|常精|常顕|庸亮|庸光|庸明|庸晃|庸皓|律章|恒亮|恒光|恒彰|恒成|恒明|恒昭|恒晃|恒朗|恒章|玄明|経昌|経明|経晃|胤顕	source-common-subset
やすはる	保春|保晴|保治|八州晴|八洲治|安春|安晴|安治|寧治|康冶|康春|康晴|康東|康治|康玄|庸晴|恭晴|恭治|懐春|泰春|泰晴|泰治|泰穏|泰陽|益春|行栄|裕春|誉寿治|雍晴|靖春|靖晴|靖治	source-common-subset
わこ	わこ|わ子|倭子|和古|和呼|和姫|和子|和己|和心|和恋|和来|和果|和湖|和琴|和瑚|和虎|和都|和香|和鼓|湧湖|琶子|環子|環己|羽子|羽胡|若子|若杏|若湖|話子|輪子|輪湖	source-common-subset
はやお	刃矢男|征夫|征雄|捷夫|捷朗|捷郎|捷雄|早夫|早生|早男|早緒|早雄|晨夫|栄夫|甲矢雄|速夫|速生|速男|速雄|逸夫|逸男|逸郎|逸雄|隼夫|隼男|隼雄|颯夫|駛夫|駿|駿夫|駿雄	source-common-subset
はるの	はるの|ハルノ|冶|悠乃|悠野|明乃|春乃|春暖|春野|晏乃|晴乃|晴野|暖乃|暖野|東乃|栄乃|桜乃|治乃|治陽|波瑠乃|波留乃|温乃|美乃|花野|華乃|葉瑠乃|遥乃|遥野|遼乃|陽乃|陽野	source-common-subset
あきつぐ	亮嗣|亮次|亮継|光嗣|哲次|商次|啓次|彰二|彰貢|明二|明嗣|明次|明継|昭二|昭嗣|昭次|昭継|晃亜|晃嗣|晃次|晃継|淳世|秋次|秋継|章告|章嗣|章次|章継|輝丞|顕嗣|顕継	source-common-subset
あきとも	亮友|亮朋|啓誠|日朋|旭伴|明丈|明倫|明共|明友|明智|明朋|明知|昭倫|昭友|昭智|昭知|晃丈|暁友|朗智|祥智|秋友|秋智|秋朝|章友|章智|章知|紹智|聡伯|陽智|顕友|顕知	source-common-subset
しげはる	子治|成元|成春|成晴|成栄|成治|成玄|成美|栄春|栄晴|栄治|滋春|滋晴|滋治|繁春|繁晴|繁治|繁陽|芝栄|茂春|茂晴|茂治|茂美|薫晴|誠晴|賀晴|重春|重晴|重治|重温|重陽	source-common-subset
ひでかず	任一|和一|寿和|日出一|日出和|栄一|栄和|栄寿|求知|秀一|秀三|秀勝|秀収|秀和|秀壱|秀多|秀寿|秀憲|秀数|秀胤|秀臣|秀計|英一|英主|英和|英数|英知|英種|英計|英量|蔵	source-common-subset
みつまさ	三正|三都正|三雅|充匡|充将|充正|充理|充真|充蔵|充雅|光優|光匡|光将|光当|光成|光政|光昌|光晶|光正|光理|光真|光誠|光賢|光雅|満征|満政|満正|満維|満雅|貢正|輝正	source-common-subset
りょうま	了魔|亮摩|亮真|亮磨|亮馬|令馬|僚真|僚馬|凌真|怜馬|涼真|涼磨|涼馬|稜真|稜馬|竜真|竜馬|綾茉|良摩|良真|良磨|良馬|諒真|諒磨|遼真|遼馬|陵真|陵馬|領馬|龍磨|龍馬	source-common-subset
いすず	いすず|乙涼|五十子|五十鈴|五鈴|以寿々|以須寿|伊寿々|伊紗|伊鈴|伊鈴々|伊須寿|依涼|依紗|依鈴|依須寿|偉鈴|唯鈴|委須寿|威涼|威鈴|幾鈴|惟須寿|意寿々|意須寿|維須寿|衣十鈴|衣寿々|衣鈴|衣須寿	source-common-subset
ごろう	五朗|五浪|五良|五郎|伍朗|伍良|伍郎|冱浪|午朗|午良|午郎|吾朗|吾良|吾郎|呉楼|呉郎|悟朗|悟楼|悟樓|悟郎|晤郎|梧廬|梧朗|梧楼|梧郎|衙郎|語朗|語郎|護朗|護郎	source-common-subset
じゅん	じゅん|ジュン|俊|六月|准|凖|巡|循|恂|惇|旬|殉|水無月|洵|淳|準|潤|盾|純|素直|絢|若|詢|諄|遵|醇|閠|隼|順|鶉	source-common-subset
はんな	はんな|ハンナ|伴奈|凡奈|央奈|帆七|帆南|帆名|帆夏|帆奈|帆渚|帆菜|帆那|春菜|春鈴奈|畔南|畔奈|範奈|絆南|絆奈|繁命|繁菜|繁那|花|花奈|花菜|英|華|華苗|黄奈	source-common-subset
ふみや	不三也|二三弥|典也|典哉|典弥|典彌|史也|史哉|史弥|史矢|史耶|史野|史陽|富美也|文也|文哉|文弥|文彌|文綾|文耶|生巳也|章也|芙実也|芙美也|詞也|郁|郁也|郁哉|郁弥|郁矢	source-common-subset
わたる	わたる|ワタル|亘|亙|吾足|和|和多留|和太琉|和足|坦|度|弥|彌|恒|旦純|月渉|杭|格|津|洽|海|済|渉|渡|瀰|理|移|航|超|陟	source-common-subset
かずとも	一倫|一僚|一公|一十百|一友|一寛|一智|一朋|一朝|一真|一知|一衡|一誠|万朝|万知|三知|利友|和伴|和倫|和友|和同|和寛|和智|和朋|和知|教義|良興|良誠|計友|量智	source-common-subset
こうきち	亨吉|光吉|公吉|剛吉|功吉|劫吉|厚吉|好吉|孝吉|宏吉|工吉|幸吉|広吉|康吉|弘吉|恒吉|昂吉|昿吉|晃吉|更吉|洪吉|浩吉|紘吉|考吉|耕吉|耿吉|興吉|衡吉|高吉|鴻吉	source-common-subset
さだあき	完聡|定亮|定彰|定敬|定昌|定明|定昭|定晃|定省|定秋|定章|為章|禎亮|禎明|禎昭|禎晃|禎朗|禎章|貞亮|貞彰|貞明|貞昭|貞晃|貞暁|貞朗|貞祥|貞秋|貞章|貞著|貞顕	source-common-subset
のぶはる	伸明|伸春|伸晴|伸治|伸陽|信元|信春|信晴|信治|信玄|信陽|修明|修治|允晴|喜春|喜治|宜治|宣春|宣晴|宣治|宣玄|序治|庸晴|延春|延治|暢治|暢陽|農夫治|靖治|靖玄	source-common-subset
ひさのぶ	久伸|久信|久修|久史|久喜|久宜|久宣|久展|久延|久暢|久直|久能|久靖|央信|央展|寿伸|寿信|寿延|寿昇|寿暢|寿陳|尚伸|尚信|尚史|尚宣|尚延|恭暢|永修|永悦|永晋	source-common-subset
やすとも	保友|保智|保朝|保知|安智|安知|康友|康幹|康智|康有|康朝|康知|恭朋|恭知|泰友|泰同|泰大|泰智|泰朋|泰知|益与|耕智|行栄|裕朋|那智|靖友|靖幹|靖智|靖朋|靖知	source-common-subset
えれん	えれん|エレン|会恋|依恋|依蓮|咲蓮|宴蓮|恵廉|恵恋|恵煉|恵蓮|恵連|惠蓮|惠連|愛恋|愛蓮|栄恋|永恋|江蓮|瑛恋|笑恋|笑連|絵蓮|絵連|絵鈴|縁蓮|英恋|英連|詠連	source-common-subset
おとは	オトハ|乙巴|乙波|乙羽|乙芭|乙花|乙葉|古都葉|吟羽|和都葉|桜十葉|桜桃羽|桜都波|緒都波|詩羽|詩花|音初|音巴|音帆|音映|音春|音波|音羽|音芭|音花|音華|音葉|音覇|頌羽	source-common-subset
じょう	じょう|丈|上|丞|乗|城|壌|壤|嬢|孃|定|常|恕宇|抒雨|晟|浄|淨|烝|穣|穰|舒羽|蝶|襄|誕|諚|譲|讓|錠|青	source-common-subset
りつこ	りつ子|リツコ|リツ子|利司子|利律子|利津子|利都子|吏津子|律修子|律子|律瑚|李津子|林津子|栗子|梨律子|梨津子|梨都子|率子|理津子|理通子|理都子|璃都子|立子|莉津子|莉都子|里津子|里葎子|里都子|鯉津子	source-common-subset
かずひこ	一士|一彦|一比古|一進|三彦|主彦|利彦|加寿彦|効彦|千彦|和久|和光|和彦|和日児|和比古|員彦|嘉寿彦|嘉津彦|壱彦|多彦|寿彦|市彦|数彦|算彦|胤彦|計彦|賀寿彦|運彦|量彦	source-common-subset
じゅんな	じゅんな|ジュンナ|惇奈|旬那|淳和|淳奈|淳菜|淳那|準奈|潤奈|潤菜|潤那|盾奈|純七|純南|純名|純奈|純菜|純那|絢奈|詞奈|詢奈|諄那|隼南|隼那|順和|順奈|順菜|順那	source-common-subset
たかなり	剛成|天也|孝也|孝慈|孝成|学成|宇成|尊成|尚成|崇也|崇成|崇詞|巨也|恭令|敬也|登成|貴也|貴就|貴成|賢成|隆也|隆就|隆成|隆生|高也|高勲|高成|高斉|鷹成	source-common-subset
ひろなお	博尚|博直|啓直|大尚|大直|宏哉|宏尚|宏直|寛尚|寛直|広尚|広直|廣有|弘尚|弘有|弘直|弘真|拓直|敬直|明正|洋尚|洋直|洋良|浩尚|浩直|祐直|紘直|裕尚|裕直	source-common-subset
めぐ	めぐ|メグ|夢咲|夢来|女紅|恩|恵|恵紅|惠|愛|愛久|愛宮|愛恭|愛来|愛玖|愛空|愛紅|愛胡|敬|瞳久|芽|芽久|芽句|芽紅|苺虹|萌|萌久|萌紅	source-common-subset
えいご	叡吾|叡子|影伍|映伍|栄伍|栄吾|栄悟|栄護|榮伍|永伍|永吾|永悟|瑛伍|瑛吾|穎吾|英互|英五|英伍|英午|英吾|英悟|英晤|衛伍|衛護|詠伍|詠吾|詠悟|鋭伍	source-common-subset
くらら	くらら|クララ|久らら|久楽々|久楽良|久歌|久良楽|久良良|久良麗|久裸羅|公良々|夢良|恭良々|曖羅|来来来|来楽々|玖羅々|玖良々|玖良羅|空紅々|空羅々|空羅羅|空蘭々|紅楽々|紅羅羅|紅良羅|紅麗|鞍羅	source-common-subset
たくと	匠人|卓人|卓利|卓図|卓土|卓斗|卓登|卓飛|啄人|啄音|大空人|太玖斗|巧人|巧斗|拓人|拓仁|拓図|拓土|拓斗|拓渡|拓登|拓翔|拓都|拓門|拓音|琢人|琢斗|琢都	source-common-subset
ちなつ	ちなつ|ちな都|チナツ|一夏|千名津|千夏|千夏津|千夏都|千奈津|千奈都|千菜津|千菜都|地奈津|小夏|智夏|智夏子|智奈津|智奈都|智捺|智菜津|知夏|知奈津|知捺|知那津|稚奈津|稚捺|茅夏|茅菜津	source-common-subset
ななお	七夫|七央|七尾|七桜|七生|七男|七緒|七織|七雄|七音|南直|南菜緒|奈々夫|奈々央|奈々旺|奈々生|奈々男|奈々緒|奈々郎|奈々雄|奈奈雄|奈直|波直|菜々生|菜々緒|菜奈央|菜直|虹穂	source-common-subset
ななほ	ななほ|なな帆|七々織|七保|七帆|七星|七歩|七穂|七菜帆|南々帆|南奈帆|奈々帆|奈々星|奈々歩|奈々穂|奈奈穂|奈菜穂|奈那保|奈那歩|菜々保|菜々帆|菜々歩|菜々穂|菜奈葉|菜菜穂|菜那帆|菜那歩|那菜穂	source-common-subset
まもる	マモル|主|保|司|坤|執|守|完|役|戌|戍|扶|捍|操|満茂留|理|真守|翼|葵|藩|衛|衞|衡|調|護|護留|鎮|養	source-common-subset
もえみ	もえみ|もえ実|望笑|桃笑|桃笑実|茂恵美|茂絵実|茂絵美|萌|萌光|萌味|萌実|萌岬|萌心|萌慧美|萌望|萌未|萌水|萌江美|萌海|萌珠|萌笑|萌絵美|萌緑|萌美|萌見|藻恵実|藻恵美	source-common-subset
ゆうご	佑吾|佑悟|優吾|優子|勇伍|勇吾|友吾|友悟|友梧|友護|悠伍|悠吾|悠悟|攸吾|有五|有吾|有悟|湧梧|祐五|祐伍|祐吾|祐悟|融悟|裕吾|裕悟|雄五|雄吾|雄悟	source-common-subset
しげやす	恵保|成保|成康|成恭|成泰|樹保|滋康|滋泰|繁保|繁安|繁康|繁泰|繁靖|茂保|茂安|茂康|茂泰|茂耕|茂靖|誉康|重保|重安|重庚|重康|重恭|重泰|重靖|鎮靖	source-common-subset
しんぺい	しん平|伸平|信平|審平|心平|愼平|慎平|新兵|新平|晋平|晨平|森平|槙平|津平|深平|申平|眞平|真兵|真平|秦平|紳平|臣平|親平|辰丙|辰平|進平|鎮平|震平	source-common-subset
たかてる	上照|堂照|好晃|孝英|孝輝|宇晃|尊照|尚照|峻輝|崇輝|巍晃|幸輝|考輝|行栄|誉旭|誉英|誉輝|貴光|貴映|貴照|貴英|貴輝|隆照|隆輝|高照|高耀|高輝|鷹輝	source-common-subset
ともひこ	丈彦|伴彦|倫彦|僚彦|公彦|共彦|具彦|友彦|外茂彦|奉彦|委彦|寅彦|悌彦|文彦|明彦|智彦|智比古|曹彦|朋彦|朋比古|朝彦|登茂彦|知彦|知比古|興彦|誠彦|那彦|鞆彦	source-common-subset
はるのぶ	元達|悠暢|明伸|春伸|春信|春宣|春暢|晴伸|晴信|晴修|晴宣|晴庸|晴恒|晴惟|晴永|東伸|東信|治之|治伸|治信|治史|治恒|治暢|治順|玄信|陽亘|陽伸|陽宣	source-common-subset
みちたか	充孝|充崇|充隆|典孝|命孝|満孝|満隆|満高|美千隆|路孝|迪孝|通充|通喬|通孝|通宝|通敬|通生|通貴|通隆|通高|道孝|道崇|道教|道敬|道生|道貴|道隆|道高	source-common-subset
ゆきひこ	之彦|五彦|亨彦|元彦|勇喜彦|勧彦|幸孫|幸彦|幸比古|征彦|志彦|恭彦|悠紀彦|悠貴彦|敬彦|有紀彦|歴彦|由生彦|由紀彦|由記彦|由貴彦|行彦|裕樹彦|裕紀彦|雪彦|靫彦|靭彦|順彦	source-common-subset
かずは	かずは|かず葉|一|一巴|一映|一波|一羽|一翔|一花|一華|一葉|万葉|初羽|加寿葉|和帆|和月葉|和波|和翔|和華|和葉|和都羽|数葉|春羽|紀葉|賀津葉|風羽|麗葉	source-common-subset
しげと	恵人|慈人|成人|成仁|栄人|樹人|滋人|滋史|盛登|繁人|繁仁|繁任|繁登|繁門|茂人|茂土|茂登|茂門|誉人|誉門|誠人|重人|重任|重太|重登|重知|重音	source-common-subset
つばさ	つばさ|二百沙|大翼|天翼|太陽|希羽|心翼|津波沙|空翔|空舞|羽根|翔|翔舞|翼|翼咲|翼彩|翼沙|聖翼|芽羽咲|蛙鈴沙|都羽沙|都羽紗|都葉沙|銀河翔|隼|飛翔|飛翼	source-common-subset
やよい	やよい|ヤヨイ|三月|也生|優生|優良|八代伊|八代衣|八宵|八生|冶与以|哉善|夜宵|家与依|弓偏|弥|弥世依|弥代生|弥佳|弥善|弥生|弥美|弥衣|彌生|矢生|耶世己|野善	source-common-subset
ゆきや	之也|佑希也|佑紀弥|侑希哉|優希也|友紀也|幸也|幸八|幸哉|幸弥|幸矢|征也|征哉|征矢|悠記也|有季哉|有毅也|有紀也|有記哉|有貴也|由樹也|由起也|行也|裕季也|雪夜|雪弥|雪矢	source-common-subset
きよはる	亮晴|喜代春|喜代晴|喜代治|淨晴|淳晴|清令|清元|清孟|清張|清明|清春|清晏|清晴|清治|清流|清温|清玄|清陽|紀晴|聖啓|聖悠|聖晴|聖治|陽春|静修|静春	source-common-subset
こうだい	倖大|光大|公大|功大|宏大|幸大|広大|康大|廣大|弘大|恒大|昂大|昴大|晃大|洸大|浩大|甲大|皓大|紘大|考大|耕大|興大|航大|航太|貢大|輝大|高大	source-common-subset
なりあき	也明|宇秋|容朗|就明|就昭|忠明|成彬|成彰|成斌|成明|成昭|成晃|成朗|成秋|成章|成輝|成陽|成顕|斉亮|斉哲|斉彬|斉明|斉昭|斉朗|斉瑛|済晃|誠章	source-common-subset
はるあき	幸昭|張明|春明|春昭|春秋|春聡|晴亮|晴成|晴明|晴昭|晴暁|晴朗|晴秋|晴章|晴顕|東明|治明|治昭|治晃|治章|治顕|泰生|玄明|玄晃|陽明|陽昭|陽輝	source-common-subset
はるひこ	久彦|元彦|墾彦|尚彦|明彦|春彦|春日子|春比古|春良|晏彦|晴彦|晴比古|晴比彦|東彦|榛彦|治彦|治比古|波流彦|波留彦|温彦|玄彦|美彦|葉留彦|遥光|遥彦|開彦|陽彦	source-common-subset
じゅな	じゅな|儒文|壽奈|寿七|寿凪|寿南|寿奈|寿成|寿菜|寿那|朱夏|朱奈|朱菜|朱那|樹凪|樹南|樹奈|樹菜|樹那|珠南|珠和|珠奈|珠菜|珠那|純南|純菜	source-common-subset
そうま	創馬|壮真|壮磨|壮馬|壮麻|奏真|宋馬|宗摩|宗真|宗磨|宗馬|爽真|爽馬|綜馬|総真|聡真|聡磨|聡馬|草馬|蒼真|蒼馬|蒼魔|走馬|霜馬|颯真|颯馬	source-common-subset
なおや	なおや|修也|南生也|名雄也|哉也|尚也|尚哉|尚弥|尚矢|尚耶|有也|直也|直保|直八|直哉|直弥|直彌|直矢|直箭|直耶|眞也|眞弥|真也|真哉|脩也|順也	source-common-subset
けいしん	啓信|啓心|啓真|啓臣|圭信|圭真|圭臣|圭進|恵信|惠信|慧心|慧真|慶信|慶津|慶真|敬信|敬眞|敬親|敬身|敬進|景伸|桂辛|渓心|系悳|継信|継真	source-common-subset
しんさく	伸作|信作|信策|心作|愼作|慎作|慎策|振作|新作|新咲|新策|晋作|晋策|晨作|晨策|清作|申作|眞作|真作|真左久|真策|策|紳作|辰作|進作|進策	source-common-subset
そうへい	倉平|創平|壮平|宗兵|宗平|宗柄|惣平|想平|操平|早兵|曹平|滄平|漱平|爽平|相平|総平|聡兵|聡平|艸平|草兵|草平|荘平|莊平|蒼平|隻平|颯平	source-common-subset
たつゆき	建之|樹之|樹志|立之|立幸|立志|立行|竜之|竜幸|竜行|起幸|辰之|辰幸|辰行|達之|達介|達将|達幸|達志|達由紀|達行|龍之|龍幸|龍由樹|龍維|龍行	source-common-subset
ゆうさく	佑作|佑策|侑作|優作|優策|勇作|勇策|友作|友策|夕咲|悠作|悠朔|悠策|有作|有策|由作|祐佐久|祐作|祐左久|祐朔|祐策|裕作|裕策|雄作|雄策|雄索	source-common-subset
あつや	亜津也|厚也|厚哉|厚弥|孜哉|惇也|惇哉|惇弥|敦也|敦哉|敦弥|敦矢|昌也|暖也|淳也|淳哉|温也|睦哉|篤也|篤哉|篤弥|純也|貴也|貴哉|農也	source-common-subset
あゆむ	あゆむ|あゆ夢|亜優夢|亜夕夢|亜夢|亜由夢|亜祐夢|厚結夢|夢|愛優夢|愛歩|愛結夢|未来|歩|歩夢|歩武|歩生|歩睦|歩結|渉|渉歩|渉睦|道|遥歩|鮎夢	source-common-subset
くれは	くれは|くれ葉|クレハ|久令葉|久玲葉|呉羽|呉葉|暮羽|暮葉|来蓮葉|玖玲玻|空玲羽|空鈴葉|紅巴|紅早|紅映|紅波|紅玲葉|紅羽|紅茶|紅華|紅葉|紅蓮羽|紅鈴羽|紅麗羽	source-common-subset
すずえ	すずえ|すず恵|すず江|スズエ|宰江|寿々恵|寿々枝|寿々永|寿々江|寿々英|寿々重|寿津江|涼恵|涼枝|涼江|涼絵|涼衣|紗依|鈴恵|鈴愛|鈴枝|鈴栄|鈴江|鈴絵|静枝	source-common-subset
あきすけ	哲介|彰介|彰輔|明介|昭介|昭典|昭輔|晃介|晃典|晶介|暁介|暁典|暁祐|朗介|淳介|璃介|璃祐|秋介|秋助|章介|章典|萌輔|顕亮|顕輔|顯亮	source-common-subset
えいいち	叡一|営一|影一|映一|暎一|栄一|栄偉知|栄市|榮一|永一|永市|永弌|瑛一|瑩一|英一|英壱|英市|英弌|英逸|衛一|衛市|詠一|鋭一|鋭以知|頴一	source-common-subset
かつのぶ	一暢|一誠|克亘|克伸|克信|克修|克允|克史|克宣|克将|克展|克延|克暢|功修|勝之|勝亘|勝伸|勝信|勝允|勝宣|勝睦|尚信|捷信|活伸|雄庸	source-common-subset
きみあき	主明|仁明|仁昭|仁暁|侯明|公亮|公彬|公彰|公明|公映|公昭|公晃|公晶|公暁|公朗|公照|公秋|公章|公義|公顕|君明|君昭|君晃|君秋|貴美昭	source-common-subset
きよかず	喜代一|喜代数|晴計|毅一|清一|清万|清和|清員|清多|清寿|清甫|清種|清良|清計|清運|清量|潔一|潔和|精一|聖一|聖和|規世和|貴代和|貴誉一|静和	source-common-subset
きよのぶ	享伸|喜代信|希与伸|恭宣|浄信|清伸|清信|清修|清允|清喜|清宜|清宣|清展|清布|清延|清悦|清暢|清言|澄伸|皖庸|紀誉信|聖伸|聖信|聖宣|聖展	source-common-subset
くにひこ	久仁彦|久弍彦|公仁彦|具仁彦|功仁彦|和比古|国彦|圀彦|國彦|土彦|地彦|州彦|恭仁彦|晋彦|有彦|玖仁彦|薫彦|訓仁彦|訓彦|邦光|邦彦|邦比古|邦良|郁彦|都彦	source-common-subset
たくひろ	卓大|卓宏|卓寛|卓広|卓弘|卓洋|卓浩|卓紘|拓大|拓央|拓宏|拓寛|拓広|拓弘|拓洋|拓滉|拓潤|拓皓|拓紘|拓裕|琢博|琢大|琢宏|琢洋|託広	source-common-subset
たけとも	丈友|丈智|丈朋|健倫|健友|健智|剛智|勇友|壮朝|威友|威智|威知|孟群|岳友|岳智|岳朋|斌友|武智|武知|毅智|猛友|猛文|竹智|雄大|雄智	source-common-subset
ただとし	侃利|公敬|匡稔|匡聡|唯利|宰豪|忠俊|忠利|忠寿|忠惇|忠敏|忠理|忠稔|忠紀|忠順|惟利|惟敏|正俊|正敏|直俊|直健|眞世|貞敏|賢寿|賢才	source-common-subset
のぶひで	伸季|伸秀|伸英|伸豪|信栄|信秀|信英|允秀|允英|宣秀|宣英|将秀|将英|展秀|展英|延秀|延英|暢秀|暢英|育秀|脩瑛|薫秀|進英|靖秀|順英	source-common-subset
てつや	テツヤ|哲也|哲哉|哲弥|哲彌|哲矢|堤津也|堤津耶|天都也|徹也|徹允|徹哉|徹夜|徹弥|徹彌|徹矢|撤哉|達也|鉄也|鉄八|鉄哉|鉄弥|鉄矢|銕也	source-common-subset
かつひこ	かつ彦|佳津彦|健彦|優彦|克彦|克日己|克比古|凱彦|剋彦|功彦|加津彦|勝彦|勝比古|和彦|嘉津彦|恒彦|捷彦|桂彦|毅彦|活彦|賀津彦|賢彦|達彦|雄彦	source-common-subset
しゅうご	修五|修伍|修吾|修悟|修梧|充吾|収吾|周吾|周悟|周護|宗吾|宗悟|就五|州吾|愁吾|愁悟|收吾|秀互|秀五|秀吾|秀悟|秋五|終五|脩晤	source-common-subset
たいぞう	台三|台蔵|大三|大蔵|大象|大造|太三|太蔵|太造|岱三|岱蔵|戴三|泰三|泰蔵|泰藏|泰造|耐三|耐造|諦三|退三|退蔵|退造|隆三|鯛三	source-common-subset
ともちか	伴周|伴睦|伴親|友愛|友親|文睦|智史|智哉|智慎|智睦|智親|朋史|朋哉|朋親|朋近|朝親|朝鄰|知周|知哉|知寛|知愛|知用|知親|知近	source-common-subset
はるゆき	悠之|悠行|明之|春之|春幸|春行|春雪|晴之|晴幸|晴行|東行|治之|治幸|治文|治由|治行|温行|玄行|知征|美行|陽之|陽志|陽悠|陽運	source-common-subset
けいや	佳也|佳哉|啓也|啓弥|啓矢|圭也|圭哉|圭弥|恵也|恵哉|恵弥|慧也|慧哉|慶也|慶哉|慶弥|敬也|敬弥|景也|桂矢|渓哉|馨也|鶏也	source-common-subset
たいち	たいち|他一|多一|多市|大一|大地|大市|大智|大知|太一|太地|太壱|太市|汰一|汰治|泰一|泰千|泰地|泰治|泰知|田一|鯛一|鯛池	source-common-subset
たもつ	任|保|全|在|執|多|多持|多茂津|多茂都|太茂津|存|完|宥|寿|将|惟|扶|持|方|有|祚|綬|維	source-common-subset
ふうこ	ふう子|冬雨子|富有子|布有子|扶右子|楓子|楓心|楓映子|楓湖|楓瑚|芙卯子|芙子|芙有子|芙歩子|芙生子|芙羽子|風右子|風呼|風子|風琴|風虎|風香|鳳子	source-common-subset
むねひろ	宗佑|宗博|宗啓|宗大|宗央|宗宏|宗寛|宗広|宗廣|宗弘|宗洋|宗浩|宗煕|宗祐|宗紘|宗裕|崇宏|崇弘|崇浩|崇裕|旨弘|統弘|致広	source-common-subset
いっき	一城|一姫|一希|一幹|一旗|一旭|一期|一木|一樹|一毅|一気|一紀|一耀|一貴|一起|一軌|一輝|一騎|一鬼|壱生|逸樹|逸記	source-common-subset
きよと	亮人|喜代人|喜代登|廉人|浄人|淑人|清人|清史|清水|清澄|清登|清都|清門|潔人|潔都|澄人|瑛士|精人|紀世人|聖人|貴世人|陽斗	source-common-subset
たつま	タツマ|立真|立磨|立馬|立麻|竜磨|竜馬|竜麻|興馬|起真|辰真|辰磨|辰馬|達摩|達満|達真|達磨|達馬|達麻|龍真|龍磨|龍馬	source-common-subset
みつや	三也|三八|三弥|三矢|三称|允也|充弥|光也|光哉|光弥|光彌|光矢|光耶|実艶|弘和|弥艶|満也|満哉|満弥|美津也|美津矢|美艶	source-common-subset
あつゆき	京是|充行|厚之|厚幸|厚行|宏介|忠幸|惇行|敦之|敦如|敦幸|敦章|敦行|淳之|淳幸|淳行|温于|温幸|篤之|篤幸|篤行|貴之	source-common-subset
けんさく	健作|健朔|健策|兼作|堅昨|建作|建策|建索|憲作|憲策|憲索|拳作|朔|権作|研作|見作|謙作|謙策|賢作|賢策|顕作|顯策	source-common-subset
さくらこ	さくらこ|さくら子|さくら恋|咲良呼|咲良子|咲蘭子|咲麗子|桜々子|桜児|桜呼|桜姫|桜子|桜心|桜恋|桜湖|桜花子|桜華子|桜香|桜鼓|櫻娘|櫻子|櫻心	source-common-subset
たけやす	丈康|丈泰|丈靖|健康|剛尉|剛康|剛靖|壮泰|威恭|岳康|岳快|岳泰|建康|武保|武康|武泰|武靖|猛康|竹康|豪康|長康|雄康	source-common-subset
ともしげ	与成|倫成|倫樹|具重|友繁|友茂|友重|大成|文臣|智哉|智成|智滋|智茂|智重|朋茂|朋重|朝茂|朝重|知成|知繁|知茂|知重	source-common-subset
なおまさ	尚優|尚允|尚匡|尚将|尚政|尚昌|尚正|尚眞|尚真|尚雅|巨将|有政|直允|直匡|直将|直政|直方|直昌|直正|直雅|真右|真祐	source-common-subset
なりひろ	勢大|周宏|周広|宜宏|尚寛|成博|成啓|成宏|成寛|成広|成弘|成洋|成浩|成祐|成紘|成裕|斉宏|斉寛|斉広|斉熙|業広|誠広	source-common-subset
ひではる	嗣治|日出治|日出玄|栄春|秀元|秀冶|秀勲|秀明|秀春|秀晴|秀治|秀美|英啓|英明|英春|英晴|英治|英玄|英相|英知|英良|豪治	source-common-subset
ひでやす	任康|偉保|嗣康|栄康|栄恭|栄泰|栄鎮|秀保|秀安|秀康|秀恭|秀易|秀泰|秀育|秀靖|英保|英安|英康|英恭|英泰|英資|英靖	source-common-subset
もとゆき	元之|元幸|元行|基之|基将|基幸|基至|基行|基起|幹之|意之|本幸|源之|源幸|源行|玄之|素之|素幸|素志|素行|職之|誠之	source-common-subset
やすみつ	保充|保光|保満|安充|安光|安晃|尉充|康允|康充|康光|康満|康通|恭充|恭光|恭満|泰充|泰光|泰満|葆光|賢照|靖光|養光	source-common-subset
しゅうへい	修兵|修平|充平|収平|周兵|周平|守平|宗平|就平|崇平|嵩平|州平|愁平|柊平|秀兵|秀平|秋平|習平|脩平|舟平|衆平|集平	source-common-subset
あくあ	あくあ|アクア|亜久亜|亜空|亜紅愛|亞久亞|天空海|愛海|愛空|明愛|明空|水|空々|空吾|空愛|空明|空碧|美青|藍空愛|藍紅愛|開愛	source-common-subset
かいり	かいり|カイリ|佳衣里|桧李|槐里|浬|海利|海吏|海梨|海理|海璃|海莉|海里|海鈴|海陸|海麗|絵吏|華入|香衣里|魁利|魁理	source-common-subset
こなつ	こなつ|仔夏|古奈津|呼奈津|子夏|小夏|小奈津|小波津|小菜都|幸夏|弘夏|心奈都|杏夏|来夏|枯奈津|梢夏|湖夏|紅夏|虹夏|誇夏|音夏	source-common-subset
あつのぶ	充伸|充展|厚伸|厚信|惇信|敦之|敦信|敦宣|敦庸|敦暢|淳伸|淳信|淳展|淳暢|温信|篤伸|篤信|篤宣|篤延|豊常|陸照	source-common-subset
あつまさ	充政|厚正|厚真|厚雅|敦正|敦理|敦雅|淳将|淳政|淳正|淳真|淳雅|温雅|篤優|篤将|篤政|篤昌|篤正|篤真|篤誠|豊昌	source-common-subset
しげなり	恵也|恵成|成就|林成|清成|滋也|滋成|繁也|繁成|茂也|茂成|茂業|茂育|茂順|誉也|誠也|重哉|重成|重斉|重然|重誠	source-common-subset
ともひで	丈栄|伴秀|倫秀|倫英|共秀|共英|具栄|友愛|友秀|友英|智任|智秀|智英|智豪|朋嗣|朋秀|朋英|朝秀|朝英|知秀|知英	source-common-subset
ともみつ	与光|伴充|倫光|偕充|共瑞|友三|友光|大充|智三|智允|智充|智光|智満|智輝|朋充|朋光|朝光|朝益|知充|知光|知満	source-common-subset
のぶちか	ノブチカ|伸允|伸元|伸周|伸哉|伸睦|伸誓|信周|信愛|信親|信誓|信近|喜史|宜史|宣親|布慎|延周|誠周|誠実|誠親|靖史	source-common-subset
はるまさ	張正|明正|明祐|春政|春正|春雅|晴公|晴將|晴政|晴正|晴雅|東雅|治将|治政|治方|治昌|治正|温昌|玄昌|近正|陽正	source-common-subset
もとはる	一治|元張|元施|元春|元晴|元治|元陽|基春|基晴|基治|基温|幹治|本治|本玄|源治|素明|素春|素晴|素治|茂鍍春|躬治	source-common-subset
やすかず	保一|保和|保選|安一|安个|安和|安寿|安計|定功|康一|康和|康員|康算|弥寿一|恭一|恵一|泰一|泰和|祥参|靖一|靖和	source-common-subset
うらん	うらん|佑藍|侑蘭|兎鸞|初蘭|卯蘭|右らん|宇蘭|愛蘭|憂|有蘭|未来|海蘭|生蘭|美蘭|羽嵐|羽藍|羽蘭|胡蘭|雨蘭	source-common-subset
そうや	創也|創哉|壮也|壮矢|奏也|宗也|宗哉|宗弥|巣也|惣弥|漱也|爽也|聡也|聡哉|草弥|荘也|蒼夜|颯也|颯哉|颯野	source-common-subset
ほたる	ほたる|光織|夏蝶|帆垂|帆多琉|帆多留|星垂|歩垂|歩樽|火垂|火尊|炎多留|穂垂|穂多琉|穂多瑠|穂足|蛍|蛍来|螢|飛蛍	source-common-subset
れおん	れおん|レオン|令恩|伶音|励温|励音|嶺穏|怜恩|怜音|澪音|玲恩|玲温|玲苑|玲遠|玲音|礼恩|礼音|連遠|麗音|黎音	source-common-subset
かずみち	一倫|一充|一学|一径|一慶|一路|一途|一通|一道|一達|右京|和倫|和岐|和満|和礼|和路|和通|和道|数充|量道	source-common-subset
かつひさ	且久|克久|克亘|克寿|克尚|克永|功久|勝久|勝央|勝寿|勝尚|尅久|捷久|旦寿|活寿|遂央|雄久|雄央|雄寿|雄文	source-common-subset
しげひさ	恵久|恵央|成久|成寿|成尚|栄久|殖久|滋久|維久|繁久|繁尚|茂久|茂壽|茂寿|茂尚|茂長|薫久|誠久|重久|重寿	source-common-subset
しゅうや	修也|修冶|修哉|修弥|修彌|収也|周也|周哉|周弥|宗也|宗哉|柊也|柊耶|秀也|秀哉|秀弥|秀耶|脩也|脩哉|脩弥	source-common-subset
じゅんか	じゅんか|惇香|淳佳|淳華|淳香|準加|潤花|潤華|潤香|純佳|純可|純禾|純花|純華|純霞|純風|純香|絢夏|順華|順風	source-common-subset
たくろう	匠朗|匠郎|卓朗|卓良|卓郎|啄朗|多久郎|太久郎|宅郎|択朗|択郎|拓廊|拓朗|拓榔|拓郎|沢楼|琢朗|琢良|琢郎|鐸朗	source-common-subset
ただかず	任一|佶一|匡和|只一|只和|唯一|孝和|宰弌|忠一|忠利|忠和|忠籌|恭一|正和|理一|直和|禎一|考一|肇一|貞和	source-common-subset
ただひこ	伊彦|公彦|匡彦|只彦|唯彦|唯比古|崇彦|忠彦|忠比古|是彦|格彦|正彦|淳彦|理彦|直彦|禎彦|紀彦|維彦|規彦|雅彦	source-common-subset
ただまさ	匡政|匡正|只正|唯正|唯雅|弾正|忠優|忠勝|忠将|忠將|忠幹|忠征|忠政|忠昌|忠晶|忠正|忠真|忠雅|正将|直正	source-common-subset
たつろう	健朗|健郎|刈良|多津郎|建朗|建郎|樹郎|立朗|立郎|竜朗|竜郎|辰朗|辰良|辰郎|達朗|達良|達郎|龍朗|龍蔵|龍郎	source-common-subset
みつやす	三恭|充保|充康|充恭|充泰|光保|光康|光庸|光恭|光晏|光泰|光鎮|光靖|晃康|晃靖|満保|満安|満泰|舜保|貢康	source-common-subset
やすなり	保也|保成|八州成|安成|康也|康就|康成|康生|恭也|恭成|泰也|泰就|泰成|泰業|泰然|祥也|耕也|雍成|靖也|靖成	source-common-subset
やすひで	保秀|保英|八寿英|八州秀|安秀|安英|康栄|康秀|康英|恭秀|恭英|泰栄|泰秀|泰英|矢須秀|育秀|裕英|豈任|靖秀|靖英	source-common-subset
あらた	あらた|亜羅多|改|新|新大|新太|新子|新朝|新汰|新潮|新珠|新田|更|珠|荒太|長|阿良太|革|鮮	source-common-subset
えいと	映人|栄人|栄十|栄翔|永人|永斗|泳人|瑛乙|瑛人|瑛斗|瑛登|英人|英偉人|英度|英斗|英杜|英渡|詠土|鋭人	source-common-subset
えつじ	悦久|悦二|悦史|悦司|悦嗣|悦志|悦時|悦次|悦治|悦爾|悦示|悦資|越久|越二|越司|越次|鉞次|鉞治|閲次	source-common-subset
かんた	冠多|勘太|勧太|寒太|寛多|寛大|寛太|幹太|幹汰|敢太|款太|歓太|漢太|環太|肝太|莞太|観大|貫太|貫汰	source-common-subset
ゆずる	ゆずる|ユズル|孫|巽|弓弦|弦|柚琉|柚瑠|柚留|由豆流|礼|禅|穣|融|襄|謙|譲|讓|遜	source-common-subset
りあん	りあん|凛安|凜杏|利庵|利杏|吏按|吏杏|李愛|李杏|梨杏|理杏|璃晏|璃杏|璃桜|絆|莉亜|莉杏|里安|里杏	source-common-subset
きょうた	亨太|享太|京大|京太|今日太|匡太|協太|喬太|強太|恭大|恭太|挙大|教太|曉太|杏太|茎太|郷太|鏡太|響太	source-common-subset
しげみつ	成充|成光|成晃|成満|栄光|滋光|盛光|繁充|繁光|繁弥|繁満|茂充|茂光|茂満|葆光|重充|重光|重満|重美津	source-common-subset
なおみち	尚通|尚道|尚達|復亨|治道|直亨|直倫|直典|直導|直慶|直理|直路|直迪|直通|直道|直達|眞理|真道|順道	source-common-subset
くりす	くりす|クリス|久利主|久梨春|久里子|久里寿|久里州|久里朱|来梨寿|来楢|来珠|栗子|栗州|栗栖|玖璃珠|紅李朱|紅里須|繰素	source-common-subset
ごうき	剛基|剛希|剛樹|剛毅|剛気|剛紀|剛義|剛貴|剛輝|豪基|豪己|豪希|豪樹|豪毅|豪生|豪紀|豪規|豪貴	source-common-subset
じゅら	じゅら|ジュラ|寿來|寿楽|寿羅|寿良|寿麗|朱羅|朱良|樹来|樹羅|樹良|樹蘭|珠楽|珠歌|珠羅|珠良|珠蘭	source-common-subset
ひでじ	日出志|日出治|瑛爾|秀二|秀仁|秀司|秀嗣|秀志|秀次|秀治|秀爾|英二|英司|英嗣|英志|英次|英治|英爾	source-common-subset
かずふみ	一二三|一典|一史|一文|一歩|一郁|三史|主文|和典|和史|和文|和郁|員文|多史|寿文|憲史|数史|籌文	source-common-subset
かずやす	一保|一安|一康|一恭|一恵|一昶|一泰|一靖|和保|和安|和康|和恭|和泰|和育|和靖|多尉|寿康|憲康	source-common-subset
こたろう	児太郎|小多朗|小多郎|小太朗|小太郎|巨太郎|己太郎|庫太郎|湖太朗|湖太郎|滬太郎|琥太朗|琥太郎|虎多朗|虎太朗|虎太郎|鼓太朗|鼓太郎	source-common-subset
さだとし	偵俊|定俊|定利|定寿|定年|定敏|定逸|為章|真敏|禎俊|禎利|禎敏|貞俊|貞利|貞寿|貞年|貞敏|貞紀	source-common-subset
たつのぶ	樹展|立信|竜伸|竜信|竜昇|竜進|竜靖|辰信|辰宣|辰延|辰暢|達信|達修|達喜|達宜|龍信|龍暢|龍遵	source-common-subset
みつはる	三晴|三治|允治|充春|充晴|充治|光敏|光春|光晴|光治|光温|光陽|晃治|満春|満晴|満治|益春|輝治	source-common-subset
もりひろ	傅弘|守卑良|守博|守啓|守宏|守広|守弘|守洋|守浩|守紘|盛博|盛宏|盛寛|盛広|盛弘|盛浩|護煕|護熙	source-common-subset
のぞむ	享|伸素夢|希|希夢|希望|希武|希求|志|想|望|望夢|望武|牧|眺|能想夢|襄|観	source-common-subset
わかば	わかば|わか葉|初香葉|和佳羽|和加葉|和夏波|和椛|和樺|和歌葉|和華羽|和香葉|新葉|稚羽|稚葉|若葉|若香葉|若馬	source-common-subset
かずみつ	一允|一充|一光|一満|一貢|万三|万満|三光|和充|和光|和晃|和満|和貢|寿光|数光|計光|量光	source-common-subset
しゅうた	修大|修太|充汰|収大|収太|周大|周太|執太|就太|柊太|柊汰|秀多|秀太|脩太|衆太|集多|集太	source-common-subset
ともつぐ	倫世|共司|具嗣|友嗣|友次|幹嗣|智嗣|智次|智紹|智継|朋次|朋継|朝世|知嗣|知次|知諭|與嗣	source-common-subset
はるひと	令人|元士|悠人|春人|春仁|春仙|晴人|晴仁|栄人|治人|治仁|治史|温仁|玄人|玄仁|陽人|陽仁	source-common-subset
ゆきのぶ	之宜|之宣|如信|将伸|幸上|幸伸|幸信|幸宣|幸延|敬展|行伸|行信|行宣|行庸|行進|透修|透暢	source-common-subset
しゅんいち	俊一|俊壱|俊市|俊逸|峻一|悛一|旬一|春一|春弌|浚一|瞬一|竣一|舜一|隼一|雋一|順一|駿一	source-common-subset
しげや	慈也|成也|成哉|滋也|滋弥|維哉|繁也|繁哉|繁弥|繁彌|茂也|茂哉|茂弥|重也|重哉|重弥	source-common-subset
のぶと	伸人|伸斗|伸門|信人|修人|允人|宣人|寛人|展人|展土|延人|暢人|登戸|誕人|野太|靖人	source-common-subset
きよひと	喜誉仁|巨人|幾代士|廉仁|清人|清仁|清史|潔一|潔人|磨仁|聖人|聖仁|聖史|貴仁|陽仁|麗仁	source-common-subset
きよふみ	健史|喜代文|圭文|廉史|斉史|浄史|清史|清文|潔史|潔文|磨史|精文|聖史|聖文|聖章|輝吉文	source-common-subset
きんいち	公一|勤一|均一|欣一|欣市|欽一|欽壱|欽市|謹一|金一|金市|釣一|鈞一|錦一|錦壱|錦市	source-common-subset
しげひこ	恵彦|慈彦|成彦|栄彦|樹彦|滋公|滋彦|滋比古|甚彦|維彦|繁彦|臣彦|茂彦|薫彦|誠彦|重彦	source-common-subset
しゅうと	修人|修斗|修翔|修都|周斗|崇人|嵩人|愁人|柊人|柊斗|秀人|秀図|秀斗|秋人|脩人|脩仁	source-common-subset
しゅんご	俊五|俊伍|俊吾|俊悟|峻伍|峻吾|峻呉|峻悟|峻梧|峻護|春吾|春悟|隼伍|隼吾|駿伍|駿吾	source-common-subset
しょうや	召夜|奨也|将也|彰也|昌也|昭也|昭弥|璋也|祥哉|祥矢|翔也|翔哉|翔弥|翔矢|聖也|聖矢	source-common-subset
たかすみ	孝澄|孝純|孝賢|崇有|敬済|敬純|誉清|豪純|貴好|貴清|貴澄|貴純|隆済|隆純|高澄|高維	source-common-subset
たけろう	丈朗|丈郎|健郎|剛朗|剛郎|威朗|岳郎|武朗|武郎|毅朗|毅郎|猛郎|竹朗|竹瑯|竹郎|豪郎	source-common-subset
たつとし	尊|建利|立俊|竜利|経利|辰俊|辰利|辰敏|辰稔|辰頼|達俊|達利|達敏|達智|龍敏|龍登志	source-common-subset
たつひこ	企彦|多津彦|太津彦|巽彦|建彦|樹彦|瀧彦|立彦|立比古|竜彦|竜比古|起彦|辰彦|達彦|達比古|龍彦	source-common-subset
もとやす	元|元保|元康|元彦|元恭|元泰|元能|元靖|基安|基康|基恭|基泰|基靖|太保|己基|素康	source-common-subset
もりあき	保昭|司亮|司明|守亮|守彬|守明|守昭|守晃|守章|盛亮|盛彰|盛明|盛昭|盛秋|盛章|積昭	source-common-subset
やすみち	保通|保道|安通|安道|定康|康倫|康通|康道|恭路|恭通|恭道|泰倫|泰通|泰道|靖通|靖道	source-common-subset
かなで	かなで|和奏|和音|奏|奏楽|奏美|奏音|日奏|楓奏|美奏|花奏|花撫|鐘|音楽|響	source-common-subset
しゅん	しゅん|シュン|俊|峻|恂|旬|昇|春|浚|瞬|竣|舜|隼|雋|駿	source-common-subset
すずね	すず音|凜音|寿々音|朱々音|涼子|涼希|涼音|澄音|紗音|翠々子|鈴寿音|鈴珠音|鈴音|鈴響|錫音	source-common-subset
たいが	たいが|大凱|大峩|大我|大河|大牙|大神|大賀|大雅|太河|太雅|帝輝|泰我|泰賀|泰雅	source-common-subset
たいし	大嗣|大四|大士|大志|大詞|太史|太嗣|太士|太詩|岱志|泰史|泰士|泰至|耐之|苔志	source-common-subset
つばき	つばき|ツバキ|乙姫|山茶|月羽希|椿|椿姫|椿希|椿有|椿樹|椿生|翼姫|翼希|翼樹|翼生	source-common-subset
とうご	冬吾|十冴|十梧|東五|東伍|東吾|桐吾|瞳吾|統吾|統悟|藤五|藤伍|藤吾|透吾|闘吾	source-common-subset
ひでや	俶冶|偉也|日出弥|日出谷|栄弥|秀也|秀哉|秀弥|秀矢|英也|英哉|英弥|英矢|豪也|豪哉	source-common-subset
かおるこ	かおる子|カオルコ|匂子|花織子|芳子|華織子|薫子|薫来|郁子|香子|香心|香木|香瑠鼓|香留鼓|馨子	source-common-subset
かつしげ	一重|且薫|克成|克栄|克樹|克篤|克繁|克茂|克重|勝成|勝栄|勝茂|勝重|活茂|雄繁	source-common-subset
きよつぐ	喜代嗣|喜代次|喜代継|浄嗣|清世|清二|清司|清嗣|清族|清次|清紹|清継|清貢|磨嗣|起容嗣	source-common-subset
しげとも	兄朝|成友|滋友|繁友|繁知|茂友|茂智|茂朝|誠朋|重友|重明|重智|重朋|重朝|重知	source-common-subset
しげふみ	成史|成文|成美|栄史|樹史|滋史|滋文|甚文|繁史|繁文|茂史|茂文|薫文|重史|重文	source-common-subset
しょうり	勝利|尚利|尚吏|尚理|尚里|彰吏|昇凜|昇利|昇吏|晶莉|松鯉|祥吏|祥理|翔理|霄里	source-common-subset
てつあき	哲彰|哲明|哲昭|哲晃|哲晶|哲朗|哲秋|哲章|哲顕|徹明|徹昭|徹晃|徹秋|徹章|鉄明	source-common-subset
なおひさ	尚久|尚央|尚寿|巨寿|有央|有寿|直久|直冨|直央|直寿|直尚|直恒|直旧|直永|真央	source-common-subset
はるやす	敏保|明保|明育|春保|晴保|晴康|晴庸|晴泰|治安|治康|治恭|治泰|陽保|陽康|陽裕	source-common-subset
ますひろ	倍弘|升裕|増広|増弘|増浩|益博|益周|益啓|益大|益央|益宏|益広|益弘|益浩|益裕	source-common-subset
むねたか	宗享|宗孝|宗尊|宗尭|宗崇|宗延|宗敬|宗篁|宗能|宗貴|宗隆|宗高|志崇|志王|致孝	source-common-subset
むねよし	宗克|宗厳|宗吉|宗喜|宗宜|宗悦|宗敬|宗純|宗美|宗義|宗能|宗與|宗良|宗芳|宗賢	source-common-subset
もとのぶ	元伸|元信|元宣|元展|元暢|元達|基伸|基信|基延|意舒|源信|素伸|素信|素宣|素延	source-common-subset
もとひこ	元彦|元比古|基彦|基比古|太彦|始比古|宗彦|幹彦|本彦|東彦|源彦|紀彦|素彦|統彦|資彦	source-common-subset
ようへい	容平|庸平|揚平|曜平|洋兵|洋平|耀平|要平|謡平|遥平|陽兵|陽坪|陽平|養平|鷹平	source-common-subset
りょうご	了五|了悟|亮五|亮吾|亮悟|涼吾|良吾|良悟|蓼吾|諒悟|遼吾|陵悟|領吾|龍伍|龍吾	source-common-subset
だいご	代古|代悟|大五|大伍|大剛|大吾|大子|大悟|大碁|大護|太剛|太吾|太悟|醍醐	source-common-subset
やまと	也真登|倭|倭人|倭斗|和|大人|大和|大和人|大翔|大都|山人|山兎|山登|矢真人	source-common-subset
れんじ	廉二|廉司|廉士|廉次|廉治|憐次|練二|練治|蓮司|蓮治|連司|錬二|錬次|錬治	source-common-subset
しげひと	成人|成仁|栄人|樹人|滋仁|盛人|盛仁|繁人|繁仁|繁史|茂人|茂仁|重人|重仁	source-common-subset
しげみち	成蹊|成通|成道|樹道|滋道|篤道|繁導|誠通|誠道|重導|重方|重理|重迪|重道	source-common-subset
しゅんや	俊也|俊哉|俊弥|峻夜|峻矢|峻野|旬哉|竣也|舜也|舜哉|隼也|駿也|駿弥|駿野	source-common-subset
ひでなり	栄生|秀也|秀周|秀就|秀成|秀斉|秀有|秀業|英也|英就|英成|英生|英礼|英誠	source-common-subset
ひでふみ	偉史|嗣史|栄文|秀典|秀出郁|秀史|秀文|秀章|英典|英冨美|英史|英文|英郁|豪文	source-common-subset
むねのり	宗仙|宗典|宗則|宗宜|宗徳|宗憲|宗敬|宗矩|宗範|宗紀|宗規|宗訓|宗記|旨伯	source-common-subset
もとかず	元一|元和|初万|原一|喬一|基一|基和|基員|幹和|求和|素一|素和|統一|誠一	source-common-subset
だいち	大一|大値|大千|大地|大智|大治|大痴|大知|大致|太地|太智|太池|朶一	source-common-subset
とうや	冬夜|冬野|凍矢|斗也|東也|東野|柊弥|燈夜|透也|透夜|透弥|透矢|透耶	source-common-subset
ゆいと	唯人|唯仁|唯大|唯斗|唯都|惟人|汐世音|結人|結斗|結杜|結糸|結都|維人	source-common-subset
りゅう	りゅう|凛|劉|柳|流|瀏|琉|留|立|竜|隆|龍|龍宇	source-common-subset
きみはる	仁晴|仁治|仁陽|僖美治|公冶|公春|公晴|公治|公美|君春|君治|喜美春|王晴	source-common-subset
きよまさ	健正|清全|清勝|清匡|清将|清政|清昌|清栄|清正|清雅|聖将|聖征|聖真	source-common-subset
くにみつ	久爾満|国充|国光|国満|圀光|國三|國光|晋光|玖光|訓光|邦充|邦光|都通	source-common-subset
さぶろう	三朗|三武郎|三良|三郎|佐武朗|佐武郎|佐甫良|参郎|左文郎|左武郎|彩歩郎|砂生朗|茶六朗	source-common-subset
しげぞう	滋三|稠三|繁三|繁像|繁蔵|繁藏|繁造|茂三|茂蔵|茂造|重三|重蔵|重造	source-common-subset
しゅんた	俊多|俊太|峻大|峻太|旬太|春太|瞬太|竣大|竣太|舜太|隼太|駿太|駿汰	source-common-subset
ながまさ	久雅|修将|寿昌|永政|永昌|永正|永真|永芳|永雅|長政|長昌|長正|長真	source-common-subset
ひでつぐ	栄嗣|栄胤|秀告|秀嗣|秀暁|秀次|秀継|秀胤|英嗣|英次|英紹|英継|英諭	source-common-subset
みきひろ	幹博|幹啓|幹大|幹宏|幹寛|幹広|幹廣|幹弘|幹洋|幹浩|幹紘|幹裕|翰弘	source-common-subset
もとなり	元就|元成|基也|基成|基斉|大尚|本生|祖教|素也|素成|素誠|統也|資成	source-common-subset
もりたか	司宣|執孝|守孝|守敬|守貴|守隆|守高|盛孝|盛巍|盛敬|盛貴|盛隆|盛高	source-common-subset
やすてる	保晃|保輝|安輝|康光|康晃|康照|康輝|恭輝|泰光|泰照|泰輝|泰顕|靖晃	source-common-subset
やすふみ	保史|保文|安史|康允|康史|康文|恭史|恭文|泰史|泰文|靖史|靖文|養文	source-common-subset
ゆうへい	ゆう平|侑平|優平|勇平|友平|幽平|悠平|有平|湧平|祐平|融平|裕平|雄平	source-common-subset
えいた	栄太|永大|永太|瑛多|瑛大|瑛太|瑛汰|英多|英太|詠太|鋭太|頴太	source-common-subset
こうめ	光瞳|小梅|幸夢|幸女|幸梅|幸芽|生芽|皇芽|香女|香宇女|香梅|香芽	source-common-subset
すばる	すばる|一統|昂|昴|昴流|朱晴|澄晴|珠羽流|珠遥|純星|素晴|統	source-common-subset
あさひこ	旭児|旭子|晁彦|晨彦|朝彦|朝日子|浅彦|阿佐彦|麻彦|麻比児|麻比古|黎彦	source-common-subset
あつろう	充朗|充郎|厚朗|厚郎|惇郎|敦朗|敦郎|淳朗|淳郎|温朗|篤朗|篤郎	source-common-subset
しゅうま	修摩|修馬|周摩|周真|周磨|周馬|州摩|州馬|柊馬|秀真|秀磨|秀馬	source-common-subset
じゅんた	惇太|旬太|淳多|淳太|準太|潤太|純多|純太|絢太|隼太|順大|順太	source-common-subset
なおかず	侃一|尚一|尚克|尚和|尚計|有一|直一|直三|直司|直和|直計|真一	source-common-subset
ひさやす	久保|久定|久康|久恭|久泰|久裕|久靖|央康|寿康|寿泰|尚泰|永康	source-common-subset
やすちか	保親|安周|安親|康允|康愛|康親|泰史|泰周|泰睦|靖周|靖親|靖近	source-common-subset
ほまれ	ほまれ|保希|宝稀|帆希|帆稀|希|希穂|歩希|穂希|誉|誉子	source-common-subset
あつひさ	厚久|厚寿|宏寿|富久|敦久|淳久|淳寿|温久|篤久|篤寿|貴文	source-common-subset
えいさく	暎作|栄佐久|栄作|栄策|永作|英作|英朔|英策|衡作|鋭作|鋭策	source-common-subset
くにかず	久二一|国一|国和|国数|州和|訓一|訓和|邦一|邦和|邦員|邦寿	source-common-subset
しげただ	成忠|成格|滋匡|滋忠|滋正|繁忠|繁正|茂忠|重忠|重格|重真	source-common-subset
たくぞう	倬三|倬造|卓三|卓蔵|卓造|宅三|宅造|拓三|拓蔵|拓造|琢三	source-common-subset
たけなお	丈直|健奈生|健巨|剛巨|剛直|威尚|岳哉|武尚|武直|武直夫|竹直	source-common-subset
たつひと	建人|立人|立仁|竜人|竜仁|辰人|辰仁|達人|達仁|龍人|龍仁	source-common-subset
ともなが	共永|友祥|友長|奉久|智良|智長|朋永|朝永|知修|知永|知長	source-common-subset
りゅうご	柳梧|竜五|竜伍|竜午|竜吾|竜悟|隆吾|隆悟|龍五|龍吾|龍悟	source-common-subset
すずの	すずの|すず乃|寿々乃|涼乃|涼野|紗乃|鈴乃|鈴望|錫乃|錫野	source-common-subset
はやた	八彌多|勇汰|征太|快太|早太|迅太|速太|隼大|隼太|隼汰	source-common-subset
さだはる	定敏|定春|定晴|定治|禎治|貞仁|貞明|貞春|貞晴|貞治	source-common-subset
しんきち	伸吉|信吉|慎吉|新吉|晋吉|瀋吉|申吉|眞吉|真吉|進吉	source-common-subset
たつふみ	建文|樹史|竜史|竜文|辰史|辰文|達史|達文|龍史|龍文	source-common-subset
とよひこ	一陽彦|仁彦|東彦|東洋彦|渡洋彦|統洋彦|豊世彦|豊彦|豊日子|豊比古	source-common-subset
なりまさ	勢將|就将|就正|成将|成昌|成正|成祐|成雅|斉正|業盛	source-common-subset
なりやす	就安|就康|成安|成康|成泰|成益|成靖|斉保|斉康|斉泰	source-common-subset
はるひで	春秀|春英|晴秀|晴英|東秀|治栄|治秀|治英|玄任|陽英	source-common-subset
りゅうた	柳多|柳太|琉太|瑠太|立太|竜太|竜田|隆太|龍太|龍汰	source-common-subset
とうま	冬真|冬馬|刀麻|東馬|桃真|桃馬|藤馬|透真|透馬	source-common-subset
はつね	はつね|ハツネ|八津音|初子|初寧|初弥|初根|初音|発音	source-common-subset
ひなつ	和月|妃夏|妃奈月|日夏|日捺|比捺|緋夏|陽夏|飛夏	source-common-subset
ほくと	ほくと|北兎|北斗|北星|北杜|北稲|北都|方久斗|星天翔	source-common-subset
きみのぶ	公亘|公伸|公信|公允|公宣|公延|君伸|君允|季己伸	source-common-subset
さだみち	奠迪|定理|定通|定道|禎通|覚行|貞迪|貞通|貞道	source-common-subset
さだみつ	定充|定光|定満|定盈|禎光|規碩|貞三|貞充|貞光	source-common-subset
たかむね	剛志|孝宗|尚宗|崔宗|貴宗|隆宗|隆心|高宗|鷹宗	source-common-subset
たけぞう	丈三|多稼蔵|武三|武蔵|武造|竹三|竹蔵|竹造|雄造	source-common-subset
りゅうや	琉矢|竜也|竜弥|竜矢|隆也|隆弥|龍也|龍哉|龍弥	source-common-subset
えつし	恵都嗣|悦之|悦史|悦司|悦士|悦志|悦資|越史	source-common-subset
あつしげ	忠薫|敦成|敦茂|淳成|淳繁|温重|篤茂|篤重	source-common-subset
きよなり	淳也|清也|清就|清成|粋成|聖也|聖斉|陽也	source-common-subset
さだひこ	偵彦|勘彦|完彦|定彦|決彦|禎彦|節彦|貞彦	source-common-subset
ながやす	修康|修靖|永安|永康|永泰|長康|長恭|長靖	source-common-subset
むねまさ	宗政|宗昌|宗正|宗理|宗真|宗賢|宗雅|崇正	source-common-subset
むねゆき	宗之|宗于|宗幸|宗征|宗由規|宗行|志行|統之	source-common-subset
ゆうだい	侑大|優大|勇大|悠大|湧大|由大|裕大|雄大	source-common-subset
ゆきひで	之英|幸栄|幸秀|幸英|征秀|行栄|行秀|行英	source-common-subset
まなぶ	まなぶ|マナブ|勉|学|学海|愛|麻那舞	source-common-subset
くにしげ	国重|訓成|邦成|邦栄|邦繁|邦茂|邦重	source-common-subset
さんぺい	三兵|三平|三瓶|参平|山兵|賛平|贊平	source-common-subset
たいよう	大曜|大洋|大陽|太洋|太陽|泰洋|泰陽	source-common-subset
てっぺい	哲兵|哲平|徹兵|徹平|鉄兵|鉄平|鐵兵	source-common-subset
とよかず	仁一|富一|東洋一|豊一|豊和|豊策|豐數	source-common-subset
りきや	利喜弥|力也|力哉|力弥|力耶|吏己也	source-common-subset
りくと	利徠斗|碧斗|陸人|陸仁|陸斗|陸翔	source-common-subset
あつひで	団秀|敦秀|淳英|穆英|篤秀|篤英	source-common-subset
えいきち	映吉|暎吉|栄吉|永吉|英吉|鋭吉	source-common-subset
とよしげ	豊信|豊成|豊栄|豊繁|豊茂|豊重	source-common-subset
やたろう	八太郎|弥太朗|弥太郎|彌太郎|谷太朗|谷太郎	source-common-subset
よりまさ	順政|順正|頼政|頼昌|頼正|頼雅	source-common-subset
りゅうと	流斗|竜人|竜斗|竜登|隆人|隆斗	source-common-subset
りゅうま	瑠真|竜真|竜舞|竜馬|龍真|龍馬	source-common-subset
さだつぐ	定嗣|定次|貞嗣|貞次|貞統	source-common-subset
だいさく	大作|大左久|大策|太作|太策	source-common-subset
なりとも	克友|成大|成智|斉朝|誠智	source-common-subset
ゆうてつ	優哲|優徹|優鉄|友哲|有哲	source-common-subset
こてつ	コテツ|子鉄|小鉄|虎哲	source-common-subset
たくむ	巧|巧夢|拓|拓夢	source-common-subset
ねんじ	年次|念慈|捻治|稔侍	source-common-subset
ひろた	博太|宏太|広太|洋太	source-common-subset
いっぺい	一兵|一平|壱平|逸平	source-common-subset
まんぞう	万三|万蔵|万造|満三	source-common-subset
むねはる	宗春|宗晴|宗治|棟治	source-common-subset
むねひさ	宗久|宗寿|宗尚|統久	source-common-subset
むさし	六三四|武蔵|無茶士	source-common-subset
あやたか	彩貴|文隆|綾貴	source-common-subset
きっぺい	吉平|桔平|輝平	source-common-subset
れいご	礼吾|礼悟	source-common-subset
いってつ	一哲|一徹	source-common-subset
ひゅうが	日向|陽向	source-common-subset
なつひこ	夏彦	source-common-subset
まんぺい	万平	source-common-subset
ゆりな	ゆりな|ゆり奈|ゆり菜|佑梨南|佑璃那|佑莉奈|佑里奈|佑里菜|佑里那|侑令奈|侑倫奈|侑凜凪|侑凜名|侑凜菜|侑凜那|侑利奈|侑利菜|侑利那|侑吏奈|侑吏那|侑李七|侑李南|侑李夏|侑李奈|侑李梨|侑李苗|侑李菜|侑李那|侑梨七|侑梨南|侑梨名|侑梨奈|侑梨捺|侑梨渚|侑梨菜|侑梨那|侑理名|侑理奈|侑理菜|侑理那|侑琉奈|侑璃奈|侑璃菜|侑璃那|侑莉南|侑莉奈|侑莉愛|侑莉菜|侑里南|侑里名|侑里奈|侑里苗|侑里菜|侑里那|侑鈴夏|侑鈴奈|侑鈴菜|侑麗菜|侑麗那|優令奈|優倫奈|優凜凪|優凜名|優凜菜|優凜那|優利奈|優利菜|優利那|優合菜|優吏奈|優吏那|優李七|優李南|優李夏|優李奈|優李梨|優李苗|優李菜|優李那|優梨七|優梨南|優梨名|優梨奈|優梨捺|優梨渚|優梨菜|優梨那|優理名|優理奈|優理菜|優理那|優琉奈|優璃奈|優璃捺|優璃菜|優璃那|優莉南|優莉奈|優莉己|優莉愛|優莉菜|優莉那|優里名|優里奈|優里苗|優里菜|優里那|優鈴夏|優鈴奈|優鈴菜|優麗菜|優麗那|友令奈|友倫奈|友凜凪|友凜名|友凜菜|友凜那|友利奈|友利菜|友利那|友吏奈|友吏那|友李七|友李南|友李夏|友李奈|友李梨|友李苗|友李菜|友李那|友梨七|友梨名|友梨奈|友梨捺|友梨渚|友梨菜|友梨那|友理名|友理奈|友理菜|友理那|友琉奈|友璃奈|友璃菜|友璃那|友莉南|友莉奈|友莉己|友莉菜|友莉那|友里名|友里奈|友里苗|友里菜|友里那|友鈴夏|友鈴奈|友鈴菜|友麗菜|友麗那|唯令奈|唯倫奈|唯凜凪|唯凜名|唯凜菜|唯凜那|唯利奈|唯利菜|唯吏奈|唯吏那|唯李七|唯李南|唯李夏|唯李奈|唯李梨|唯李苗|唯李菜|唯梨七|唯梨南|唯梨名|唯梨奈|唯梨愛|唯梨捺|唯梨渚|唯梨菜|唯梨那|唯理名|唯理奈|唯理菜|唯理那|唯琉奈|唯璃奈|唯璃菜|唯璃那|唯莉南|唯莉奈|唯莉己|唯莉菜|唯莉那|唯里名|唯里奈|唯里苗|唯里菜|唯鈴夏|唯鈴奈|唯鈴菜|唯麗菜|唯麗那|夕令奈|夕倫奈|夕凜凪|夕凜名|夕凜菜|夕凜那|夕利奈|夕利菜|夕吏奈|夕吏那|夕李七|夕李南|夕李夏|夕李奈|夕李梨|夕李苗|夕李菜|夕李那|夕梨七|夕梨南|夕梨名|夕梨奈|夕梨捺|夕梨渚|夕梨菜|夕梨那|夕理名|夕理奈|夕理菜|夕理那|夕琉奈|夕璃奈|夕璃菜|夕璃那|夕莉南|夕莉奈|夕莉愛|夕莉菜|夕莉那|夕里名|夕里奈|夕里苗|夕里菜|夕鈴夏|夕鈴奈|夕鈴菜|夕麗菜|夕麗那|夢里奈|宥令奈|宥倫奈|宥凜凪|宥凜名|宥凜菜|宥凜那|宥利菜|宥利那|宥吏奈|宥吏那|宥李七|宥李南|宥李夏|宥李奈|宥李梨|宥李苗|宥李菜|宥李那|宥梨七|宥梨南|宥梨名|宥梨奈|宥梨捺|宥梨渚|宥梨菜|宥梨那|宥理名|宥理奈|宥理菜|宥理那|宥琉奈|宥璃奈|宥璃菜|宥璃那|宥莉南|宥莉奈|宥莉己|宥莉菜|宥莉那|宥里名|宥里苗|宥里菜|宥里那|宥鈴夏|宥鈴奈|宥鈴菜|宥麗菜|宥麗那|悠令奈|悠倫奈|悠凜凪|悠凜名|悠凜菜|悠凜那|悠利奈|悠利菜|悠利那|悠吏奈|悠吏那|悠李七|悠李南|悠李夏|悠李奈|悠李梨|悠李苗|悠李菜|悠梨七|悠梨南|悠梨名|悠梨奈|悠梨捺|悠梨渚|悠梨菜|悠梨那|悠理名|悠理奈|悠理菜|悠理那|悠琉奈|悠璃奈|悠璃菜|悠璃那|悠莉南|悠莉奈|悠莉己|悠莉菜|悠莉那|悠里名|悠里奈|悠里苗|悠里菜|悠鈴夏|悠鈴奈|悠鈴菜|悠麗菜|悠麗那|有令奈|有倫奈|有凜凪|有凜名|有凜菜|有凜那|有利奈|有利菜|有利那|有吏奈|有吏那|有李七|有李南|有李夏|有李奈|有李梨|有李苗|有李菜|有李那|有梨七|有梨南|有梨名|有梨奈|有梨捺|有梨渚|有梨菜|有梨那|有理名|有理奈|有理菜|有琉奈|有璃奈|有璃菜|有璃那|有莉南|有莉奈|有莉菜|有莉那|有里南|有里名|有里奈|有里苗|有里菜|有里那|有鈴夏|有鈴奈|有鈴菜|有麗菜|有麗那|柚令奈|柚倫奈|柚凜凪|柚凜名|柚凜菜|柚凜那|柚利菜|柚利那|柚吏奈|柚吏那|柚李七|柚李南|柚李夏|柚李奈|柚李梨|柚李苗|柚李菜|柚李那|柚梨七|柚梨南|柚梨名|柚梨奈|柚梨捺|柚梨渚|柚梨菜|柚梨那|柚理名|柚理奈|柚理菜|柚理那|柚琉奈|柚璃奈|柚璃菜|柚璃那|柚莉南|柚莉奈|柚莉愛|柚莉菜|柚莉那|柚里名|柚里奈|柚里苗|柚里菜|柚里那|柚鈴夏|柚鈴奈|柚鈴菜|柚麗菜|柚麗那|由令奈|由倫奈|由凜凪|由凜名|由凜菜|由凜那|由利奈|由利菜|由利那|由吏奈|由吏那|由李七|由李南|由李夏|由李奈|由李梨|由李苗|由李菜|由李那|由梨七|由梨南|由梨名|由梨奈|由梨捺|由梨渚|由梨菜|由梨那|由理七|由理名|由理奈|由理菜|由理那|由琉奈|由璃奈|由璃菜|由璃那|由莉南|由莉奈|由莉菜|由莉那|由里名|由里奈|由里苗|由里菜|由里那|由鈴夏|由鈴奈|由鈴菜|由麗菜|由麗那|百合名|百合奈|百合菜|百合那|百里奈|祐令奈|祐倫奈|祐凜凪|祐凜名|祐凜菜|祐凜那|祐利奈|祐利菜|祐利那|祐吏奈|祐吏那|祐李七|祐李南|祐李夏|祐李奈|祐李梨|祐李苗|祐李菜|祐李那|祐梨七|祐梨南|祐梨名|祐梨奈|祐梨愛|祐梨捺|祐梨渚|祐梨菜|祐梨那|祐理名|祐理奈|祐理菜|祐理那|祐琉奈|祐璃奈|祐璃菜|祐璃那|祐莉南|祐莉奈|祐莉菜|祐莉那|祐里南|祐里名|祐里奈|祐里苗|祐里菜|祐里那|祐鈴夏|祐鈴奈|祐鈴菜|祐麗菜|祐麗那|結令奈|結倫奈|結凜凪|結凜名|結凜菜|結凜那|結利奈|結利那|結吏奈|結吏那|結李七|結李南|結李夏|結李奈|結李梨|結李苗|結李菜|結李那|結梨七|結梨南|結梨名|結梨愛|結梨捺|結梨渚|結梨菜|結梨那|結理名|結理奈|結理菜|結理那|結琉奈|結璃奈|結璃菜|結璃那|結莉奈|結莉菜|結莉那|結里名|結里奈|結里苗|結里菜|結里那|結鈴夏|結鈴奈|結鈴菜|結麗菜|結麗那|羅莉樹|裕令奈|裕倫奈|裕凜凪|裕凜名|裕凜菜|裕凜那|裕利奈|裕利菜|裕利那|裕吏奈|裕吏那|裕李七|裕李南|裕李夏|裕李奈|裕李梨|裕李苗|裕李菜|裕李那|裕梨七|裕梨南|裕梨名|裕梨奈|裕梨捺|裕梨渚|裕梨菜|裕梨那|裕理名|裕理奈|裕理菜|裕理那|裕琉奈|裕璃奈|裕璃菜|裕璃那|裕莉南|裕莉奈|裕莉己|裕莉菜|裕莉那|裕里名|裕里奈|裕里苗|裕里菜|裕里那|裕鈴夏|裕鈴奈|裕鈴菜|裕麗菜|裕麗那	given-name-dictionary
あゆみ	あゆみ|あゆ味|あゆ実|あゆ巳|あゆ望|あゆ未|あゆ海|あゆ笑|あゆ美|あゆ見|アユミ|アユ美|一歩|亜佑三|亜佑実|亜佑巳|亜佑未|亜佑海|亜佑深|亜佑美|亜佑見|亜佑視|亜侑実|亜侑弥|亜侑美|亜優三|亜優実|亜優巳|亜優未|亜優海|亜優深|亜優美|亜優見|亜優視|亜勇三|亜勇実|亜勇巳|亜勇未|亜勇海|亜勇深|亜勇美|亜勇見|亜勇視|亜友三|亜友充|亜友味|亜友実|亜友巳|亜友望|亜友未|亜友海|亜友深|亜友美|亜友見|亜友視|亜右実|亜右未|亜右美|亜唯三|亜唯実|亜唯巳|亜唯未|亜唯海|亜唯深|亜唯美|亜唯見|亜唯視|亜夕三|亜夕実|亜夕深|亜夕美|亜夕見|亜夕視|亜夢実|亜夢美|亜夢見|亜弓|亜弓実|亜弓美|亜悠三|亜悠実|亜悠巳|亜悠未|亜悠末|亜悠海|亜悠深|亜悠美|亜悠見|亜悠視|亜愉美|亜有三|亜有子|亜有実|亜有弥|亜有未|亜有深|亜有美|亜有見|亜有視|亜木美|亜柚実|亜柚美|亜湧美|亜由三|亜由妃|亜由子|亜由実|亜由實|亜由己|亜由巳|亜由弥|亜由望|亜由未|亜由民|亜由海|亜由深|亜由満|亜由生|亜由美|亜由見|亜由視|亜祐三|亜祐実|亜祐巳|亜祐未|亜祐海|亜祐深|亜祐美|亜祐見|亜祐視|亜結未|亜結海|亜結美|亜美|亜裕三|亜裕実|亜裕巳|亜裕未|亜裕海|亜裕深|亜裕美|亜裕見|亜裕視|亜諭美|亜酉美|亜雄美|亞弓|亞有実|亞有美|亞柚魅|会夢海|会美|先|吾由弥|和結美|夢|夢海|天優弥|天弓|天弓美|天裕美|安佑三|安佑実|安佑巳|安佑未|安佑海|安佑深|安佑美|安佑見|安佑視|安優三|安優実|安優巳|安優未|安優海|安優深|安優美|安優見|安優視|安勇三|安勇実|安勇巳|安勇未|安勇海|安勇深|安勇美|安勇見|安勇視|安友三|安友実|安友巳|安友未|安友海|安友深|安友美|安友見|安友視|安唯三|安唯実|安唯巳|安唯未|安唯海|安唯深|安唯美|安唯見|安唯視|安夕三|安夕実|安夕巳|安夕未|安夕海|安夕深|安夕美|安夕見|安夕視|安弓|安弓実|安弓巳|安弓美|安悠三|安悠実|安悠巳|安悠未|安悠海|安悠深|安悠美|安悠見|安悠視|安抽美|安有三|安有実|安有巳|安有未|安有海|安有深|安有美|安有見|安有視|安未|安由三|安由実|安由巳|安由未|安由海|安由深|安由美|安由見|安由視|安祐三|安祐実|安祐巳|安祐未|安祐海|安祐深|安祐美|安祐見|安祐視|安結実|安結美|安裕三|安裕実|安裕巳|安裕未|安裕海|安裕深|安裕美|安裕見|安裕視|希海|彩優実|彩優美|彩優魅|彩友海|彩友美|彩夕海|彩弓|彩歩|彩生|彩由実|彩由海|彩由美|彩祐美|彩結美|彩美|彩邑美|愛三|愛佑美|愛優実|愛優美|愛優魅|愛友実|愛友海|愛友美|愛唯美|愛夕海|愛夕美|愛夢|愛夢実|愛夢美|愛実|愛己|愛弓|愛恵|愛恵美|愛悠美|愛有実|愛有美|愛未|愛歩|愛歩実|愛民|愛海|愛由実|愛由未|愛由海|愛由美|愛祐実|愛祐美|愛結|愛結実|愛結心|愛結海|愛結美|愛結見|愛美|愛裕実|愛裕未|愛裕美|愛見|文弓|文美|斐弓|新弓|方実|方美|明佑美|明優実|明優望|明優海|明優美|明友実|明友美|明夕実|明夕海|明夢|明幸美|明弓|明有実|明有美|明由実|明由美|明百美|明祐実|明祐満|明結海|明裕未|昭佑美|晃弓|晏三|晏弓|晏由美|暁弓|有佑美|有優光|有優実|有優歩|有優美|有友実|有夕妃|有夕実|有夕美|有弓|有悠実|有悠美|有未|有柚美|有由実|有由未|有由美|有由見|有祐望|有祐美|有裕美|朝優美|朝友美|朝夕美|朝弓美|朝由見|朱侑美|朱優光|朱優歩|朱弓|朱由美|朱祐美|朱美|杏優海|杏優美|杏友美|杏唯実|杏夢海|杏弓|杏悠実|杏有美|杏柚実|杏海|杏由実|杏由弓|杏由水|杏由美|杏結実|案由美|梓弓|歩|歩三|歩侑美|歩光|歩夢実|歩夢海|歩子|歩実|歩峰|歩己|歩巳|歩弓|歩弥|歩心|歩望|歩未|歩泉|歩海|歩深|歩珠|歩瑞|歩生|歩由実|歩由美|歩瞳|歩結心|歩結海|歩美|歩翠|歩行|歩見|歩身|歩雅|歩魅|浴|海弓美|渉|渉実|渉美|珠弓|礼弓|空柚|紋弓|絢弓|絢海|綾友美|綾唯実|綾唯美|綾実|綾弓|綾由美|綾美|肖后|肖海|肖美|英由美|英裕美|蒼佑美|藍夕海|藍由美|遥歩|遥海|阿佑三|阿佑実|阿佑巳|阿佑未|阿佑海|阿佑深|阿佑美|阿佑見|阿佑視|阿優三|阿優実|阿優巳|阿優未|阿優海|阿優深|阿優美|阿優見|阿優視|阿勇三|阿勇実|阿勇巳|阿勇未|阿勇海|阿勇深|阿勇美|阿勇見|阿勇視|阿友三|阿友実|阿友巳|阿友未|阿友海|阿友深|阿友美|阿友見|阿友視|阿唯三|阿唯実|阿唯巳|阿唯未|阿唯海|阿唯深|阿唯美|阿唯見|阿唯視|阿夕三|阿夕実|阿夕巳|阿夕未|阿夕海|阿夕深|阿夕見|阿夕視|阿弓|阿悠三|阿悠実|阿悠巳|阿悠未|阿悠海|阿悠深|阿悠美|阿悠見|阿悠視|阿有三|阿有実|阿有巳|阿有未|阿有海|阿有深|阿有美|阿有見|阿有視|阿由三|阿由実|阿由巨|阿由巳|阿由未|阿由海|阿由深|阿由示|阿由美|阿由見|阿由視|阿祐三|阿祐実|阿祐巳|阿祐未|阿祐海|阿祐深|阿祐美|阿祐見|阿祐視|阿裕三|阿裕実|阿裕巳|阿裕未|阿裕海|阿裕深|阿裕美|阿裕見|阿裕視|阿諭実|阿諭美|雅佑未|雅友実|雅友美|雅弓|雅由美|香美|香魚美|鮎|鮎実|鮎弓|鮎未|鮎水|鮎深|鮎美|鮎見|麻友美|麻弓|麻由実|麻由美	given-name-dictionary
あきえ	あきえ|あき恵|あき慧|あき枝|あき江|あき英|あき重|アキエ|アキ絵|丹江|亜伎恵|亜伎慧|亜伎枝|亜伎江|亜伎絵|亜喜恵|亜喜慧|亜喜枝|亜喜江|亜喜絵|亜基恵|亜基慧|亜基枝|亜妃恵|亜季恵|亜季枝|亜季江|亜季絵|亜岐恵|亜希恵|亜希慧|亜希枝|亜希栄|亜希江|亜希絵|亜希英|亜希重|亜暉恵|亜暉慧|亜暉枝|亜暉江|亜暉絵|亜木恵|亜樹恵|亜樹慧|亜樹枝|亜樹江|亜樹絵|亜祈恵|亜祈枝|亜祈江|亜祈絵|亜紀恵|亜紀慧|亜紀枝|亜紀栄|亜紀江|亜紀絵|亜紀英|亜芸恵|亜芸慧|亜芸枝|亜芸江|亜芸絵|亜葵絵|亜規恵|亜規江|亜記慧|亜記枝|亜貴恵|亜貴慧|亜貴枝|亜貴江|亜貴絵|亜貴衣|亜輝恵|亜輝慧|亜輝枝|亜輝江|亜輝英|亞紀枝|亨江|亨苗|亮恵|亮慧|亮枝|亮江|亮絵|光恵|全恵|史絵|哲枝|啓恵|啓江|壮恵|天江|安伎絵|安伎衣|安基江|安岐恵|安岐慧|安岐江|安岐絵|安岐衣|安岐重|安希恵|安希慧|安希枝|安希江|安希絵|安希英|安希衣|安希重|安紀恵|安紀江|安紀重|安芸恵|安芸慧|安芸枝|安芸江|安芸絵|安輝枝|尭恵|彩季枝|彩希江|彩江|彬恵|彬惠|彬慧|彬枝|彬栄|彬江|彬絵|彰恵|彰慧|彰映|彰枝|彰江|彰絵|愛希絵|愛恵|愛紀恵|愛苗|成栄|成笑|招江|揚江|旦恵|旦慧|旦枝|旦江|旦絵|旭恵|旭慧|旭映|旭枝|旭永|旭江|旭絵|旺恵|昇恵|昌恵|昌惠|昌映|昌枝|昌江|明会|明依|明咲|明喜恵|明喜慧|明喜枝|明喜絵|明基恵|明基慧|明基枝|明基江|明基絵|明央|明希恵|明希慧|明希枝|明希江|明希絵|明希英|明彗|明恵|明惠|明愛|明慧|明映|明枝|明栄|明梢|明榮|明樹恵|明樹慧|明樹枝|明樹江|明樹絵|明永|明江|明笑|明紀恵|明紀慧|明紀枝|明紀江|明紀絵|明絵|明芸恵|明芸慧|明芸枝|明芸江|明芸絵|明英|明衣|明規江|明記恵|明記慧|明記枝|明記江|明記絵|明貴恵|明貴慧|明貴枝|明貴栄|明貴絵|明貴英|明賢|明重|映恵|映愛|映栄|映江|映絵|映衣|昭咏|昭恵|昭惠|昭慧|昭枝|昭栄|昭江|昭絵|昭衣|昼絵|晃依|晃恵|晃慧|晃枝|晃栄|晃永|晃江|晃紀恵|晃絵|晃英|晃衣|晟江|晟衣|晨恵|晨慧|晨映|晨栄|晨江|晨絵|晨衣|景絵|晶恵|晶惠|晶愛|晶慧|晶映|晶枝|晶栄|晶江|晶瑛|晶紀恵|晶紀江|晶絵|晶英|晶衣|晶重|暁恵|暁慧|暁映|暁枝|暁江|暁瑛|暁絵|暁衣|暉恵|暉慧|暉枝|暉江|暉絵|暎愛|曉枝|曉江|曙江|曜絵|有紀恵|有紀江|朗恵|朗惠|朗慧|朗枝|朗江|朗絵|朱恵|朱生衣|朱衣|梨栄|淳恵|淳愛|淳条|滉絵|照恵|燎恵|燎慧|燎枝|燎江|燎絵|燦慧|燦枝|燦江|燦絵|爽絵|玲恵|玲慧|玲枝|玲江|玲絵|現絵|瑛会|瑛恵|瑛慧|瑛枝|瑛江|瑛理|瑛絵|皓恵|皓慧|皓枝|皓栄|皓絵|瞭依|瞭慧|瞭枝|瞳衣|研恵|研江|祥江|秋恵|秋悦|秋愛|秋慧|秋映|秋枝|秋栄|秋榮|秋江|秋瑛|秋紀江|秋絵|秋英|秋衛|秋衣|章会|章依|章恵|章惠|章愛|章慧|章枝|章栄|章江|章笑|章絵|章衣|章規絵|紀枝|紋江|紋絵|耀依|耀恵|耀枝|耀江|耀衣|聡恵|聡慧|聡江|聡絵|聰枝|英恵|菊枝|華枝|覚江|諒衣|賢晶|輝依|輝枝|酉江|鑑恵|鑑慧|鑑枝|鑑江|鑑絵|阿企恵|阿伎恵|阿喜恵|阿喜慧|阿喜枝|阿喜江|阿喜絵|阿基恵|阿基慧|阿基枝|阿基江|阿基絵|阿季依|阿季枝|阿希恵|阿希慧|阿希枝|阿希江|阿希絵|阿樹恵|阿樹慧|阿樹枝|阿樹江|阿樹絵|阿紀恵|阿紀慧|阿紀枝|阿紀江|阿紀絵|阿記恵|阿記慧|阿記枝|阿記江|阿記絵|阿貴恵|阿貴慧|阿貴枝|阿貴江|阿貴絵|陽会|陽依|陽咲|陽恵|陽慧|陽枝|陽江|陽笑|陽絵|陽英|顕会|顕恵|顕慧|顕枝|顕江|顕絵|顕衣	given-name-dictionary
ゆかり	ゆかり|ゆか利|ゆか梨|ゆか理|ゆか里|ゆ可里|ユカリ|佑佳厘|佑佳梨|佑佳理|佑佳里|佑加理|佑加莉|佑果梨|佑花里|佑華里|佑賀里|佑香理|佑香里|侑佳理|侑加理|侑桂里|侑花里|侑香璃|侑香里|優佳倫|優佳利|優佳理|優佳莉|優佳里|優加利|優加理|優加里|優嘉理|優嘉里|優圭里|優果利|優果梨|優果里|優花梨|優花理|優花里|優賀理|優賀里|優香|優香利|優香李|優香梨|優香理|優香里|友伽里|友何里|友佳利|友佳梨|友佳理|友佳莉|友佳里|友加利|友加吏|友加梨|友加理|友加莉|友加里|友可里|友嘉吏|友嘉里|友圭里|友夏梨|友夏理|友夏莉|友夏里|友果理|友架理|友歌里|友花梨|友花理|友花里|友華梨|友華里|友賀里|友香利|友香梨|友香理|友香莉|友香里|右加里|唯香里|夕佳利|夕佳梨|夕佳理|夕佳里|夕加律|夕加李|夕加里|夕可里|夕嘉里|夕圭里|夕夏利|夕夏梨|夕夏里|夕歌里|夕花里|夕華吏|夕華理|夕薫里|夕雁|夕香利|夕香理|夕香莉|夕香里|夕鹿里|天使|宥加莉|容佳里|幸加里|幸歌里|幸香里|弓佳理|弓加利|弓加里|弓香理|弘美|悠佳梨|悠佳理|悠佳里|悠加里|悠圭里|悠歌里|悠花梨|悠花里|悠華里|悠賀里|悠香利|悠香有|悠香梨|悠香理|悠香里|愉下里|愉佳理|愉加利|愉加里|愉和里|愉華吏|愉里|憂佳里|憂華理|憂香里|所縁|有佳倫|有佳利|有佳梨|有佳理|有佳里|有加利|有加日|有加理|有加莉|有加里|有可理|有可里|有夏里|有果莉|有果里|有架里|有歌理|有花李|有花梨|有花里|有華李|有華梨|有華里|有賀里|有郁里|有雅里|有霞里|有香利|有香吏|有香梨|有香理|有香莉|有香里|有馨吏|朋|柚加梨|柚香里|桃香里|油佳里|浴利|浴果里|湯香里|由|由かり|由仮|由仮利|由伽里|由何理|由佳乃|由佳利|由佳吏|由佳李|由佳梨|由佳理|由佳莉|由佳里|由利香|由加令|由加利|由加吏|由加有|由加梨|由加理|由加莉|由加里|由可利|由可吏|由可理|由可里|由嘉利|由嘉理|由嘉莉|由嘉里|由圭梨|由圭里|由夏利|由夏理|由夏里|由朱里|由果|由果利|由果李|由果梨|由果理|由果里|由架利|由架梨|由架理|由架里|由桂里|由歌利|由歌梨|由歌里|由禾里|由縁|由花利|由花梨|由花理|由花里|由華利|由華理|由華里|由賀利|由賀理|由賀莉|由賀里|由雅里|由香|由香利|由香吏|由香季|由香恵|由香李|由香梨|由香理|由香莉|由香里|百合光|百花合|百香里|祐何里|祐佳利|祐佳李|祐佳梨|祐佳理|祐佳莉|祐佳里|祐加理|祐加里|祐嘉里|祐夏理|祐歌理|祐花理|祐花里|祐香|祐香利|祐香理|祐香璃|祐香里|紫|紫光|紫生|紫草|紫莉|紫里|結加利|結加里|結嘉里|結圭吏|結圭里|結夏莉|結夏里|結花利|結花梨|結花理|結花莉|結花里|結香利|結香理|結香里|縁|縁理|縁里|裕佳梨|裕佳理|裕佳里|裕加利|裕加理|裕加里|裕可利|裕可李|裕可里|裕圭理|裕圭里|裕夏理|裕果里|裕花理|裕花里|裕芳理|裕華李|裕華理|裕賀里|裕香利|裕香梨|裕香理|裕香里|裕香麗|諭佳理|諭嘉理|遊歌縁|遊香里|酉佳倫	given-name-dictionary
まさき	まさき|マサキ|万咲|万咲希|万沙紀|万沙輝|仁咲|仁基|仁樹|仁紀|仁貴|仁輝|優基|優季|優希|優揮|優樹|優生|優紀|優貴|優輝|允己|允樹|允紀|全機|全紀|全規|公基|公幾|公揮|公樹|公規|公貴|公輝|勝喜|勝基|勝己|勝希|勝樹|勝生|勝紀|勝規|勝貴|勝輝|匡咲|匡哉|匡喜|匡城|匡基|匡岐|匡己|匡希|匡棋|匡樹|匡毅|匡生|匡稀|匡紀|匡規|匡記|匡貴|匡起|匡輝|和樹|和毅|和紀|壮基|壮紀|壮輝|大幹|大樹|大記|大輝|将利|将哉|将喜|将城|将基|将己|将希|将揮|将旗|将暉|将来|将樹|将毅|将生|将紀|将規|将記|将貴|将起|将輝|将騎|將希|將揮|將木|征喜|征己|征希|征揮|征樹|征起|征輝|応樹|応生|愈喜|愛咲|成喜|成基|成希|成樹|成紀|成記|成貴|摩佐季|政喜|政基|政岐|政己|政希|政旗|政木|政材|政槻|政樹|政毅|政求|政生|政磯|政紀|政規|政記|政貴|政輝|斉己|方樹|方紀|方規|昌喜|昌城|昌基|昌妃|昌季|昌宜|昌岐|昌己|昌幹|昌暉|昌木|昌樹|昌毅|昌生|昌章|昌紀|昌規|昌記|昌貴|昌起|昌輝|晶喜|晶城|晶樹|晶紀|晶規|晶貴|暢記|松前|柾|柾季|柾樹|柾貴|正亀|正企|正几|正善|正喜|正城|正基|正姫|正季|正宜|正己|正希|正幹|正幾|正揮|正暉|正期|正来|正樹|正機|正毅|正気|正生|正禧|正紀|正葵|正規|正記|正貴|正起|正軌|正輝|正騎|正鬼|済希|満佐己|満咲|理喜|理己|理希|理樹|理毅|理生|理紀|理貴|直樹|眞佐樹|眞咲|眞季|眞己|眞幸|眞樹|眞機|眞毅|眞生|眞紀|眞規|眞輝|真佐喜|真佐樹|真佐紀|真佐貴|真佐輝|真咲|真咲希|真喜|真城|真基|真季|真崎|真左喜|真己|真希|真幸|真幹|真揮|真暉|真木|真樹|真毅|真沙妃|真沙季|真沙樹|真沙紀|真沙輝|真生|真砂喜|真砂樹|真砂紀|真稀|真紀|真綺|真規|真記|真貴|真輝|督基|督樹|祐哉|祐喜|祐城|祐己|祐樹|祐生|祐紀|端樹|精希|維紀|聖己|聖希|聖樹|聖生|聖紀|聖記|聖貴|聖起|舞咲|茉咲|茉咲希|茉沙紀|茉沙輝|蒔咲|誠基|誠姫|誠己|誠樹|誠毅|誠生|誠規|誠貴|賢城|賢宜|賢樹|賢生|賢記|賢輝|道基|道貴|雅企|雅咲|雅喜|雅城|雅基|雅姫|雅季|雅己|雅希|雅揮|雅暉|雅木|雅樹|雅毅|雅生|雅紀|雅規|雅記|雅貴|雅起|雅軌|雅輝|魔咲|麻佐紀|麻咲|麻咲希|麻沙紀|麻沙輝	given-name-dictionary
ありさ	ありさ|あり佐|あり作|あり左|あり彩|あり早|あり沙|あり砂|あり紗|アリサ|亜凜沙|亜利咲|亜利左|亜利抄|亜利早|亜利沙|亜利瑳|亜利砂|亜利紗|亜利里|亜吏彩|亜吏沙|亜吏紗|亜季沙|亜巴沙|亜李左|亜李早|亜李沙|亜李砂|亜李紗|亜梨佐|亜梨咲|亜梨彩|亜梨早|亜梨沙|亜梨砂|亜梨紗|亜理佐|亜理妙|亜理左|亜理幸|亜理彩|亜理早|亜理沙|亜理砂|亜理紗|亜理茶|亜璃沙|亜紗|亜莉佐|亜莉咲|亜莉左|亜莉彩|亜莉早|亜莉沙|亜莉砂|亜莉紗|亜里さ|亜里佐|亜里咲|亜里左|亜里彩|亜里抄|亜里早|亜里更|亜里沙|亜里砂|亜里紗|亜鈴瑳|亜鈴紗|亜麗沙|侑咲|侑紗|侑里咲|光咲|光彩|光沙|光砂|光紗|可彩|可沙|吾梨紗|吾里砂|在佐|在作|在早|在沙|在砂|在紗|天理沙|存沙|存紗|安利佐|安利彩|安利早|安利沙|安利砂|安利紗|安李佐|安李早|安李沙|安李砂|安李紗|安梨佐|安梨抄|安梨早|安梨沙|安梨砂|安梨紗|安理佐|安理早|安理沙|安理砂|安理紗|安莉佐|安莉早|安莉沙|安莉砂|安莉紗|安里左|安里彩|安里早|安里沙|安里砂|安里紗|安麗咲|宥沙|彩加|彩梨咲|彩梨紗|彩理沙|彩理紗|彩紗|彩莉紗|彩里咲|彩里沙|惟沙|惟紗|愛|愛佐|愛利左|愛咲|愛梨佐|愛梨沙|愛梨紗|愛水|愛沙|愛浬沙|愛理佐|愛理咲|愛理沙|愛理紗|愛璃沙|愛紗|愛莉咲|愛莉幸|愛莉沙|愛莉紗|愛里佐|愛里咲|愛里彩|愛里桜|愛里沙|愛里砂|愛里紗|愛里菜|文梨紗|明梨沙|明理早|明理紗|明璃紗|明莉沙|明里咲|明里彩|明里沙|明里紗|有佐|有作|有冴|有凛咲|有凜咲|有吏彩|有咲|有妙|有寿|有左|有彩|有早|有朝|有桜|有梨佐|有梨沙|有沙|有沙梨|有理佐|有理抄|有理沙|有理紗|有瑳|有璃早|有皐|有砂|有粧|有紗|有茶|有莉咲|有菜|有裟|有里|有里左|有里彩|有里沙|有里紗|朝璃咲|朝里沙|朱倫沙|朱莉沙|朱里紗|杏利沙|杏梨沙|杏沙|杏莉紗|杏里沙|杏里砂|杏里紗|杏里茶|水千|生沙|生紗|秋里咲|綾栗沙|綾梨沙|綾莉沙|茜梨紗|茜里咲|葵梨沙|蒼了沙|藍利沙|阿利佐|阿利咲|阿利左|阿利早|阿利沙|阿利砂|阿利紗|阿吏咲|阿李佐|阿李咲|阿李早|阿李沙|阿李砂|阿李紗|阿梨佐|阿梨左|阿梨早|阿梨沙|阿梨砂|阿梨紗|阿理佐|阿理早|阿理沙|阿理砂|阿理紗|阿莉佐|阿莉左|阿莉早|阿莉沙|阿莉砂|阿莉紗|阿里佐|阿里咲|阿里早|阿里沙|阿里砂|阿里紗|麻利|麻利沙|麻梨彩|麻梨紗|麻沙莉|麻理早|麻理砂|麻璃沙|麻莉沙|麻里早|麻里沙|麻里砂|麻里紗	given-name-dictionary
よしみ	よしみ|よし美|よ志み|ヨシミ|ヨシ美|与巳|与志美|与支美|与美|世志実|世枝実|世枝美|予志未|仁美|介美|代子実|代子美|佯姿実|佳|佳味|佳妙|佳子|佳実|佳己|佳巳|佳弓|佳弥|佳志巳|佳志美|佳望|佳未|佳果|佳泉|佳満|佳生|佳美|佳見|俊美|修|修巳|候美|儀巳|儀美|優美|兆美|克己|克巳|克美|凱望|剛民|叔生|叔美|叡美|可海|可美|吉三|吉味|吉実|吉己|吉巳|吉未|吉海|吉瞳|吉美|吉見|吉誼|善三|善俔|善己|善巳|善海|善美|善見|善視|善躾|喜|喜実|喜志実|喜志美|喜美|嘉|嘉三|嘉実|嘉己|嘉巳|嘉海|嘉美|嘉視|嘉躬|圭代|圭未|圭美|好|好三|好夢|好実|好己|好巳|好志実|好志美|好未|好海|好生|好美|好見|好誼|好身|嬉未|孔美|孝仁|宜美|容美|寿己|寿美|尚己|尚美|巌美|幸美|彦美|徴美|志美|快未|快海|恵巳|恵見|悦実|悦巳|悦美|愛|愛仁|愛実|愛弥|愛望|愛末|愛水|愛深|愛満|愛美|慶実|慶己|慶巳|慶美|慶見|敬弥|敬美|文見|斉己|昌巳|昌果|昌美|是美|栄美|桂美|楽水|欣美|款|歓実|歓美|水|泰巳|洋美|淑仁|淑実|淑巳|淑未|淑美|済美|温美|理真|理美|由味|由実|由己|由巳|由志実|由志美|由水|由珠|由美|由見|由視|省己|睦美|祐弥|祥|祥実|祥弓|祥美|禄望|禎実|禎己|福巳|純美|美|美三|美光|美実|美己|美巳|美弥|美彦|美未|美水|美泉|美海|美美|義|義三|義人|義実|義己|義巳|義幻|義水|義海|義美|義見|義視|義身|能三|能己|能巳|能美|能魅|至美|與志実|與志美|良|良実|良己|良巳|良志実|良志美|良水|良海|良美|良臣|良見|良視|良躬|艶美|芳三|芳味|芳子巳|芳実|芳己|芳已|芳未|芳水|芳海|芳美|芳見|芳規|葦実|裕美|誉志実|誉志未|誉志美|誉未|誉真|誉詩美|誼|誼美|貴己|貴美|賀未|賛美|都賀|陽子実|陽子美|陽詩実|陽詩美|静美|韶美|順美|養実|養志実|養志美|香文|香水|香美|麗美	given-name-dictionary
あきのり	了紀|亜貴憲|享範|亮典|亮則|亮宗|亮宜|亮徳|亮憲|亮智|亮章|亮範|亮紀|亮考|亮肖|亮至|亮舟|亮規|信憲|公則|公範|卿式|哲典|哲功|哲宗|哲宜|哲宣|哲律|哲徳|哲政|哲毅|哲章|哲範|哲紀|哲規|啓徳|啓紀|啓規|啓訓|宣徳|希典|幹勲|彬憲|彬紀|彬訓|彰仁|彰倫|彰儀|彰典|彰則|彰基|彰威|彰孝|彰宣|彰康|彰律|彰得|彰徳|彰慶|彰憲|彰教|彰敬|彰法|彰理|彰矩|彰礼|彰範|彰紀|彰経|彰臣|彰規|彰訓|彰記|彰議|徹訓|愛仁|成列|旭度|旭紀|旭規|昌伯|昌則|昌徳|明伯|明倫|明典|明則|明功|明勲|明周|明哲|明孝|明宜|明宣|明寛|明律|明徳|明忠|明慶|明憲|明教|明文|明昇|明法|明矩|明章|明範|明紀|明績|明訓|明記|明誉|明謙|明賀|明軌|明道|映典|映憲|昭典|昭則|昭史|昭宣|昭徳|昭悳|昭慶|昭憲|昭成|昭教|昭智|昭法|昭稔|昭範|昭紀|昭考|昭規|昭謙|晃典|晃則|晃功|晃康|晃式|晃律|晃徳|晃憲|晃成|晃教|晃敬|晃昇|晃永|晃礼|晃章|晃範|晃紀|晃規|晃道|晃雅|晃順|晋玄|晟徳|晟範|晧則|晶倫|晶則|晶律|晶徳|晶憲|晶敬|晶範|晶紀|晶規|暁倫|暁典|暁則|暁功|暁宣|暁徳|暁憲|暁成|暁教|暁昇|暁生|暁紀|暁規|暉規|曉典|曜土|朋仙|朗典|朗徳|朗慎|朗慶|朗成|朗法|朗紀|朗記|海里|照哲|照宣|玲典|玲規|瑛基|璋憲|益功|祥伯|祥則|秋典|秋則|秋徳|秋教|秋稔|秋範|秋紀|章之|章介|章代|章倫|章典|章則|章功|章史|章哲|章寛|章寿|章律|章徳|章憲|章教|章敬|章文|章智|章登|章矩|章範|章紀|章統|章訓|章記|章鉉|章雅|精範|紹恭|聡仁|聡典|聡則|聡孝|聡教|聡紀|聡規|聡里|聴則|覚範|詔範|誠寛|誠礼|輝典|輝則|輝徳|輝紀|陽則|陽周|陽方|陽規|顕則|顕功|顕学|顕徳|顕教|顕明|顕智|顕法|顕矩|顕範|顕紀|顕規|顕陛	given-name-dictionary
ゆきこ	ゆきこ|ゆき子|ゆ起子|ユキコ|ユキ子|主子|之子|于子|亨子|享子|以子|佑喜子|佑妃子|佑季子|佑己子|佑希子|佑旗子|佑生子|佑紀子|佑葵子|佑規子|佑貴子|侑喜子|侑子|侑希子|侑紀子|侑貴子|倖喜子|優喜子|優姫子|優季子|優己子|優希子|優木子|優樹|優樹子|優毅子|優気子|優祈子|優紀子|優芸子|優記子|優貴子|優起子|優輝子|元子|六花子|六角子|勇喜子|勇紀子|勇起子|勇輝子|勧子|千喜子|千娘|千子|又起子|友喜子|友基子|友妃子|友季子|友岐子|友希子|友木子|友樹子|友禧子|友紀子|友紀晃|友規子|友記子|友貴子|友起子|友輝子|右季子|唯希子|唯紀子|唯起子|喜子|夕喜子|夕妃子|夕姫子|夕季子|夕岐子|夕希子|夕暉子|夕樹子|夕紀子|夕記子|夕貴子|夕起子|夕輝子|多希子|夢希子|夢生子|如子|就子|就胡|岐子|希子|幸呼|幸子|幸季子|幸心|幸湖|幸瑚|幸紅|幸虹|廉子|弓希子|弓紀子|弓記子|弓貴子|弓起子|弓輝子|役子|往子|征子|志子|志香|恭子|悠企子|悠公子|悠喜子|悠季子|悠希子|悠紀子|悠規子|悠記子|悠起子|愉芸子|愉貴子|支子|教子|敞子|敬子|斎木子|是子|晋子|普子|有公子|有喜子|有嘉子|有器子|有基子|有妃子|有妃湖|有姫子|有季子|有岐子|有己子|有希子|有技子|有木子|有来子|有槻子|有樹子|有稀子|有紀子|有規子|有記子|有貴子|有起子|有輝子|柚姫子|柚希子|柚木子|潔娘|潔子|生君子|由き子|由亀子|由企子|由伎子|由喜子|由基子|由妃子|由姫子|由子|由季子|由岐子|由己子|由已子|由巳子|由希子|由幾子|由木子|由桔子|由樹子|由琴子|由生子|由祈子|由紀子|由葵子|由規子|由記子|由貴子|由起子|由輝子|百妃子|礼子|祐喜子|祐基子|祐妃子|祐季子|祐己子|祐希子|祐木子|祐樹子|祐生子|祐紀子|祐規子|祐貴子|祐起子|祥子|章子|紫姫子|結希子|結成子|結樹子|結規子|結記子|結起子|維子|至子|蓉希子|薫子|行古|行子|行希子|行紅|行起子|裕公子|裕喜子|裕城子|裕基子|裕奇子|裕姫子|裕季子|裕宜子|裕己子|裕希子|裕樹子|裕生子|裕紀子|裕聖子|裕規子|裕記子|裕貴子|裕起子|裕輝子|言子|諭喜子|諭紀子|起子|透子|通子|進子|遊生子|遵子|郁紀子|酉久子|酉喜子|雄規子|雪子|雪湖|雪衣子|雪降|靭子|順子	given-name-dictionary
あきみ	あきみ|亜喜実|亜喜美|亜基実|亜基美|亜季実|亜季美|亜希実|亜希未|亜希美|亜樹実|亜樹美|亜王|亜稀実|亜稀美|亜紀実|亜紀美|亜記実|亜記美|亜貴実|亜貴美|亜輝実|亜輝巳|亜輝美|亞紀美|亮実|亮美|光実|光珠|光美|叡美|哲美|啓実|啓巳|啓未|啓海|啓美|啓見|安基実|安基未|安基美|安季実|安季美|安希実|安希未|安希美|安樹実|安樹未|安樹美|安紀実|安紀未|安紀美|安芸実|安芸未|安芸美|安記実|安記未|安記美|安貴実|安貴未|安貴美|安輝海|尭実|尭美|彩貴美|彬未|彬水|彬美|彰三|彰実|彰己|彰巳|彰未|彰水|彰美|彰見|愛仁|愛実|愛希実|愛希美|愛泉|愛生実|愛生美|愛美|愛貴実|愛貴美|成美|旭実|旭美|旺実|昌実|昌巳|昌美|明三|明実|明己|明巳|明未|明水|明珠|明瞳|明美|明見|明規|明輝美|明鏡|映実|映海|映美|昭三|昭実|昭己|昭巳|昭未|昭水|昭美|昭見|晃三|晃実|晃己|晃巳|晃弓|晃弥|晃未|晃水|晃生|晃美|晃見|晃魅|晨実|景実|景美|晶三|晶実|晶己|晶巳|晶弥|晶未|晶水|晶海|晶美|晶見|暁実|暁未|暁水|暁海|暁生|暁美|暉海|暉美|曙実|曙美|有季美|有希弓|有希美|有紀美|朗実|朗未|朗海|朗美|朱美|照実|照美|照見|燦実|燦美|燿実|燿美|爽実|爽美|爽見|玲心|玲海|玲美|瑛実|瑛美|白姫|瞭見|瞳実|瞳美|研美|秋三|秋実|秋己|秋巳|秋望|秋未|秋桜美|秋水|秋海|秋深|秋生|秋稔|秋美|秋見|秋視|空海|空見|章三|章実|章己|章巳|章弥|章未|章水|章美|章見|綾希海|綾希美|翠実|翠美|耀実|耀未|耀生|耀美|聖水|聡実|聡未|聡美|規真|誠美|諒実|諒美|賛美|輝未|阿喜実|阿喜美|阿基実|阿基美|阿季実|阿季美|阿希実|阿希美|阿樹実|阿樹美|阿稀実|阿稀美|阿紀実|阿紀美|阿記実|阿記美|阿貴実|阿貴美|阿輝実|阿輝美|陽|陽充|陽光|陽実|陽未|陽水|陽海|陽美|顕未|顕美|麻公	given-name-dictionary
かなこ	かなこ|かな子|カナコ|カナ子|也子|代奈子|仮奈子|仮那子|伽南子|伽名子|伽奈子|伽茄子|伽菜子|伽那子|何名子|何奈子|佳七子|佳内子|佳南子|佳名子|佳名香|佳和子|佳夏子|佳奈個|佳奈古|佳奈子|佳奈香|佳成子|佳楠子|佳樹子|佳永子|佳渚子|佳生子|佳納子|佳苗子|佳茄子|佳菜子|佳那子|佳邦子|佳銘子|克奈子|兼奈子|加七今|加七子|加内子|加南子|加南湖|加名子|加奈古|加奈子|加奈孔|加奈湖|加成子|加映子|加梨子|加永子|加称子|加納子|加苗子|加茄子|加菜子|加那子|協子|可七子|可乃子|可南子|可名子|可和子|可夏子|可奈呼|可奈子|可子|可成子|可梨子|可楠子|可直子|可苗子|可茄子|可菜子|可那個|可那子|叶南子|叶奈子|叶子|叶心|叶香|周子|和奈子|和那子|哉子|嘉七子|嘉南子|嘉名子|嘉奈子|嘉成子|嘉納子|嘉菜子|嘉那子|圭丹子|圭名子|圭奈子|圭那子|夏七子|夏南子|夏名子|夏奈子|夏納子|夏茄子|夏菜子|夏那子|夏魚子|奏奈子|奏子|奏希|奏心|奏愛子|奏湖|奏菜子|奏那子|奏香|奏鼓|幹奈子|愛子|日南子|日名子|日奈子|日菜子|春菜子|果南子|果名子|果奈子|果渚子|果茄子|果菜子|果那子|架名子|架奈子|架楠子|架那子|桂奈子|桂奈香|桂捺子|桂梨子|桂菜子|桂那子|楓奈子|楓菜子|樺鳴呼|歌南子|歌名子|歌夏子|歌奈子|歌茄子|歌菜子|歌那子|歓奈子|河南子|河奈子|河那子|海南子|珂奈子|珂娜子|神な子|神名子|神奈子|科奈子|科那子|絵奈子|翔南子|翔奈子|舞香|花七虹|花内子|花南子|花名子|花奈子|花茄子|花菜子|花那子|芳名子|芳奈子|芽菜子|茄奈子|茄菜子|茄那子|華也子|華南子|華名子|華奈子|華奈己|華子|華愛子|華梨子|華汀子|華納子|華茄子|華菜子|華那子|薫奈子|蘭宇子|要子|詠奈子|賀七子|賀名子|賀奈子|賀梨子|賀納子|賀菜子|賀那子|適子|郁南子|郁名子|郁奈子|郁菜子|金子|雅奈子|雅耶子|雅那子|霞凪子|霞南子|霞名子|霞奈子|霞茄子|霞菜子|霞那子|風南子|風子|香七子|香代子|香仲子|香凪子|香南子|香名子|香夏子|香奈子|香奈幸|香奈湖|香女子|香愛子|香成子|香梨子|香楠子|香波子|香渚子|香生子|香納子|香花子|香苗子|香茄子|香菜呼|香菜子|香詠子|香那子|馨那子|鹿奈子|鹿菜子	given-name-dictionary
みゆき	みゆき|みゆ季|みゆ希|みゆ紀|み幸|ミユキ|三侑稀|三元|三友妃|三友紀|三夕紀|三幸|三有紀|三由季|三由岐|三由希|三由樹|三由紀|三由記|三由起|三行|三雪|亨|光優季|光志|光由紀|光雪|味友貴|味幸|味由貴|妙幸|実之|実侑|実侑希|実侑紀|実倖|実優妃|実優希|実優綺|実優規|実友希|実夕希|実夕起|実如|実宥貴|実幸|実幸希|実幸樹|実弓希|実弓紀|実志|実愉紀|実有姫|実柚樹|実由妃|実由姫|実由季|実由枝|実由樹|実由紀|実由規|実由記|実由貴|実礼|実祐紀|実結喜|実結希|実結樹|実結紀|実遊希|実雪|峰雪|巨幸|己幸|巳之|巳幸|希幸|希雪|幸|幸季|幸岐|幸希|幸紀|弥幸|弥雪|御幸|心優姫|心優花|心有希|慎幸|望幸|望有妃|望由|望由季|望由希|望由紀|未侑|未優紀|未友紀|未喜|未夕紀|未夢記|未幸|未恭|未有希|未有来|未有記|未来|未柚葵|未由季|未由希|未由来|未由樹|未由紀|未由貴|未祐紀|未裕希|未雪|水由希|泉如|海夕希|海幸|海弓希|海由希|海雪|深五|深優姫|深優希|深友紀|深幸|深志|深由紀|深祐貴|深雪|深雪樹|満優貴|満幸|瑞幸|瑞雪|由紀|皇|真幸|真行|碧雪|神幸|美ゆき|美之|美佑希|美佑紀|美侑幾|美侑樹|美倖|美優妃|美優姫|美優稀|美優紀|美優規|美優貴|美公|美友喜|美友希|美友幾|美友樹|美友紀|美友貴|美友起|美唯貴|美夕姫|美夕季|美夕希|美夕紀|美夕貴|美夕起|美女姫|美如|美如月|美姫|美宥貴|美幸|美幸樹|美弓希|美弓紀|美征|美志|美悠生|美悠紀|美愉紀|美有姫|美有季|美有希|美有紀|美有記|美柚樹|美深|美由喜|美由妃|美由姫|美由季|美由岐|美由希|美由恭|美由枝|美由樹|美由畿|美由祈|美由紀|美由綺|美由葵|美由規|美由記|美由貴|美由起|美由鬼|美礼|美祐紀|美祐貴|美章|美結喜|美結姫|美結希|美結樹|美結紀|美維|美薫|美行|美裕希|美裕紀|美裕貴|美諭規|美透|美遊希|美遊鬼|美道|美雪|聖雪|自由希|蜜雪|行幸|見幸|見有季|見祐季|見雪|規志|規行|視由|観遊亀|証恭|身友希|身祐希|躬行|閲幸|雪々|魅由鬼|魅癒姫|魅雪	given-name-dictionary
あさか	あさか|あさ佳|あさ夏|あさ果|あさ歌|あさ華|あさ香|亜佐伽|亜佐佳|亜佐加|亜佐嘉|亜佐果|亜佐花|亜佐華|亜佐香|亜作伽|亜作佳|亜作加|亜作嘉|亜作果|亜作花|亜作華|亜作香|亜咲|亜咲香|亜嵯伽|亜嵯佳|亜嵯加|亜嵯嘉|亜嵯果|亜嵯花|亜嵯華|亜嵯香|亜彩佳|亜彩夏|亜抄香|亜早伽|亜早佳|亜早加|亜早嘉|亜早果|亜早花|亜早華|亜早雅|亜早香|亜沙伽|亜沙佳|亜沙加|亜沙嘉|亜沙夏|亜沙果|亜沙歌|亜沙花|亜沙華|亜沙郁|亜沙香|亜爽夏|亜瑳伽|亜瑳佳|亜瑳加|亜瑳嘉|亜瑳果|亜瑳花|亜瑳華|亜瑳香|亜砂佳|亜紗伽|亜紗佳|亜紗加|亜紗嘉|亜紗果|亜紗歌|亜紗花|亜紗華|亜紗香|安佐伽|安佐佳|安佐加|安佐嘉|安佐果|安佐花|安佐華|安佐香|安作伽|安作佳|安作加|安作嘉|安作果|安作花|安作華|安作香|安嵯伽|安嵯佳|安嵯加|安嵯嘉|安嵯果|安嵯花|安嵯華|安嵯香|安早伽|安早佳|安早加|安早嘉|安早果|安早花|安早華|安早香|安栄|安沙伽|安沙佳|安沙加|安沙嘉|安沙果|安沙花|安沙華|安沙香|安瑳伽|安瑳佳|安瑳加|安瑳嘉|安瑳果|安瑳花|安瑳華|安瑳香|安積|安紗伽|安紗佳|安紗加|安紗嘉|安紗果|安紗花|安紗華|安紗香|愛咲花|愛沙香|旦佳|旬加|旭翔|旭花|旭香|明佳|明咲花|明彩佳|明紗香|明香|晏紗花|暁佳|暁彩佳|朝伽|朝佳|朝加|朝夏|朝日|朝果|朝歌|朝花|朝芽|朝華|朝賀|朝雅|朝霞|朝顔|朝風|朝香|杏咲夏|杏彩歌|杏彩花|浅佳|浅夏|浅歌|浅華|浅香|爽夏|秋桜花|諒佳|諒圭|阿佐伽|阿佐佳|阿佐加|阿佐嘉|阿佐果|阿佐花|阿佐華|阿佐香|阿作伽|阿作佳|阿作加|阿作嘉|阿作果|阿作花|阿作華|阿作香|阿嵯伽|阿嵯佳|阿嵯加|阿嵯嘉|阿嵯果|阿嵯花|阿嵯華|阿嵯香|阿早伽|阿早佳|阿早加|阿早嘉|阿早果|阿早花|阿早華|阿早香|阿沙伽|阿沙佳|阿沙加|阿沙嘉|阿沙果|阿沙花|阿沙華|阿沙香|阿瑳伽|阿瑳佳|阿瑳加|阿瑳嘉|阿瑳果|阿瑳花|阿瑳華|阿瑳香|阿砂香|阿紗伽|阿紗佳|阿紗加|阿紗嘉|阿紗果|阿紗花|阿紗華|阿紗香|雨咲花|麻伽|麻佳|麻加|麻可|麻哉|麻圭|麻夏|麻日|麻朱|麻果|麻歌|麻花|麻華|麻賀|麻郁|麻霞|麻香	given-name-dictionary
さき	さき|さ希|サキ|三喜|三枝|三紀|三貴|佐來|佐喜|佐基|佐妃|佐季|佐希|佐幸|佐机|佐来|佐樹|佐生|佐祈|佐紀|佐綺|佐規|佐記|佐貴|佐起|佐響|作希|先|冴季|冴希|冴綺|前|叉杞|叉紀|咲|咲伎|咲來|咲喜|咲奇|咲妃|咲姫|咲嬉|咲季|咲希|咲月|咲木|咲李|咲来|咲桜|咲樹|咲毅|咲気|咲生|咲祈|咲稀|咲紀|咲綺|咲萌|咲葉|咲葵|咲記|咲貴|咲輝|在希|妙貴|将来|小喜|小妃|小姫|小季|小枝|小紀|小葵|小貴|小鬼|岬|崎|左妃|左季|左紀|左貴|幸|幸妃|幸姫|幸季|幸希|幸来|幸生|幸祈|幸福|幸紀|幸貴|幸響|彩咲|彩喜|彩妃|彩姫|彩季|彩希|彩暉|彩木|彩杏|彩来|彩樹|彩生|彩紀|彩絹|彩綺|彩葵|彩記|彩貴|彩輝|才媛|抄喜|早|早咲|早喜|早基|早妃|早姫|早季|早岐|早希|早杏|早束|早来|早樹|早生|早稀|早穂|早紀|早絹|早綺|早葵|早規|早記|早貴|早起|早輝|早霧|智妃|有希|朝咲|朝姫|未|未来|東|桜妃|桜姫|桜季|桜希|桜折|桜樹|桜生|桜祈|桜紀|桜綺|櫻姫|殺鬼|沙喜|沙奎|沙妃|沙姫|沙季|沙己|沙希|沙木|沙来|沙枝|沙樹|沙気|沙熙|沙生|沙祈|沙稀|沙紀|沙綺|沙耀|沙葵|沙衣|沙記|沙貴|沙起|沙輝|爽季|爽希|爽杞|爽来|瑳姫|瑳希|瑳紀|瑳記|皐妃|皐姫|砂城|砂妃|砂姫|砂季|砂希|砂樹|砂稀|砂紀|砂響|祥|祥己|祥希|福|紗亀|紗企|紗喜|紗基|紗妃|紗委|紗姫|紗季|紗己|紗希|紗揮|紗暉|紗木|紗李|紗来|紗樹|紗生|紗碧|紗示|紗稀|紗紀|紗綺|紗耀|紗芸|紗葵|紗衣|紗規|紗記|紗貴|紗輝|紗黄|翔妃|聡季|花咲|茶季|草紀|菜貴|裟季|裟紀|采妃|采希|鎖姫|颯季	given-name-dictionary
まさえ	まさえ|まさ枝|まさ江|まさ衛|マサエ|マサ江|万佐恵|万佐枝|万佐栄|万佐江|万佐絵|万咲慧|万彩恵|万才恵|万沙恵|万沙江|万沙絵|万砂恵|万砂絵|万紗恵|万紗瑛|万紗絵|仁恵|仁江|修恵|修枝|優咲|優恵|優枝|優栄|優江|優笑|優絵|允恵|元枝|全枝|全江|公恵|公江|勝恵|勝惠|勝枝|勝江|匡恵|匡惠|匡枝|匡永|匡江|匡絵|匡英|匡衣|多江|完絵|容枝|将恵|将枝|将栄|将江|将絵|將恵|將江|幹恵|幹枝|当栄|彦枝|征恵|征映|征枝|征江|征絵|応恵|応枝|成恵|成惠|成江|才恵|才江|摩紗衣|政依|政冴|政右|政恵|政映|政枝|政栄|政江|政絵|政英|政衛|政衣|斉枝|方恵|方栄|方江|昌代|昌咲栄|昌峰|昌恵|昌惠|昌愛|昌慧|昌枝|昌栄|昌永|昌江|昌絵|昌英|昌衛|昌衣|昌重|晶恵|晶惠|晶映|晶枝|晶絵|晶重|暢恵|末咲恵|柾枝|柾江|栄恵|栄枝|正依|正兄|正恵|正惠|正愛|正枝|正栄|正江|正瑛|正絵|正英|正衛|正衣|正重|満佐恵|満佐枝|満砂枝|理恵|理枝|理江|理絵|當枝|直枝|直絵|眞佐恵|眞佐惠|眞佐枝|眞佐江|眞江|眞沙江|眞砂栄|眞砂江|真三恵|真佐恵|真佐枝|真佐栄|真佐江|真佐絵|真冴|真咲慧|真左江|真恵|真愛|真慧|真才恵|真才惠|真枝|真栄|真江|真沙恵|真沙枝|真沙江|真沙絵|真砂恵|真砂江|真砂絵|真紗恵|真紗絵|真絵|真衛|真衣|磨佐恵|磨紗絵|礼恵|祐恵|祥恵|稚枝|稚栄|純枝|総恵|聖乃|聖恵|聖惠|聖愛|聖枝|聖江|聖絵|舞咲映|芳恵|芳枝|芳江|芳絵|茉冴|茉咲慧|茉才恵|蒔恵|薫恵|裕江|誠恵|諒恵|賢江|長江|雅佐恵|雅依|雅恵|雅惠|雅愛|雅映|雅枝|雅栄|雅永|雅江|雅瑛|雅絵|雅美|雅苗|雅英|雅衣|順江|麻佐恵|麻佐江|麻佐絵|麻佐衣|麻冴江|麻咲慧|麻左枝|麻恵|麻才恵|麻早枝|麻早江|麻沙恵|麻沙江|麻沙絵|麻砂江|麻紗恵|麻紗枝|麻紗絵|麻貞江	given-name-dictionary
あさみ	あさみ|あさ味|あさ実|あさ未|あさ美|あさ見|亜三美|亜佐実|亜佐己|亜佐未|亜佐水|亜佐海|亜佐美|亜佐魅|亜咲実|亜咲美|亜妙実|亜左実|亜左未|亜左水|亜左美|亜左魅|亜彩実|亜彩未|亜彩海|亜彩美|亜抄美|亜早実|亜早巳|亜早望|亜早美|亜早見|亜沙実|亜沙己|亜沙彌|亜沙未|亜沙水|亜沙海|亜沙美|亜沙見|亜沙魅|亜砂実|亜砂巳|亜砂未|亜砂水|亜砂海|亜砂美|亜砂見|亜砂魅|亜粧美|亜紗実|亜紗未|亜紗水|亜紗美|亜紗見|亜紗魅|亜菜美|亜裟海|亜裟美|亜里実|亜里美|亞紗美|今朝美|元気|元美|安佐実|安佐巳|安佐未|安佐水|安佐美|安佐見|安佐魅|安咲実|安咲美|安左実|安左水|安左美|安左見|安左魅|安早実|安早巳|安早美|安早臣|安沙実|安沙巳|安沙未|安沙水|安沙美|安沙見|安沙魅|安砂実|安砂巳|安砂未|安砂水|安砂美|安砂見|安砂魅|安紗実|安紗巳|安紗未|安紗水|安紗海|安紗美|安紗見|安紗魅|安采美|彩咲実|彩実|彩沙実|彩珠深|彩美|愛佐美|愛咲実|愛咲美|愛咲見|愛彩美|愛桜美|愛沙実|愛沙美|愛砂実|愛砂海|愛砂美|愛紗実|愛紗美|挨拶美|政美|旦実|旦美|旭実|旭美|旭見|明佐美|明彩海|明早実|明早美|明沙実|明沙美|明砂美|明紗実|晶紗美|有咲海|有咲美|有小実|有彩美|有沙実|有沙海|有沙美|有砂海|有砂美|有紗実|有紗美|有美|朝后|朝味|朝実|朝己|朝巳|朝弓|朝弥|朝心|朝望|朝未|朝水|朝海|朝生|朝美|朝見|朱彩美|朱沙美|杏咲美|杏沙実|杏沙美|杏紗美|浅実|浅己|浅水|浅海|浅美|浅見|淺実|淺美|生明|秋桜美|秋里美|綾沙美|貴沙美|貴紗美|阿佐実|阿佐巳|阿佐水|阿佐海|阿佐美|阿佐見|阿咲実|阿咲美|阿左実|阿左美|阿早実|阿早巳|阿早美|阿沙実|阿沙弥|阿沙美|阿砂実|阿砂巳|阿砂美|阿紗実|阿紗巳|阿紗美|陽水|陽美|麻三|麻佐美|麻光|麻公|麻史|麻味|麻咲美|麻央|麻実|麻己|麻巳|麻弥|麻彩美|麻御|麻微|麻文|麻望|麻未|麻末|麻果|麻水|麻沙実|麻沙未|麻沙美|麻海|麻深|麻王|麻珠|麻瑞|麻生|麻真|麻紗実|麻紗未|麻紗美|麻績|麻美|麻見|麻里美	given-name-dictionary
のりえ	のりえ|のり恵|のり慧|のり絵|ノリエ|乃り映|乃利恵|乃利江|乃利重|乃梨恵|乃梨英|乃江|乃理恵|乃里依|乃里恵|乃里枝|乃里江|乃里絵|乃里衣|乗恵|乗江|了栄|了英|仁絵|仙恵|仙江|代枝|令依|令恵|令惠|令愛|令枝|令江|伯恵|伯枝|伯栄|伯江|伯衣|位江|倫恵|倫枝|倫栄|倫江|倫英|倫衣|儀恵|典世|典依|典利江|典恵|典愛|典映|典枝|典栄|典永|典江|典絵|典英|典衛|典里江|典重|利恵|則恵|則惠|則愛|則枝|則栄|則江|則絵|功恵|功江|勤恵|史恵|史絵|周枝|周英|啓恵|啓絵|基英|孝恵|孝枝|孝衣|宗恵|宜枝|宣恵|宣愛|宣枝|宣江|寛江|展恵|展枝|工恵|工絵|希枝|式恵|式江|律恵|律枝|律江|徳得|徳恵|徳惠|徳映|徳枝|徳栄|徳江|徳絵|徳衣|徳重|恭枝|恭英|恵枝|愛恵|愛絵|慎恵|慶恵|慶枝|慶江|憲依|憲恵|憲枝|憲栄|憲江|憲絵|憲重|教恵|教愛|教枝|教江|教絵|敬恵|敬枝|敬江|文恵|方映|昇恵|智恵|智愛|智枝|智江|模江|権恵|永恵|永枝|法恵|法愛|法慧|法枝|法栄|法江|法理絵|法絵|浩以|濃里枝|理恵|理枝|登江|知恵|知枝|矩江|礼恵|礼惠|礼江|礼絵|礼衣|祝恵|祝枝|祝江|祝英|祝衣|稔枝|稚江|章江|範依|範恵|範映|範枝|範栄|範江|範絵|紀乃|紀会|紀依|紀恵|紀映|紀枝|紀栄|紀榮|紀江|紀絵|紀英|紀衣|納利江|納里恵|経恵|緑枝|績江|聖恵|能里枝|能里江|規恵|規惠|規愛|規枝|規栄|規永|規江|規絵|規衛|規衣|親絵|訓枝|訓江|訓衣|記依|記恵|記枝|記江|詔江|詞恵|詞江|詞絵|誉英|謹枝|識衣|譲栄|貴詠|賀惠|賀江|賀絵|賀衣|賢愛|軌意|里恵|里枝|里江|里絵|里衣|野里恵|野里江|野里絵|鑑恵|雅恵|雅枝|順恵	given-name-dictionary
かずみ	かずみ|かず水|かず美|カズミ|カズ弥|一三|一二三|一充|一光|一味|一姫|一実|一實|一己|一已|一巳|一弥|一御|一心|一望|一未|一水|一泉|一海|一清|一満|一澄|一生|一省|一稔|一積|一箕|一純|一美|一臣|一見|一視|一角|一誠|一身|一躬|一麦|万実|万巳|万未|万美|三省|上須美|主巳|主美|佳住|佳壽実|佳壽美|佳守美|佳寿実|佳寿弥|佳寿美|佳帥実|佳朱美|佳泉|佳津実|佳津美|佳澄|佳珠実|佳珠美|佳瑞実|佳瑞美|佳知美|佳積|佳純|佳美|克澄|克美|円水|円美|利美|加壽美|加寿三|加寿未|加寿美|加津美|加珠実|加珠美|加積|加純|加都美|加須美|勝住|千実|千未|千美|可寿美|可春未|可津美|可澄実|可澄美|可積|可純|可葉民|周美|和三|和位|和住美|和充|和史|和司|和味|和命|和壽澄|和子|和実|和寿美|和己|和已|和巳|和弓|和弥|和恵|和文|和望|和未|和民|和水|和泉|和津美|和海|和満|和澄|和爾|和珠|和瑞|和生|和相|和稔|和純|和美|和臣|和良|和見|和視|和観|和身|和都|員実|員未|員美|嘉住|嘉寿美|嘉津美|嘉純|嘉美|嘉須美|壱美|壽美|夏澄|夏純|多海|多美|夢実|寿実|寿弥|寿海|寿美|寿臣|干美|憲美|数三|数実|数巳|数未|数津美|数深|数美|数見|數美|日珠美|昭美|暦美|果寿美|果樹実|果純|架清|架澄|楓純|歌津美|毎実|毎美|法水|法美|珂司美|百望|知也|知弓|知未|知美|祐未|禾積|算巳|紀実|紀美|良実|良美|花寿美|花樹実|花純|華不魅|華寿実|華寿美|華朱美|華淑|華澄|華純|計実|計美|賀寿美|賀津巳|賀津美|賀都彌|起美|運美|量実|量巳|量未|量海|量美|雅寿美|香住|香寸巳|香寿実|香寿己|香寿美|香朱美|香樹実|香樹己|香津美|香清|香澄|香珠未|香純|香都実|香都美|鶴見|鹿住|麗美	given-name-dictionary
あすか	あすか|あす佳|あす夏|あす歌|あす翔|あす花|あす華|あす香|アスカ|亜主加|亜令香|亜子佳|亜子果|亜子花|亜子香|亜寿佳|亜寿加|亜寿嘉|亜寿夏|亜寿果|亜寿歌|亜寿花|亜寿華|亜寿香|亜州佳|亜州加|亜州可|亜州嘉|亜州花|亜州華|亜州香|亜日香|亜朱与|亜朱佳|亜朱加|亜朱華|亜朱香|亜沙佳|亜沙華|亜沙香|亜澄香|亜珠果|亜珠花|亜珠香|亜瑞佳|亜砂果|亜紗佳|亜素華|亜素香|亜須佳|亜須加|亜須可|亜須嘉|亜須火|亜須花|亜須茄|亜須華|亜須香|呼須香|天日香|安主歌|安宿|安寸香|安寿佳|安寿加|安寿嘉|安寿夏|安寿花|安寿華|安寿香|安州佳|安州加|安州嘉|安州花|安州華|安州香|安朱香|安栖嘉|安澄佳|安珠香|安華|安須佳|安須加|安須嘉|安須花|安須華|安須香|希望華|希香|彩寿香|彩朱花|彩珠香|彩鈴花|愛子加|愛寿花|愛寿華|愛日香|愛清歌|愛澄花|愛澄薫|愛澄香|愛華|愛鈴佳|慧桜|斐住加|早香|明佑香|明佳|明加|明周香|明夏|明守歌|明寿香|明日|明日丘|明日伽|明日佳|明日加|明日可|明日叶|明日哉|明日嘉|明日夏|明日果|明日架|明日楓|明日歌|明日海|明日翔|明日翼|明日花|明日茄|明日華|明日薫|明日輝|明日開|明日霞|明日風|明日飛|明日香|明日馨|明果|明架|明沙佳|明河|明澄香|明珠花|明珠香|明素加|明結果|明翔|明花|明華|明薫|明輝|明鈴香|明雅|明須華|明須香|明香|明香花|明香里|春日香|晶澄佳|有寿佳|有須香|朝寿香|朝日香|朝沙佳|朝翔|朝香|朝鳥|未来|未来翔|未来花|未来香|朱子香|朱鳥|杏佳|杏子花|杏子香|杏沙夏|杏沙華|杏澄花|杏風|桃子|梓香|灰鳥|相夜|相寿加|空々香|綾珠花|翌|翌佳|翌加|翌日佳|翌翔|翌花|翌華|翌風|翌香|翔鳥|茉|葵朱花|遊鳥|阿主夏|阿寿佳|阿寿加|阿寿嘉|阿寿日|阿寿花|阿寿華|阿寿香|阿州佳|阿州加|阿州嘉|阿州花|阿州華|阿州香|阿朱可|阿朱香|阿須佳|阿須加|阿須可|阿須嘉|阿須花|阿須華|阿須賀|阿須香|飛|飛佳|飛夏|飛花|飛華|飛香|飛鳥|飛鳥香|麻寿香|麻澄佳|麻珠香	given-name-dictionary
ゆきえ	ゆきえ|ゆき之|ゆき恵|ゆき枝|ゆき江|ゆき瑛|ゆき絵|ゆき衣|ユキエ|之恵|之枝|之栄|亨枝|亨栄|享江|以恵|佑季恵|佑希恵|佑紀枝|侑恵|侑枝|侑江|侑紀江|侑重|倖依|倖枝|倖笑|優姫恵|優季絵|優希恵|優希枝|優希江|優生恵|優紀恵|優紀枝|優紀江|優貴恵|優貴枝|元枝|勇喜恵|勧江|千恵|千愛|千枝|千栄|千絵|友企栄|友季恵|友己枝|友希恵|友希江|友希絵|友紀恵|友紀枝|友紀江|友紀絵|友貴枝|友貴絵|友起恵|友輝恵|喜恵|喜衣|夕季恵|夕季絵|夕希恵|夕希枝|夕希栄|夕希江|夕希絵|夕紀恵|夕紀絵|夕貴江|如恵|如絵|如衣|孝映|孝衣|将江|幸依|幸姫恵|幸嬰|幸得|幸恵|幸悦|幸惠|幸愛|幸慧|幸枝|幸栄|幸永|幸江|幸瑛|幸生枝|幸笑|幸絵|幸英|幸衛|幸衣|幸詠|幸重|弓季恵|征恵|征枝|志恵|志枝|志江|志瑛|志絵|志英|恭恵|恭枝|恭栄|恭江|悠喜恵|悠希江|悠紀枝|悠貴恵|憂紀江|教恵|敬恵|敬栄|是彗|是慧|有喜恵|有季恵|有岐絵|有希依|有希恵|有希映|有希栄|有希絵|有希衣|有紀恵|有紀枝|有紀栄|有紀江|有紀絵|有紀重|有貴江|有輝恵|有輝江|柚季依|柚季恵|潔恵|潔絵|由依|由喜恵|由喜枝|由喜江|由喜絵|由姫恵|由季恵|由季江|由希恵|由希惠|由希江|由希絵|由恵|由枝|由樹恵|由江|由祈恵|由紀恵|由紀枝|由紀江|由紀絵|由絵|由英|由規絵|由規衣|由記江|由記重|由貴恵|由貴枝|由貴江|由貴絵|由貴衣|由起恵|由起枝|由起江|由起絵|百紀恵|礼恵|祐喜恵|祐妃江|祐季絵|祐希枝|祐希江|祐貴恵|祐黄恵|章恵|章江|結季恵|結季枝|結来依|結枝|結起江|行恵|行栄|行江|行絵|裕喜依|裕季絵|裕希恵|裕樹恵|裕紀恵|裕紀江|透恵|透江|通江|遊亀江|雄貴江|雪会|雪恵|雪慧|雪映|雪枝|雪栄|雪江|雪瑛|雪絵|雪英|雪衣|靭江|靭負|順江|順絵	given-name-dictionary
まりえ	まりえ|まり恵|まり栄|まり江|まり絵|ま梨絵|マリエ|マリ絵|万倫江|万利恵|万利枝|万利絵|万利衣|万吏恵|万吏江|万吏衣|万梨恵|万梨江|万梨絵|万理恵|万理映|万理枝|万理栄|万理江|万理絵|万理英|万理衣|万莉恵|万莉枝|万莉永|万莉瑛|万莉絵|万里恵|万里慧|万里枝|万里栄|万里江|万里絵|万里衣|万鯉江|実里江|彗恵|摩利恵|摩利枝|摩利江|摩利絵|摩梨江|摩璃絵|摩里恵|毬恵|毬枝|毬栄|毬江|毬絵|毬英|毬衣|満利恵|満利枝|満李衣|満理恵|満理枝|満理絵|満莉恵|満里恵|満里枝|満里江|満里笑|満里絵|満里衣|眞利恵|眞梨江|眞理恵|眞理枝|眞理栄|眞理江|眞理絵|眞璃恵|眞莉恵|眞里恵|眞里枝|眞里江|眞里絵|眞里衣|真倫江|真利恵|真利枝|真利江|真利絵|真利衣|真李依|真李江|真李絵|真梨依|真梨恵|真梨枝|真梨江|真梨瑛|真梨絵|真理依|真理恵|真理愛|真理映|真理枝|真理栄|真理江|真理絵|真理苗|真理英|真璃絵|真莉恵|真莉惠|真莉枝|真莉栄|真莉江|真莉絵|真莉英|真里依|真里恵|真里枝|真里栄|真里江|真里絵|真里英|真里衣|真離恵|真鯉江|磨利依|磨梨枝|磨理恵|磨理江|磨理絵|磨莉絵|磨里恵|磨里江|舞梨絵|茉倫江|茉利恵|茉利枝|茉利江|茉利絵|茉利衣|茉李恵|茉李枝|茉梨恵|茉梨江|茉梨絵|茉梨衣|茉理惠|茉理映|茉理栄|茉理絵|茉理英|茉理衣|茉莉依|茉莉恵|茉莉枝|茉莉江|茉莉笑|茉莉絵|茉莉衣|茉里恵|茉里栄|茉里絵|茉里衣|茉鯉江|萬里恵|萬里江|鞠恵|鞠慧|鞠枝|鞠江|鞠笑|鞠絵|鞠衣|麻倫江|麻利恵|麻利枝|麻利栄|麻利江|麻利絵|麻利衣|麻吏恵|麻吏江|麻李恵|麻李江|麻李衣|麻杏絵|麻梨依|麻梨恵|麻梨江|麻梨絵|麻梨衣|麻玲英|麻理依|麻理恵|麻理映|麻理枝|麻理栄|麻理江|麻理瑛|麻理絵|麻理英|麻理衣|麻璃枝|麻璃絵|麻織恵|麻莉恵|麻莉枝|麻莉江|麻莉絵|麻里也|麻里依|麻里恵|麻里枝|麻里江|麻里瑛|麻里絵|麻里英|麻里衣|麻鯉江	given-name-dictionary
いくえ	いくえ|いく恵|いく慧|いく枝|いく江|いく絵|いく重|井久恵|井久枝|井久江|井久絵|井玖恵|井玖枝|井玖江|井玖絵|以久恵|以久慧|以久枝|以久江|以久絵|以久重|以玖恵|以玖慧|以玖枝|以玖江|以玖絵|以玖重|伊久恵|伊久惠|伊久慧|伊久枝|伊久栄|伊久江|伊久絵|伊久重|伊公衣|伊弘栄|伊玖恵|伊玖慧|伊玖枝|伊玖江|伊玖絵|伊玖重|依久恵|依久慧|依久枝|依久江|依久絵|依久重|依工恵|依工慧|依工枝|依工江|依工絵|依工重|依玖恵|依玖慧|依玖枝|依玖江|依玖絵|依玖重|倭久恵|倭玖恵|委久恵|委久慧|委久枝|委久江|委久絵|委久重|委玖恵|委玖慧|委玖枝|委玖江|委玖絵|委玖重|幾恵|幾慧|幾映|幾枝|幾栄|幾永|幾江|幾絵|幾英|幾衣|幾重|惟久恵|惟久慧|惟久枝|惟久江|惟久絵|惟久重|惟句恵|惟句枝|惟句江|惟句絵|惟玖恵|惟玖慧|惟玖枝|惟玖江|惟玖絵|惟玖重|意久恵|意久慧|意久枝|意久栄|意久江|意久絵|意久重|意句江|意句衣|意玖恵|意玖慧|意玖枝|意玖栄|意玖江|意玖絵|意玖重|愛恵|有江|栄|活恵|生久恵|生咲|生恵|生愛|生慧|生枝|生江|生絵|生英|生衣|粥恵|粥枝|粥絵|維久恵|維久慧|維久枝|維久江|維久絵|維久重|維公江|維区恵|維区枝|維区江|維区絵|維玖恵|維玖慧|維玖枝|維玖江|維玖絵|維玖重|育久枝|育依|育恵|育惠|育愛|育慧|育映|育枝|育栄|育永|育江|育瑛|育絵|育苗|育英|育衣|行恵|行愛|行慧|行映|行枝|行栄|行江|行絵|行英|行重|衣久恵|衣久慧|衣久枝|衣久江|衣久絵|衣久重|衣九恵|衣九慧|衣九枝|衣九江|衣九絵|衣九重|衣玖恵|衣玖慧|衣玖枝|衣玖江|衣玖絵|衣玖重|衣空絵|郁会|郁依|郁恵|郁惠|郁愛|郁慧|郁映|郁枝|郁栄|郁永|郁江|郁絵|郁苗|郁英|郁衛|郁衣|郁詠	given-name-dictionary
ゆりか	ゆりか|ゆり花|ゆり香|ユリカ|佑利夏|佑梨佳|佑梨花|佑梨香|佑理佳|佑理果|佑理香|佑莉佳|佑莉果|佑里加|佑里夏|佑里花|佑里香|侑利香|侑梨加|侑梨香|侑理加|侑莉花|侑里佳|侑里花|侑里華|侑里香|優利佳|優利香|優吏佳|優梨佳|優梨加|優梨花|優梨香|優理花|優理香|優莉佳|優莉華|優莉香|優里|優里佳|優里加|優里夏|優里花|優里華|優里香|友り香|友利加|友利可|友利華|友利香|友梨佳|友梨加|友梨夏|友梨書|友梨花|友梨華|友梨香|友梨馨|友理佳|友理果|友理架|友理香|友織香|友莉佳|友莉夏|友莉華|友莉香|友里伽|友里佳|友里加|友里嘉|友里夏|友里果|友里歌|友里花|友里華|友里香|唯理香|夕利加|夕利果|夕利花|夕利香|夕李花|夕梨花|夕梨香|夕立香|夕里佳|夕里加|夕里夏|夕里歌|夕里花|夕里香|夢梨花|夢里香|宥里香|幸里佳|幸里香|弓里香|悠吏伽|悠李佳|悠梨香|悠立佳|悠里佳|悠里可|悠里花|悠里香|憂梨香|憂理香|有利佳|有利加|有利華|有利香|有梨佳|有梨花|有梨華|有梨香|有理佳|有理加|有理可|有理圭|有理歌|有理花|有理香|有莉佳|有莉花|有莉香|有里佳|有里加|有里可|有里華|有里賀|有里香|柚莉香|柚里花|柚里香|珠理香|由利佳|由利加|由利華|由利香|由合加|由吏加|由吏香|由梨佳|由梨加|由梨可|由梨果|由梨耶|由梨花|由梨香|由理佳|由理加|由理花|由理香|由璃香|由莉佳|由莉果|由莉華|由莉香|由里佳|由里加|由里歌|由里花|由里華|由里雅|由里香|百合佳|百合加|百合可|百合夏|百合果|百合架|百合歌|百合花|百合華|百合賀|百合雅|百合香|百合鹿|百梨香|百理香|百里香|祐利佳|祐利香|祐梨香|祐理加|祐理香|祐莉佳|祐里伽|祐里佳|祐里加|祐里霞|祐里香|結利加|結利香|結梨華|結理花|結莉花|結莉香|結里佳|結里加|結里花|結里香|裕利加|裕利華|裕利香|裕梨佳|裕梨香|裕理香|裕里佳|裕里加|裕里夏|裕里香|諭里佳	given-name-dictionary
のぶひろ	乃文弘|之寛|之豊寛|亘啓|亘宏|亘広|亘弘|亘洋|亘浩|亘裕|亙泰|伸仁|伸公|伸博|伸啓|伸大|伸央|伸宏|伸宗|伸宙|伸寛|伸展|伸広|伸廣|伸弘|伸弥|伸拡|伸泰|伸洋|伸浩|伸礼|伸祐|伸紘|伸裕|信博|信啓|信嘉|信大|信太|信央|信完|信宏|信寛|信尋|信広|信廣|信弘|信弥|信泰|信洋|信浩|信淵|信煕|信皓|信礼|信祐|信紘|信裕|修啓|修大|修央|修宏|修寛|修広|修廣|修弘|修浩|修裕|修郭|允啓|允宏|允弘|允裕|充博|充宏|啓弘|喜博|喜大|喜宇|喜広|喜洋|喜浩|宜博|宜啓|宜大|宜宏|宜広|宜弘|宜浩|宣公|宣博|宣啓|宣大|宣宏|宣寛|宣尋|宣展|宣広|宣廣|宣弘|宣泰|宣洋|宣浩|宣裕|富弘|寛啓|寛大|寛宏|寛弘|寛紘|将博|将宏|将寛|将礼|展博|展周|展大|展宏|展広|展弘|展洋|展浩|展裕|布裕|庸博|庸宏|庸広|庸弘|庸浩|延博|延啓|延宏|延広|延弘|延洋|延浩|延祐|延裕|忍博|恒光|惣浩|慶博|慶宏|房広|政弘|敍廣|敦博|敦啓|敦大|敦寛|敦広|敦裕|昇博|昇宏|昇弘|昇洋|昶宏|昶煕|晋央|晋宏|晋寛|晋広|晋弘|暢仁|暢博|暢啓|暢嘉|暢大|暢宏|暢寛|暢広|暢弘|暢悠|暢洋|暢浩|暢紘|暢裕|演寛|照博|申洋|直宏|睦央|矗大|紳博|紳浩|統弘|綽宏|聿宏|脩浩|訓弘|誠博|誠大|誠央|誠宏|誠彦|誠洋|辰嘉|進弘|進洋|長広|長弘|陳裕|靖啓|靖太|靖弘|順博|順大|順弘|順洋|順裕	given-name-dictionary
えみこ	えみこ|えみ子|エミコ|エミ子|ヱミ子|乃后子|亜未子|会実子|会美子|依后子|依実子|依巳子|依未子|依美子|依見子|優美子|円実子|円明子|円美子|叡美子|可美子|咲子|咲実子|咲心子|咲美子|巳枝子|延光子|延実子|延己子|延美子|得実子|得弥子|得美子|得見子|微笑子|恵三子|恵並子|恵位子|恵倫子|恵充子|恵味子|恵妙子|恵子|恵実子|恵宮子|恵己子|恵已子|恵巳子|恵弥子|恵愛子|恵望子|恵未子|恵民子|恵水子|恵海子|恵深子|恵湖子|恵満子|恵珠子|恵皆子|恵笑子|恵美子|恵見子|恵視子|恵訪子|恵躬子|恵都子|恵魅子|悦巳子|悦満子|惠子|惠実子|惠己子|惠美子|愛み子|愛実子|愛美子|慧実子|慧瞳子|慧美子|支光子|映三子|映充子|映壬子|映己子|映巳子|映幹子|映未子|映民子|映水子|映海子|映美子|映見子|暎味子|枝三子|枝実子|枝己子|枝巳子|枝弓子|枝未子|枝水子|枝美子|枝見子|柄美子|栄三子|栄光子|栄味子|栄実子|栄巳子|栄弥子|栄心子|栄文子|栄美子|栄見子|榮味子|榮恵子|榮美子|榮見子|永三子|永味子|永実子|永未子|永海子|永美子|永見子|江三子|江充子|江光子|江実子|江己子|江巳子|江弓子|江未子|江水子|江海子|江示子|江美子|江見子|江身子|瑛実子|瑛弥子|瑛未子|瑛深子|瑛美子|瑛見子|画美子|穫実子|笑子|笑実子|笑己|笑己子|笑弥子|笑心|笑心子|笑美子|笑見子|笑魅子|絵三子|絵妙子|絵実子|絵実香|絵寧子|絵己子|絵巳子|絵弥子|絵未子|絵水子|絵海子|絵美子|絵美香|絵見子|絵観子|絵路子|絵身子|美女|美江子|苗実子|英三子|英壬子|英実子|英峰子|英己子|英巳子|英望子|英未子|英水子|英満子|英益子|英瞳子|英美子|英見子|英視子|英誠子|英道子|莞子|衛真子|衛美子|衣光子|衣実子|衣未子|衣美子|衣見子|衣身子|詠光子|詠実子|詠美子|重三子|重巳子|重美子	given-name-dictionary
あゆか	あゆか|あゆ佳|あゆ花|あゆ香|アユカ|亜佑佳|亜佑加|亜佑可|亜佑果|亜佑耶|亜佑花|亜佑華|亜佑香|亜侑加|亜侑香|亜優佳|亜優加|亜優果|亜優花|亜優華|亜優香|亜友佳|亜友圭|亜友果|亜友花|亜友華|亜友香|亜夕佳|亜夕加|亜夕果|亜夕花|亜夕華|亜夕香|亜悠花|亜悠香|亜有佳|亜有加|亜有果|亜有花|亜有華|亜有香|亜柚香|亜由佳|亜由加|亜由果|亜由翔|亜由花|亜由香|亜結花|亜裕佳|和花|安佑佳|安佑加|安佑果|安佑花|安佑華|安佑香|安優佳|安優加|安優果|安優花|安優華|安優香|安友佳|安友加|安友果|安友花|安友華|安友香|安夕伽|安夕佳|安夕加|安夕果|安夕花|安夕華|安夕香|安有佳|安有加|安有果|安有花|安有華|安有香|安由佳|安由利|安由加|安由果|安由花|安由華|安由香|安祐香|安結花|彩優花|彩優香|彩友香|彩夕花|彩由夏|悦|愛優佳|愛優花|愛優華|愛優香|愛友佳|愛友花|愛友香|愛唯華|愛夕香|愛夢佳|愛夢叶|愛夢花|愛夢香|愛弓香|愛有夏|愛柚花|愛由佳|愛由加|愛由香|愛結花|愛結華|愛香|文弓香|明佑果|明佑香|明優佳|明優花|明優香|明友香|明柚香|有優賀|有由加|有由花|有由香|杏佳|杏優花|杏優香|杏夕花|杏由香|杏香|歩佳|歩加|歩可|歩叶|歩夏|歩夢叶|歩果|歩桂|歩楓|歩歌|歩祐香|歩翔|歩花|歩華|歩霞|歩香|渉佳|絢優香|綾優香|綾香|肖佳|肖香|阿佑佳|阿佑加|阿佑果|阿佑花|阿佑華|阿佑香|阿優佳|阿優加|阿優果|阿優花|阿優華|阿優香|阿友佳|阿友加|阿友果|阿友花|阿友華|阿友香|阿夕伽|阿夕佳|阿夕加|阿夕果|阿夕花|阿夕華|阿夕香|阿有佳|阿有加|阿有果|阿有花|阿有華|阿有香|阿由佳|阿由加|阿由果|阿由花|阿由華|阿由香|阿結花|鮎伽|鮎佳|鮎加|鮎夏|鮎果|鮎歌|鮎花|鮎華|鮎霞|鮎香|麻由花	given-name-dictionary
いくみ	いくみ|いく味|いく巳|いく未|いく海|いく美|いく見|イクミ|一久美|井久実|井久美|井玖実|井玖美|亥久美|亥玖美|以久実|以久美|以久見|以玖実|以玖美|以玖見|以矩実|以矩美|以矩見|伊久実|伊久美|伊久見|伊公実|伊公美|伊玖実|伊玖未|伊玖美|伊玖見|伊矩実|伊矩美|伊矩見|伊紅未|伊紅美|伊貢美|位久美|位来美|位玖美|位矩美|侑海|依久実|依久美|依久見|依玖実|依玖美|依玖見|依矩実|依矩美|依矩見|依紅美|偉久美|偉美|億美|児美|唯公美|唯来未|唯空美|如実|如水|如美|委久実|委久美|委久見|委玖実|委玖美|委玖見|委矩実|委矩美|委矩見|尉具観|幾久実|幾久美|幾実|幾巳|幾未|幾美|往実|往美|征海|恵久美|惟久実|惟久美|惟久見|惟玖実|惟玖美|惟玖見|惟矩実|惟矩美|惟矩見|意久実|意久美|意久見|意玖実|意玖美|意玖見|意矩実|意矩美|意矩見|愛実|愛海|戦巳|毓美|永久美|活実|活水|活美|猪久美|猪玖実|猪玖美|珠愛|生久美|生公美|生実|生幹|生弓|生弥|生望|生民|生水|生海|生生|生美|生観|粥未|粥美|結美|維久実|維久美|維久見|維久魅|維玖実|維玖美|維玖見|維矩実|維矩美|維矩見|維矩魅|育|育三|育久美|育味|育妙|育実|育巨|育己|育巳|育弥|育愛|育望|育未|育民|育水|育海|育深|育湖|育珠|育生|育穂|育美|育良|育見|育視|致具美|行実|行未|行海|行玖実|行玖美|行美|衣久実|衣久巳|衣久美|衣久見|衣玖実|衣玖美|衣玖見|衣矩実|衣矩美|衣矩見|衣空美|言水|郁久実|郁久美|郁充|郁后|郁味|郁実|郁己|郁巳|郁弓|郁弥|郁望|郁未|郁水|郁泉|郁海|郁生|郁紅美|郁美|郁見	given-name-dictionary
さゆり	さゆり|さゆ梨|さゆ里|さ由里|サユリ|三有里|三百合|五由利|五百合|佐友利|佐友里|佐夕利|佐夕李|佐有梨|佐有理|佐有里|佐由利|佐由合|佐由吏|佐由理|佐由里|佐百合|佐百里|佐祐理|佐祐里|佐裕理|佐裕里|冴理|初姫|咲佑梨|咲優理|咲優莉|咲優里|咲夕里|咲夢莉|咲幸麗|咲有理|咲由梨|咲由理|咲由莉|咲由里|咲百合|咲結里|唆有里|妃志|妙由利|小侑里|小優理|小優里|小友理|小夕里|小弓里|小有利|小有里|小柚梨|小由利|小由合|小由里|小百合|小百理|小百美|小百里|小裕理|小雪里|少由里|嵯友里|左優里|左友里|左夕里|左小厘|左有里|左由里|左百合|幸由梨|幸由理|幸由里|幸百合|幸裕里|彩佑里|彩優理|彩優里|彩友里|彩夕莉|彩有里|彩由理|彩由里|彩百合|彩百里|彩邑里|抄由里|早佑梨|早佑理|早佑里|早侑莉|早友利|早友理|早友里|早夕理|早夕里|早弓里|早悠理|早悠莉|早悠里|早愉里|早揺|早有理|早有里|早由利|早由合|早由吏|早由李|早由理|早由里|早百合|早百梨|早百里|早祐里|早結利|早結理|早結里|早裕合|早裕吏|早裕里|沙ゆり|沙佑理|沙佑里|沙侑里|沙優里|沙友理|沙友莉|沙友里|沙夕利|沙夕李|沙夕莉|沙夕里|沙宥吏|沙悠梨|沙悠理|沙悠里|沙有梨|沙有理|沙有里|沙汐里|沙由利|沙由合|沙由吏|沙由梨|沙由理|沙由莉|沙由里|沙百合|沙百理|沙祐梨|沙祐璃|沙祐里|沙裕里|清念|爽由梨|瑳由梨|白湯利|白百合|百合子|砂由利|砂由理|砂由里|砂百合|紗ゆり|紗佑里|紗侑里|紗優梨|紗友梨|紗友理|紗友莉|紗友里|紗夕梨|紗夕理|紗夢梨|紗悠里|紗憂理|紗憂里|紗有理|紗有里|紗柚利|紗由|紗由利|紗由合|紗由梨|紗由理|紗由莉|紗由里|紗百合|紗祐理|紗結璃|紗結里|紗裕梨|紗裕理|紗裕里|菜夕里|菜悠理|菜由利|菜百合|菜百里|装由里	given-name-dictionary
まゆみ	まゆみ|まゆ美|ま弓|マユミ|万代美|万佑未|万侑美|万友実|万友美|万右美|万弓|万弓美|万悠実|万愉美|万愉見|万有未|万有美|万由三|万由巳|万由弓|万由弥|万由未|万由美|万由見|万結美|万裕美|万諭美|亜由美|壇|奉祝美|彩夢見|愛優心|摩佑美|摩弓|摩有美|摩由美|摩由魅|摩裕美|昌夕実|昌由実|昌由美|枋|檀|檀弓|正友実|正友美|正弓|正美|満優美|満弓|満由美|満百美|満祐美|満裕美|眉美|眞夕実|眞夕美|眞弓|眞有実|眞有美|眞由実|眞由美|眞祐実|眞祐美|眞裕実|眞裕美|真代美|真佑実|真佑未|真佑美|真佑見|真侑美|真優未|真優美|真友瞳|真友美|真右実|真右美|真夕弓|真夕海|真夕美|真夢美|真如美|真実|真弓|真弓実|真弓美|真悠美|真愉実|真愉美|真愉見|真有未|真有美|真歩|真由み|真由三|真由子|真由実|真由巳|真由弓|真由未|真由美|真由見|真百美|真祐未|真祐美|真結実|真結美|真美|真裕実|真裕美|真諭実|真諭美|真雄美|磨依美|磨夕実|磨夕望|磨弓|磨由美|磨祐美|磨裕弥|磨裕美|紳弓|繭光|繭実|繭未|繭海|繭珠|繭美|繭見|繭鏡|舞弓|舞海|舞由実|舞由美|舞美|舞裕美|舞遊実|舞遊美|舞雪美|茉代美|茉佑未|茉佑美|茉侑美|茉友実|茉友美|茉弓|茉弓美|茉愉美|茉愉見|茉有未|茉由三|茉由実|茉由弓|茉由美|茉由見|茉結美|茉裕美|茉諭美|見|誠由実|誠由美|誠美|雅夕実|雅夕美|雅弓|雅由実|雅由美|雅雪実|魔弓|麻佑実|麻佑未|麻佑美|麻侑美|麻優美|麻友実|麻友美|麻右美|麻夕美|麻夢|麻弓|麻弓美|麻悠美|麻愉美|麻愉見|麻有美|麻柚美|麻由三|麻由光|麻由実|麻由巳|麻由弓|麻由美|麻由見|麻祐巳|麻祐美|麻結実|麻結美|麻裕美|麻諭美|麿優貢|黛弓|黛美	given-name-dictionary
かなみ	かなみ|かな美|カナミ|伽南実|伽南美|伽名実|伽名美|伽奈実|伽奈己|伽奈美|伽茄美|伽菜実|伽菜美|伽那実|伽那美|佳乃巳|佳南|佳南実|佳南美|佳名実|佳名美|佳奈|佳奈実|佳奈未|佳奈美|佳永未|佳泉|佳波|佳波美|佳浪|佳直美|佳茄実|佳茄美|佳菜|佳菜未|佳菜美|佳菜見|佳那実|佳那美|光波|加南美|加名美|加名見|加夏実|加夏美|加奈実|加奈己|加奈巳|加奈望|加奈未|加奈美|加波|加浪|加茄実|加茄美|加菜実|加菜美|加那実|加那美|可七美|可南|可南巳|可南美|可奈味|可奈巳|可奈未|可奈美|可実|可楠実|可菜美|可那美|叶光|叶実|叶心|叶望|叶未|叶美|和奈美|和那美|哉実|哉巳|哉弥|哉海|哉美|嘉奈美|圭乃巳|圭洋|夏南|夏南海|夏南美|夏名美|夏奈美|夏波|夏菜実|奏名|奏実|奏巳|奏弓|奏弥|奏心|奏未|奏水|奏波|奏海|奏珠|奏瑞|奏笑|奏美|奏見|愛実|愛海|愛珠|愛美|日奈美|果南心|果奈実|果奈美|果波|果美|果菜実|果菜未|果菜美|果那実|果那美|架南|架南理|架奈実|架奈美|栞波|楓南|榎奈美|歌奈美|汀海|河水美|泰美|海波|神奈美|称美|翔奈美|耶名弥|花名実|花奈実|花奈珠|花奈美|花泉|花波|花浪|花菜実|花菜生|花菜美|花那美|花都|華南|華南実|華名未|華和美|華奈美|華波|華美|華菜美|華那美|要海|要美|賀菜実|郁奈美|金実|金巳|金海|金美|金魅|鐘美|雅奈美|雅波|風波|香七海|香並|香凡|香凪美|香南|香南美|香名美|香奈実|香奈巳|香奈弥|香奈美|香成美|香泉|香波|香苗未|香菜|香菜実|香菜美|香那美|鹿波	given-name-dictionary
さえこ	さえこ|さえ子|さへ子|さ江子|サエコ|サエ子|サヱ子|三恵子|三映子|三枝子|五重子|佐代子|佐会子|佐依子|佐得子|佐恵子|佐惠子|佐愛子|佐慧子|佐映子|佐枝子|佐柄子|佐栄子|佐永子|佐江子|佐瑛子|佐絵子|佐英子|佐衣子|佐詠子|佐重子|作依子|作恵子|作枝子|作江子|作絵子|冴子|冴恵子|冴映子|冴枝子|冴栄子|冴湖|冴英子|冴衣子|咲恵子|咲愛子|咲映子|咲枝子|咲永子|咲江子|咲笑子|咲絵子|咲英子|咲衣子|咲重子|善恵子|小咲子|小恵子|小映子|小枝子|小永子|小江子|小笑子|小絵子|小英子|小衣子|小重子|少江子|嵯恵子|嵯枝子|嵯衛子|左依子|左咲子|左恵子|左悦子|左愛子|左映子|左枝子|左栄子|左永子|左江子|左絵子|左衛子|左衞子|左衣子|差恵子|差英子|幸恵子|幸栄子|幸永子|幸江子|幸絵子|彩子|彩恵子|彩映子|彩枝子|彩栄子|彩永子|彩江子|彩瑛子|彩絵子|彩英子|彩衣子|才子|才恵子|才絵子|才重子|抄園子|抄恵子|抄栄子|抄絵子|斉笑子|早依子|早兄子|早恵子|早慧子|早映子|早枝子|早栄子|早桜子|早江子|早瑛子|早絵子|早縁子|早英子|早衣子|早詠子|早重子|更絵子|朗子|朝映子|査恵子|査江子|桜重子|沙エコ|沙依子|沙子|沙恵子|沙愛子|沙映子|沙枝子|沙栄子|沙永子|沙江子|沙瑛子|沙絵子|沙英子|沙衣子|沙詠子|清恵子|瑳咲子|瑳栄子|瑳江子|砂恵子|砂映子|砂枝子|砂栄子|砂江子|砂絵子|砂英子|砂衣子|笹英子|粧映子|紗会子|紗依子|紗子|紗恵子|紗惠子|紗映子|紗枝子|紗栄子|紗永子|紗江子|紗瑛子|紗絵子|紗英子|紗衣子|紗詠子|紗重子|聡子|茶恵子|茶映子|草映子|菜栄子|菜江子|菜絵子|菜雪子|貴恵子|采恵子|采衣子|里恵子|里栄子|里江子	given-name-dictionary
ときこ	ときこ|とき子|トキコ|トキ子|世子|乙希子|人季子|仁妃子|仁紀子|候子|兎季子|冨喜子|冨貴子|冬妃子|冬季子|冬季胡|冬木子|冬樹子|冬紀子|凱子|利喜子|利基子|利季子|利規子|利記子|利起子|刻子|則子|勅子|十亀子|十喜子|十希子|十紀子|十貴子|十起子|友紀子|国子|土喜子|土岐子|土樹子|土紀子|塔樹子|外喜子|外希子|外紀子|外記子|外輝子|季子|宗子|宙子|富喜子|富姫子|富希子|富樹子|富気子|富紀子|富貴子|富起子|寿喜子|常子|常紀子|常貴子|常軌子|年喜子|度希子|徒記子|徒貴子|得喜子|徳季子|徳貴子|戸紀子|戸起子|斉子|斗伎子|斗器子|斗季子|斗紀子|斗規子|斗貴子|斗輝子|旬子|時子|時空子|時規子|時記子|時鼓|晨子|晨胡|智紀子|暁子|暁鼓|朗子|朝子|朱子|朱希子|朱紀子|朱鷺子|杜喜子|杜季子|杜幾子|杜支子|杜紀子|東希子|東紀子|東綺子|東記子|東輝子|桃季子|桃花鳥子|桃貴子|梓子|永希子|淑妃子|淡紅子|渡希子|瑠希子|登亀子|登企子|登伎子|登喜子|登城子|登季子|登岐子|登己子|登希子|登樹子|登樹誇|登生子|登紀子|登芸子|登規子|登記子|登貴子|登起子|登輝子|睦子|知来子|示子|祝子|秋子|稔喜子|節子|統季子|統希子|統樹子|統紀子|統貴子|翔希子|翔輝子|聡妃子|聡子|聡幹子|藤喜子|藤希子|藤貴子|解子|言子|訓子|訳子|説子|論子|豊己子|豊樹子|豊貴子|辰子|迅子|都企子|都吉子|都喜子|都季子|都己子|都希子|都木子|都樹子|都気子|都生子|都祁子|都稀子|都紀子|都綺子|都規子|都記子|都貴子|都起子|釈子|鋭子|音貴子|飛翔子|鴻子	given-name-dictionary
あやみ	あやみ|あや実|あや美|亜也巳|亜也海|亜也美|亜八実|亜弥実|亜弥美|亜矢己|亜矢未|亜矢海|亜矢美|亜耶未|亜耶美|亜谷美|史実|史未|史美|安也実|安也巳|安也美|安哉美|安弥実|安弥巳|安弥美|安矢実|安矢巳|安矢弓|安矢美|安耶実|安耶巳|安耶美|彩|彩仁|彩光|彩后|彩実|彩巳|彩希|彩弥|彩弥美|彩心|彩文|彩方|彩望|彩未|彩朱|彩水|彩海|彩深|彩湖|彩珠|彩珠深|彩生|彩眞|彩矢実|彩矢美|彩純|彩美|彩翠|彩見|彩路|彩身|彩魅|彪美|彰実|彰弥|彰美|恵実|恵弥|恵美|愛也美|愛巳|愛弥美|操弥|操見|文|文充|文実|文弥|文彩|文望|文未|文海|文生|文美|文見|斐巳|斐未|明弥実|明弥美|有実|朱未|朱生|朱美|杏哉見|理望|理未|理美|礼后|礼実|礼巳|礼弥|礼望|礼未|礼海|礼深|礼珠|礼美|章実|章美|紋実|紋己|紋巳|紋望|紋未|紋美|紋見|純実|純心|純真|純美|絢也美|絢仁|絢実|絢己|絢巳|絢幹|絢未|絢水|絢海|絢美|絢見|絢路|絢魅|綺実|綺水|綺泉|綺海|綺美|綺観|綾味|綾実|綾峰|綾己|綾巳|綾弓|綾弥|綾文|綾望|綾未|綾水|綾波|綾浪|綾海|綾真|綾美|綾見|肖充|肖実|英実|英美|郁実|郁美|采実|采巳|采未|采泉|采海|采美|錦実|阿也実|阿也巳|阿也美|阿弥実|阿弥巳|阿弥美|阿矢実|阿矢巳|阿矢美|阿耶実|阿耶巳|阿耶美|麻海	given-name-dictionary
まなみ	まなみ|まな弥|まな美|マナミ|万七美|万南|万南美|万名真|万名美|万奈実|万奈己|万奈巳|万奈未|万奈美|万成美|万波|万浪|万苗実|万菜味|万菜美|万那未|学実|学海|学美|心美|愛|愛命|愛夢|愛奈実|愛奈美|愛子|愛実|愛弓|愛弥|愛心|愛望|愛未|愛果|愛桜|愛水|愛永|愛波|愛海|愛深|愛渚|愛湖|愛満|愛珠|愛生|愛美|愛聖|愛菜実|愛菜美|愼奈美|摩奈美|摩那未|摩那美|昌奈美|末奈実|末奈美|満奈美|満波|満菜美|眞名美|眞奈実|眞奈美|真七実|真七美|真凪美|真南|真南海|真南美|真史|真名実|真名弥|真名望|真名美|真夏海|真夏美|真奈実|真奈己|真奈巳|真奈弥|真奈未|真奈波|真奈海|真奈美|真奈視|真実|真微|真心|真愛|真愛実|真成実|真成美|真望|真未|真波|真波美|真浪|真涙|真珠|真直実|真直美|真瞳|真納美|真美|真聖|真苗美|真菜味|真菜実|真菜美|真見|真覧|真言美|真那未|真那美|瞳|磨奈実|磨奈美|舞凪美|舞南|舞奈味|舞奈実|舞奈深|舞奈美|舞汲|舞波|舞菜美|舞那美|茉七美|茉凪美|茉南|茉南美|茉名美|茉和美|茉奈実|茉奈己|茉奈巳|茉奈未|茉奈美|茉成美|茉波|茉浪|茉海|茉納美|茉菜味|茉菜美|茉那未|茉那美|薪奈美|馬波|麻七美|麻凡|麻南|麻南水|麻南美|麻名実|麻名美|麻奈味|麻奈実|麻奈己|麻奈巳|麻奈弥|麻奈未|麻奈末|麻奈波|麻奈海|麻奈美|麻奈視|麻奈身|麻成美|麻梨美|麻波|麻浪|麻納美|麻菜味|麻菜実|麻菜美|麻那実|麻那未|麻那美|麿奈実|麿奈美	given-name-dictionary
ゆりえ	ゆりえ|ゆり恵|ゆり枝|ゆり江|ゆり絵|ユリエ|佑利恵|佑梨江|佑理恵|佑理江|佑理絵|佑里恵|佑里江|佑里絵|佑里英|侑利恵|侑吏恵|侑莉江|侑里恵|侑里映|侑里枝|侑里江|侑里英|侑里衣|優利恵|優利枝|優利江|優吏重|優梨|優梨恵|優理恵|優理江|優理絵|優里恵|優里枝|優里江|優里絵|友利恵|友利江|友利絵|友吏江|友李恵|友梨恵|友梨映|友梨枝|友梨江|友梨絵|友梨重|友理恵|友理惠|友理枝|友理江|友理絵|友理英|友璃恵|友莉恵|友莉枝|友莉江|友莉絵|友里恵|友里愛|友里慧|友里映|友里枝|友里栄|友里江|友里絵|友里衣|友鈴江|夕利衣|夕梨恵|夕梨衣|夕理恵|夕理栄|夕理絵|夕里恵|夕里枝|夕里江|夕里絵|宥莉絵|悠利栄|悠利衣|悠理恵|悠理惠|悠理江|悠莉恵|悠里恵|悠里江|悠里絵|悠里衣|愉里恵|有利惠|有利枝|有李恵|有李絵|有梨依|有梨恵|有梨映|有梨江|有梨絵|有梨衣|有理恵|有理枝|有理栄|有理江|有莉恵|有莉絵|有里依|有里恵|有里枝|有里江|有里絵|有里英|柚利枝|由利恵|由利惠|由利枝|由利江|由利絵|由吏江|由吏重|由梨依|由梨恵|由梨枝|由梨江|由梨絵|由理恵|由理枝|由理江|由理絵|由織絵|由莉恵|由莉枝|由里恵|由里愛|由里映|由里枝|由里栄|由里江|由里絵|由里衣|百合以|百合恵|百合惠|百合愛|百合映|百合枝|百合栄|百合江|百合絵|百合英|百合衣|祐利恵|祐利江|祐李枝|祐梨恵|祐梨江|祐梨絵|祐理恵|祐理枝|祐理江|祐里恵|祐里枝|祐里江|祐里絵|結利愛|結梨枝|結理恵|結里恵|裕利江|裕李江|裕梨恵|裕梨枝|裕理恵|裕理枝|裕理笑|裕理絵|裕里恵|裕里枝|裕里江|裕里瑛|裕里絵|裕黎依|雪理絵	given-name-dictionary
あみ	あみ|アミ|亜光|亜后|亜味|亜好|亜子|亜実|亜巨|亜巳|亜弓|亜弥|亜微|亜扇|亜望|亜未|亜末|亜民|亜水|亜洋|亜海|亜深|亜澪|亜珠|亜美|亜見|亜魅|亞実|亞未|亞海|亞美|亞見|侑未|吾実|吾弥|吾海|吾美|吾魅|和海|天妙|天望|天海|天美|安史|安実|安巳|安望|安未|安泉|安海|安深|安満|安珠|安眉|安美|安見|安魅|嵐美|彩充|彩夢|彩妙|彩実|彩弓|彩心|彩未|彩水|彩海|彩珠|彩美|愛み|愛光|愛史|愛実|愛己|愛巳|愛弓|愛弥|愛心|愛望|愛未|愛水|愛泉|愛海|愛深|愛満|愛澪|愛珠|愛生|愛美|愛聖|愛見|愛路|文実|文海|新緑|明実|明弥|明未|明海|明満|明笑|明美|昭深|昭美|昴朱|晏未|暖心|有実|有弥|有未|有海|有美|朝実|朱未|朱美|杏実|杏弥|杏明|杏未|杏水|杏海|杏深|杏満|杏珠|杏瞳|杏美|杏翠|杏聖|杏観|歩実|歩弥|歩未|歩海|歩深|海々|海美|碧実|碧弥|碧海|碧満|碧美|空未|空海|空美|網美|綾海|綾美|綾見|編|編深|羅|耶美|英美|茜実|茜深|茜美|葵水|葵海|蒼海|藍水|藍海|藍美|逢夢|采深|阿実|阿巨|阿巳|阿弥|阿未|阿水|阿海|阿珠|阿美|阿見|雅充|雅実|雅巳|雅美|青海|麻実|麻未|麻美	given-name-dictionary
としこ	としこ|とし子|と志子|トシコ|トシ子|世子|了子|亨子|人史子|人子|仁子|俊子|信子|倫子|兎志子|冬志子|冬至子|刀史子|利史子|利士子|利子|利志子|利至子|利香|到史子|勤子|十四五|十四子|十志子|十思子|十枝子|十糸子|十紫子|十絲子|十詩子|叔子|史子|和志子|和枝子|哉子|図史子|土人|土史子|土師子|土志好|土志子|土思子|壽子|外史子|外志子|夙子|季子|宗子|富士子|富志子|寿始子|寿子|寿庫|寿志子|峻子|年古|年子|年志子|年支子|年香|幸子|度志子|当志子|徒史子|怜子|恒子|恭子|恵子|戸旨子|戸紫子|才子|捷子|敏仔|敏史子|敏子|敏志子|敦子|敬子|斉子|斗史子|斗志子|斗糸子|斗紫子|斗至子|明子|智子|智志子|暁子|朋之子|李子|杜支子|杜若子|杜詩子|東史子|東士子|東志子|東詩子|樹子|歳子|淑子|灯志子|理子|甫子|登勢子|登史子|登司子|登士子|登始子|登姿子|登子|登志子|登思子|登枝子|登糸子|登紫子|登至子|登茂子|登詩子|知子|知至子|祀子|祚子|福子|禧子|稔子|稔香|章真子|等子|等志子|箸子|紀子|紀江|総子|繁子|聖子|聡子|聡志子|聰子|肇子|肚嗣子|菟絲子|董志子|藤姿子|藤志子|藤紫子|衡子|要子|訓子|記子|詩子|豊志子|豪子|載子|途志子|逸子|都伎子|都史子|都司子|都市子|都師子|都心子|都志子|都思子|都枝子|都糸子|都紫子|都至子|都詞子|都詩子|鋭子|隼子|順子|頼子	given-name-dictionary
あずさ	あずさ|あず佐|あず作|あず早|あず沙|あず紗|アズサ|アズ紗|一二|亜図沙|亜好沙|亜子紗|亜寿佐|亜寿彩|亜寿早|亜寿沙|亜寿砂|亜寿紗|亜寿里|亜州沙|亜州紗|亜朱沙|亜朱紗|亜杜沙|亜梓|亜沙|亜津佐|亜津嵯|亜津早|亜津沙|亜津瑳|亜津砂|亜津紗|亜澄彩|亜澄沙|亜珠咲|亜珠彩|亜珠沙|亜瑞佐|亜瑞嵯|亜瑞早|亜瑞沙|亜瑞瑳|亜瑞砂|亜瑞紗|亜総|亜諏砂|亜豆沙|亜都沙|亜鈴沙|亜須沙|亜鶴佐|亜鶴嵯|亜鶴早|亜鶴沙|亜鶴瑳|亜鶴砂|亜鶴紗|亞芝沙|天寿沙|安佐|安寿佐|安寿小|安寿幸|安寿早|安寿沙|安寿砂|安寿紗|安津佐|安津嵯|安津早|安津沙|安津瑳|安津砂|安津紗|安珠佐|安珠沙|安珠砂|安瑞佐|安瑞嵯|安瑞早|安瑞沙|安瑞瑳|安瑞砂|安瑞紗|安都佐|安須咲|安鶴佐|安鶴嵯|安鶴早|安鶴沙|安鶴瑳|安鶴砂|安鶴紗|小紗|彩奏咲|彩寿裟|彩朱沙|愛佐|愛月咲|愛杏沙|愛津彩|愛珠咲|愛珠早|愛瑞|愛瑞沙|明寿彩|明日作|明日咲|明日沙|明朱咲|明朱彩|明津咲|明津彩|有津紗|朱津沙|杏咲|杏寿紗|杏彩|杏摘咲|杏早|杏月彩|杏桜|杏沙|杏津沙|杏紗|杏里|東沙|梓|梓佐|梓冴|梓咲|梓夏|梓左|梓彩|梓早|梓桜|梓沙|梓皐|梓砂|梓紗|梓茶|梓里|梓颯|梢|歩澄咲|綾須彩|翌宰|英|英沙|茜翔沙|阿寿早|阿寿沙|阿寿砂|阿寿紗|阿朱砂|阿津佐|阿津嵯|阿津早|阿津沙|阿津瑳|阿津砂|阿津紗|阿瑞佐|阿瑞嵯|阿瑞早|阿瑞沙|阿瑞瑳|阿瑞砂|阿瑞紗|阿鶴佐|阿鶴嵯|阿鶴早|阿鶴沙|阿鶴瑳|阿鶴砂|阿鶴紗	given-name-dictionary
はるな	はるな|はる奈|はる菜|ハルナ|令名|令奈|令純|優名|優菜|初留菜|名|和奈|咲那|大和|大奈|実七|巴瑠菜|巴瑠那|巴留菜|悠凪|悠南|悠奈|悠菜|悠那|日愛|日那|早瑠菜|明和|明奈|明成|明菜|明那|映奈|映月|映菜|春乃|春來|春儚|春凪|春南|春名|春和|春奈|春捺|春来|春桃菜|春楠|春海|春渚|春琉奈|春称|春紅|春茄|春菜|春那|春魚|昭名|昭奈|時奈|時来|晏奈|晏菜|晴南|晴名|晴和|晴多|晴奈|晴捺|晴月|晴渚|晴瑠菜|晴菜|晴那|智南|暖|暖凪|暖和|暖奈|暖愛|暖菜|東和|東奈|東菜|栄奈|桜乃|桜奈|桜菜|榛南|榛名|榛奈|榛菜|榛那|永奈|永菜|治名|治奈|治菜|波月|波瑠奈|波瑠菜|波留南|波留奈|波留菜|洋菜|流水|浩菜|温南|温名|温奈|温菜|温那|瑤奈|瑶奈|知奈|知杏|知菜|美七|美乃|美名|美命|美和|美多|美奈|美称|美菜|美那|羽月|羽来奈|羽瑠奈|羽瑠菜|羽留奈|羽見奈|良奈|芭留奈|花奈|花菜|華名|華和|華奈|華愛|華水|華瑠菜|華菜|華那|葉月|葉瑠奈|葉留南|葉留奈|葉留菜|覇留菜|遙南|遙和|遙奈|遙菜|遙那|遥|遥凪|遥南|遥名|遥夏|遥奈|遥月|遥楠|遥渚|遥菜|遥那|遼奈|遼那|陽|陽南|陽名|陽夏|陽奈|陽己|陽菜|陽那|青奈	given-name-dictionary
こうじろう	亘二朗|亘二郎|亘次郎|亘赦|光二朗|光二良|光二郎|光志朗|光次朗|光次郎|光治良|光治郎|光赦|公二朗|公二郎|公次郎|公治郎|剛二郎|功二朗|功二郎|功次朗|功次郎|功治郎|功赦|厚二朗|厚二郎|厚次郎|厚治郎|厚赦|垢二朗|垢二郎|垢赦|好二郎|好司郎|好次郎|孝二朗|孝二郎|孝司郎|孝次郎|孝治郎|孝赦|宏二朗|宏二郎|宏次朗|宏次郎|宏治郎|宏赦|嵩二朗|嵩二郎|嵩赦|工二朗|工次郎|巧二朗|巧二郎|巧赦|幸二朗|幸二郎|幸司朗|幸司郎|幸次朗|幸次郎|幸治朗|幸治郎|幸赦|広二朗|広二郎|広次郎|広治郎|庚二郎|庚次郎|康二朗|康二郎|康仁郎|康司郎|康嗣郎|康士郎|康次郎|康治郎|康赦|廣次朗|弘之郎|弘二朗|弘二郎|弘志郎|弘次郎|弘治郎|弘赦|恒二朗|恒二郎|恒司郎|恒次郎|恒治郎|恒赦|昂二朗|昂二郎|晃二朗|晃二郎|晃司郎|晃士朗|晃志郎|晃次郎|晃治郎|晃爾郎|晃赦|晧次郎|曠児郎|江二郎|洸二朗|洸二郎|洸次郎|洸赦|浩一郎|浩二朗|浩二郎|浩司朗|浩司郎|浩士朗|浩次朗|浩次郎|浩治郎|浩赦|浩路朗|港治郎|滉二朗|甲二郎|甲寿郎|甲慈朗|甲次郎|甲治郎|皐二郎|皓二朗|皓二郎|皓赦|稿二郎|紅次郎|紘二朗|紘二郎|紘次朗|紘次郎|紘赦|絃次郎|縞二郎|考二郎|考次郎|考治郎|考赦|耕二朗|耕二郎|耕司郎|耕次郎|耕治郎|耕自朗|耕赦|興二郎|興次郎|興治郎|荒治郎|虹二朗|虹二郎|虹赦|講治郎|貢二郎|貢次郎|鉱二郎|鉱次郎|鋼二郎|鋼次郎|鍠次郎|鏗二郎|香二郎|高二朗|高二郎|高次郎|高治郎|高赦|鴻二郎|鴻次郎	given-name-dictionary
としえ	としえ|とし恵|とし枝|とし江|と志江|トシエ|世恵|亨依|代江|俊乃|俊会|俊恵|俊惠|俊枝|俊栄|俊江|俊絵|俊英|俊衛|俊衣|俊重|信衣|冬至恵|冬至江|利依|利巴|利得|利志枝|利恵|利惠|利映|利枝|利栄|利江|利絵|利衛|利衣|利重|十史枝|十四江|十志重|十珠絵|十糸枝|十至枝|十詩恵|友志江|友詩枝|叔江|壽恵|壽枝|壽江|外志恵|外志枝|外志江|季恵|季枝|季江|季笑|季衣|富士江|富志枝|富志江|寿会|寿得|寿恵|寿懐|寿枝|寿栄|寿江|寿絵|寿衛|寿衣|寿重|年恵|年枝|年栄|年永|年江|年絵|庸恵|恵江|戸志江|敏恵|敏惠|敏愛|敏枝|敏栄|敏榮|敏江|敏絵|敏英|敏衣|敏詠|敬永|智厚惠|智志江|智恵|智江|暁江|期絵|東志江|歳枝|歳江|歳絵|淑恵|淑惠|淑愛|淑枝|淑栄|淑江|淑絵|淑英|理恵|甫枝|甫江|登史恵|登史江|登史絵|登司恵|登司江|登士枝|登姿恵|登子江|登志恵|登志惠|登志枝|登志栄|登志江|登志衛|登枝恵|登視絵|登詩恵|知恵|知枝|福恵|私恵|稔恵|稔惠|稔映|稔枝|稔栄|稔江|章衣|紀恵|紀枝|紀栄|紀永|紀江|統史恵|聖恵|聖江|聡恵|聡枝|聡江|肇江|莉笑|要江|豪江|透志重|都史江|都司恵|都士恵|都寿恵|都市江|都志恵|都志枝|都志永|都志江|都枝|都紫恵|都詩絵|録枝|順惠	given-name-dictionary
みのり	みのり|みの梨|みの里|み乃り|ミノリ|三典|三則|三知|三記|三誉|仁紀|充伯|充紀|光乃凜|光乃里|光伯|光恭|史紀|后礼|后紀|季|季音|実|実のり|実の莉|実乃李|実乃梨|実乃莉|実乃里|実仙|実典利|実凜|実利|実則|実季|実尭|実延里|実愛|実慎|実教|実李|実梨|実法|実理|実璃|実矩|実祈|実祝|実穂里|実紀|実義|実莉|実規|実里|実野里|実鈴|実音里|己典|巳乃里|幸祝|幸穂|弥乃吏|弥礼|弥範|弥里|御法|心乃莉|心典|心愛|心莉|扇舟|望乃里|望文|望礼|未乃梨|未乃莉|未乃里|未乘|未令|未典|未望里|未知|未紀|未至|樹生|泉紀|泉鑑|法|海典|海法|海紀|深乃里|深徳|深慎|深理|深礼|深紀|珠愛|生実|真永|真知|神祝|秋|秋梨|稔|稔凜|稔梨|稔琳|稔莉|稔里|穂|穂莉|穂里|穣|穣里|結実|美の莉|美の里|美乃利|美乃梨|美乃理|美乃璃|美乃莉|美乃里|美乃麗|美仙|美典|美典利|美則|美周|美延里|美律|美徳|美恭|美憲|美朝|美法|美濃利|美濃理|美濃里|美登|美知|美礼|美祈|美祝|美稔|美範|美紀|美統|美緑|美義|美能里|美規|美記|美郷|美里|美野里|美雅|美音里|翠紀|聖典|自然|規矩|視乃|豊凜|豊梨|豊里|身乃里|農|魅乃璃|魅了|魅祝	given-name-dictionary
こういちろう	亘一朗|亘一郎|亘壱朗|亘壱郎|亘市朗|亘市郎|亨一郎|倖一郎|光一朗|光一郎|光壱朗|光壱郎|光市朗|光市郎|公一朗|公一郎|剛一朗|剛一郎|功一朗|功一郎|功壱朗|功壱郎|功市朗|功市郎|厚一朗|厚一郎|厚壱朗|厚壱郎|厚市朗|厚市郎|向一郎|垢一朗|垢一郎|垢壱朗|垢壱郎|垢市朗|垢市郎|好一朗|好一郎|孔一廊|孔一郎|孝一朗|孝一郎|孝壱朗|孝壱郎|孝市朗|孝市郎|宏一朗|宏一良|宏一郎|宏壱朗|宏壱郎|宏市朗|宏市郎|嵩一朗|嵩一郎|嵩壱朗|嵩壱郎|嵩市朗|嵩市郎|巧一朗|巧一郎|巧壱朗|巧壱郎|巧市朗|巧市郎|幸一朗|幸一郎|幸壱朗|幸壱郎|幸市朗|幸市郎|広一朗|広一郎|康一朗|康一郎|康壱朗|康壱郎|康市朗|康市郎|廣一郎|弘一朗|弘一郎|弘壱朗|弘壱郎|弘市朗|弘市郎|恒一朗|恒一路|恒一郎|恒壱朗|恒壱郎|恒市朗|恒市郎|攻一郎|昂一郎|晃一朗|晃一郎|晃壱朗|晃壱郎|晃市朗|晃市郎|更一郎|杭一郎|江一郎|洪一郎|洸一朗|洸一郎|洸壱朗|洸壱郎|洸市朗|洸市郎|洽一郎|浩一朗|浩一郎|浩壱朗|浩壱郎|浩市朗|浩市郎|滉一郎|甲一郎|皓一朗|皓一郎|皓壱朗|皓壱郎|皓市朗|皓市郎|礦一郎|紘一朗|紘一良|紘一郎|紘壱朗|紘壱郎|紘市朗|紘市郎|絖一郎|綱一郎|考一郎|耕一朗|耕一郎|耕壱朗|耕壱郎|耕市朗|耕市郎|耿一郎|興一朗|興一郎|航一朗|航一郎|荒一郎|虹一朗|虹一郎|虹壱朗|虹壱郎|虹市朗|虹市郎|行一郎|衡一郎|講一郎|貢一郎|鉱一郎|鋼一郎|鋼市郎|鍠一郎|香一郎|高一朗|高一郎|高壱朗|高壱郎|高市朗|高市郎|鴻一郎	given-name-dictionary
あやこ	あやこ|あや子|アヤコ|アヤ子|亜也子|亜也湖|亜亦子|亜哉子|亜夜子|亜弓子|亜弥子|亜彩子|亜成子|亜椰子|亜欧子|亜治子|亜矢子|亜耶子|亜谷子|亜郁子|亜野子|亜靖子|亞夜子|亞矢子|佳子|信子|史子|合矢子|吾也子|奇子|安也子|安哉子|安弥子|安矢子|安耶子|安野子|安靖子|寄子|彩也子|彩了|彩児|彩夜香|彩子|彩弥子|彩心|彩来|彩湖|彩爽子|彩瑚|彩矢子|彩耶子|彩胡|彩虹|彪子|彬子|彰子|恭子|恵好|恵子|惠子|愛哉子|愛夜子|愛康子|愛弥子|愛矢子|愛耶子|技子|操子|文子|文戸|文湖|文琴|文紅|文香|斐子|明也子|明弥子|明矢子|明耶子|有哉子|有矢子|朱子|杏弥子|杏耶子|杏野子|漢子|理保子|理子|理江|琢子|瑛子|異子|相椰子|礼子|礼江|礼都|禮子|秋夜子|稜子|空也子|章子|章江|童子|紀子|紅子|紋也子|紋子|紋虎|純女|純子|紘子|絢子|絢矢子|綵子|綺也子|綺子|綾也子|綾和子|綾好|綾姫|綾子|綾己|綾弥子|綾恋|綾湖|綾琴|綾瑚|綾矢子|綾耶子|綾胡|綾谷子|綾香|緩子|縫子|織子|繰子|美子|肖子|艶子|苑子|若子|英女|英子|英香|草子|菖子|藍夜子|藍子|詞子|貴子|郁子|釆子|采古|采子|采虹|采鼓|錦子|阿や子|阿也子|阿哉子|阿弥子|阿矢子|阿耶女|阿耶子|陵子|陽子|随子|雅弥子|雅矢子|順子|麻也子	given-name-dictionary
あゆ	あゆ|アユ|亜佑|亜侑|亜優|亜友|亜唯|亜夕|亜夢|亜宥|亜幸|亜弓|亜悠|亜有|亜柚|亜湧|亜由|亜祐|亜結|亜裕|亜遊|似|吾佑|吾侑|吾優|吾友|吾唯|吾夕|吾宥|吾弓|吾悠|吾有|吾柚|吾由|吾祐|吾結|吾裕|和優|和柚|天結|奏夢|妃優|安佑|安侑|安優|安友|安唯|安夕|安宥|安悠|安有|安柚|安由|安祐|安結|安裕|彩佑|彩優|彩友|彩夕|彩夢|彩有|彩柚|彩結|彩雪|愛|愛佑|愛侑|愛優|愛友|愛唯|愛夕|愛夢|愛宥|愛弓|愛悠|愛有|愛柚|愛湧|愛由|愛祐|愛結|愛裕|文柚|明優|明友|明有|明柚|明由|明祐|明結|晃夢|晏佑|晏侑|晏優|晏友|晏唯|晏夕|晏宥|晏弓|晏悠|晏有|晏柚|晏由|晏祐|晏結|晏裕|暖優|有佑|有優|有柚|有由|有結|朱由|杏侑|杏優|杏友|杏唯|杏悠|杏有|杏柚|杏湧|杏由|杏癒|杏祐|杏結|東悠|梓優|歩|歩優|歩向|歩唯|歩夢|歩弥|歩惟|歩由|歩結|空夢|綾佑|綾優|綾弓|綾祐|繭|蒼結|藍夕|逢友|逢結|采優|阿佑|阿侑|阿優|阿友|阿夕|阿宥|阿弓|阿悠|阿有|阿柚|阿由|阿祐|阿結|阿裕|香優|香由|鮎|鮎華|麻侑|麻友|麻有	given-name-dictionary
さえ	さえ|さ恵|さ江|サエ|三恵|三愛|三枝|三絵|三重|佐依|佐得|佐恵|佐悦|佐惠|佐映|佐枝|佐栄|佐江|佐絵|佐英|佐衣|作恵|作絵|冴|冴依|冴恵|冴愛|冴映|冴枝|冴栄|冴江|冴瑛|冴絵|冴英|咲依|咲恵|咲愛|咲枝|咲栄|咲江|咲瑛|咲笑|咲絵|咲英|咲衣|咲重|咲風|嗄衣|察江|小恵|小惠|小愛|小枝|小永|小江|小笑|小絵|左恵|左愛|左枝|左絵|左英|左衣|左詠|彩|彩依|彩咲|彩恵|彩愛|彩慧|彩映|彩枝|彩栄|彩永|彩江|彩瑛|彩画|彩絵|彩英|彩衣|彩詠|思愛|才恵|抄恵|抄江|斉恵|早依|早央|早恵|早惠|早愛|早慧|早映|早枝|早栄|早永|早江|早絵|早英|早詠|早重|更絵|朗|桜恵|桜映|桜枝|桜栄|桜重|櫻枝|沙依|沙恵|沙愛|沙慧|沙映|沙枝|沙永|沙江|沙瑛|沙画|沙絵|沙英|沙衣|沙詠|沙重|爽絵|瑳恵|瑳栄|瑳永|瑳英|瑳衣|真絵|砂恵|砂枝|砂絵|砂英|砂衣|祥恵|祥衣|紗会|紗依|紗恵|紗愛|紗慧|紗映|紗枝|紗柄|紗栄|紗榎|紗永|紗江|紗瑛|紗絵|紗英|紗衣|紗重|聖恵|茶恵|茶絵|菜恵|蓑慧|裟江|謝恵|貞愛|采依|采愛|颯愛	given-name-dictionary
あけみ	あけみ|あけ実|あけ美|アケミ|丹美|乃加光|亜京明|亜圭美|亜希美|亜恵実|亜恵美|亜景美|亜祁美|亜華実|亜華果|亜華美|亮美|南文|厚圭美|安京美|安圭美|安希子|安計美|尭巳|彩啓美|彩景美|彰弓|彰美|愛敬実|愛敬美|愛桂美|憲美|文圭実|旭美|昌実|明三|明京美|明倫|明光|明妙|明姫|明実|明實|明巨|明己|明巳|明希|明希美|明弓|明弥|明心|明恵|明恵美|明景未|明未|明水|明海|明珠|明生|明瞳|明笑|明美|明聖|明見|明覧|明躬|映見|昭美|晃実|晃巳|晃玉|晃美|景美|晴美|晶海|晶美|暁光|暁実|暁己|暁巳|暁弥|暁未|暁水|暁海|暁美|暁見|暁視|曉子|曉実|曉美|曙海|曙生|曙美|曙見|曙覧|有希美|有桂美|有美|朋美|朗美|朝美|朱|朱史|朱子|朱実|朱實|朱己|朱巳|朱弓|朱弥|朱彌|朱恵|朱恵見|朱扇|朱未|朱果|朱民|朱水|朱泉|朱海|朱深|朱示|朱穂|朱美|朱見|朱規|朱計実|朱計美|朱身|朱郁|朱里|朱鏡|杏実|照美|玲美|珠|珠実|珠文|珠明|珠未|珠美|珠良|相恵美|瞭美|秋未|秋美|空美|章美|紅実|紅美|綾恵実|綾恵美|緋美|茜巳|茜美|証美|赤実|開美|阿圭美|阿希|阿希美|陽水|陽美|雅佳実|顕美	given-name-dictionary
かえ	かえ|カエ|カ江|伽枝|伽絵|伽衣|佳亜|佳代|佳会|佳依|佳延|佳恵|佳惠|佳愛|佳慧|佳映|佳枝|佳栄|佳永|佳江|佳瑛|佳笑|佳絵|佳英|佳衣|佳重|加依|加妃|加恵|加惠|加愛|加慧|加枝|加栄|加江|加絵|加繪|加英|加衣|可恵|可愛|可慧|可映|可枝|可江|可絵|可英|可衣|嘉恵|嘉慧|嘉會|嘉枝|嘉栄|嘉江|嘉絵|嘉重|嘩曖|圭恵|圭惠|圭絵|圭衣|夏恵|夏悦|夏慧|夏映|夏枝|夏江|夏笑|夏絵|夏衣|奏恵|書栄|果依|果恵|果映|果枝|果永|果瑛|果絵|果衣|架江|桂恵|桂愛|桂絵|桂英|楓|樺映|歌恵|歌枝|歌栄|歌英|歌衣|海絵|翔恵|翔瑛|花依|花媛|花恵|花愛|花映|花枝|花柄|花栄|花永|花江|花笑|花絵|花英|花衣|花詠|花重|華依|華恵|華愛|華慧|華枝|華永|華江|華笑|華絵|華英|華衣|華詠|華風|薫悦|賀恵|賀惠|賀愛|賀映|賀枝|賀栄|賀永|賀江|賀絵|賀重|郁江|霞恵|霞枝|霞絵|霞衣|風愛|香伎|香会|香依|香得|香恵|香惠|香愛|香慧|香映|香枝|香栄|香榮|香江|香笑|香絵|香英|香衛|香衣|香重|馨恵|鹿恵|鹿江	given-name-dictionary
あえり	あえり|亜恵利|亜恵梨|亜恵里|亜映利|亜映里|亜枝利|亜枝里|亜栄利|亜栄里|亜永利|亜永里|亜江利|亜江里|亜絵利|亜絵理|亜英利|亜英里|亜衿|会恵利|会恵梨|会恵理|会恵莉|会恵里|会枝利|会枝梨|会枝理|会枝莉|会枝里|会江利|会江梨|会江理|会江莉|会江里|会絵利|会絵梨|会絵理|会絵莉|会絵里|合恵利|合恵梨|合恵理|合恵莉|合恵里|合枝利|合枝梨|合枝理|合枝莉|合枝里|合江利|合江梨|合江理|合江莉|合江里|合絵利|合絵梨|合絵理|合絵莉|合絵里|和利|和吏|和李|和梨|和理|和璃|和莉|和里|安恵利|安恵里|安映利|安映里|安栄利|安栄里|安永利|安永里|安江利|安江里|安絵利|安絵里|安英利|安英里|愛恵利|愛恵梨|愛恵理|愛恵莉|愛恵里|愛枝利|愛枝梨|愛枝理|愛枝莉|愛枝里|愛江利|愛江梨|愛江理|愛江莉|愛江里|愛絵利|愛絵梨|愛絵理|愛絵莉|愛絵里|愛英里|明笑凛|有英梨|有英理|相恵利|相恵梨|相恵理|相恵莉|相恵里|相枝利|相枝梨|相枝理|相枝莉|相枝里|相江利|相江梨|相江理|相江莉|相江里|相絵利|相絵梨|相絵理|相絵莉|相絵里|藍恵利|藍恵梨|藍恵理|藍恵莉|藍恵里|藍枝利|藍枝梨|藍枝理|藍枝莉|藍枝里|藍江利|藍江梨|藍江理|藍江莉|藍江里|藍絵利|藍絵梨|藍絵理|藍絵莉|藍絵里|阿恵利|阿恵里|阿映利|阿映里|阿栄利|阿栄里|阿永利|阿永里|阿江利|阿江里|阿絵利|阿絵里|阿英利|阿英里	given-name-dictionary
のぶお	ノブオ|乃二雄|乃武夫|乃生雄|亘夫|亘朗|亘男|亘雄|伸夫|伸央|伸弦|伸旺|伸朗|伸王|伸生|伸男|伸緒|伸郎|伸雄|信夫|信央|信尾|信帆|信朗|信生|信男|信緒|信郎|信雄|修勇|修夫|修央|修生|修男|修郎|修雄|允夫|允男|允郎|収夫|叙男|啓夫|啓雄|喜夫|喜朗|喜雄|宜男|宜雄|宣力|宣夫|宣布男|宣朗|宣生|宣男|宣穂|宣郎|宣雄|寛男|寛郎|寛雄|将雄|尊生|展士|展夫|展央|展旺|展生|展男|展緒|展雄|序生|庸夫|庸男|庸雄|延夫|延泰|延生|延甫|延男|延郎|延雄|循雄|恒夫|惟夫|惟男|惟雄|惣生|慶雄|房夫|房男|房雄|政保|敦夫|敦雄|昇於|晋夫|暢呂|暢夫|暢央|暢殃|暢生|暢男|暢穂|暢郎|暢雄|演雄|濃夫男|申夫|登雄|直男|睦大|睦夫|矗男|禹夫|禹雄|穀男|章雄|範雄|紳夫|統夫|統雄|綽夫|聿郎|能生|脩夫|至生|英雄|葉夫|覃雄|言夫|訳雄|誠夫|誠生|誠男|誠郎|誠雄|説男|農夫男|農夫雄|述夫|進夫|野武生|野武男|野歩男|野風男|量生|鋸雄|長雄|陳雄|陶夫|靖夫|靖男|靖雄|順夫|順生|順雄|頌夫	given-name-dictionary
かよ	かよ|カヨ|佳与|佳世|佳予|佳代|佳余|佳依|佳夜|佳姫|佳宜|佳容|佳生|佳用|佳由|佳祥|佳美|佳良|佳葉|佳誉|佳陽|加与|加世|加予|加代|加佳|加好|加容|加庸|加揚|加葉|加誉|加陽|勝代|可与|可世|可予|可代|可依|可喜|可夜|可容|可耀|可葉|吏代|周代|和世|和代|和余|和葉|嘉よ|嘉与|嘉世|嘉予|嘉代|嘉宇|嘉容|嘉陽|圭世|圭代|夏世|夏代|夏余|夏瑤|夏葉|夏誉|多代|好代|家世|家代|日世|果与|果世|果代|果余|果良|果葉|架世|架予|架代|桂世|桂代|楓代|樺夜|歌与|歌世|歌代|歌夜|歌葉|歓代|河代|海陽|火曜|珂世|珂葉|甲代|花世|花代|花夜|花容|花昌|花陽|芳世|芳代|芳嘉|芳葉|芳誉|菓葉|華与|華世|華予|華代|華余|華夜|華容|華誉|華陽|薫代|賀与|賀世|賀予|賀代|賀庸|賀要|通|開代|雅世|雅代|雅誉|霞夜|風世|風翼|香与|香世|香予|香代|香余|香佳|香依|香夜|香好|香容|香昌|香暢|香歩|香生|香羊|香葉|香蓉|香誉|香陽|馨予|馨代|鹿代	given-name-dictionary
あつみ	あつみ|あつ実|あつ美|アツミ|九|亜実|亜摘|亜津実|亜津美|亜都実|亜都海|亜都美|享美|京実|京未|京美|京良|会津美|侑恵|充仁|充実|充望|充未|充美|厚|厚実|厚己|厚巳|厚未|厚海|厚美|厚臣|厚見|厚魅|司美|天光湖|孝美|安津実|安津美|安美|安都美|彩摘|徳真|惇巳|惇弥|惇海|惇深|惇美|惇見|愛摘|愛津美|愛積|抄実|抄眉|抄美|握美|敦三|敦充|敦実|敦己|敦已|敦巳|敦弓|敦心|敦望|敦未|敦海|敦生|敦省|敦美|敬省|敬美|昌己|昌巳|昌美|春文|暑実|暑美|暖己|暖未|暖海|暖深|暖美|曙美|有津実|有津美|東日美|林|涼生|涼美|淳|淳味|淳実|淳巨|淳己|淳巳|淳幹|淳弥|淳心|淳未|淳水|淳海|淳深|淳生|淳美|淳規|淳視|淳親|淳雅|渥未|渥美|渥見|渥視|温南|温実|温巳|温未|温海|温深|温真|温美|温見|濃美|熱実|熱美|睦実|睦美|篤三|篤実|篤巳|篤未|篤海|篤美|純|純実|純弓|純美|諄美|豊実|豊美|貴実|貴巳|貴美|農巨|醇実|醇巳|醇海|醇美|鍾|阿律美|阿津実|阿津美|阿都美|雲実	given-name-dictionary
ゆきな	ゆきな|ゆき奈|ゆき菜|享奈|享菜|享那|佑奈|佑妃菜|佑季奈|佑希那|佑紀奈|侑奈|侑季奈|侑希奈|侑林|侑紀奈|侑菜|侑那|倖夏|倖奈|倖菜|優奈|優妃奈|優妃菜|優季奈|優希奈|優希菜|優来奈|優樹奈|優樹菜|優生菜|優紀奈|優貴菜|優輝奈|千奈|千那|友喜奈|友姫奈|友己奈|友希奈|友希菜|友希那|友木奈|友紀奈|友紀菜|友紀那|友規奈|友貴奈|友貴菜|夕妃那|夕姫奈|夕季菜|夕希菜|夕紀奈|夕紀菜|夕貴菜|夕輝菜|夢希菜|如茄|如菜|如那|幸凪|幸和|幸夏|幸奈|幸奏|幸姫奈|幸成|幸直|幸菜|幸那|弓生奈|征奈|征那|志奈|志菜|志那|悠奈|悠季奈|悠希菜|悠菜|憂季奈|政奈|是奈|晋奈|晋那|有己奈|有希奈|有希菜|有希那|有紀奈|有紀菜|有記奈|柚季奈|柚希奈|由喜菜|由奈|由妃菜|由季名|由季奈|由季菜|由希奈|由希菜|由希那|由木奈|由樹奈|由樹菜|由紀奈|由紀菜|由紀那|由菊菜|由菜|由葵奈|由記奈|由貴奈|由貴那|由起奈|由起菜|知奈|礼奈|祐希奈|祐希菜|祐生菜|祐紀菜|祐貴奈|祐貴菜|結希奈|結希菜|結貴奈|肖奈|薫和|薫奈|行奈|裕喜渚|裕喜菜|裕季奈|裕季菜|裕希奈|裕希菜|裕紀奈|裕貴奈|輸喜奈|透奈|郁紀奈|雪凪|雪南|雪奈|雪姫菜|雪季奈|雪捺|雪波|雪渚|雪菜|雪那	given-name-dictionary
こうのすけ	亘之丞|亘之介|亘之佑|亘之助|亘之祐|亘之輔|光之丞|光之介|光之佑|光之助|光之祐|光之輔|公之介|公之助|公之輔|功之丞|功之介|功之佑|功之助|功之祐|功之輔|厚之丞|厚之介|厚之佑|厚之助|厚之祐|厚之輔|垢之丞|垢之介|垢之佑|垢之助|垢之祐|垢之輔|好之介|好之助|好之輔|孝ノ輔|孝乃祐|孝之丞|孝之介|孝之佑|孝之助|孝之祐|孝之輔|宏之丞|宏之介|宏之佑|宏之助|宏之祐|宏之輔|嵩之丞|嵩之介|嵩之佑|嵩之助|嵩之祐|嵩之輔|巧之丞|巧之介|巧之佑|巧之助|巧之祐|巧之輔|幸之丞|幸之介|幸之佑|幸之助|幸之祐|幸之輔|広之介|康之丞|康之亮|康之介|康之佑|康之助|康之祐|康之輔|弘之丞|弘之亮|弘之介|弘之佑|弘之助|弘之祐|弘之輔|恒之丞|恒之介|恒之佑|恒之助|恒之祐|恒之輔|昂之介|晃之丞|晃之介|晃之佑|晃之助|晃之祐|晃之輔|杲之介|江之助|洸之丞|洸之介|洸之佑|洸之助|洸之祐|洸之輔|浩之丞|浩之介|浩之佑|浩之助|浩之祐|浩之輔|煌之助|甲之介|甲之助|皇之介|皓之丞|皓之介|皓之佑|皓之助|皓之祐|皓之輔|紘之丞|紘之介|紘之佑|紘之助|紘之祐|紘之輔|綱之輔|耕之丞|耕之亮|耕之介|耕之佑|耕之助|耕之祐|耕之輔|耿之介|興之助|航之介|虹之丞|虹之介|虹之佑|虹之助|虹之祐|虹之輔|行之助|豪之輔|鋼之助|香之介|高之丞|高之介|高之佑|高之助|高之祐|高之輔|鴻之助	given-name-dictionary
あみり	あみり|アミリ|亜実利|亜実李|亜実梨|亜実理|亜実莉|亜実里|亜巳利|亜巳李|亜巳梨|亜巳理|亜巳莉|亜巳里|亜未梨|亜美利|亜美李|亜美梨|亜美理|亜美莉|亜美里|亜美麗|亜見利|亜見李|亜見梨|亜見理|亜見莉|亜見里|亞美里|吾実利|吾実李|吾実梨|吾実理|吾実莉|吾実里|吾巳利|吾巳李|吾巳梨|吾巳理|吾巳莉|吾巳里|吾美利|吾美李|吾美梨|吾美理|吾美莉|吾美里|吾美麗|吾見利|吾見李|吾見梨|吾見理|吾見莉|吾見里|安実里|安未莉|彩実利|彩実李|彩実里|彩美梨|愛実利|愛実李|愛実梨|愛実莉|愛実里|愛巳利|愛心里|愛未里|愛深璃|愛美梨|愛美理|愛美莉|愛魅里|明実利|明実李|明実梨|明実理|明実莉|明実里|明巳利|明巳李|明巳梨|明巳理|明巳莉|明巳里|明未莉|明美利|明美李|明美梨|明美理|明美璃|明美莉|明美里|明美麗|明見利|明見李|明見梨|明見理|明見莉|明見里|有美莉|絢未璃|絢未莉|絢深梨|絢深理|絢深莉|絢美利|絢美李|絢美梨|絢美理|絢美莉|絢美里|茜巳利|茜未梨|茜未理|茜未莉|茜美利|茜美李|茜美璃|茜美里|藍未梨|藍未理|藍未莉|藍美利|藍美李|藍美里|阿実利|阿実李|阿実梨|阿実理|阿実莉|阿実里|阿巳利|阿巳李|阿巳梨|阿巳理|阿巳莉|阿巳里|阿美利|阿美李|阿美梨|阿美理|阿美莉|阿美里|阿美麗|阿見李|阿見梨|阿見理|阿見莉|阿見里	given-name-dictionary
まゆか	まゆか|まゆ佳|まゆ香|万佑加|万佑花|万友佳|万友香|万有香|万柚香|万由佳|万由加|万由果|万由花|万由華|万由香|万祐未|万祐香|万結佳|万結花|万結香|万裕佳|万裕香|唯衣花|妹由佳|実優佳|愛優花|末佑佳|満夕香|満由佳|眉花|眞有香|眞由佳|眞由香|真佑佳|真佑加|真佑花|真佑華|真侑香|真優佳|真優加|真優可|真優花|真優華|真優香|真友加|真友花|真友華|真友香|真夕佳|真夢花|真悠可|真悠歌|真悠花|真悠華|真愉花|真有佳|真有香|真柚香|真由伽|真由佳|真由加|真由和|真由圭|真由夏|真由果|真由架|真由歌|真由花|真由華|真由香|真祐未|真祐香|真結可|真結華|真裕佳|真裕香|真郁佳|磨有香|磨祐香|繭佳|繭加|繭可|繭夏|繭歌|繭花|繭菓|繭華|繭郁|繭香|繭鹿|舞悠歌|茉佑華|茉佑香|茉侑佳|茉優佳|茉優花|茉友佳|茉友加|茉友香|茉悠加|茉有加|茉有香|茉由佳|茉由加|茉由可|茉由果|茉由花|茉由華|茉由香|茉祐花|茉祐香|茉結華|茉裕佳|茉裕香|雅優香|雅有加|麻佑花|麻佑華|麻優香|麻友佳|麻友加|麻友夏|麻友果|麻友香|麻夕日|麻夕花|麻夕香|麻悠香|麻有佳|麻有加|麻有果|麻有香|麻由佳|麻由加|麻由果|麻由桂|麻由花|麻由華|麻由賀|麻由香|麻祐加|麻祐香|麻結花|麻結香|麻裕佳|麻裕歌|黛佳|黛加|黛香	given-name-dictionary
ゆみ	ゆみ|ユミ|佑光|佑実|佑弓|佑弥|佑望|佑未|佑珠|佑美|侑|侑実|侑未|侑深|侑美|侑見|侑身|優光|優実|優弥|優微|優心|優望|優未|優水|優海|優生|優美|優見|勇弥|勇美|友味|友実|友巳|友望|友泉|友海|友美|友見|友視|右実|唯未|唯美|夕味|夕実|夕弥|夕未|夕海|夕美|夕見|夢未|夢美|如巳|宙美|宥美|布美|幸実|幽水|弓|弓弥|弓未|弓美|悠実|悠未|悠水|悠美|悠見|悠観|愉三|愉実|愉己|愉美|憂美|有光|有実|有弥|有望|有未|有泉|有生|有美|有良|有見|柔美|柚実|柚美|桜美|水美|満美|由み|由並|由充|由后|由味|由実|由己|由巳|由弥|由望|由未|由朱|由水|由海|由珠|由美|由見|由規|由視|癒魅|百弥|百未|百美|真由美|祐実|祐巳|祐弓|祐恵|祐未|祐民|祐満|祐澄|祐美|祐見|結実|結心|結望|結未|結水|結海|結珠|結美|自美|裕后|裕実|裕未|裕民|裕泉|裕深|裕珠|裕美|諭未|諭海|諭美|遊実|遊未|遊美|郁実|郁美	given-name-dictionary
ゆみこ	ゆみこ|ゆみ子|ゆ実子|ゆ美子|ユミコ|ユミ子|佑三子|佑充子|佑実子|佑未子|佑美子|侑壬子|侑実子|侑未子|侑深子|侑生子|侑美子|優実心|優弥子|優心子|優未子|優美子|優美心|優見子|優香子|勇美子|友三子|友光子|友実呼|友実子|友弥子|友未子|友海子|友現子|友美呼|友美子|友見子|右美子|夕充子|夕峰子|夕水子|夕海子|夕美子|夕見子|夢実子|夢未子|夢海子|夢美子|夢見子|宙実子|宙美子|幸実子|幸美子|弓子|弓実子|弓弥子|弓真子|弓美子|弓胡|悠光子|悠実子|悠美子|悠見子|愉実子|愉美子|憂美子|有仁子|有光子|有味子|有実子|有実香|有己子|有巳子|有弥子|有文子|有望子|有未子|有水子|有海子|有深子|有神子|有美子|有美香|有見子|楡美子|汐実子|汐美子|湯三子|湯実子|湯美子|生実子|生美子|由三子|由味子|由実子|由実湖|由宮子|由己子|由巳子|由弥子|由未子|由未来|由民子|由海子|由珠子|由美子|由美幸|由美恵|由美湖|由見子|由身子|百明子|百美子|祐三子|祐実子|祐巨子|祐己子|祐巳子|祐弥子|祐未子|祐民子|祐海子|祐満子|祐美子|祐見子|祐視子|紬美子|結三子|結実子|結美子|裕三子|裕充子|裕光好|裕味子|裕実子|裕巳子|裕未子|裕果子|裕海子|裕美子|裕見子|裕視子|諭実子|諭弥子|諭美子|郁美子|釉美子|雄美子	given-name-dictionary
あやり	亜也梨|亜也莉|亜弥梨|亜弥莉|亜矢利|亜矢梨|亜矢理|亜矢莉|亜耶利|亜耶梨|亜耶莉|安也利|安也梨|安也理|安也璃|安也莉|安也里|安弥利|安弥梨|安弥理|安弥璃|安弥莉|安弥里|安矢利|安矢梨|安矢理|安矢璃|安矢莉|安矢里|安耶利|安耶梨|安耶理|安耶璃|安耶莉|安耶里|彩凛|彩凜|彩利|彩吏|彩李|彩梨|彩理|彩璃|彩織|彩莉|彩里|彪利|彪吏|彪李|彪梨|彪理|彪璃|彪莉|彪里|恵里|愛也里|愛弥里|愛野理|文利|文吏|文李|文梨|文理|文璃|文莉|文里|斐利|斐吏|斐李|斐梨|斐理|斐璃|斐莉|斐里|有矢里|朱利|理利|礼利|礼吏|礼李|礼梨|礼理|礼璃|礼莉|礼里|章里|紋吏|紋梨|紋莉|絢利|絢吏|絢律|絢李|絢梨|絢理|絢璃|絢莉|絢里|綺吏|綺梨|綺理|綺莉|綺麗|綾伶|綾利|綾吏|綾李|綾梨|綾理|綾璃|綾莉|綾里|綾鈴|菖里|采利|采吏|采李|采梨|采理|采璃|采莉|采里|阿也利|阿也梨|阿也理|阿也璃|阿也莉|阿也里|阿弥利|阿弥梨|阿弥理|阿弥璃|阿弥莉|阿弥里|阿矢利|阿矢梨|阿矢理|阿矢璃|阿矢莉|阿矢里|阿耶利|阿耶梨|阿耶理|阿耶璃|阿耶莉|阿耶里|麻矢里	given-name-dictionary
あさな	あさな|亜佐名|亜佐奈|亜佐菜|亜佐那|亜作名|亜作奈|亜作菜|亜作那|亜咲奈|亜咲菜|亜左名|亜左奈|亜左菜|亜左那|亜彩名|亜彩奈|亜彩菜|亜彩那|亜早名|亜早奈|亜早菜|亜早那|亜桜奈|亜沙名|亜沙奈|亜沙菜|亜沙那|亜瑳名|亜瑳奈|亜瑳菜|亜瑳那|亜砂名|亜砂奈|亜砂菜|亜砂那|亜紗名|亜紗奈|亜紗菜|亜紗那|安佐名|安佐奈|安佐菜|安佐那|安作名|安作奈|安作菜|安作那|安咲南|安左名|安左奈|安左菜|安左那|安彩名|安彩奈|安彩菜|安彩那|安早名|安早奈|安早菜|安早那|安沙名|安沙奈|安沙菜|安沙那|安瑳名|安瑳奈|安瑳菜|安瑳那|安砂名|安砂奈|安砂菜|安砂那|安紗名|安紗奈|安紗菜|安紗那|愛彩菜|愛桜奈|愛沙名|愛沙菜|旦名|旦奈|旦菜|旦那|旭凪|旭和|旭菜|晏彩奈|晨名|晨奈|晨菜|晨那|朝凪|朝南|朝名|朝和|朝奈|朝渚|朝菜|朝那|杏咲菜|杏彩菜|阿佐名|阿佐奈|阿佐菜|阿佐那|阿作名|阿作奈|阿作菜|阿作那|阿左名|阿左奈|阿左菜|阿左那|阿彩名|阿彩奈|阿彩菜|阿彩那|阿早名|阿早奈|阿早菜|阿早那|阿沙名|阿沙奈|阿沙菜|阿沙那|阿瑳名|阿瑳奈|阿瑳菜|阿瑳那|阿砂名|阿砂奈|阿砂菜|阿砂那|阿紗名|阿紗奈|阿紗菜|阿紗那|麻名|麻奈|麻渚|麻菜|麻那	given-name-dictionary
みゆ	みゆ|三侑|三友|三夢|三悠|三柚|三結|三裕|光佑|光優|光有|光柚|光由|光祐|史裕|名結|味弓|夢結|実于|実佑|実侑|実優|実友|実夕|実夢|実弓|実悠|実憂|実柚|実湧|実由|実祐|実結|実遊|嶺佑|巳柚|弥佑|弥侑|弥優|弥唯|弥夢|弥弓|弥有|弥由|心優|心友|心柚|心結|明優|望佑|望友|望夕|望夢|望悠|望有|望柚|望由|望結|未佑|未侑|未依|未優|未唯|未夢|未悠|未愉|未有|未由|未祐|未結|未緩|未裕|未遊|桃優|桜侑|桜優|水優|水夢|水癒|泉夕|泉結|海佑|海侑|海優|海友|海夕|海夢|海弓|海悠|海有|海柚|海結|深優|深由|深結|深裕|深雪|満夢|満涌|珠佑|珠侑|珠優|珠夢|珠結|瑞夕|真優|瞳由|笑優|美佑|美侑|美優|美冬|美友|美唯|美夕|美夢|美宥|美悠|美憂|美有|美柚|美汐|美海|美湧|美瑜|美由|美百|美祐|美結|美茜|美裕|美遊|美雪|翠佑|翠優|翠夕|翠由|聖悠|自由|見優|見愉|視裕|魅悠	given-name-dictionary
あずみ	あずみ|あず実|あず未|あず美|与美|予未|亜ず美|亜子身|亜寿|亜寿実|亜寿己|亜寿望|亜寿未|亜寿美|亜州美|亜曇|亜朱美|亜泉|亜津実|亜津美|亜淑|亜澄|亜澄美|亜珠実|亜珠美|亜瑞実|亜瑞美|亜秋美|亜積|亜純|亜絵美|亜須美|亜鶴実|亜鶴美|亜鷲見|吾澄|和津実|和津彌|和津美|天使|天泉|安主実|安主美|安住|安子実|安寿実|安寿弥|安寿水|安寿美|安曇|安栖|安泉|安津実|安津美|安海|安澄|安澄美|安珠美|安瑞実|安瑞美|安積実|安積美|安端実|安端美|安純|安鶴実|安鶴美|彩水|彩純|忍|愛寿美|愛摘美|愛朱美|愛澄|愛澄美|愛珠美|愛瑞美|愛積|愛純|愛美|文泉|新純|明日美|明日見|明曇|明朱美|明澄|明澄美|明純|晏寿愛|晏澄|晏純|有希|有澄|有純|朱寿美|杏|杏姫|杏子実|杏実|杏未|杏泉|杏海|杏澄|杏純|杏純美|杏美|東実|東宮|東洋|東美|梓実|梓弓|梓弥|梓未|梓珠|梓美|歩珠美|歩純|淑美|渥美|碧澄|碧澄美|秋珠美|空澄|空澄未|空純|紫澄|藍澄|阿津実|阿津美|阿澄|阿瑞実|阿瑞美|阿純|阿須実|阿須美|阿鶴実|阿鶴美|青澄|麻澄|麻都美	given-name-dictionary
ななみ	ななみ|なな実|なな海|なな美|ナナミ|ナナ美|七々実|七々海|七七七|七七三|七七美|七三|七光|七夏海|七奈実|七奈未|七奈海|七奈美|七実|七巳|七弥|七愛|七成美|七明|七望|七未|七樹|七泉|七波|七洋|七海|七渚美|七珠|七生|七瞳|七碧|七美|七菜未|七菜海|七虹美|七那実|七那美|七魅|凪波|南々南|南々海|南々美|南なみ|南波|南浪|南那未|名奈巳|名奈美|名波|名那実|和心|和波|夏々南|夏々海|夏南|夏波|奈々実|奈々巳|奈々望|奈々未|奈々海|奈々珠|奈々生|奈々美|奈々見|奈々魅|奈七実|奈七海|奈七美|奈南|奈名美|奈和美|奈奈実|奈奈美|奈捺未|奈波|奈波海|奈洋|奈浪|奈満|奈菜実|奈菜己|奈菜未|奈菜美|奈那実|奈那海|奈那美|奈魅|心南海|愛光|愛樹実|暖々未|暖波|楠々美|汀子|渚々海|渚海|花々実|花々珠|菜々子|菜々実|菜々巳|菜々心|菜々望|菜々未|菜々海|菜々深|菜々珠|菜々美|菜々翠|菜南|菜南心|菜奈実|菜奈未|菜奈美|菜成美|菜波|菜苗美|菜菜未|菜菜美|菜那実|菜那美|虹光|虹心|虹海|虹珠|虹生|虹美|那々弥|那々美|那南|那奈実|那奈海|那奈美|那暖未|那波|那聖	given-name-dictionary
まりか	まりか|まり果|まり花|まり香|マリカ|万凜香|万利佳|万梨嘩|万梨花|万梨華|万理香|万瑠花|万綸香|万莉佳|万莉花|万里佳|万里加|万里歌|万里花|万里華|万里香|愛里加|愛鈴花|摩利果|摩梨花|摩梨香|摩理香|摩莉佳|摩莉香|摩麗華|未李果|末利花|末利華|末莉香|毬果|毬花|毬香|海風|満梨加|満梨果|満梨香|満理華|満莉果|満里花|満里香|球加|眞理加|眞理香|眞莉嘉|真凜花|真利佳|真利花|真利香|真李香|真梨佳|真梨加|真梨嘩|真梨夏|真梨果|真梨花|真梨華|真梨香|真珠夏|真理佳|真理加|真理嘉|真理歌|真理花|真理華|真理香|真璃伽|真璃香|真綸香|真莉佳|真里佳|真里加|真里果|真里花|真里華|真里香|磨利香|磨理香|磨里圭|磨里香|聖華|舞里香|茉|茉利佳|茉利加|茉利香|茉梨加|茉梨夏|茉梨花|茉梨薫|茉梨香|茉理花|茉理香|茉綸香|茉莉佳|茉莉夏|茉莉日|茉莉果|茉莉樺|茉莉花|茉莉華|茉莉香|茉里佳|茉里加|茉里夏|茉里香|莉花|雅梨香|鞠果|鞠花|鞠香|鞠鹿|麻利加|麻利華|麻利香|麻梨嘩|麻梨夏|麻梨果|麻梨花|麻梨華|麻梨香|麻理佳|麻理加|麻理歌|麻理花|麻理華|麻理香|麻璃花|麻綸香|麻莉花|麻里か|麻里佳|麻里加|麻里夏|麻里花|麻里華|麻里香	given-name-dictionary
みちこ	みちこ|みち子|ミチコ|ミチ子|三代子|三千子|三千湖|三智子|三池子|三治子|三津子|三知子|三緻子|三茅子|亨子|亨香|享子|京子|伯子|侖子|信子|倫子|儒子|允知子|充史広|充子|充智子|充香|光千子|光智子|光知子|光致子|兌子|典子|務子|壬知子|婦子|宙子|宝子|実千子|実千鼓|実智子|実池子|実治子|実知子|実路子|實智子|導子|岐子|巌子|己治子|己知子|巳智子|巳知子|巳緻子|康子|廸子|彌値子|彭子|往子|径代|径子|御秩子|御稚子|想子|慶子|扇智子|教子|方子|智子|暢子|未智子|未知子|未知己|未知湖|未秩子|深智子|深知子|満子|満智子|満知子|猷子|玄子|珠千子|理子|理湖|由子|眞子|真子|礼子|紀子|純子|経子|総子|美ち子|美代子|美千子|美地子|美智代|美智子|美池子|美治子|美潮子|美知子|美知虎|美祉子|美稚子|美路子|美都子|美雅子|芳子|行子|見千子|見智子|見知子|見稚子|規子|規稚子|観智子|詮子|路こ|路子|路湖|路知子|路胡|蹊子|身ち子|身智子|身知子|迪子|途固|途子|通子|進子|運子|道呼|道子|達子|陸子|順子	given-name-dictionary
ゆかこ	ゆかこ|ゆか子|ユカ子|佑佳子|佑加子|佑可子|佑嘉子|佑果子|佑歌子|佑華子|佑香子|侑加子|侑可子|侑嘉子|侑圭子|侑歌子|侑華子|侑香子|優佳子|優加子|優嘉子|優夏子|優果子|優歌子|優花子|優華子|優香子|又鹿子|友佳子|友加子|友可子|友嘉子|友圭子|友夏子|友果子|友架子|友歌子|友珂子|友花子|友華子|友賀子|友香子|唯可子|唯華子|夕佳子|夕加子|夕夏子|夕花子|夕華子|夕霞子|夕香子|夢佳子|夢叶子|夢花子|幽夏子|幽香子|弓哉子|弓果子|悠佳子|悠夏子|悠果子|悠花子|悠華子|悠香子|愉加子|愉快子|愉歌子|愉花子|愉華子|憂伽子|揺香子|有代子|有佳子|有加子|有可子|有嘉子|有圭子|有日子|有果子|有歌子|有華子|有賀子|有郁子|有雅子|有香子|柚香子|由伽子|由佳呼|由佳子|由加子|由可子|由和子|由嘉子|由夏子|由晃子|由果子|由架子|由桂子|由歌子|由翔子|由花子|由華子|由薫子|由賀子|由郁子|由雅子|由霞子|由香子|癒歌子|癒歌湖|祐伽子|祐佳子|祐加子|祐可子|祐夏子|祐栞子|祐花子|祐賀子|祐香子|稚子|結佳子|結夏子|結果子|結歌子|結花子|結花心|結華子|結郁子|結香子|裕佳子|裕加子|裕嘉子|裕圭子|裕夏子|裕架子|裕華子|裕賀子|裕郁子|裕香子|陽花子	given-name-dictionary
あえか	あえ佳|あえ夏|あえ果|あえ歌|あえ華|あえ香|亜依霞|亜恵佳|亜恵加|亜恵果|亜恵華|亜恵香|亜映佳|亜映加|亜映果|亜映華|亜映香|亜枝佳|亜枝加|亜枝果|亜枝華|亜枝香|亜栄佳|亜栄加|亜栄果|亜栄華|亜栄香|亜永佳|亜永加|亜永果|亜永華|亜永香|亜江佳|亜江加|亜江果|亜江華|亜江香|亜絵佳|亜絵加|亜絵果|亜絵華|亜絵香|亜英佳|亜英加|亜英果|亜英華|亜英香|和佳|和夏|和果|和歌|和花|和華|和香|安恵佳|安恵加|安恵果|安恵華|安映佳|安映加|安映果|安映華|安映香|安枝佳|安枝加|安枝果|安枝華|安枝香|安栄佳|安栄加|安栄果|安栄華|安栄香|安永佳|安永加|安永果|安永華|安永香|安江佳|安江加|安江果|安江華|安江香|安絵佳|安絵加|安絵果|安絵華|安絵香|安英佳|安英加|安英果|安英華|安英香|彩重花|愛恵香|愛艶花|朱愛加|空恵奏|阿恵佳|阿恵加|阿恵果|阿恵華|阿恵香|阿映佳|阿映加|阿映果|阿映華|阿映香|阿枝佳|阿枝加|阿枝果|阿枝華|阿枝香|阿栄佳|阿栄加|阿栄果|阿栄華|阿栄香|阿永佳|阿永加|阿永果|阿永華|阿永香|阿江佳|阿江加|阿江果|阿江華|阿江香|阿絵佳|阿絵加|阿絵果|阿絵華|阿絵香|阿英佳|阿英加|阿英果|阿英華|阿英香|阿重霞	given-name-dictionary
こうたろう	亘多朗|亘多郎|亘太朗|亘太郎|亨太郎|光多朗|光多郎|光大郎|光太朗|光太郎|公大朗|公大郎|公太朗|公太郎|剛太郎|功多朗|功多郎|功大郎|功太朗|功太郎|厚多朗|厚多郎|厚太朗|厚太郎|垢多朗|垢多郎|垢太朗|垢太郎|好太郎|孔太郎|孝多朗|孝多郎|孝大郎|孝太朗|孝太郎|宏多朗|宏多郎|宏太朗|宏太郎|嵩多朗|嵩多郎|嵩太朗|嵩太郎|巧多朗|巧多郎|巧太朗|巧太郎|幸多朗|幸多郎|幸大朗|幸大郎|幸太朗|幸太郎|広大朗|広太朗|広太郎|康多朗|康多郎|康太朗|康太郎|廣太郎|弘多朗|弘多郎|弘太朗|弘太郎|恒多朗|恒多郎|恒太朗|恒太郎|攻太郎|昂太朗|昂太郎|昴太郎|晃多朗|晃多郎|晃大郎|晃太朗|晃太郎|更太郎|江太郎|洪太郎|洸多朗|洸多郎|洸太朗|洸太郎|浩多朗|浩多郎|浩大郎|浩太朗|浩太郎|滉太郎|甲太郎|皇太郎|皐太郎|皐汰朗|皓多朗|皓多郎|皓太朗|皓太郎|稿太郎|紘多朗|紘多郎|紘太朗|紘太郎|綱大朗|綱太郎|考太郎|耕多朗|耕多郎|耕大朗|耕太朗|耕太郎|耿太郎|興太郎|航大朗|航大郎|航太朗|航太郎|荒太郎|虎太郎|虹多朗|虹多郎|虹太朗|虹太郎|行太朗|行太郎|講太郎|貢太郎|輝太郎|鉱太郎|鋼太郎|香太郎|高多朗|高多郎|高太朗|高太郎|鴻太朗|鴻太郎|黄太郎	given-name-dictionary
あおい	あおい|あお依|亜央衣|亜桜衣|亜生|亜生衣|亜緒|亜緒伊|亜緒依|亜緒衣|亜花|亜麻依|亜麻衣|亜黄衣|仰|仰日|仰生|向葵|吾生衣|夏葵|安央依|安央維|安於生|安生|安生衣|安緒衣|彩桜|彩生|愛|愛依|愛央|愛央以|愛央依|愛桜依|愛桜衣|愛生|愛緒依|愛緒生|愛緒衣|愛織姫|愛音依|扇以|扇依|扇巳|扇衣|文生伊|明桜衣|明生|明緒衣|明葵|晴天|暖穂生|有生|杏桜生|杏桜衣|杏緒|歩生|歩緒生|水|瑛|相生|碧|碧乙|碧以|碧伊|碧依|碧偉|碧唯|碧妃|碧彩|碧惟|碧泉|碧海|碧生|碧維|碧苺|碧衣|碧音|空|空生|粟生|粟生生|紺碧|緑生|翠氷|葵|葵以|葵伊|葵依|葵唯|葵央|葵威|葵生|葵維|葵苺|葵蒼碧|葵衣|葵郁|蒼|蒼以|蒼伊|蒼依|蒼唯|蒼宙|蒼彩|蒼惟|蒼泉|蒼生|蒼祈|蒼空|蒼維|蒼苺|蒼衣|藍|藍以|藍伊|藍唯|藍惟|藍憩|藍生|藍結|藍苺|藍衣|阿生衣|阿緒衣|青|青い|青依|青偉|青好|青比|青生|青空|青育|青芸|青衣|麻央衣|麻緒衣	given-name-dictionary
ひろか	ひろか|佑佳|優佳|光夏|光架|光華|光香|公香|博佳|博加|博華|博賀|博閑|博香|啓佳|啓加|啓夏|啓果|啓花|啓華|啓香|嘉花|圭香|均郁|大和|央佳|央夏|央香|妃呂加|妃呂夏|妃呂花|妃呂華|妃呂香|宏何|宏佳|宏加|宏夏|宏果|宏河|宏花|宏郁|宏香|宙華|容加|容雅|容香|寛佳|寛加|寛可|寛翔|寛花|寛華|寛香|尋佳|尋花|尋賀|尋香|広佳|広加|広夏|広果|広華|広香|廣香|弘佳|弘夏|弘果|弘花|弘華|弘香|弥佳|弥可|弥花|弥香|彌和|悠華|拓佳|敬佳|敬香|日呂香|明花|明華|普花|普賀|比呂加|比呂可|比呂香|泰佳|泰加|泰香|洋佳|洋加|洋嘉|洋夏|洋花|洋華|洋香|洸佳|洸加|浩佳|浩加|浩可|浩歌|浩花|浩華|浩賀|浩香|海香|湖香|火呂花|硯果|礼佳|祥加|紘佳|紘加|紘可|紘夏|紘果|紘花|紘華|紘香|絋佳|絋夏|絋雅|緋呂香|裕佳|裕加|裕嘉|裕圭|裕夏|裕花|裕華|裕賀|裕雅|裕香|陽奏|陽路香|陽香	given-name-dictionary
さよこ	さよこ|さよ子|さ代子|サヨコ|サヨ子|三世子|三代子|三容子|三洋子|三葉子|三陽子|五代子|佐与子|佐与甲|佐世子|佐予子|佐代子|佐余子|佐佳子|佐依子|佐吉子|佐四子|佐夜子|佐好子|佐宜子|佐容子|佐昌子|佐暢子|佐洋子|佐用子|佐由子|佐與子|佐良子|佐葉子|佐誉子|佐陽子|作代子|作依子|冴代子|初世子|咲世子|咲代子|咲吉子|咲容子|咲生子|咲葉子|咲葉虹|咲誉子|宰曜子|小代子|小夜子|小容子|小羊子|小葉子|小誉子|少夜子|左世子|左代子|左余子|左容子|差代子|幸世子|幸予子|幸代子|幸良子|彩世子|彩予子|彩代子|彩容子|彩洋子|彩葉子|才代子|抄世子|抄代子|抄容子|早世古|早世子|早予子|早代子|早余子|早依子|早宜子|早容子|早洋子|早良子|早葉子|早陽子|早養子|更代子|朝衣子|査与子|査代子|沙与子|沙世子|沙予子|沙代子|沙余子|沙夜子|沙洋子|沙羊子|沙良子|沙葉子|沙誉子|沙遥子|沙陽子|清子|爽世子|爽世誇|爽夜湖|知予子|砂世子|砂予子|砂代子|砂夜子|砂洋子|砂陽子|磋与子|紗与子|紗世子|紗予子|紗代子|紗佳子|紗依子|紗夜子|紗好子|紗容子|紗庸子|紗慶子|紗晶子|紗洋子|紗葉子|紗蓉子|紗陽子|西世子|鈔夜子	given-name-dictionary
さゆみ	さゆみ|さゆ美|三由美|五弓|佐侑実|佐侑美|佐友実|佐友美|佐弓|佐弓美|佐有美|佐浴美|佐由三|佐由実|佐由巳|佐由美|佐祐実|佐祐美|佐結実|佐裕実|佐裕美|冴弓|咲弓|咲柚実|咲由実|咲由美|咲結実|咲裕美|小優実|小優美|小友実|小友美|小夜美|小弓|小有実|小有美|小由実|小由美|小百実|小百美|小結実|小結美|小裕美|左右美|左弓|左由美|差弓|幸祐美|幸美|彩佑美|彩優実|彩優美|彩友実|彩友美|彩弓|彩有美|彩由実|彩由美|才友美|才由美|抄弓|抄有美|早優実|早優美|早友実|早友未|早夕美|早弓|早恵弥|早有実|早有美|早由|早由未|早由海|早由美|早百実|早百美|早祐美|最弓|桜弓|沙佑味|沙佑実|沙佑美|沙優美|沙友美|沙夕美|沙弓|沙有美|沙由実|沙由巳|沙由未|沙由真|沙由美|沙祐実|沙祐美|沙結実|沙結美|沙裕実|沙裕美|清弓|瑳弓|瑳由美|皐弓|砂優美|砂夕美|砂弓|砂由実|砂由美|砂裕弓|祥弓|紗侑実|紗侑美|紗優実|紗優美|紗友美|紗夕美|紗弓|紗有実|紗有美|紗有見|紗由実|紗由巳|紗由未|紗由美|紗祐美|紗裕実|紗裕美|菜由実|菜由美|裟弓|采友実|采友美|采弓|颯弓	given-name-dictionary
しょうこ	しょうこ|しょう子|上子|井子|勝子|匠古|匠子|升子|召子|咲子|咲心|唱子|唱心|唱瑚|奨子|宵子|将子|将来|小壷|小湖|小虎|小蛄|少子|尚古|尚子|庄子|彰子|從子|想子|憧子|承子|抄子|招子|捷子|掌子|掌湖|敞子|昇子|昌子|昌己|昌巳|星子|昭子|晶子|晶江|晶湖|東海子|松子|梓子|梢子|梢胡|橘子|正子|沙子|淑子|清子|渉子|渉心|渉湖|渚子|渚羽子|渚羽湖|湘子|照子|照羽子|照虎|照虹|爽子|璋子|生子|相子|省古|省子|真曜子|硝子|礁子|祥呼|祥好|祥子|祥羽子|秋桜子|称子|章公子|章子|章湖|笑光|笑子|笑生子|笑虎|笙姫|笙子|笙湖|笙鼓|笛子|粧好|粧子|精子|紗子|紫陽子|紫陽花|紹子|緒羽子|翔子|翔己|翔湖|翔生子|翔虹|翔香|聖子|肖子|荘子|莟子|菖子|蔦子|蕉子|蕉胡|蕭子|薔子|訟子|証子|詔子|詩緒子|詳子|諄子|象子|賞子|鉦子|鐘子|鐘香|障子|霄子|青子|韶子|頌子	given-name-dictionary
のりたか	了誉|仁尊|仁誠|仙卓|令隆|倫孝|儀隆|典剛|典孝|典峰|典敬|典貴|典隆|典飛|典高|則孝|則尊|則貴|則隆|則高|功孝|功賢|功隆|周啓|哲央|哲孝|哲尚|哲崇|哲敬|哲誉|哲貴|孝岳|孝賢|宗孝|宜孝|宜敬|宜農|宣亮|宣孝|宣考|宣貴|宣隆|展崇|律宇|徳厳|徳堂|徳孝|徳尊|徳崇|徳栄|徳貴|徳賢|徳隆|徳高|悟隆|慎隆|慎高|慶孝|憲壮|憲孝|憲尚|憲嵩|憲昇|憲生|憲臣|憲貴|憲陵|憲隆|憲高|成隆|教剛|教好|教孝|教敬|教貴|教隆|教高|敬崇|敬隆|敬高|昇孝|智孝|智尚|智崇|智嵩|智能|永好|永尚|永隆|法剛|法孝|法平|法貴|法隆|法高|礼隆|程隆|範孝|範尚|範崇|範臣|範貴|範隆|範高|範鷹|紀剛|紀孝|紀考|紀貴|紀隆|紀高|経孝|臣貴|至享|至剛|規剛|規孝|規嵩|規敬|規能|規貴|規隆|規高|訓孝|詔生|謙万|謙和|謙尚|謹高|議隆|鑑孝|鑑宇|鑑高|雅行	given-name-dictionary
ゆうり	ゆうり|佑有理|佑理|佑羽莉|佑莉|佑里|侑凛|侑宇里|侑李|侑梨|侑理|侑莉|侑里|優人|優來|優光|優利|優力|優有|優李|優梨|優理|優璃|優羽里|優莉|優里|優鈴|勇凛|勇利|勇理|勇璃|勇里|勇陸|友凛|友利|友李|友梨|友理|友羽梨|友羽莉|友莉|友里|友鈴|右理|夕凛|夕宇里|夕布里|夕李|夕梨|夕海梨|夕理|夕璃|夕莉|夕里|夕鯉|夕麗|夜莉|夢凛|夢向里|夢羽梨|夢里|宥理|宥里|悠凛|悠利|悠宇理|悠有里|悠梨|悠海理|悠理|悠璃|悠生|悠織|悠羽里|悠莉|悠里|憂理|憂里|有|有ふ里|有李|有栞|有梨|有理|有璃|有莉|有里|木綿里|柚利|柚吏|柚有梨|柚璃|柚羽李|柚羽理|湧璃|由佑吏|由有理|由有莉|由有里|由梨|由理|由羽里|由莉|由里|祐凛|祐利|祐吏|祐李|祐梨|祐理|祐羽里|祐里|結有莉|結李|結梨|結理|結琳|結璃|結羽琳|結莉|結麗|裕梨|裕理|裕璃|裕莉|裕裡|裕里|遊理|遊莉|遊麗|邑璃|雄理	given-name-dictionary
ゆう	ゆう|ユウ|佑|佑海|佑生|佑羽|侑|侑宇|侑布|侑海|侑生|侑羽|侑雨|侑風|優|優友|優夢|優宇|優宥|優悠|優有|優海|優生|優羽|優詩|優雨|優風|勇|勇侑|勇宇|勇有|勇生|勇結|勇雨|友|友佑|友初|友布|友羽|右|唯有|唯羽|夕|夕布|夕生|夕雨|夢|夢宇|夢海|夢生|夢羽|宥|尤|悠|悠佑|悠宇|悠布|悠有|悠生|悠羽|悠遥|悠雨|愉|憂|憂羽|早見|有|有佑|有宇|有布|有愛|有映|有生|有羽|木綿|柚|柚有|柚羽|柳|游|湧|湧宇|湧生|湧羽|猷|瑛|由|由侑|由宇|由布|由希|由憂|由有|由生|由羽|由芙|由雨|癒宇|癒羽|祐|祐羽|結|結友|結宇|結布|結有|結生|結羽|結雨|綿布|藺生|融|裕|裕有|裕生|誘|迪|遊|遊有|遊生|遊由|遊羽|邑|郁|郵|釉|雄|雄友|雄右|雄宇|雪羽	given-name-dictionary
としき	としき|世規|俊喜|俊器|俊基|俊季|俊岐|俊希|俊幹|俊幾|俊揮|俊樹|俊機|俊毅|俊生|俊紀|俊規|俊記|俊貴|俊起|俊軌|俊輝|信奎|利喜|利器|利基|利季|利樹|利毅|利生|利紀|利規|利記|利貴|利騎|到来|堵志木|壽樹|季樹|季輝|宗紀|富史樹|寿喜|寿城|寿基|寿宜|寿来|寿樹|寿紀|寿規|寿記|寿貴|寿起|寿輝|峻規|峻起|年喜|年揮|年木|年樹|年紀|年記|年貴|年起|年輝|律揮|憲樹|敏亀|敏喜|敏基|敏季|敏己|敏希|敏樹|敏機|敏毅|敏生|敏紀|敏規|敏記|敏貴|敏輝|敦樹|斗志樹|明紀|智基|智己|智希|智樹|智紀|智貴|智輝|歳己|歳樹|淑樹|渡史樹|理樹|理貴|登史樹|登史紀|登司貴|登志喜|登志希|登志樹|登志貴|登詩樹|稔哉|稔喜|稔基|稔季|稔己|稔樹|稔紀|稔規|稔貴|紀基|紀樹|紀貴|考起|聡己|聡希|聡樹|聡貴|英樹|鋭記|隼揮|隼輝|駿記|駿貴|駿輝	given-name-dictionary
ともか	ともか|とも夏|とも花|丈華|丈香|与佳|仁香|伴佳|伴陸|伴香|倫佳|倫加|倫可|倫果|倫花|倫華|倫香|共佳|共加|共果|共花|共香|具香|冬萌香|十桃花|十百香|十萌香|友伽|友佳|友加|友可|友夏|友奏|友果|友歌|友海|友絵|友花|友草|友華|友薫|友蘭|友賀|友風|友香|友馨|奉加|巴果|巴香|幸佳|幸花|幸郁|文佳|斗望花|斗萌花|明香|智佳|智加|智可|智哉|智嘉|智圭|智夏|智果|智歌|智翔|智花|智華|智郁|智雅|智風|智香|有花|有香|朋伽|朋佳|朋加|朋可|朋嘉|朋夏|朋杏|朋果|朋架|朋桂|朋楓|朋歌|朋禾|朋花|朋芳|朋華|朋萌華|朋郁|朋風|朋香|朝佳|朝加|朝嘉|朝夏|朝日|朝花|朝霞|朝香|杜百華|桃茂花|灯歌|灯花|灯華|灯風|珠香|理華|知佳|知加|知可|知唯|知嘉|知夏|知果|知歌|知科|知花|知華|知郁|知香|節夏|統百華|萠夏|那佳|那夏|那香|音萌華	given-name-dictionary
こうさぶろう	亘三朗|亘三郎|亘佐朗|亘左朗|亘砂朗|亘砂郎|光三朗|光三郎|光佐朗|光佐郎|光左朗|光左郎|光砂朗|光砂郎|公三郎|功三朗|功三郎|功佐朗|功佐郎|功左朗|功左郎|功砂朗|功砂郎|厚三朗|厚三郎|厚佐朗|厚左朗|厚砂朗|垢三朗|垢三郎|垢佐朗|垢佐郎|垢左朗|垢左郎|垢砂朗|垢砂郎|孝三朗|孝三郎|宏三朗|宏佐朗|宏左朗|宏砂朗|嵩三朗|嵩佐朗|嵩左朗|嵩砂朗|巧三朗|巧三郎|巧佐朗|巧佐郎|巧左朗|巧左郎|巧砂朗|巧砂郎|幸三朗|幸三郎|幸佐朗|幸佐郎|幸左朗|幸左郎|幸砂朗|幸砂郎|康三朗|康三郎|康佐朗|康佐郎|康左朗|康左郎|康砂朗|康砂郎|弘三朗|弘三郎|弘佐朗|弘佐郎|弘左朗|弘左郎|弘砂朗|弘砂郎|恒三朗|恒佐朗|恒左朗|恒砂朗|晃三朗|晃佐朗|晃左朗|晃砂朗|洸三朗|洸佐朗|洸左朗|洸砂朗|浩三朗|浩三郎|浩佐朗|浩左朗|浩砂朗|皓三朗|皓佐朗|皓左朗|皓砂朗|紘三朗|紘佐朗|紘左朗|紘砂朗|考佐朗|考佐郎|考左朗|考左郎|考砂朗|考砂郎|耕三朗|耕三郎|耕佐朗|耕佐郎|耕左朗|耕左郎|耕砂朗|耕砂郎|虹三朗|虹佐朗|虹左朗|虹砂朗|高三朗|高三郎|高佐朗|高佐郎|高左朗|高左郎|高砂朗|高砂郎|鴻三郎	given-name-dictionary
くみ	くみ|クミ|与|久仁|久佳|久味|久女|久実|久實|久岬|久峰|久巳|久弥|久微|久恵|久望|久未|久水|久海|久珠|久生|久登|久真|久穂|久美|久見|久視|九実|九生|九美|九見|九識|仁美|休美|來実|來弥|來未|來海|來美|供未|供美|公味|公子|公実|公望|公未|公水|公深|公珠|公美|公良|公見|共美|具実|具美|功実|功巳|功美|句実|句美|句視|史|呉実|孔美|宮美|工弥|工美|弓美|弘美|恭実|恭未|恭美|日美|来実|来未|来海|来深|来美|来聖|来魅|楠美|求味|求実|求弥|求美|求見|汲|汲美|玖実|玖弥|玖未|玖海|玖深|玖美|球実|球美|琴伊|琴姫|矩未|矩美|空光|空未|空海|空生|空美|空見|空魅|紅命|紅壬|紅実|紅弥|紅未|紅水|紅海|紅深|紅美|紅見|緋美|苦味|茱萸|薫美|虞美|貢実|貢美|邦美|錦姫|錦希|駒美|鳩実	given-name-dictionary
まみこ	まみこ|まみ子|マミ子|万三子|万三江|万光子|万実子|万峰子|万弥子|万心子|万望子|万水子|万海子|万満子|万珠子|万緑子|万美子|万見子|万視子|万魅子|円深子|又身紅|和仁子|妙実子|愛美子|慎実子|摩実子|摩弥子|摩未子|摩美子|昌充子|昌美子|末実子|槙妙子|槙美子|満味子|満実子|満未子|満水子|満海子|満美子|満見子|生美|眉実子|眉美子|眞実子|眞己子|眞巳子|眞未子|眞美子|眞見子|眞規子|真三子|真允子|真充子|真光子|真利子|真味子|真妙子|真実子|真実香|真宮子|真己子|真巳子|真弥子|真心子|真愛子|真明子|真望子|真未子|真水子|真海子|真満子|真珠子|真現子|真生子|真瞳子|真緑子|真美子|真翠子|真聖子|真見子|真規子|真視子|真観子|真路子|磨実子|磨巳子|磨未子|磨美子|舞実子|舞美子|茉三子|茉允子|茉光子|茉実子|茉己子|茉弥子|茉未子|茉水子|茉珠子|茉緑子|茉美子|茉視子|萬美子|見子|雅実子|雅美子|魔魅呼|麻三子|麻光子|麻味子|麻実子|麻峰子|麻巳子|麻弥子|麻心子|麻望子|麻未子|麻民子|麻水子|麻泉子|麻海子|麻珠子|麻緑子|麻美子|麻視子|麿巳子	given-name-dictionary
あやえ	あやえ|あや江|亜也江|亜也衣|亜弥恵|亜弥枝|亜矢恵|亜矢枝|亜矢江|亜矢絵|亜耶恵|亜谷恵|亜谷枝|亜谷江|亜谷絵|史枝|史江|安也江|安也衣|安弥恵|彩会|彩依|彩咲|彩恵|彩愛|彩慧|彩映|彩枝|彩栄|彩永|彩江|彩瑛|彩絵|彩英|彩衣|恵依|愛恵|文依|文恵|文惠|文愛|文慧|文映|文枝|文栄|文江|文絵|文衣|文詠|斐恵|斐慧|斐枝|斐江|斐絵|斐衣|朱絵|理恵|理絵|理衣|礼恵|礼惠|礼慧|礼映|礼枝|礼栄|礼江|礼瑛|礼絵|礼衣|礼詠|礼重|章恵|章惠|章江|章絵|紋依|紋恵|紋慧|紋枝|紋江|紋絵|紋衣|純恵|絢恵|絢愛|絢慧|絢映|絢枝|絢永|絢江|絢瑛|絢笑|絢絵|絢英|絢衛|絢衣|絢詠|絢重|綺咲|綺恵|綺慧|綺枝|綺江|綺絵|綺衣|綾恵|綾慧|綾映|綾枝|綾栄|綾江|綾絵|綾繪|綾耶江|綾衣|綾重|郁映|郁江|采依|采慧|采映|采枝|采江|采絵|采衣|采重|錦絵	given-name-dictionary
いくよ	いくよ|いく世|いく代|イクヨ|イク代|井久世|井久代|井玖世|井玖代|亥久代|亥玖世|亥玖代|以久世|以久代|以句世|以句代|以玖世|以玖代|以矩世|以矩代|伊久世|伊久代|伊句世|伊句代|伊玖世|伊玖代|伊矩世|伊矩代|侑世|依久世|依久代|依句世|依句代|依玖世|依玖代|依矩世|依矩代|偉久代|偉玖世|偉玖代|如代|委久世|委久予|委久代|委句世|委句代|委玖世|委玖代|委矩世|委矩代|幾与|幾世|幾久世|幾久代|幾代|幾夜|幾誉|往世|往代|惟久世|惟久代|惟句世|惟句代|惟玖世|惟玖代|惟矩世|惟矩代|意久世|意久代|意句世|意句代|意玖世|意玖代|意矩世|意矩代|活代|猪久世|猪久代|猪玖世|猪玖代|生世|生代|粥世|粥代|維久世|維久代|維句世|維句代|維玖世|維玖代|維矩世|維矩代|育与|育世|育予|育代|育余|育弥|育生|育葉|育誉|育譽|行与|行世|行代|行玖世|行玖代|衣久世|衣久予|衣久代|衣句世|衣句代|衣玖世|衣玖代|衣矩世|衣矩代|郁与|郁世|郁也|郁予|郁代|郁余|郁夜|郁昌|郁由|郁芳|郁誉	given-name-dictionary
いさこ	いさこ|いさ子|イサ子|一三子|一咲子|一祥子|五三子|五佐子|五左子|五沙子|五砂子|五紗子|亥歳子|以佐子|以作子|以咲子|以左子|以抄子|以早子|以沙子|以瑳子|以砂子|以紗子|伊三子|伊乍子|伊佐子|伊作子|伊咲子|伊左子|伊彩子|伊早子|伊沙子|伊瑳子|伊真子|伊砂子|伊祥子|伊紗子|依佐子|依作子|依左子|依早子|依沙子|依瑳子|依砂子|依紗子|偉三子|偉佐子|偉咲子|偉子|偉左子|偉沙子|偉砂子|偉紗子|公子|功子|勇子|勲子|勳子|又幸子|委佐子|委作子|委左子|委早子|委沙子|委瑳子|委砂子|委紗子|威三子|威佐子|威左子|威沙子|威砂子|威紗子|巧子|幾砂子|惟佐子|惟作子|惟左子|惟早子|惟沙子|惟瑳子|惟砂子|惟紗子|意佐子|意作子|意左子|意早子|意沙子|意瑳子|意砂子|意紗子|意采子|敢子|沙子|湧子|為佐子|為瑳子|猪三子|猪佐子|猪左子|猪沙子|猪砂子|猪紗子|異彩子|異才子|砂子|維佐子|維作子|維左子|維早子|維沙子|維瑳子|維砂子|維紗子|績子|莞彩子|衣佐子|衣作子|衣咲子|衣左子|衣早子|衣沙子|衣瑳子|衣砂子|衣紗子|衣采子	given-name-dictionary
まりこ	まりこ|まり子|まり湖|マリコ|マリ子|万倫子|万凜子|万利子|万吏子|万埋子|万律子|万李子|万李湖|万梨子|万理子|万理湖|万璃子|万莉子|万里女|万里子|万鯉子|万麗子|丸子|信理子|全利子|典子|匡里子|天理子|実里子|宣子|希子|摩利子|摩吏子|摩梨子|摩理子|摩璃子|摩莉子|摩里子|昌利子|昌里子|末利子|末里子|桃李子|槙里子|正里子|毬子|毬胡|海子|満倫子|満利子|満李子|満梨子|満理子|満璃子|満里子|満里瑚|球子|球理子|球衡|理子|眞梨子|眞理子|眞里子|真倫子|真凛子|真利子|真合子|真吏子|真律子|真李湖|真梨子|真理呼|真理子|真理湖|真璃子|真莉子|真里子|真鯉子|真麗子|磨利子|磨合子|磨理子|磨璃子|磨莉子|磨里子|聖子|舞琳子|舞里子|舞麗子|茉倫子|茉凜子|茉利子|茉吏子|茉李湖|茉梨子|茉理子|茉理湖|茉璃子|茉莉子|茉里子|茉鯉子|茉麗子|莉子|萬理子|萬里子|鞠子|鞠湖|鞠瑚|鞠紅|麻倫子|麻凜子|麻利子|麻吏子|麻李子|麻李湖|麻梨子|麻理子|麻理湖|麻璃子|麻莉子|麻里子|麻鯉子|麿利子|麿理子|麿璃子|麿里子	given-name-dictionary
あさこ	あさこ|あさ子|アサコ|アサ子|アサ甲|亜佐子|亜作子|亜咲子|亜少子|亜左子|亜彩子|亜才子|亜抄子|亜早子|亜沙子|亜瑳子|亜砂子|亜紗子|亜草子|亜采子|亜麻子|亞砂子|亞紗子|元子|吾佐子|夙子|天紗子|妹子|安佐子|安作子|安咲子|安嵯子|安左子|安彩子|安早子|安沙子|安瑳子|安砂子|安祥子|安紗古|安紗子|彩桜子|愛佐子|愛咲子|愛幸子|愛抄子|愛沙子|愛紗子|新朝喜|旦子|旭子|明佐子|明咲子|明子|明早子|明沙子|明真子|明紗子|昭子|晁子|晨子|暁子|有佐子|有咲子|有彩子|有早子|有沙子|朝古|朝子|朝来|朝湖|朝琴|朝紗子|朝紗湖|朝虹|朝鼓|杏咲子|杏早子|杏沙子|梓子|梓紗子|浅古|浅子|浅来|浅瑚|淺子|滋子|秋佐子|秋桜子|空彩子|綾咲子|綾紗子|葵紗子|藍咲子|諒子|阿佐子|阿作子|阿咲子|阿嵯子|阿左子|阿彩子|阿早子|阿沙子|阿瑳子|阿砂子|阿紗子|陽沙子|雅子|雅砂子|青彩心|青砂子|鮮沙子|麻こ|麻佐子|麻古|麻咲子|麻子|麻少子|麻彩子|麻来|麻沙子|麻瑚|麻紗子|麻誇|麻香	given-name-dictionary
あやな	あやな|あや菜|亜也名|亜也奈|亜也菜|亜弥名|亜弥奈|亜弥菜|亜矢名|亜矢奈|亜矢菜|亜耶奈|亜耶菜|侑奈|史名|史奈|史菜|史那|安弥名|安弥奈|安弥菜|安矢名|安矢奈|安矢菜|彩七|彩優菜|彩凪|彩南|彩名|彩和|彩夏|彩多|彩奈|彩心|彩愛|彩渚|彩矢奈|彩納|彩花|彩苗|彩菜|彩萌|彩那|彪名|彪奈|彪菜|彪那|彰凡|彰奈|彰那|恵奈|恵菜|愛也奈|愛奈|愛梨|愛菜|操直|文也奈|文南|文名|文奈|文捺|文来|文渚|文納|文菜|文那|斐名|斐奈|斐菜|斐那|明彩奈|朱菜|朱那|理名|理奈|理菜|理那|礼名|礼奈|礼苗|礼菜|礼那|章奈|章那|紋名|紋奈|紋菜|紋那|純奈|純菜|絢凪|絢南|絢名|絢奈|絢菜|絢那|綵奈|綺名|綺奈|綺菜|綺那|綾乃|綾南|綾名|綾夏|綾奈|綾納|綾苗|綾茄|綾菜|綾那|肖奈|英奈|郁奈|郁菜|郁那|采南|采名|采奈|采娜|采来|采那|阿也奈|阿也那	given-name-dictionary
みずき	みずき|みず妃|みず希|みず樹|みず稀|みず紀|みず葵|優希|光月|光月仰|光稀|実津樹|実澄樹|実珠姫|実珠稀|実瑞貴|実都希|巫月|御杜姫|文月|望月|未図来|未図紀|未寿希|未津紀|未津輝|未珠希|水|水城|水姫|水季|水岐|水希|水晶|水晶輝|水月|水木|水樹|水生|水祈|水稀|水紀|水綺|水葵|水貴|水軌|水輝|水黄|泉妃|泉姫|泉季|泉岐|泉希|泉樹|泉祈|泉稀|泉輝|海姫|海月|海朱姫|深珠季|深透|湖姫|湖希|湖紀|珠月|珠水希|瑞|瑞叶|瑞喜|瑞城|瑞妃|瑞姫|瑞嬉|瑞季|瑞己|瑞希|瑞月|瑞月生|瑞木|瑞林|瑞樹|瑞瑞貴|瑞生|瑞祈|瑞稀|瑞紀|瑞葵|瑞記|瑞貴|瑞起|瑞輝|瑞雲|端|端樹|端紀|美亜|美図紀|美寿喜|美寿季|美寿希|美寿樹|美寿紀|美月|美樹|美水姫|美津城|美津樹|美津紀|美澄生|美珠希|美珠稀|美瑞姫|美瑞希|美瑞紀|美鈴紀|美雛姫|翠希|翠葵|聖月|自希|自然|自生|観月|霧霞	given-name-dictionary
きょうじろう	享久朗|享久郎|享二朗|享二郎|享仁郎|享冶朗|享冶郎|享司朗|享司郎|享弐朗|享弐郎|享時朗|享時郎|享次郎|享赦|京久朗|京久郎|京二朗|京二郎|京冶朗|京冶郎|京司朗|京司郎|京弐朗|京弐郎|京時朗|京時郎|京次郎|京治郎|京赦|供二郎|共次郎|協二郎|叫久郎|叫二郎|叫冶郎|叫司郎|叫弐郎|叫時郎|叫赦|喬二郎|恭久朗|恭久郎|恭二朗|恭二郎|恭冶朗|恭冶郎|恭司朗|恭司郎|恭弐朗|恭弐郎|恭時朗|恭時郎|恭次朗|恭次郎|恭治郎|恭赦|教久朗|教久郎|教二朗|教二郎|教冶朗|教冶郎|教司朗|教司郎|教弐朗|教弐郎|教時朗|教時郎|教赦|杏二郎|橋久朗|橋久郎|橋二朗|橋二郎|橋冶朗|橋冶郎|橋司朗|橋司郎|橋弐朗|橋弐郎|橋時朗|橋時郎|橋赦|郷久朗|郷久郎|郷二朗|郷二郎|郷冶朗|郷冶郎|郷司朗|郷司郎|郷弐朗|郷弐郎|郷時朗|郷時郎|郷次郎|郷赦|鏡久朗|鏡久郎|鏡二朗|鏡二郎|鏡冶朗|鏡冶郎|鏡司朗|鏡司郎|鏡弐朗|鏡弐郎|鏡時朗|鏡時郎|鏡次郎|鏡赦|香久朗|香久郎|香二朗|香二郎|香冶朗|香冶郎|香司朗|香司郎|香弐朗|香弐郎|香時朗|香時郎|香赦	given-name-dictionary
あさえ	あさえ|あさ恵|あさ慧|あさ枝|あさ栄|あさ江|あさ絵|あさ英|あさ重|アサエ|亜佐恵|亜佐慧|亜佐枝|亜佐江|亜佐絵|亜冴|亜左恵|亜左枝|亜左江|亜左絵|亜早絵|亜沙恵|亜沙慧|亜沙枝|亜沙江|亜沙絵|亜沙英|亜砂恵|亜砂枝|亜砂江|亜砂絵|亜紗恵|亜紗慧|亜紗枝|亜紗江|亜紗絵|亜紗衣|安佐恵|安佐慧|安佐枝|安佐江|安佐絵|安早絵|安早衣|安沙恵|安沙慧|安沙枝|安沙江|安沙絵|安紗恵|安紗慧|安紗枝|安紗江|安紗絵|彩恵|旦恵|旦慧|旦映|旦枝|旦江|旦絵|旭恵|朝佐恵|朝佐枝|朝佐江|朝佐絵|朝左恵|朝左枝|朝左江|朝左絵|朝恵|朝惠|朝慧|朝映|朝枝|朝栄|朝江|朝沙恵|朝沙枝|朝沙江|朝沙絵|朝砂恵|朝砂枝|朝砂江|朝砂絵|朝紗恵|朝紗枝|朝紗江|朝紗絵|朝絵|浅恵|浅枝|浅江|浅絵|粛枝|阿佐恵|阿佐慧|阿佐枝|阿佐江|阿佐絵|阿沙恵|阿沙慧|阿沙枝|阿沙江|阿沙絵|阿紗恵|阿紗慧|阿紗枝|阿紗江|阿紗絵|阿紗衣|麻依|麻恵|麻愛|麻慧|麻映|麻枝|麻江|麻瑛|麻笑|麻絵|麻英|麻衣|麻重	given-name-dictionary
すみこ	すみ子|スミコ|スミ子|主巨子|主珠子|主美子|住三子|住味子|住子|住未子|周美子|周翠子|周見子|墨子|壽子|壽実子|壽美子|好実子|好美子|守弥子|守美子|守見子|宜子|宣子|寸実子|寸未子|寸美子|寸躬子|寿ミ子|寿三子|寿味子|寿子|寿実子|寿幹子|寿弥子|寿恵子|寿満子|寿珠子|寿生子|寿美子|寿臣子|寿見子|寿身子|寿魅子|崇実子|崇美子|州眉子|州美子|州見子|彗美子|往子|恭子|文子|有子|朱三子|朱実子|朱弥子|朱満子|朱美子|朱見子|棲子|洲実子|洲美子|淑子|清子|済子|澄充子|澄子|澄実子|澄水子|澄湖|澄美子|澄虹|濤美子|燈子|珠己子|珠巳子|珠瞳子|珠美子|登子|秀実子|秀未子|秀深子|秀瞳子|秀美子|秀誠子|篤子|粛子|純乃|純兒|純好|純子|純実子|純巳子|純未子|純瑚|純美子|純見子|素三子|素実子|素弥子|素美子|統子|翠路香|角子|透子|速子|陶美子|隅子|順粉|順美子|須三子|須充子|須光子|須実子|須己子|須弥子|須彌子|須明子|須未子|須珠子|須真子|須美子|須誠子	given-name-dictionary
しょういちろう	勝一朗|勝一郎|匠一朗|匠一郎|匠壱朗|匠壱郎|匠市朗|匠市郎|升一郎|奨一朗|奨一郎|奨壱朗|奨壱郎|奨市朗|奨市郎|将一朗|将一郎|将壱朗|将壱郎|将市朗|将市郎|小一郎|尚一朗|尚一郎|尚壱朗|尚壱郎|尚市朗|尚市郎|尚賚|尚輜|庄一朗|庄一郎|彰一朗|彰一郎|承一郎|捷一朗|捷一郎|掌一朗|政一郎|敞一郎|昇一朗|昇一郎|昇壱朗|昇壱郎|昇市朗|昇市郎|昌一朗|昌一良|昌一郎|昌塹|昌壱朗|昌壱郎|昌市朗|昌市郎|昭一朗|昭一郎|昭壱朗|昭壱郎|昭市朗|昭市郎|晶一朗|晶一郎|晶壱朗|晶壱郎|晶市朗|晶市郎|松一朗|松一郎|梢一朗|梢一郎|梢壱朗|梢壱郎|梢市朗|梢市郎|正一朗|正一郎|正壱朗|正壱郎|正市朗|正市郎|沼一郎|照一朗|甞一郎|生一郎|省一朗|省一郎|祥一朗|祥一郎|祥壱朗|祥壱郎|祥市朗|祥市郎|章一朗|章一郎|章市朗|笙一郎|紹一郎|翔一朗|翔一郎|翔壱朗|翔壱郎|翔市朗|翔市郎|聖一郎|荘市郎|蕉一郎|薔一朗|薔一郎|薔壱朗|薔壱郎|薔市朗|薔市郎|詔一郎|象一郎|鉦一郎|鏘一郎|鐘一郎|陞市朗|頌一朗|頌一郎|頌壱朗|頌壱郎|頌市朗|頌市郎	given-name-dictionary
あきか	亜季佳|亜季加|亜季香|亜希佳|亜希加|亜希香|亜樹佳|亜樹加|亜樹香|亜紀佳|亜紀加|亜紀華|亜紀香|亜貴加|亮佳|亮加|亮嘉|亮夏|亮果|亮歌|亮河|亮華|亮香|光夏|吾木佳|吾木加|安岐佳|安岐加|安岐香|安芸佳|安芸加|安芸香|彩季圭|彬佳|彬加|彬香|彰花|愛花|旭佳|旭加|旭果|旭歌|旭花|旭香|昌加|昌花|明佳|明加|明嘉|明夏|明果|明架|明歌|明河|明花|明華|明霞|明風|明香|昭佳|昭香|晃香|晨花|晨謦|晨馨|晶佳|晶加|晶嘉|晶夏|晶果|晶歌|晶花|晶華|晶香|暁佳|暁嘩|暁香|照佳|燦佳|燦加|燦嘉|燦果|燦歌|燦河|燦香|爽香|瑛香|瞭佳|瞭花|瞳佳|秋佳|秋加|秋嘉|秋夏|秋果|秋桜花|秋椛|秋歌|秋花|秋茄|秋華|秋風|秋香|空歌|空花|章佳|章花|耀加|耀香|西華|西香|諒風|輝花|鏡花|阿生華|陽加|陽夏|陽花|陽香|顕香|麗花	given-name-dictionary
えみか	えみか|エミカ|依美佳|依美花|依見香|咲圭|咲花|咲華|咲香|夢見花|宋美香|微笑花|恵三佳|恵三夏|恵三歌|恵味加|恵実加|恵実歌|恵実華|恵実香|恵巳香|恵弥佳|恵心香|恵未佳|恵未香|恵潤佳|恵美佳|恵美加|恵美可|恵美果|恵美花|恵美華|恵美香|恵魅香|愛光香|愛実香|愛未花|愛美香|愛賀|慧実華|慧巳華|慧未香|慧美佳|慧美華|映佳|映海香|枝美花|栄実香|栄美嘉|栄美香|永弥佳|永未華|永美花|永美香|江三佳|江未加|江未花|江美佳|江美加|江美夏|江美果|江美郁|江美香|瑛実花|瑛実香|瑛美花|瑛美香|笑佳|笑加|笑夏|笑実花|笑実香|笑心花|笑果|笑歌|笑美加|笑美花|笑美華|笑美香|笑花|笑華|笑見日|笑香|絵三香|絵実佳|絵実華|絵実香|絵巳香|絵未佳|絵未果|絵未華|絵美佳|絵美圭|絵美夏|絵美花|絵美華|絵美香|英味加|英実佳|英実加|英実香|英未佳|英未夏|英未華|英水香|英美加|英美可|英美夏|英美花|英美香|衣光香|衣実佳|衣実香|衣心花|衣未華|衣未香|衣海香|衣美佳|衣美香|詠未香|重美夏	given-name-dictionary
ひろお	ひろお|ヒロオ|仁夫|仁男|博勇|博大|博夫|博央|博尾|博朗|博生|博男|博緒|博郎|博雄|啓夫|啓生|啓男|啓雄|大乙|大夫|大朗|大生|大穂|大雄|央夫|宏大|宏夫|宏生|宏男|宏穂|宏郎|宏雄|宙夫|宙生|寛大|寛夫|寛朗|寛生|寛男|寛郎|寛雄|尋男|展央|広大|広夫|広央|広尾|広朗|広生|広男|広穂|広郎|広雄|廣夫|廣生|廣男|弘夫|弘朗|弘生|弘男|弘郎|弘雄|弥生|彦大|悠雄|拡男|敬雄|比呂乎|比呂尾|泰生|泰男|泰郎|洋勇|洋大|洋夫|洋央|洋朗|洋生|洋男|洋緒|洋郎|洋雄|洪男|浩壮|浩大|浩夫|浩央|浩於|浩朗|浩生|浩男|浩郎|浩雄|演夫|濶夫|煕男|熈生|皓生|祐夫|祐生|祐男|祐雄|紘乙|紘夫|紘生|紘男|紘郎|紘雄|絋夫|裕大|裕夫|裕央|裕州|裕朗|裕生|裕男|裕穂|裕緒|裕郎|裕雄	given-name-dictionary
まりな	まりな|まり奈|まり菜|まり那|マリナ|万利奈|万梨菜|万理奈|万理菜|万璃奈|万璃那|万莉奈|万莉捺|万莉菜|万里名|万里奈|万里菜|万里那|万麗奈|人魚姫|公莉奈|円里奈|摩利奈|摩利那|摩梨奈|摩理奈|毬夏|毬菜|毬那|海夏|渡辺|満李奈|満梨奈|満梨菜|満理奈|満莉菜|満里奈|満里渚|満里菜|珠奈|球菜|眞利奈|眞里奈|眞里菜|真伶梨|真倫菜|真凛南|真凛夏|真凛菜|真利奈|真利菜|真利那|真吏奈|真季奈|真李奈|真李菜|真李那|真梨名|真梨奈|真梨菜|真梨那|真理奈|真理菜|真理那|真璃奈|真璃菜|真璃那|真莉奈|真莉菜|真莉那|真里南|真里奈|真里菜|真里那|真麗奈|磨里奈|窓怜凪|舞利菜|舞梨奈|舞里奈|茉利奈|茉梨奈|茉梨菜|茉理奈|茉莉奈|茉莉菜|茉莉那|茉菜|茉里奈|茉里菜|茉里那|茉麗奈|莉奈|莉菜|萬理奈|鍛治|鞠和|鞠奈|鞠李奈|鞠那|魔莉奈|麻利名|麻利奈|麻利菜|麻李菜|麻李那|麻梨奈|麻梨菜|麻理南|麻理奈|麻理菜|麻理那|麻璃奈|麻莉奈|麻莉渚|麻莉菜|麻里名|麻里奈|麻里菜|麻里那|麿里奈	given-name-dictionary
ゆうな	ゆうな|ユウナ|佑凪|佑奈|佑妃|佑来|佑菜|佑那|侑南|侑奈|侑樹|侑菜|侑那|優凪|優南|優和|優夏|優奈|優奏|優布奈|優愛|優来|優水|優海|優生|優羽奈|優羽那|優苗|優茄|優菜|優華|優那|優風|又茄|友南|友奈|友菜|右奈|夕凪|夕南|夕名|夕夏|夕奈|夕捺|夕海|夕渚|夕羽凪|夕羽奈|夕菜|夕那|夢名|夢菜|宥奈|宥那|悠凪|悠南|悠奈|悠愛|悠有菜|悠菜|悠那|憂南|憂名|憂奈|憂菜|憂那|有南|有奈|有愛|有梨|有菜|有那|木綿菜|柚七|柚奈|柚菜|柚那|游奈|湧凪|湧奈|由凪|由名|由奈|由布奈|由布那|由愛|由茄|由菜|由迂菜|由那|癒奈|癒有奈|真菜|祐奈|祐渚|祐菜|祐那|結凪|結南|結友奈|結名|結和|結奈|結梨|結渚|結羽奈|結菜|結那|裕南|裕右奈|裕奈|裕菜|裕那|遊夏|遊茄|遊那|邑南|邑菜|郁菜|雪羽奈|雪羽菜	given-name-dictionary
みつき	みつき|みつ希|みつ紀|ミツキ|三希|三月|三樹|三津紀|三祈|三貴|三輝|三都木|充|充城|充希|充暉|充月|充津希|充貴|充輝|光喜|光城|光基|光妃|光姫|光季|光希|光月|光樹|光樹馨|光稀|光紀|光葵|光規|光記|光貴|光輝|十乙|参月|夢月|実己|実摘季|実月|実月姫|実月来|実津妃|実津希|実津紀|実津貴|実都輝|密木|峰月|嶺月|師希|弘宜|弥希|弥月|弥綺|彌月|御月|心月|恭暉|明希|映妃|月|望月|未槻|未津姫|未都揮|未都輝|森|水月|洸希|洸葵|海月|深月|温樹|満喜|満希|満月|満樹|満紀|満輝|珠月|瑞喜|瑞月|盈樹|瞳月|碧月|羊恩|美司紀|美妃|美姫|美月|美月喜|美月姫|美月季|美月来|美月祈|美月葵|美槻|美津妃|美津季|美津希|美津紀|美津記|美津貴|美翼姫|美都季|美都希|美都紀|翠月|聖月|花子|蜜姫|蜜月|貢己|都月|鞠稀|魅月	given-name-dictionary
ゆきの	ゆきの|ゆき乃|ユキノ|之乃|享乃|佑妃乃|佑季乃|佑希乃|佑紀乃|侑乃|侑季乃|侑希乃|侑樹乃|優妃乃|優姫乃|優希乃|優希望|優希野|優生乃|優祈乃|優紀乃|優貴乃|千乃|千野|友姫乃|友季野|友岐乃|友希乃|友紀乃|友紀野|友葵乃|友貴乃|夕佳乃|夕季乃|夕希乃|夕樹乃|夕紀乃|夕葵乃|夕貴乃|如乃|如野|宥希乃|幸乃|幸季乃|幸愛|幸暖|幸来乃|幸濃|幸野|志乃|恭乃|悠喜乃|悠季乃|悠希乃|悠紀乃|政乃|敬乃|文乃|晋乃|有季乃|有希乃|有希野|有樹乃|有祈乃|有紀乃|柚妃乃|柚季乃|柚希乃|柚木乃|柚紀乃|柚貴乃|潔乃|由乃|由妃乃|由姫乃|由季乃|由希乃|由希野|由木乃|由樹乃|由章乃|由紀乃|由紀野|由葵乃|由規乃|由記乃|由貴乃|由起乃|祐妃乃|祐姫乃|祐希乃|祐稀乃|祐紀乃|祐貴乃|結喜乃|結姫乃|結己乃|結希乃|舞乃|薫乃|行乃|裕姫乃|裕希乃|裕紀乃|裕規乃|裕貴乃|路野|透乃|進乃|遊亀能|道野|雪乃|雪之|雪姫乃|雪季乃|雪希|雪暖|雪祈乃|雪輝乃|雪野	given-name-dictionary
しんのすけ	しんの助|伸乃亮|伸乃介|伸之丞|伸之介|伸之佑|伸之典|伸之助|伸之祐|伸之輔|信乃介|信乃助|信之丞|信之亮|信之介|信之佑|信之助|信之祐|信之輔|心之丞|心之介|心之佑|心之助|心之祐|心之輔|愼乃介|愼之丞|愼之介|愼之佑|愼之助|愼之祐|愼之輔|慎ノ介|慎ノ助|慎乃介|慎乃助|慎之丞|慎之亮|慎之介|慎之佑|慎之典|慎之助|慎之将|慎之祐|慎之輔|新之丞|新之介|新之佑|新之助|新之祐|新之輔|晋乃介|晋之丞|晋之介|晋之佑|晋之助|晋之祐|晋之輔|森之介|森之助|槙之介|槙之佑|槙之典|深之介|深之助|清之介|申之介|眞之丞|眞之亮|眞之介|眞之佑|眞之助|眞之祐|眞之輔|真ノ介|真乃介|真之丞|真之介|真之佑|真之典|真之助|真之将|真之祐|真之輔|神之介|神之助|神之輔|秦之丞|秦之介|秦之佑|秦之助|秦之祐|秦之輔|紳ノ介|紳之丞|紳之介|紳之佑|紳之助|紳之祐|紳之輔|臣之介|臣之助|臻之介|親之丞|親之介|親之佑|親之助|親之祐|親之輔|辰之介|辰之助|辰之輔|進ノ介|進之丞|進之介|進之佑|進之助|進之祐|進之輔|鎭乃介	given-name-dictionary
かほ	かほ|カホ|代歩|伽歩|佳保|佳帆|佳昴|佳朋|佳歩|佳浦|佳甫|佳穂|佳穗|佳芳|佳萌|加帆|加朋|加歩|加穂|可帆|可朋|可歩|可穂|和保|嘉帆|嘉穂|圭穂|圭萌|夏|夏保|夏宝|夏帆|夏星|夏歩|夏甫|夏穂|日歩|果保|果報|果布|果帆|果朋|果歩|果甫|果穂|果萌|架帆|架星|架萌|栞歩|楓宝|楓帆|楓歩|榎穂|樺歩|樺穂|歌保|歌帆|歌歩|歌畝|歌秀|歌穂|歌芳|河歩|海帆|火穂|翔歩|花保|花圃|花帆|花星|花朋|花歩|花火|花畝|花穂|花芳|花萌|芳|芳歩|茄保|茄歩|華保|華圃|華宝|華帆|華朋|華歩|華火|華穂|華芳|華萌|薫帆|薫歩|薫穂|蘭帆|郁保|郁歩|郁穂|雅穂|霞帆|霞歩|霞穂|風帆|風紡|風萌|香保|香峰|香帆|香房|香朋|香望|香歩|香浦|香甫|香穂|馨保|鹿歩	given-name-dictionary
あつこ	あつこ|あつ子|あつ湖|アツコ|アツ子|亜冬子|亜月子|亜津子|亜貴子|亜通子|亜都子|亞充子|亨子|享子|京子|優子|充子|功子|厚子|収子|同子|吾付子|和子|唱子|圧子|天津子|娃月子|孜子|孝子|安序子|安律子|安津子|安通子|安都子|宏子|宣子|富子|展子|崇子|庄子|府子|康子|当子|得子|徳子|忠子|恒子|惇子|惇胡|愛津子|愛通子|愛都子|慈子|抄子|握子|故子|敦子|敦湖|敦香|敬子|文津子|昌子|明月子|明津子|明通子|明都子|春光|晶子|暑子|暖子|有月子|有津子|有都子|朱花|杏津子|杏生子|涼子|淳子|渥子|温子|濃子|熟子|熱子|真子|督子|睦子|秋津子|稔子|穆子|章子|章津子|竺子|篤古|篤子|篤津子|純子|能子|英子|英津子|諄子|豊子|豊香|貴子|貴津子|農子|酬子|醇子|重子|阜子|阿つ子|阿武子|阿津子|阿通子|阿都子|雅津子|集子|集心|麻津子	given-name-dictionary
せいき	世依紀|世喜|世基|世希|世樹|世粋|世紀|世貴|世輝|勢亀|勢記|城基|征喜|征己|征希|征樹|征機|征禧|征紀|征記|征起|征輝|成喜|成器|成基|成揮|成樹|成紀|成規|成貴|成輝|政希|整貴|整輝|星妃|星季|星紀|星綺|星輝|晴基|晴樹|晴規|晴輝|正喜|正基|正己|正希|正旗|正期|正樹|正機|正毅|正気|正煕|正熈|正紀|正規|正記|正馗|清喜|清基|清己|清希|清樹|清毅|清気|清紀|清記|清貴|清輝|生喜|生紀|生起|盛基|盛己|盛揮|盛毅|盛熈|盛紀|盛規|盛輝|省己|省巳|精喜|聖城|聖基|聖姫|聖季|聖己|聖曠|聖樹|聖祈|聖紀|聖規|聖記|聖貴|聖輝|菁紀|誓紀|誠喜|誠基|誠希|誠樹|誠毅|誠生|誠紀|誠規|誠記|誠貴|誠輝|青城|青樹|青沂|青起|靖己|静樹|静紀|静輝	given-name-dictionary
そうのすけ	創之丞|創之亮|創之介|創之佑|創之助|創之甫|創之祐|創之輔|叔圭|叔景|叔珪|叔畦|叔稽|叔群|壮之丞|壮之亮|壮之介|壮之佑|壮之助|壮之甫|壮之祐|壮之輔|奏之丞|奏之亮|奏之介|奏之佑|奏之助|奏之甫|奏之祐|奏之輔|宗之介|宗之助|宗之輔|庄之丞|庄之亮|庄之介|庄之佑|庄之助|庄之甫|庄之祐|庄之輔|惣之丞|惣之亮|惣之介|惣之佑|惣之助|惣之甫|惣之祐|惣之輔|想之丞|想之亮|想之介|想之佑|想之助|想之甫|想之祐|想之輔|操之丞|操之亮|操之介|操之佑|操之助|操之甫|操之祐|操之輔|昶之助|綜之丞|綜之亮|綜之介|綜之佑|綜之助|綜之甫|綜之祐|綜之輔|総之丞|総之亮|総之介|総之佑|総之助|総之甫|総之祐|総之輔|繰之丞|繰之亮|繰之介|繰之佑|繰之助|繰之甫|繰之祐|繰之輔|聡之丞|聡之亮|聡之介|聡之佑|聡之助|聡之甫|聡之祐|聡之輔|草之丞|草之亮|草之介|草之佑|草之助|草之甫|草之祐|草之輔|荘之介|荘之助|荘之輔|蒼之丞|蒼之亮|蒼之介|蒼之佑|蒼之助|蒼之甫|蒼之祐|蒼之輔|鎗之助	given-name-dictionary
きょうのすけ	享之丞|享之亮|享之介|享之佑|享之助|享之甫|享之祐|享之輔|京之丞|京之亮|京之介|京之佑|京之副|京之助|京之甫|京之祐|京之輔|匡之介|協之介|叫之丞|叫之亮|叫之介|叫之佑|叫之助|叫之甫|叫之祐|叫之輔|叶之丞|叶之亮|叶之介|叶之佑|叶之助|叶之甫|叶之祐|叶之輔|喬之丞|喬之亮|喬之介|喬之佑|喬之助|喬之甫|喬之祐|喬之輔|強之丞|強之亮|強之介|強之佑|強之助|強之甫|強之祐|強之輔|恭ノ介|恭之丞|恭之亮|恭之介|恭之佑|恭之助|恭之甫|恭之祐|恭之輔|教之丞|教之亮|教之介|教之佑|教之助|教之甫|教之祐|教之輔|杏之丞|杏之亮|杏之介|杏之佑|杏之助|杏之甫|杏之祐|杏之輔|橋之丞|橋之亮|橋之介|橋之佑|橋之助|橋之甫|橋之祐|橋之輔|狂之介|郷之丞|郷之亮|郷之介|郷之佑|郷之助|郷之甫|郷之祐|郷之輔|鏡之丞|鏡之亮|鏡之介|鏡之佑|鏡之助|鏡之甫|鏡之祐|鏡之輔|響之丞|響之亮|響之介|響之佑|響之助|響之甫|響之祐|響之輔|香之丞|香之亮|香之介|香之佑|香之助|香之甫|香之祐|香之輔|香右	given-name-dictionary
まみ	まみ|マミ|万三|万実|万己|万弥|万彌|万望|万水|万満|万美|万見|万魅|午実|午美|天海|実美|希美|愛未|愛海|愛瞳|愛美|摩味|摩実|摩巳|摩美|晶紫|末美|満光|満味|満実|満未|満泉|満美|猛味|珠美|眞実|眞實|眞巳|眞未|眞深|眞美|眞見|真三|真仁|真充|真味|真子|真実|真巨|真己|真巳|真弥|真彌|真心|真明|真望|真未|真水|真海|真満|真珠|真瞳|真緑|真美|真見|真魅|磨実|磨弥|磨心|磨未|磨満|磨美|磨魅|舞実|舞海|舞美|茉三|茉光|茉実|茉己|茉巳|茉彌|茉望|茉未|茉水|茉海|茉美|茉魅|蒔実|誠美|雅美|雅薇|魔神|魔美|魔魅|麻み|麻三|麻実|麻実衣|麻巨|麻己|麻巳|麻弥|麻彌|麻微|麻心|麻扇|麻望|麻未|麻水|麻海|麻深|麻美|麻良|麻見|麻魅	given-name-dictionary
たまき	たまき|タマキ|他万喜|圭基|圭己|圭希|圭李|圭束|圭来|圭樹|圭生|圭紀|圭綺|圭規|圭貴|多万喜|多万希|多万樹|多万紀|多摩姫|多摩希|多摩樹|多満喜|多満貴|多真喜|多真紀|多磨気|多蒔|多麻希|多麻樹|多麻紀|太磨喜|玉喜|玉妃|玉季|玉己|玉巳|玉希|玉樹|玉環|玉稀|玉紀|玉規|玉記|玉貴|玉起|玉輝|玉雪|玉麻紀|玲妃|玲己|玲希|玲生|玲紀|玲葵|玲貴|珠|珠喜|珠器|珠妃|珠姫|珠季|珠岐|珠己|珠希|珠幹|珠晶|珠暉|珠木|珠来|珠樹|珠煕|珠琴|珠生|珠祇|珠祈|珠紀|珠葵|珠規|珠貴|珠起|珠輝|珠騎|球季|球希|球貴|球輝|瑛貴|瑞姫|瑞希|瑞樹|瑞紀|瑞美|瑞規|瑞貴|瑶希|瑶樹|璋|璣|環|環伎|環妃|環姫|環季|環希|環樹|環生|環紀|環綺|環輝|田雅樹|碧姫|碧希|碧紀|賜紀|賜葵|鐶	given-name-dictionary
まゆ	まゆ|マユ|万侑|万優|万友|万唯|万夢|万有|万柚|万由|万祐|万結|万裕|万誘|万遊|妹侑|実侑|実優|愛優|愛柚|愛由|愛結|摩佑|摩夕|摩悠|摩有|摩祐|昌優|末悠|末由|梅雨|毬夢|満侑|満夕|牧祐|眉|眞優|眞唯|眞柚|眞由|眞雪|真世|真佑|真侑|真優|真冬|真友|真唯|真夕|真夢|真弓|真悠|真憂|真有|真柚|真由|真祐|真結|真裕|真誘|真迪|真遊|真雪|磨優|繭|繭友|繭由|美優|舞|舞優|舞友|舞唯|舞夕|舞夢|舞弓|舞悠|舞由|舞祐|舞結|舞裕|舞雪|茉佑|茉侑|茉優|茉友|茉唯|茉夕|茉夢|茉弓|茉悠|茉柚|茉由|茉祐|茉結|茉迪|茉遊|間由|雅由|雅結|麗夕|麻佑|麻侑|麻優|麻友|麻唯|麻夕|麻悠|麻愉|麻有|麻柚|麻由|麻祐|麻結|麻裕|麻遊|麻邑	given-name-dictionary
みさ	みさ|み咲|み草|ミサ|三佐|三咲|三差|三彩|三桜|三沙|三瑳|三紗|充紗|光咲|光彩|光朝|光沙|光砂|光紗|光裟|史紗|味彩|味沙|子沙|実佐|実冴|実咲|実彩|実抄|実沙|実砂|実粧|実紗|実茶|峰沙|巫紗|巳紗|弥佐|弥咲|弥左|弥早|弥沙|弥紗|弥裟|彌佐|径沙|御娑|心咲|心彩|心桜|心爽|扇沙|操|明紗|望佐|望咲|望早|望紗|未さ|未佐|未咲|未彩|未早|未沙|未瑳|未砂|未紗|水冴|水咲|水彩|水沙|水瑳|海沙|海砂|海紗|深刻|珠砂|瑞紗|瞳咲|碧佐|碧咲|碧彩|碧早|碧沙|碧紗|美佐|美冴|美咲|美唆|美坐|美嵯|美左|美彩|美慧|美抄|美早|美朝|美桜|美沙|美渚|美爽|美瑳|美砂|美粧|美紗|美統|翠彩|聖咲|聖沙|聖祈|見沙|見紗|観冴|観沙|雅紗|顧紗	given-name-dictionary
いくこ	いくこ|いく子|い久子|イク子|一公子|一薫子|井久子|井玖子|亥久子|亥玖子|今行子|以久子|以倶子|以公子|以句乃|以句子|以宮子|以恭子|以玖子|以矩子|伊久子|伊公子|伊功子|伊厚子|伊句子|伊宮子|伊旬子|伊玖子|伊矩子|伊紅子|似久子|位久子|侑子|依久子|依公子|依句子|依子|依宮子|依弘子|依玖子|依矩子|依鳩子|倚久子|偉久子|偉恭子|偉空子|委久子|委公子|委句子|委宮子|委希子|委玖子|委矩子|威久子|威公子|尉久子|尉孔子|尹久子|幾久子|幾子|往子|征子|恵久子|惟久子|惟句子|惟宮子|惟玖子|惟矩子|意久子|意句子|意宮子|意玖子|意矩子|憩共子|活児|活子|為久子|猪久子|猪玖子|生久子|生子|生幸|生紅子|祈二|祐子|移公子|粥子|維久子|維句子|維宮子|維玖子|維矩子|育久子|育娘|育子|育孝|育己|行子|行玖子|衣久子|衣公子|衣句子|衣孔子|衣宮子|衣玖子|衣矩子|衣紅子|衣薫子|郁代|郁古|郁后|郁子|郁己|郁湖|郁空子|郁香	given-name-dictionary
ゆり	ゆり|ゆ里|ユリ|ユ里|佑梨|佑理|佑莉|佑里|侑梨|侑璃|侑莉|侑里|優凜|優利|優合|優李|優梨|優理|優璃|優莉|優里|友利|友李|友梨|友理|友莉|友里|友鈴|友麗|唯理|唯莉|夕凛|夕利|夕梨|夕理|夕琳|夕璃|夕莉|夕里|夕麗|夢李|夢梨|夢里|妃里|幸理|弓里|悠利|悠李|悠梨|悠理|悠璃|悠莉|悠里|愉利|愉梨|憂梨|憂理|憂里|揺李|有利|有李|有梨|有理|有莉|有里|柚倫|柚李|柚流|柚莉|柚里|湧梨|由倫|由利|由合|由吏|由李|由梨|由理|由莉|由葵|由里|由鯉|由麗|百利|百合|百合子|百梨|百莉|百里|祐李|祐梨|祐理|祐璃|祐莉|祐里|紬里|結李|結梨|結理|結璃|結莉|結里|結麗|裕利|裕梨|裕理|裕璃|裕莉|裕里|遊梨|遊莉|邑里|郁里|酉梨|雪鈴	given-name-dictionary
いつみ	いつみ|いつ実|いつ美|イツミ|一光|一実|一己|一心|一未|一桃|一水|一海|一珠|一美|一見|乙実|乙愛|乙未|乙水|乙深|乙生|乙美|乙良|五三|五味|五実|五己|五月美|五美|以津実|以津弥|以津美|以津見|以都実|以都美|以都見|伊律美|伊採|伊摘|伊津実|伊津美|伊津見|伊都実|伊都己|伊都美|伊都見|伍実|伍美|依津美|勉美|厳美|壱実|壱美|壱見|委津実|委津美|委津見|委都実|委都美|委都見|威津実|威津美|巌美|惟摘|惟津実|惟津見|惟都実|惟都美|惟都見|意津実|意津美|意津見|意都実|意都美|意都見|愛|愛実|愛未|愛海|愛深|愛美|慈愛|慈海|慈深|慈美|斎美|樹未|樹美|溢実|溢美|維摘|維津実|維津美|維津見|維都実|維都美|維都見|衣津実|衣津弥|衣津美|衣津見|衣都実|衣都美|衣都見|逸実|逸己|逸巳|逸未|逸水|逸生|逸美|逸見|逸魅|郁都未	given-name-dictionary
かんな	かんな|かん奈|カンナ|五月|佳夢奈|佳奈|侃凪|侃南|侃奈|侃生|冠奈|冠菜|冠那|加奈|加菜|勧奈|十|十二月|十月|十月女|可奈|喚奈|姦女|完和|完夏|完奈|完菜|寒奈|寛凪|寛南|寛奈|寛女|寛愛|寛菜|幹奈|幹菜|暖南|果南|柑夏|柑奈|柑花|柑菜|柑那|栞乃|栞也|栞凪|栞名|栞和|栞夏|栞奈|栞実|栞愛|栞菜|栞那|栞雫|栞魚|款南|歌南|歓奈|歓菜|歓那|環名|環奈|環菜|甘南|甘和|甘夏|甘奈|甘捺|甘梨|甘茄|甘菜|甲奈|画奈|看奈|神名|神和|神奈|神奈子|神愛|神流|神無|神無月|神綯|神菜|神那|神魚|神鳴|紺奈|緩凪|緩南|緩奈|緩菜|翰那|花|芳奈|芳菜|莞名|莞奈|莞那|菅奈|華奈|観和|観奈|観菜|観音|貫奈|貫成|貫那|還名|鑑奈|香奈|香杏奈|香菜	given-name-dictionary
としみ	としみ|世三|世美|俊三|俊実|俊實|俊己|俊巳|俊水|俊美|俊見|俊視|俊身|倫美|冬美|冬詩未|利三|利実|利己|利巳|利弥|利美|利見|利躬|利道|勤美|十史美|十四三|十四美|十枝三|十糸実|十糸美|叔美|叡美|壽美|外志美|好美|季己|季美|宗己|富志美|寿実|寿己|寿弥|寿志実|寿志美|寿泉|寿海|寿満|寿美|年美|才実|才美|敏三|敏実|敏實|敏己|敏已|敏巳|敏未|敏末|敏美|敏見|敏視|敏速|教己|敬美|斗志美|昇志美|智三|智実|智美|智臣|暁美|杜子実|東秀美|歳己|歳美|淑実|淑未|淑生|淑美|淑視|理実|甫美|登志海|登志美|登糸美|禄弥|秋水|稔実|稔巳|稔未|稔現|稔美|稔見|粛美|紀巳|紀美|義己|聖美|聡美|聡見|肇巳|肇美|豪美|那美|都志満|都志美|都志見|鉄美|順己|駿海|駿美	given-name-dictionary
ゆりこ	ゆりこ|ゆり子|ゆ里子|ユリ子|佑利子|佑合子|佑吏子|佑梨子|佑理子|佑璃子|佑莉子|佑里子|侑利子|侑林子|侑梨子|侑理子|侑莉子|侑里子|優利子|優梨子|優理子|優理香|優莉子|優里子|友倫子|友利子|友合子|友吏子|友怜子|友李子|友梨子|友梨香|友理子|友璃子|友莉子|友里子|友鯉子|唯理子|夕利子|夕李子|夕梨子|夕理子|夕璃子|夕里子|夢里子|幸里子|弓理子|弓里子|悠倫子|悠利子|悠梨子|悠理子|悠莉子|悠里子|愉吏子|愉理子|愉里子|抽理子|有利子|有吏子|有李子|有梨子|有理子|有璃子|有莉子|有輪子|有里子|柚理子|柚里子|由侖子|由倫子|由利子|由利鼓|由合子|由吏子|由律子|由李子|由梨子|由理子|由璃子|由莉子|由里子|由里瑚|由鯉子|百利子|百合子|百理子|百英子|百莉子|百里子|祐利子|祐吏子|祐李子|祐梨子|祐理子|祐莉子|祐里子|祐麗子|結利子|結梨子|結里子|英合子|裕利子|裕吏子|裕李子|裕梨子|裕理子|裕莉子|裕里子|諭吏子|諭理子|諭里子|里子|雪凜子	given-name-dictionary
ひでのり	ヒデノリ|一孝|任伯|任智|任規|偉功|嗣宣|嗣徳|嗣規|季紀|季規|幸考|愛仁|日出典|日出徳|日出憲|栄乗|栄典|栄徳|栄慎|栄憲|栄敬|栄登|栄範|栄紀|栄記|秀亘|秀仁|秀伯|秀倫|秀儀|秀典|秀則|秀勅|秀勲|秀哲|秀啓|秀基|秀宜|秀宣|秀律|秀徳|秀憲|秀教|秀文|秀昇|秀智|秀格|秀法|秀理|秀知|秀矩|秀稚|秀章|秀範|秀紀|秀維|秀規|秀訓|秀記|秀賢|秀雅|英了|英仁|英伯|英倫|英儀|英典|英則|英功|英勲|英友|英哲|英孝|英宜|英宣|英寛|英巨|英徳|英悟|英慶|英憲|英教|英敬|英文|英方|英昇|英明|英智|英永|英法|英知|英矩|英稔|英範|英紀|英統|英芸|英規|英訓|英記|英詮|英誉|英論|英識|英里|英鑑|英雅|英順|豪則|豪徳|豪格|豪知|豪紀	given-name-dictionary
ありす	ありす|アリス|アリ朱|亜利州|亜利朱|亜利須|亜吏蘇|亜吏須|亜李寿|亜李州|亜李須|亜梨子|亜梨守|亜梨寿|亜梨朱|亜梨洲|亜梨澄|亜梨珠|亜梨素|亜梨須|亜理|亜理子|亜理守|亜理寿|亜理朱|亜理栖|亜理鈴|亜理須|亜璃寿|亜璃珠|亜璃粋|亜莉子|亜莉朱|亜莉珠|亜莉須|亜里子|亜里寿|亜里彗|亜里朱|亜里沙|亜里澄|亜里珠|亜里穂|亜里素|亜里須|亞里栖|侑沙|光雛|在寿|在巣|夢|安利須|安吏須|安李須|安梨須|安理須|安莉須|安里須|彩凛朱|彩凜朱|彩鈴|愛李子|愛梨子|愛梨寿|愛梨珠|愛梨穂|愛涼子|愛澄|愛玲子|愛緑子|愛莉鈴|愛里子|愛里澄|愛里鈴|愛麗絲|明梨寿|有住|有司|有子|有守|有寿|有州|有巣|有春|有朱|有枢|有栖|有梨須|有沙|有澄|有珠|有皇|有素|有里朱|有里珠|有鈴子|有須|杏梨子|杏莉寿|杏里珠|満沙|煽姫|英梨須|蟻巣|赤薔薇|阿利須|阿吏須|阿李須|阿梨須|阿理寿|阿理須|阿莉須|阿里須	given-name-dictionary
かりん	かりん|カリン|伽凛|伽凜|伽林|佳倫|佳凛|佳凜|佳怜|佳林|佳梨|佳琳|佳臨|佳鈴|処凛|加倫|加林|加綸|加輪|加鈴|可凛|可琳|可鈴|叶倫|叶鈴|嘉琳|嘉鈴|圭凜|夏凛|夏凜|夏林|夏梨|夏琳|夏綸|夏蘋|夏鈴|夏麗|奏鈴|果倫|果凌|果凛|果凜|果林|果梨|果涼|果琳|果鈴|果麟|架凛|架琳|架輪|架鈴|栞凛|椛鈴|楓鈴|榎林|榎燐|歌凛|歌林|歌梨|歌琳|歌鈴|海鈴|火凛|火琳|火輪|珂琳|珂鈴|翔鈴|花りん|花倫|花凛|花凜|花林|花梨|花玲|花琳|花綾|花輪|花鈴|花麟|芽琳|茄鈴|菓凛|華凛|華凜|華厘|華林|華梨|華燐|華琳|華臨|華鈴|蘭鈴|郁凛|郁鈴|霞林|霞淋|霞琳|風凛|風琳|風鈴|香倫|香凛|香凜|香林|香梨|香琳|香綾|香莉|香鈴|馨琳|鹿鈴	given-name-dictionary
まゆこ	まゆこ|まゆ子|マユ子|万佑子|万侑子|万優子|万友子|万夢子|万宥子|万幸子|万悠子|万有子|万柚子|万由子|万由湖|万由香|万祐子|万結子|万裕子|優結子|巻由子|摩佑子|摩優子|摩夕子|摩有子|摩由子|満佑子|満侑子|満優子|満有子|満由子|満祐子|満裕子|眉子|眞優子|眞友子|眞弓子|眞悠子|眞有子|眞由子|眞裕子|真佑子|真侑子|真優子|真友子|真友己|真唯子|真夕子|真夢子|真宥子|真弓こ|真弓子|真悠子|真愉子|真有子|真柚子|真由子|真由湖|真祐子|真結子|真結心|真裕子|真諭子|真郁江|真雄子|磨友子|磨有子|磨由子|磨祐子|磨裕子|繭子|繭江|繭胡|舞佑子|舞侑子|舞優子|舞夕子|舞由子|舞雪子|茉佑子|茉優子|茉友子|茉夕子|茉宥子|茉悠子|茉有子|茉柚子|茉由子|茉由湖|茉祐子|茉結子|茉裕子|蒔由子|雅柚子|麻佑子|麻侑子|麻優子|麻友子|麻唯子|麻夕子|麻宥子|麻容子|麻弓子|麻悠子|麻愉子|麻有子|麻由子|麻由湖|麻祐子|麻結子|麻裕子|黛呼|黛子	given-name-dictionary
さや	さや|サヤ|三耶|佐夜|佐弥|佐矢|佐耶|佐谷|佐野|作也|冴|冴也|冴夜|冴弥|冴彩|冴耶|叉弥|叉椰|叉耶|咲優|咲八|咲冶|咲哉|咲夜|咲弥|咲彩|咲矢|咲綾|咲耶|咲野|咲陽|小也|小哉|小夜|小弥|小椰|小綾|小耶|少耶|差矢|座哉|彩|彩也|彩冶|彩弥|彩椰|彩矢|彩綾|彩耶|彩谷|早哉|早夜|早弥|早彩|早椰|早矢|早綾|早耶|明|明優|明弥|星夜|更弥|桜夜|桜弥|桜彩|沙也|沙優|沙夜|沙弥|沙彩|沙椰|沙矢|沙綾|沙耶|沙野|淑絢|清|清也|爽|爽矢|爽耶|爽野|狭也|瑳彌|瑳矢|皐弥|砂夜|砂弥|砂椰|砂矢|砂耶|紗|紗也|紗夜|紗弥|紗彩|紗椰|紗矢|紗綾|紗耶|紗那|紗野|紗陽|紗鵺|茶八|茶弥|莢|裟也|裟矢|采夜|采耶	given-name-dictionary
ゆきみ	ゆきみ|ゆき実|ユキ美|之美|佑季美|侑季実|侑季美|侑未|侑美|優喜実|優喜美|優希実|優希美|優美|公美|千史|千命|千夢|千弥|千海|千真|友喜実|友喜美|友希実|友希美|友紀美|友規実|友規美|友貴実|友貴美|夕樹美|夕紀実|夕紀美|如未|如美|幸伎実|幸伎美|幸実|幸巳|幸弥|幸愛|幸未|幸深|幸美|幸見|征未|征海|征美|志充|志実|志美|恭美|悠希美|愉樹美|文珠|有喜実|有希美|有紀実|有紀美|有記実|有記美|有貴美|柚季実|柚季巳|柚季未|潔美|由喜実|由喜美|由姫美|由季美|由希実|由希美|由樹実|由樹美|由毅美|由水|由生未|由紀三|由紀実|由紀美|由芸美|由記美|由貴実|由貴巳|由貴美|由起実|由起美|祐貴美|結希美|結紀美|肖心|至美|薫心|薫美|行美|裕希美|裕祈美|透心|陽美|雪実|雪弥|雪暉美|雪望|雪未|雪水|雪海|雪珠|雪秘|雪美|雪見|雪輝実|雪輝美	given-name-dictionary
かつよし	一喜|一祥|一義|一良|且善|且好|且祥|健仁|健義|克予志|克仁|克介|克伊|克佳|克俊|克吉|克善|克喜|克嘉|克圭|克垢|克好|克孝|克宜|克寿|克悦|克承|克敬|克昌|克栄|克欣|克由|克祥|克禎|克美|克義|克能|克至|克良|克芳|克賀|剋佳|剋吉|剋垢|剋由|剋義|剋良|功佳|功喜|功好|功恵|功義|功能|功良|勝伊|勝佳|勝儀|勝典|勝功|勝吉|勝和|勝善|勝喜|勝嘉|勝圭|勝好|勝孔|勝宣|勝弥|勝彬|勝意|勝慶|勝栄|勝淑|勝由|勝皐|勝省|勝祥|勝美|勝義|勝良|勝芳|勝誉|勝貴|可都由|和嘉|和義|和賢|嘉津芳|嘗美|巧悦|彰|承|捷|捷嘉|捷義|桂由|活吉|活垢|活好|活快|活由|活義|活良|硝|祥|称|積善|葛栄|葛芳|雄愛|雄祥	given-name-dictionary
しょうじろう	勝次郎|勝治郎|匠二朗|匠二郎|匠次朗|匠赦|唱次郎|奨二朗|奨二郎|奨赦|将二朗|将二郎|将史郎|将士郎|将次郎|将治郎|将赦|將二朗|尚二朗|尚二郎|尚次郎|尚治郎|尚赦|庄二良|庄二郎|庄司郎|庄次郎|庄治郎|彰二郎|彰次郎|彰治朗|彰治郎|承司郎|抄次郎|捷二郎|敞二郎|昇二朗|昇二郎|昇次朗|昇次郎|昇赦|昌二朗|昌二郎|昌次郎|昌赦|昭二朗|昭二郎|昭朗|昭次郎|昭治郎|昭赦|昭郎|晟次郎|晶二朗|晶二郎|晶次郎|晶赦|松次郎|梢二朗|梢二郎|梢赦|樵二郎|正二朗|正二郎|正史郎|正司朗|正司郎|正次郎|正治朗|正治良|正治郎|正赦|焼麩|照二郎|省二朗|省二郎|省次郎|省赦|祥二朗|祥二郎|祥士郎|祥志朗|祥次郎|祥治郎|祥赦|章二朗|章二郎|章仁郎|章司郎|章次郎|章治郎|翔二朗|翔二郎|翔次郎|翔赦|荘次郎|薔二朗|薔二郎|薔赦|詔二郎|詔次郎|象二郎|象次郎|象治郎|鉦二郎|鍾次郎|鐘二朗|鐘二郎|鐘次郎|頌二朗|頌二郎|頌赦	given-name-dictionary
あきさ	あきさ|あき沙|亜季沙|亮佐|亮作|亮沙|亮瑳|亮紗|哲佐|哲作|哲沙|哲紗|彬佐|彬作|彬沙|彬紗|彰佐|彰作|彰沙|彰紗|愛希彩|愛紗|愛葵早|旦佐|旦作|旦沙|旦紗|旭佐|旭作|旭沙|旭紗|昇佐|昇作|昇沙|昇紗|明佐|明作|明咲|明彩|明沙|明砂|明紗|昭佐|昭作|昭紗|晃佐|晃作|晟佐|晟作|晟沙|晶佐|晶作|暁佐|暁作|暁沙|暁紗|朗佐|朗作|朗沙|朗紗|燎佐|燎作|燎沙|燎紗|燦佐|燦作|燦沙|燦紗|燿佐|燿作|燿沙|燿紗|爽佐|爽作|爽沙|爽紗|玲佐|玲作|玲沙|玲紗|現佐|現作|現沙|現紗|瑛沙|皓佐|皓作|皓紗|瞭佐|瞭作|瞭沙|瞭紗|秋佐|秋作|秋桜|秋沙|秋紗|空紗|章佐|章作|章沙|章紗|鑑佐|鑑作|鑑沙|鑑紗|陽紗|顕佐|顕作|顕沙|顕紗	given-name-dictionary
かえこ	かえ子|伽咲子|伽恵子|伽枝子|伽江子|伽絵子|佳園子|佳延子|佳恵子|佳惠子|佳愛子|佳映子|佳枝子|佳栄子|佳永子|佳江子|佳瑛子|佳絵子|佳英子|佳衣子|佳詠子|克栄子|加依子|加恵子|加惠子|加映子|加枝子|加永子|加江子|加穫子|加絵子|加衛子|加詠子|加重子|可咲子|可恵子|可愛子|可枝子|可江子|可笑子|可絵子|和恵子|嘉延子|嘉恵子|嘉枝子|嘉江子|圭永子|夏恵子|夏枝子|夏江子|夏絵子|家恵子|家栄子|帰子|日英子|果恵子|果愛子|果枝子|果江子|果絵子|桂永子|楓子|歌恵子|歌枝子|歌江子|歌絵子|歌詠子|火永子|科依子|花会子|花恵子|花愛子|花映子|花枝子|花永子|花江子|花絵子|花英子|花衣子|華恵子|華枝子|華江子|華絵子|華英子|華衣子|賀恵子|賀枝子|賀栄子|賀永子|賀英子|郁英子|雅映子|雅永子|雅英子|香会子|香咲子|香恵子|香惠子|香愛子|香映子|香枝子|香栄子|香永子|香江子|香瑛子|香画子|香絵子|香英子|香衣子|香詠子|香重子	given-name-dictionary
たかえ	たかえ|たか江|タカエ|京江|位江|公絵|卓江|多下枝|多佳恵|多佳枝|多佳江|多加恵|多加惠|多加江|多可江|多和恵|多嘉枝|多夏恵|多賀恵|多賀枝|多賀栄|多賀江|多香恵|多香江|天依|天媛|天江|天英|天衣|太佳惠|太加江|太嘉栄|太香恵|好恵|嬌枝|孝依|孝恵|孝惠|孝映|孝枝|孝栄|孝江|孝絵|孝英|孝衛|孝衣|宇彗|宝恵|宝江|宮江|寛恵|尊恵|尊映|尊枝|尊江|尊笑|尚江|尚絵|峰枝|崇恵|崇江|崇衣|恭枝|恭江|教江|敬恵|敬枝|敬江|敬絵|敬重|昂江|梢枝|梢絵|梢衣|珠佳江|生江|皐絵|章江|節重|考恵|誉恵|誉枝|貴也|貴恵|貴愛|貴映|貴枝|貴栄|貴江|貴瑛|貴絵|貴英|貴詠|貴重|隆依|隆恵|隆枝|隆栄|隆江|隆英|隆衛|高兄|高恵|高惠|高枝|高栄|高江|高絵|高衛|鷹江|鷹衛	given-name-dictionary
みなこ	みなこ|みな子|ミナコ|ミナ子|三七子|三南子|三奈子|三生子|三納子|三菜子|三那子|僉子|充奈子|光七虹|光夏虹|共子|凡子|南子|南海子|南湖|参奈子|咸子|実七子|実名子|実奈子|実希子|実成好|実成子|実直子|実納子|実苗子|実菜呼|実菜子|実那子|峰奈子|巳南子|巳奈子|巳那子|幹奈子|弥奈子|弥波子|弥那子|御名子|心和子|心菜子|慣子|未奈子|未奈己|未来子|未菜子|未那子|楠子|水凪子|水南子|水名子|水奈子|水子|水無子|水菜子|水那子|汎子|泉奈子|泉泣子|海南子|海夏子|海奈子|海菜子|深奈子|澪奈子|皆奈子|皆子|総子|美七子|美七虹|美南子|美名子|美和子|美夏子|美多子|美奈古|美奈子|美奈幸|美女子|美姓子|美愛子|美成好|美成子|美梨子|美楠子|美波子|美渚子|美直子|美納子|美苗子|美菜呼|美菜子|美那子|美邦子|美魚子|聖名子|聖奈子|聖子|聖菜子|見名子|見奈子|見菜子|誠樹子|身奈子|都奈子|魅凪子|魅那子	given-name-dictionary
あやの	あやの|あや乃|あや野|アヤ乃|亜也乃|亜也野|亜八乃|亜夜乃|亜弥乃|亜弥野|亜矢の|亜矢乃|亜矢野|亜耶乃|亜耶野|史乃|史野|唖耶乃|安也乃|安也野|安哉乃|安夜野|安弥乃|安弥野|安矢乃|安矢野|安耶乃|安耶野|彩|彩の|彩乃|彩之|彩也乃|彩希|彩弥乃|彩登|彩納|彩能|彩萱|彩野|彩音|彪乃|彪野|彰乃|恵乃|恵野|愛乃|愛哉乃|愛弥音|愛彩希|愛耶乃|愛野|愛野乃|操乃|文乃|文野|斐乃|斐野|有矢乃|朱乃|朱和乃|杏矢乃|歩弥乃|理の|理乃|礼|礼乃|礼望|章乃|紋乃|紋野|純乃|絢乃|絢之|絢野|綺乃|綺野|綾乃|綾之|綾希|綾紀|綾能|綾野|織乃|艶乃|花の|英乃|英妃|華乃|藍乃|藻乃|衣乃|路野|郁乃|郁之|都乃|采乃|采野|阿や乃|阿也乃|阿也野|阿弥乃|阿弥野|阿矢乃|阿矢野|阿耶乃|阿耶野|順乃|順野|麻弥乃	given-name-dictionary
みちえ	みちえ|みち枝|みち江|みち絵|ミチエ|三千恵|三千枝|三千江|三千絵|三千衛|三智恵|三智枝|三智栄|三智江|三知恵|三知栄|三知永|三知江|亨枝|信恵|倫恵|倫枝|倫江|倫絵|允智枝|充恵|充智衣|充江|光智枝|典恵|典枝|典江|務重|宙恵|宙絵|実千恵|実千枝|実千栄|実千江|実智恵|実智栄|実治恵|実知依|実知枝|実稚恵|岐恵|峰千恵|径恵|径枝|教恵|教愛|未智江|未知恵|満千江|満恵|満枝|満栄|満江|満絵|理恵|理愛|真枝|礼恵|美千恵|美千惠|美千映|美千枝|美千栄|美千江|美智恵|美智枝|美智栄|美智江|美智絵|美知依|美知恵|美知惠|美知枝|美知栄|美知江|美知絵|行栄|見智恵|規千恵|路恵|路枝|路永|路江|路絵|迪叡|迪恵|迪慧|迪枝|迪江|通恵|通枝|通江|通絵|通衣|進恵|進絵|道依|道恵|道映|道枝|道栄|道江|道泳|道絵|道衛	given-name-dictionary
かんじ	丞治|乾二|乾次|乾治|侃二|侃司|侃士|侃治|侃爾|冠司|冠次|函治|勘之|勘二|勘司|勘弐|勘次|勘治|勧司|勧嗣|勧持|咸二|完事|完二|完侍|完史|完司|完士|完志|完次|完治|完爾|完示|完而|完自|完至|官次|寒二|寛之|寛二|寛仁|寛侍|寛史|寛司|寛志|寛慈|寛次|寛治|寛滋|寛爾|寛示|寛至|幹二|幹侍|幹児|幹冶|幹史|幹司|幹嗣|幹士|幹志|幹次|幹治|幹滋|幹爾|敢之|敢二|敢児|敢史|敢士|柑児|柑治|桓司|歓二|歓人|歓司|歓嗣|歓士|歓次|歓治|渙治|漢二|漢治|煥二|環志|環爾|甲嗣|皖司|皖治|簡治|緩二|緩次|莞二|莞司|莞爾|観二|貫之|貫二|貫司|貫志|貫次|貫治|貫爾|貫示|鑑二|鑑治|閑二|閑示|関爾	given-name-dictionary
まきえ	まき江|まき絵|マキエ|マキ江|万亀江|万喜恵|万喜枝|万喜江|万季恵|万岐江|万己永|万希恵|万希枝|万樹枝|万紀恵|万規衣|万記江|万貴枝|万起枝|巻枝|巻江|巻絵|摩己江|摩樹江|槇絵|槙恵|満喜恵|満喜枝|満喜江|満季栄|満紀恵|満紀枝|牧恵|牧映|牧枝|牧江|牧紀枝|牧絵|牧繪|牧衛|由喜枝|眞喜枝|眞己枝|眞希枝|眞木枝|眞紀枝|眞記江|眞起恵|真喜恵|真喜枝|真喜栄|真喜江|真喜絵|真季恵|真季江|真己永|真希恵|真希枝|真希江|真希絵|真希衣|真揮枝|真樹恵|真樹枝|真樹江|真稀恵|真紀恵|真紀枝|真紀江|真紀絵|真規恵|真記江|真記絵|真記衣|真詠|真貴恵|真貴枝|真貴絵|真起枝|真輝恵|磨喜江|茉己永|茉希恵|茉希枝|茉樹枝|茉記江|茉起枝|蒔恵|蒔絵|麻喜恵|麻喜枝|麻喜江|麻季恵|麻己永|麻希恵|麻希枝|麻希江|麻希絵|麻樹枝|麻生絵|麻紀恵|麻紀枝|麻紀永|麻紀絵|麻記衣|麻貴恵|麻貴絵|麻起枝|麻輝江	given-name-dictionary
みさこ	みさこ|みさ子|ミサコ|ミサ子|三三子|三佐子|三咲子|三山子|三左子|三更子|三沙子|三砂子|三紗子|三艸子|三茶子|充早子|光佐子|光咲子|光沙子|光砂子|味沙子|好佐子|実三子|実佐子|実咲子|実妙子|実幸子|実彩子|実才子|実抄子|実沙子|実沙瑚|実爽子|実真子|実砂子|実紗子|実茶子|実賛子|實佐子|岬子|巳佐子|巳紗子|幹咲子|幹沙子|弥佐子|弥作子|弥左子|弥沙子|弥紗子|操子|望紗子|未佐子|未咲子|未妙子|未左子|未彩子|未沙子|未砂子|未紗子|水早子|水沙子|海砂子|深湖|深青狐|満桜子|珠抄子|珠沙子|瑞沙子|碧佐子|碧咲子|碧彩子|碧早子|碧沙子|碧紗子|緑咲子|緒佐子|美さ子|美三子|美佐子|美作子|美冴子|美咲子|美妙子|美嵯子|美左子|美帆子|美幸子|美彩子|美抄子|美早子|美朝子|美沙子|美沙瑚|美瑳子|美真子|美砂子|美砂香|美笹子|美紗子|美茶子|美莎子|美裟子|美賛子|美里子|聖沙子|見寿子|見早子|見沙子|魅沙子	given-name-dictionary
ゆみか	ゆみか|ゆみ香|ゆ実か|ゆ美か|佑実伽|佑美伽|佑美佳|佑美香|侑美香|侑見香|優三華|優充香|優実夏|優実翔|優実花|優未果|優海歌|優海香|優美歌|優美翔|優美花|優美華|優美香|友実日|友実賀|友実香|友巳佳|友巳香|友美佳|友美加|友美日|友美賀|友美香|唯実華|唯心香|唯美華|夕充佳|夕光花|夕未夏|夕海夏|夕美夏|夢美花|弓佳|弓加|弓夏|弓奏|弓果|弓歌|弓花|弓華|弓香|悠巳香|悠美香|愉実香|愉美佳|愉美香|有史加|有実鹿|有巳佳|有未花|有未華|有海香|有美佳|有美花|有美香|有魅香|柚実香|柚美香|汐美香|由み香|由実伽|由実加|由実歌|由実香|由巳佳|由巳香|由未佳|由未加|由美伽|由美佳|由美加|由美夏|由美歌|由美花|由美華|由美香|由魅香|祐実伽|祐実佳|祐実加|祐未香|祐深花|祐美伽|祐美加|祐美香|結実花|結心香|結未佳|結美香|緩笑夏|裕三佳|裕実佳|裕未加|裕美佳|裕美花|裕美香|貴実佳|貴美佳|遥味加	given-name-dictionary
あつえ	あつえ|あつ重|アツ恵|アツ慧|アツ枝|アツ江|アツ絵|亜津恵|亜津慧|亜津枝|亜津江|亜津絵|亜津衣|亜都恵|亜都慧|亜都枝|亜都江|亜都絵|亜都衣|京英|充恵|充惠|功恵|厚恵|厚愛|厚慧|厚枝|厚栄|厚江|厚絵|厚衛|厚重|安津恵|安津慧|安津枝|安津江|安津絵|安津衣|安都恵|安都慧|安都枝|安都江|安都絵|安都衣|忠江|惇恵|惇慧|惇枝|惇衣|惇重|慈衣|抄枝|抄重|收江|敦得|敦恵|敦愛|敦慧|敦枝|敦永|敦江|敦絵|敦英|敦重|春栄|春萌|淳恵|淳慧|淳枝|淳江|淳絵|淳衣|淳重|渥恵|渥慧|渥枝|渥絵|温恵|温慧|温枝|温江|温絵|温衣|温重|篤依|篤恵|篤慧|篤枝|篤栄|篤江|篤絵|篤衣|篤重|豊恵|貴絵|阿津恵|阿津慧|阿津枝|阿津江|阿津絵|阿津衣|阿都恵|阿都慧|阿都枝|阿都江|阿都絵|阿都衣	given-name-dictionary
あみか	あみか|あみ花|あみ香|亜実加|亜実果|亜実花|亜実香|亜巳加|亜巳可|亜巳圭|亜希香|亜弥香|亜望香|亜未加|亜未可|亜未香|亜海夏|亜海禾|亜美佳|亜美加|亜美果|亜美歌|亜美花|亜美華|亜美風|亜美香|亜魅加|亞実香|亞美香|亞魅華|会実佳|会心香|安未果|安未花|安美佳|安美加|安美果|安美香|彩実夏|彩実果|彩心香|彩未可|彩未花|彩未香|彩水香|彩美佳|彩美花|彩美香|愛|愛実加|愛実可|愛実海|愛実翔|愛実華|愛実輝|愛巳佳|愛弥香|愛心香|愛未夏|愛未花|愛海香|愛深香|愛真歌|愛美佳|愛美加|愛美夏|愛美果|愛美海|愛美翔|愛美輝|愛美香|愛観伽|明実佳|明心香|明未果|明未香|明珠香|明美花|明美華|有美香|朱笑香|杏実佳|杏実果|杏実花|杏実香|杏心香|杏望加|杏未佳|杏未香|杏泉香|杏海歌|杏美佳|杏美花|案実加|案美加|海実歌|海美歌|編佳|編花|編香|阿実佳|阿弥佳|阿弥加|阿弥香|雅未花|雨美花|麻未佳	given-name-dictionary
きよえ	きよえ|きよ恵|きよ江|キヨエ|キヨ江|京恵|伎世枝|効世恵|喜与恵|喜与衛|喜代恵|喜代枝|喜代栄|喜代江|喜代絵|喜代衛|圭恵|圭枝|基代枝|季世依|季世恵|季代恵|季代枝|季代絵|季洋絵|岐代江|希世恵|希世江|希世絵|希予江|希代恵|希代枝|希代江|希代衣|木代枝|樹代恵|汐江|汐絵|浄恵|浄惠|浄江|淑恵|淳恵|清代恵|清代江|清依|清兄|清恵|清惠|清愛|清枝|清栄|清榮|清江|清絵|清英|清衛|清衣|清重|潔恵|潔枝|潔江|潔衣|澄恵|澄江|白江|研江|精枝|精江|精衛|精衣|紀世絵|紀代恵|紀代枝|紀代江|聖世栄|聖依|聖恵|聖愛|聖枝|聖栄|聖江|聖絵|聖英|聖衣|聖重|規世枝|規代映|記代枝|記代江|記佳江|貴与枝|貴与江|貴世江|貴代恵|貴代惠|貴代枝|貴代栄|貴代江|起与恵|起世恵|起世栄|起代恵|起代江|陽江|雪絵|青恵	given-name-dictionary
みちか	みちか|みち香|三千佳|三千夏|三千歌|三千花|三千華|三千香|三愛|三智香|倫佳|倫加|倫可|倫香|充加|充香|光千加|光千香|光愛|典佳|千愛|味智歌|孔香|宙華|宝花|実千佳|実千果|実千歌|実千香|実愛|実智佳|実智加|実智香|実知加|岐佳|岐夏|岐香|康華|弥央|径花|心愛|心知|愛果|慶佳|成花|教加|明千香|望愛|未千佳|未千花|未愛|未知佳|未知可|未知翔|未知華|未知香|海千翔|海愛|深愛|深智佳|満千花|満愛|満花|満香|理賀|美千佳|美千加|美千歌|美千翔|美千花|美千香|美和|美哉|美地香|美愛|美慈|美慶|美新|美智佳|美智加|美智華|美智香|美知佳|美知加|美知香|美見|翠千夏|花果|花香|芳佳|見知香|路伽|路佳|路加|路花|迪樺|迪花|迪香|通香|進夏|進歌|道佳|道歌|道花|道華|道香|達香	given-name-dictionary
さよ	さよ|サヨ|五夜|佐与|佐世|佐予|佐代|佐余|佐佳|佐夜|佐容|佐與|叉夜|咲世|咲予|咲代|咲佳|咲夜|咲葉|咲陽|唆代|善代|在代|宰世|小与|小代|小依|小夜|小容|小瑶|小葉|小陽|左与|左世|左予|左葉|幸世|幸代|幸誉|彩世|彩予|彩代|彩余|彩依|彩葉|彩誉|彩陽|抄世|抄代|抄夜|採代|操世|斉|斉代|早与|早世|早代|早余|早容|早由|早葉|早陽|更世|朝依|桜世|桜夜|桜葉|櫻世|沙与|沙世|沙予|沙代|沙佳|沙依|沙夜|沙良|沙葉|沙誉|沙陽|爽夜|爽葉|瑳代|皐陽|砂世|砂代|砂夜|祥代|紗与|紗世|紗予|紗代|紗余|紗佳|紗夜|紗容|紗昌|紗瑶|紗由|紗葉|紗蓉|紗誉|紗陽|菜予|菜代|采余|采夜	given-name-dictionary
とみこ	とみこ|とみ子|トミコ|トミ子|丁未子|乙美子|冨子|冨実子|冨巳子|冨美子|冬実子|冬美子|利実子|利美子|到未子|十三子|十実子|十美子|及弥子|及望子|及美子|友美子|友視子|和実子|和美子|土実子|壽美子|外美子|宝子|実子|富充子|富好|富妙子|富子|富実子|富巳子|富心子|富泉子|富深子|富珠子|富美子|實子|尊実子|尊美子|尭子|常弥子|常省子|度美子|得弥子|得美子|徳子|徳美子|戸美子|斗光子|斗美子|智子|智美子|朋子|杜実子|杜弥子|杜美子|東壬子|東実子|東海子|東美子|桃美子|渡海子|渡美子|灯弥子|畄美子|留美子|當子|登み子|登三子|登史子|登子|登巳子|登弥子|登望子|登未子|登水子|登美子|登見子|福子|稔子|等美子|聡子|聡幹子|聡瞳子|聡美子|臣功|臣子|藤美子|豊子|豊己子|豊美子|透見子|都三子|都仁子|都壬子|都実子|都巳子|都弥子|都美子|都見子|里未子	given-name-dictionary
せいいちろう	世一郎|制一朗|制一郎|制壱朗|制壱郎|制市朗|制市郎|勢一朗|勢一郎|勢壱朗|勢壱郎|勢市朗|勢市郎|征一朗|征一郎|征壱朗|征壱郎|征市朗|征市郎|成一朗|成一郎|成壱朗|成壱郎|成市朗|成市郎|政一郎|整一郎|斉一郎|星一朗|星一郎|星壱朗|星壱郎|星市朗|星市郎|晴一朗|晴一郎|晴壱朗|晴壱郎|晴委智郎|晴市朗|晴市郎|正一朗|正一郎|正壱朗|正壱郎|正市朗|正市郎|歳一郎|清一朗|清一郎|清壱朗|清壱郎|清市朗|清市郎|生一郎|盛一朗|盛一郎|盛壱朗|盛壱郎|盛市朗|盛市郎|省一朗|省一郎|省壱朗|省壱郎|省市朗|省市郎|精一朗|精一郎|精壱朗|精壱郎|精市朗|精市郎|聖一朗|聖一郎|聖壱朗|聖壱郎|聖市朗|聖市郎|誓一朗|誓一郎|誓壱朗|誓壱郎|誓市朗|誓市郎|誠一朗|誠一郎|誠壱朗|誠壱郎|誠市朗|誠市郎|鉦一郎|靖一朗|靖一郎|靖壱朗|靖壱郎|靖市朗|靖市郎|静一朗|静一郎|静壱朗|静壱郎|静市朗|静市郎|靜一郎|齊一郎	given-name-dictionary
そういちろう	住塹|創一朗|創一郎|創壱朗|創壱郎|創市朗|創市郎|双一郎|壮一朗|壮一郎|壮壱朗|壮壱郎|壮市朗|壮市郎|壯一朗|壯一郎|奏一朗|奏一郎|奏壱朗|奏壱郎|奏市朗|奏市郎|奘一郎|宗一朗|宗一郎|宗市郎|崇一郎|庄一朗|庄一郎|庄壱朗|庄壱郎|庄市朗|庄市郎|惣一朗|惣一郎|惣壱朗|惣壱郎|惣市朗|惣市郎|想一朗|想一郎|想壱朗|想壱郎|想市朗|想市郎|操一朗|操一郎|操壱朗|操壱郎|操市朗|操市郎|曹一郎|桑一郎|漱一郎|爽一朗|爽一郎|相一郎|笙一郎|綜一朗|綜一郎|綜壱朗|綜壱郎|綜市朗|綜市郎|総一朗|総一郎|総壱朗|総壱郎|総市朗|総市郎|總一郎|繰一朗|繰一郎|繰壱朗|繰壱郎|繰市朗|繰市郎|聡一朗|聡一郎|聡壱朗|聡壱郎|聡市朗|聡市郎|聰一朗|聰一郎|草一朗|草一郎|草壱朗|草壱郎|草市朗|草市郎|荘一朗|荘一郎|莊一郎|蒼一朗|蒼一郎|蒼壱朗|蒼壱郎|蒼市朗|蒼市郎|衆賚|衆輜|錚一郎|霜一郎|颯一朗|颯一郎	given-name-dictionary
うきえ	ウキエ|卯貴江|右喜恵|右喜枝|右喜江|右喜絵|右季恵|右季枝|右季江|右季絵|右希恵|右希枝|右希江|右希絵|右木恵|右木江|右樹恵|右樹枝|右樹江|右紀恵|右紀枝|右紀江|右紀絵|右記恵|右記枝|右貴恵|右貴枝|右貴江|右貴絵|宇喜恵|宇喜枝|宇喜江|宇喜絵|宇季恵|宇季枝|宇季江|宇季絵|宇希恵|宇希枝|宇希江|宇希絵|宇樹恵|宇樹枝|宇樹江|宇樹絵|宇紀恵|宇紀枝|宇紀江|宇紀絵|宇記恵|宇記枝|宇貴恵|宇貴枝|宇貴江|宇貴絵|憂喜恵|憂喜枝|憂喜江|憂季枝|憂季絵|憂希恵|憂希枝|憂希江|憂希絵|憂木江|憂樹恵|憂樹枝|憂樹江|憂樹絵|憂紀恵|憂紀江|憂紀絵|憂記恵|憂記枝|憂記絵|憂貴恵|憂貴枝|憂貴江|有喜恵|有喜江|有喜絵|有季恵|有季枝|有季江|有季絵|有希恵|有希枝|有希江|有希絵|有木江|有樹恵|有樹枝|有樹江|有樹絵|有紀恵|有紀枝|有紀江|有紀絵|有記恵|有貴枝|有貴絵|浮恵|浮枝|浮江|羽輝衣	given-name-dictionary
たまみ	たまみ|たま美|タマミ|圭実|圭未|圭珠|圭美|圭見|多万美|多摩子|多摩実|多摩美|多満実|多眞己|多真実|多真美|多磨実|多磨美|多麻美|太万美|太茉実|太麻美|宝美|朱美|殊実|毬実|玉光|玉味|玉実|玉己|玉巳|玉弥|玉未|玉水|玉海|玉深|玉満|玉美|玉耳|玉見|玖味|玖美|玲実|玲巳|玲心|玲未|玲水|玲美|珠|珠三|珠光|珠味|珠妙|珠子|珠実|珠實|珠己|珠已|珠巳|珠弓|珠弥|珠心|珠扇|珠明|珠未|珠朱|珠果|珠民|珠水|珠海|珠深|珠満|珠生|珠真美|珠知|珠緑|珠美|珠見|珠視|珠躬|球実|球微|球美|理美|琳美|瑞|瑞実|瑞美|瑠美|瑶水|瑶珠|瑶美|環|環実|環美|田真弓|田真美|田麻実|田麻美|碧泉|碧深|碧美|碧見|賜美|陽美	given-name-dictionary
ふきこ	ふきこ|ふき子|ふ紀子|フキ子|不希子|不枝子|二喜子|二基子|二希子|二樹子|二規子|二記子|倭貴子|冨喜子|冨希子|冨紀子|冨規子|冨貴子|冨起子|冬岐子|冬希子|吹子|吹季子|夫妃子|夫季子|夫希子|夫紀子|夫規子|夫記子|婦喜子|婦紀子|婦規子|婦貴子|婦起子|富喜子|富基子|富妃子|富姫子|富季子|富寄子|富希子|富樹子|富気子|富生子|富紀子|富規子|富記子|富貴子|富起子|峰規子|布喜子|布季子|布岐子|布希子|布樹子|布欣子|布紀子|布記子|布貴子|布起子|復紀子|房紀子|扶喜子|扶妃子|扶季子|扶希子|扶支子|扶枝子|扶生子|扶紀子|扶規子|扶貴子|扶起子|文季子|文机子|文紀子|文貴子|普幹子|歩希子|歩紀子|甫己子|甫紀子|笑貴子|芙喜子|芙妃子|芙季子|芙己子|芙希子|芙樹子|芙生子|芙稀子|芙紀子|芙綺子|芙葵子|芙貴子|芙起子|苳子|蕗子|譜紀子|譜規子|風来子|風紀子|風葵子|風起子|風輝子	given-name-dictionary
みゆう	みゆう|三結羽|仁結|光優|南有|夢結|実佑|実侑|実優|実優羽|実友|実夕雨|実悠|実由|実祐|実結|実結羽|実遊|巳夕雨|巳祐|弥侑|弥優|弥夕|弥有|弥由|弥祐|心佑|心侑|心優|心友|心宥|心有|心結|望優|望友|望夕|望結|未佑|未侑|未優|未夕|未夢|未夢生|未宇|未悠|未憂|未有|未有羽|未由|未祐|未結|未誘|未遊|未雄|水優|水悠|水由|水結|海優|海友|海祐|海結|海融|海遊|深友|深悠|深雪有|珠優|珠有|珠結|真優|純夕|美佑|美侑|美優|美優有|美優羽|美勇|美友|美友歩|美友生|美夕|美夕羽|美夕雨|美夢生|美夢羽|美悠|美憂|美有|美有羽|美桜|美由宇|美祐|美結|美遊|美邑|見優|観悠|都由|雅優|音優|音楽|魅夕|魅悠|魅誘	given-name-dictionary
ゆりあ	ゆりあ|ゆり亜|ユリア|佑梨愛|佑莉彩|佑里亜|侑李亜|侑梨愛|侑莉亜|侑里亜|優利亜|優李亜|優梨亜|優梨愛|優理亜|優理愛|優璃亜|優璃愛|優莉亜|優莉愛|優里亜|優里合|優里杏|友利愛|友吏亜|友梨亜|友梨愛|友梨朱|友梨杏|友梨空|友理亜|友理彩|友理愛|友璃亜|友莉亜|友莉愛|友里亜|友里愛|友里朱|友里阿|唯利亜|唯理亜|夕利亜|夕璃亜|夕璃安|夕里亜|夢璃愛|巴亜|悠梨亜|悠理亜|悠理愛|悠莉亜|悠里亜|悠里愛|悠里歩|憂理亜|揺朝|揺杏|有梨亜|有理亜|有璃愛|有莉亜|有里亜|有里彩|有里愛|有里杏|柚莉愛|柚里杏|由利|由利亜|由利愛|由利麻|由李亜|由梨亜|由梨愛|由梨杏|由理亞|由理阿|由璃明|由莉亜|由莉愛|由里亜|由里彩|由里愛|由鈴亜|癒璃唖|百合亜|百合亞|百合彩|百合愛|百合晶|百合茜|百梨亜|祐莉亜|祐里亜|結怜愛|結梨亜|結梨安|結莉亜|結里亜|結里愛|裕理亜|裕里亜|許愛	given-name-dictionary
いつき	いつき|一主|一喜|一姫|一嬉|一宜|一希|一暉|一月|一来|一桔|一槻|一樹|一祈|一稀|一紀|一葵|一記|一輝|一騎|乙妃|乙姫|乙希|乙幾|乙樹|乙生|乙紀|乙記|乙貴|五喜|五城|五妃|五季|五希|五月|五木|五樹|五紀|五葵|伊月|伊津希|伊津紀|伊津貴|伊都貴|伍樹|依月|依都生|厳|唯月|壱輝|夷月|奉|委月|委津希|威月|惟月|意月|意築|愛姫|愛樹|慈樹|慈貴|斎|斎樹|樹|樹姫|樹季|樹希|樹月|樹木|樹杏|樹生|樹葵|樹貴|樹里|済|維月|維都希|聿畿|葦月|蔚月|衣月|衣津季|衣津紀|衣都希|逸亀|逸喜|逸城|逸季|逸岐|逸己|逸希|逸月|逸来|逸樹|逸氣|逸生|逸綺|逸葵|逸記|逸貴|齋|齋月	given-name-dictionary
のりよ	のりよ|のり世|ノリ代|乃理世|乃里予|乃里代|仁代|仙代|任代|伸代|倫世|倫代|倫依|典与|典世|典予|典代|典余|典梨代|典瑶|典陽|則世|則予|則代|功世|功洋|周代|哲与|哲世|哲代|啓予|妃良|宜代|宜良|宣世|宣予|宣葉|寛世|尚世|展代|展利代|工代|幾世|度世|延代|式代|徳世|徳予|徳代|徳誉|恭代|慶代|憲世|憲代|政代|教世|教予|教代|教應|敬与|敬代|昇世|昇代|昇用|智世|格世|法代|益代|知代|矩代|祝世|祝代|章代|範世|範代|範依|紀世|紀予|紀代|紀余|紀好|紀生|納代|純代|経予|経代|統代|能里代|至代|規世|規了|規予|規代|訓世|訓代|記与|記世|記代|詞世|議代|賀代|閑代|雅代	given-name-dictionary
ふみこ	ふみこ|ふみ子|フミコ|フミ子|七子|不実子|不美子|二三五|二三子|二味子|二女子|二実子|二実湖|二海子|二美子|二美湖|典子|冊子|册子|冨三子|冨実子|冨美子|冨躬子|双美子|史子|史瑚|司美子|夫光子|夫味子|夫海子|夫美子|奎子|婦み子|婦美子|富三子|富実子|富己子|富海子|富深子|富珠子|富美子|富美江|富見子|布三子|布味子|布巳子|布美子|布見子|府実子|府美子|慰子|房実子|扶三子|扶二子|扶実子|扶巨子|扶未子|扶美子|文三子|文子|文実子|文美子|文虹|文香|普幹子|普海子|普美子|普見子|書子|歩仁子|歩実子|歩美子|深美子|生海子|甫味子|甫実子|甫見子|章子|良子|芙三子|芙充子|芙実子|芙己子|芙巳子|芙弥子|芙未子|芙珠子|芙生子|芙美|芙美子|芙見子|芙視子|英子|記子|詞子|誌子|豊美子|践子|迪子|郁子|風実子|風美子|風見子	given-name-dictionary
みちよ	みちよ|みち世|みち代|ミチヨ|三千世|三千代|三智代|三知代|享代|倫与|倫世|倫予|倫代|充世|充代|典代|務世|啓代|学世|学代|宙代|実千与|実千世|実千代|実智代|実智誉|実治代|実知代|実知夜|実致代|導代|岐世|巳千与|巳千世|巳千代|巳知世|康代|廸代|径世|径代|成代|教世|教予|教代|方代|有代|未千与|未千世|未千代|未智代|未知世|未知代|未茅世|水知代|海千与|海千世|海千代|海知代|深千代|深智代|満世|満代|満知代|満誉|珠智代|理世|理予|理代|眞代|真世|美ち代|美千与|美千世|美千代|美智与|美智世|美智代|美治代|美知世|美知代|美知夜|美致代|至代|芳代|見智代|視知代|訓代|路世|路予|路代|迪与|迪世|迪代|通世|通予|通代|進代|道与|道世|道予|道代|達代|陸代	given-name-dictionary
りょうすけ	両介|両助|了亮|了介|了佑|了助|了祐|了輔|亨介|亮介|亮佐|亮佑|亮典|亮助|亮将|亮祐|亮裕|亮輔|令介|僚亮|僚介|僚佑|僚祐|凌介|凌佑|凌典|凌雄|崚介|嶺介|怜亮|怜介|怜佑|怜典|怜輔|椋丞|椋介|涼亮|涼介|涼佑|涼助|涼祐|涼裕|涼補|涼輔|玲亮|玲輔|瞭介|瞭輔|稜亮|稜介|稜涼|竜介|竜佐|竜佑|竜祐|竜胤|竜輔|綾亮|綾介|綾佑|綾祐|綾輔|良丞|良亮|良介|良佐|良佑|良典|良助|良右|良将|良弼|良恭|良昌|良相|良祐|良輔|諒介|諒佑|諒助|諒祐|諒輔|遼介|遼佑|遼助|遼右|遼祐|遼輔|量介|量祐|陵介|陵佑|陵右|陵資|領亮|領介|龍亮|龍介|龍佑|龍典|龍助|龍祐|龍輔	given-name-dictionary
しょうのすけ	匠之丞|匠之介|匠之佑|匠之助|匠之祐|匠之輔|奨之丞|奨之介|奨之佑|奨之助|奨之祐|奨之輔|将乃介|将之丞|将之介|将之佑|将之助|将之祐|将之輔|尚之丞|尚之介|尚之佑|尚之助|尚之祐|尚之輔|庄之助|彰之輔|昇之丞|昇之介|昇之佑|昇之助|昇之祐|昇之輔|昌之丞|昌之亮|昌之介|昌之佑|昌之助|昌之祐|昌之輔|昭之丞|昭之介|昭之佑|昭之助|昭之祐|昭之輔|晶之丞|晶之介|晶之佑|晶之助|晶之祐|晶之輔|曻之助|梢之丞|梢之介|梢之佑|梢之助|梢之祐|梢之輔|正之丞|正之介|正之佑|正之助|正之祐|正之輔|焦圭|焦景|焦珪|焦畦|焦群|生之助|省之介|祥乃介|祥之丞|祥之介|祥之佑|祥之助|祥之祐|祥之輔|紹之介|翔乃介|翔之丞|翔之介|翔之佑|翔之助|翔之祐|翔之輔|聖之助|肖之介|荘之助|薔之丞|薔之介|薔之佑|薔之助|薔之祐|薔之輔|詔之助|頌之丞|頌之介|頌之佑|頌之助|頌之祐|頌之輔	given-name-dictionary
きえこ	きえ子|き江子|キエコ|キエ子|キヱ子|伎咲子|公枝子|几絵子|喜依子|喜恵子|喜惠子|喜映子|喜枝子|喜栄子|喜榮子|喜永子|喜江子|喜絵子|喜英子|喜重子|基依子|基恵子|基栄子|妃恵子|妃枝子|季恵子|季愛子|季映子|季枝子|季江子|季絵子|季衣子|季詠子|己恵子|己永子|己江子|希依子|希恵子|希悦子|希枝子|希栄子|希永子|希江子|希絵子|希英子|希衣子|支咲子|木恵子|木枝子|木江子|木絵子|樹恵子|樹枝子|樹江子|樹絵子|機恵子|毅枝子|気栄子|清恵子|生恵子|祈恵子|祈永子|紀会子|紀依子|紀恵子|紀惠子|紀枝子|紀栄子|紀江子|紀瑛子|紀絵子|紀英子|紀衣子|紀詠子|紀重子|綺笑子|綺衣子|規恵子|記恵子|記枝子|記江子|記絵子|記英子|貴子|貴恵子|貴愛子|貴映子|貴枝子|貴栄子|貴永子|貴江子|貴瑛子|貴画子|貴絵子|貴英子|貴衣子|起恵子|起英子|輝恵子|輝江子|近江子|黄枝子	given-name-dictionary
はな	はな|ハナ|一愛|一花|八菜|初奈|初杏|初花|初菜|初那|南花|咲花|咲華|巴乃|巴南|巴奈|巴菜|巴那|帆南|彩花|彩那|把茄|映凪|映奈|映菜|春成|春波|春花|晴菜|曄|波南|波名|波夏|波奈|波成|波菜|波那|畔成|畔波|畔菜|百紅|端|羽凪|羽南|羽名|羽和|羽夏|羽奈|羽捺|羽波|羽菜|羽虹|羽那|羽魚|翔奈|芭|芭奏|芭菜|花|花優|花凪|花南|花咲|花夏|花奈|花子|花心|花梨|花渚|花菜|花華|花那|芳|英|英名|英奈|英菜|荷娜|華|華凪|華和|華夏|華奈|華菜|華那|葉七|葉南|葉名|葉夏|葉奈|葉捺|葉楠|葉渚|葉花|葉茄|葉菜|葉那|覇那|陽愛|陽菜|隼奈	given-name-dictionary
たかみ	たかみ|たか実|タカミ|タカ美|享己|享美|京美|仰美|劭美|可美|喬美|堯美|多佳美|多加美|多可美|多夏美|多歌美|多花実|多芳美|多華美|多賀美|多香美|多香魅|多鹿実|多鹿美|天弓|太上|太加実|太加美|奏美|好親|孚信|孝三|孝味|孝実|孝已|孝巳|孝弥|孝海|孝美|宇美|宜美|宝伺|宝実|宝巳|宝珠|宝美|尊美|尚実|尚美|尭躬|岳実|岳美|崇実|崇未|崇美|崇視|幸好|幸己|恭美|敬美|昂美|普美|梢美|猛実|猛美|登美|皐美|空実|空弓|空見|考美|聖美|誉実|誉美|貴実|貴己|貴巳|貴水|貴海|貴瑞|貴美|貴臣|貴見|賢美|隆実|隆己|隆美|香珠|香美|高三|高実|高己|高巳|高水|高海|高美|高身|鷹実|鷹美|鷹身	given-name-dictionary
ゆうみ	ゆうみ|ゆう実|ゆう美|佑実|佑未|佑海|佑美|侑実|侑巳|侑弥|侑望|侑海|侑美|優光|優友美|優后|優実|優心|優有美|優望|優未|優水|優海|優真|優瞳|優美|優見|優魅|勇巳|勇泉|勇美|友弥|友望|友泉|友海|友美|友芙美|友見|夕実|夕巳|夕弥|夕御|夕有美|夕未|夕海|夕湖|夕珠|夕看|夕美|夕羽美|夕魅|夢未|夢海|夢美|宥美|幽美|悠実|悠望|悠未|悠海|悠珠|悠美|憂美|有実|有未|有深|有美|柚実|柚美|柚翠|桜美|湧実|湧海|由佑美|由宇未|由宇美|由弥|由海|由美|由羽美|祐実|祐未|祐海|祐美|結実|結實|結心|結水|結海|結深|結美|結羽心|裕巳|裕心|裕未|裕美|遊未|遊海|遊美|邑未|雄美	given-name-dictionary
あやめ	あやめ|あや女|あや目|あや芽|アヤメ|亜也芽|亜弥夢|亜弥芽|亜矢女|亜矢芽|亜耶芽|亜谷女|安也女|安也芽|安哉芽|安弥芽|安矢芽|安耶芽|彩夢|彩女|彩姫|彩弥芽|彩愛|彩文|彩明|彩梅|彩目|彩瞳|彩芽|彩萌|彪女|彪目|彪芽|恵人|恵愛|恵芽|恵萌|惠女|愛也芽|愛優女|愛哉女|愛耶芽|愛芽|文〆|文女|文愛|文目|文芽|文萌|斐女|昌|朱夢|朱芽|殺|殺女|礼冥|礼女|礼芽|礼萌|紋女|紋愛|紋目|紋芽|純愛|絢女|絢愛|絢明|絢瞳|絢芽|綺愛|綺芽|綺萌|綾女|綾姫|綾恵|綾愛|綾明|綾梅|綾目|綾瞳|綾芽|綾萌|纐纈|花梅|花芽|英萌|菖|菖女|菖愛|菖芽|菖蒲|藻芽|采命|采女|采愛|采明|采目|采芽|采雨|阿矢女	given-name-dictionary
かやこ	かやこ|かや子|伽伸子|伽允子|伽冶子|伽弥子|伽椰子|伽耶子|佳也子|佳伸子|佳允子|佳八子|佳冶子|佳哉子|佳夜子|佳家子|佳弥子|佳矢子|佳耶子|佳野子|加也子|加伸子|加允子|加冶子|加哉子|加夜子|加弥子|加悦子|加耶子|可也子|可伸子|可允子|可冶子|可弥子|可矢子|可耶子|嘉也子|嘉弥子|嘉耶子|嘉陽子|夏也子|夏伸子|夏允子|夏冶子|夏夜子|夏弥子|夏悦子|夏耶子|夏野子|家也子|果伸子|果允子|果冶子|果弥子|果耶子|架夜己|歌伸子|歌允子|歌冶子|歌弥子|歌矢子|歌耶子|甲也子|空哉子|花伸子|花允子|花冶子|花弥子|花椰子|花矢子|花耶子|花野子|芽也子|茅子|草子|草葉子|草野子|華也子|華伸子|華允子|華冶子|華弥子|華耶子|萱子|賀也子|賀弥子|賀陽子|郁野子|香也子|香伸子|香允子|香冶子|香屋子|香弥子|香彌子|香矢子|香耶子|香野子|鹿也子|鹿野子	given-name-dictionary
せいか	せいか|世佳|世依香|世樺|世翔|世花|世華|世衣佳|世香|声華|征可|征華|征香|情花|成佳|成花|成華|成香|星伽|星佳|星加|星叶|星夏|星奏|星果|星架|星歌|星河|星絵|星花|星華|星輝|星香|星駈|晴加|晴可|晴夏|晴華|晴香|栖花|栖霞|正華|清伽|清佳|清加|清夏|清果|清楓|清花|清華|清香|生華|精華|精香|聖|聖佳|聖加|聖可|聖圭|聖夏|聖家|聖果|聖架|聖歌|聖火|聖花|聖芽|聖華|聖賀|聖香|菁華|西果|誓伽|誓華|誓香|誠華|誠香|請香|醒花|青い華|青佳|青夏|青果|青樺|青渦|青火|青笳|青花|青霞|青香|靖花|靖華|静佳|静夏|静果|静歌|静海|静華|静雅|静香	given-name-dictionary
じゅんのすけ	凖之丞|凖之亮|凖之介|凖之佑|凖之助|凖之甫|凖之祐|凖之輔|恂之介|恂之助|惇之丞|惇之亮|惇之介|惇之佑|惇之助|惇之甫|惇之祐|惇之輔|旬之介|殉之丞|殉之亮|殉之介|殉之佑|殉之助|殉之甫|殉之祐|殉之輔|洵之丞|洵之亮|洵之介|洵之佑|洵之助|洵之甫|洵之祐|洵之輔|淳之丞|淳之亮|淳之介|淳之佑|淳之助|淳之奨|淳之甫|淳之祐|淳之輔|淳介|準乃典|準乃助|準之丞|準之亮|準之介|準之佑|準之助|準之甫|準之祐|準之輔|潤之丞|潤之亮|潤之介|潤之佑|潤之助|潤之甫|潤之祐|潤之輔|純ノ介|純之丞|純之亮|純之介|純之佑|純之助|純之甫|純之祐|純之輔|絢之介|荀之助|諄之輔|遵之丞|遵之亮|遵之介|遵之佑|遵之助|遵之甫|遵之祐|遵之輔|醇之助|隼之丞|隼之亮|隼之介|隼之佑|隼之助|隼之甫|隼之祐|隼之輔|順之丞|順之亮|順之介|順之佑|順之助|順之甫|順之祐|順之輔	given-name-dictionary
かや	かや|カヤ|伽弥|伽揶|伽耶|伽邪|伽野|佳也|佳哉|佳夜|佳弥|佳悦|佳椰|佳矢|佳耶|佳郁|佳野|佳陽|冴弥|加也|加八|加弥|加悦|加耶|加野|可也|可弥|可耶|和優|嘉也|嘉夜|嘉弥|嘉耶|夏也|夏夜|夏弥|夏椰|夏矢|夏耶|夏野|奏夜|寛弥|果也|果夜|果矢|果耶|架夜|架椰|架耶|栢|楓弥|楽椰|楽耶|榧|樺弥|歌夜|歌椰|歌野|火弥|珂耶|耶耶|花也|花夜|花弥|花彩|花椰|花綾|花耶|花郁|花野|芳弥|芽弥|茅|草|草宣|華也|華夜|華弥|華耶|華野|華陽|萱|賀也|賀陽|郁耶|霞夜|霞耶|風椰|香也|香哉|香夜|香弥|香椰|香矢|香耶|香野|馨弥|馨矢|馨耶	given-name-dictionary
はるえ	はるえ|はる恵|はる枝|はる江|ハルエ|ハル江|久枝|令枝|令江|元枝|冶枝|冶江|張江|悠絵|敏江|明恵|明枝|明江|春伯|春恵|春惠|春愛|春映|春枝|春栄|春榮|春江|春絵|春英|春衛|春衣|春重|時江|晏恵|晏栄|晴恵|晴惠|晴慧|晴映|晴枝|晴栄|晴江|晴絵|晴美|晴英|晴衣|暖恵|暖苗|東枝|東江|栄枝|栄江|栄苗|榛栄|榛衣|治恵|治惠|治枝|治栄|治永|治江|治絵|治英|治衛|波流江|波瑠栄|波瑠江|波留江|洋枝|温恵|温絵|立江|美依|美恵|美枝|美江|脩絵|花枝|英恵|華枝|華江|葉留上|遙愛|遥恵|遥江|遥絵|陽咲|陽恵|陽惠|陽愛|陽枝|陽栄|陽永|陽江|陽笑|陽絵|陽衣|青衣|靖恵	given-name-dictionary
まさよ	まさよ|まさ代|マサヨ|マサ代|万佐代|万佐子|万左世|万沙世|万紗代|万裟世|仁予|仁葉|俊代|修代|優世|優代|全代|冒代|勝世|勝代|匡世|匡代|匡夜|和昌|将世|将代|將代|尚世|尚代|尚葉|征代|征洋|成予|摩佐代|政世|政代|方代|旬代|昌世|昌代|昌余|昌恵|昌良|昌葉|晶代|正世|正代|泰代|満彩代|理代|益代|眞世|眞代|眞佐代|眞佐余|眞沙代|眞砂代|眞紗世|真三代|真世|真代|真佐世|真佐代|真咲代|真沙世|真沙代|真砂代|真紗世|真紗代|真裟世|祐代|祥世|祥予|祥代|絹世|絹代|聖代|茉咲代|茉紗代|茉裟世|薫世|薫代|雅与|雅世|雅予|雅代|雅佐代|雅紗世|雅誉|順代|麻代|麻佐代|麻咲代|麻左代|麻早世|麻早代|麻沙世|麻沙代|麻裟世	given-name-dictionary
しょうたろう	勝太朗|勝太郎|匠多朗|匠多郎|匠太朗|匠太郎|升太郎|咲太郎|唱太郎|商太郎|奨多朗|奨多郎|奨太朗|奨太郎|将多朗|将多郎|将大朗|将太朗|将太郎|將太朗|將太郎|小太郎|尚多朗|尚多郎|尚太朗|尚太郎|庄太朗|庄太郎|彰太朗|彰太郎|承太郎|抄太郎|捷太郎|政太朗|政太郎|昇多朗|昇多郎|昇太朗|昇太郎|昌多朗|昌多郎|昌大郎|昌太朗|昌太郎|昭多朗|昭多郎|昭太朗|昭太郎|晶多朗|晶多郎|晶太朗|晶太郎|松太郎|梢多朗|梢多郎|梢太朗|梢太郎|正多朗|正多郎|正太朗|正太郎|沼刃|沼析|清太郎|渉太郎|照太郎|生太郎|省太郎|礁太郎|祥多朗|祥多郎|祥大朗|祥太朗|祥太郎|章太朗|章太郎|翔多朗|翔多郎|翔大朗|翔大郎|翔太朗|翔太良|翔太郎|翔汰郎|荘太郎|薔多朗|薔多郎|薔太朗|薔太郎|詳太郎|象太郎|鉦太郎|鍾太郎|鏘太郎|鐘太郎|頌多朗|頌多郎|頌太朗|頌太郎	given-name-dictionary
なな	なな|ナナ|七々|七七|七凪|七夏|七夕|七奈|七彩|七愛|七渚|七菜|七虹|保々|保佐々|凪々|凪南|南々|南夏|南奈|南菜|南那|名々|名ヶ|名奈|名菜|名那|和々|和奈|和菜|夏々|夏南|夏奈|夏波|夏渚|夏菜|央命|奈|奈々|奈な|奈七|奈南|奈名|奈夏|奈奈|奈成|奈汝|奈生|奈納|奈苗|奈菜|奈那|尚奈|愛和|愛梨|成美|捺々|捺名|樹奈|水人|波奈|渚々|渚凪|渚奈|渚菜|玲奈|生生|称奈|納菜|苗々|茄那|菜々|菜な|菜七|菜乃|菜南|菜名|菜吟|菜和|菜夏|菜奈|菜杏|菜波|菜渚|菜菜|菜那|虹|虹七|那々|那乃|那南|那夏|那奈|那渚|那菜|采七|雫奈|魚	given-name-dictionary
かつみ	かつみ|かつ美|カツミ|一美|一視|且巳|且未|且海|且美|且見|佳津美|佳津見|佳都美|優巳|優身|克|克三|克実|克己|克已|克巳|克弥|克心|克未|克海|克省|克美|克臣|克見|克視|克身|克躬|克都美|剋実|剋美|功実|功臣|加津三|加津実|加津海|加津美|勉美|勝三|勝克|勝実|勝己|勝已|勝巳|勝水|勝海|勝美|勝臣|勝見|勝視|勝身|勝躬|可津美|和巳|和弥|和績|和美|哥津実|哥津美|嘉津美|嘉積|嘉都美|尅己|尅巳|徳己|徹宗|括実|括美|捷海|捷美|捷見|果司未|桂実|桂巳|桂美|活水|活海|活美|花摘|花都美|華摘|豪美|賀津美|遂美|雄巳|雄海|雄美|香摘|香津美|香積|香都美|騰実|騰美|黄	given-name-dictionary
きみよ	きみよ|きみ与|きみ代|キミヨ|キミ代|仁世|仁葉|公与|公世|公予|公代|公余|公弥|公美与|公美代|公誉|后与|后世|后代|君与|君世|君予|君代|君佳|君実代|君美代|喜三代|喜己代|喜弥代|喜美予|喜美代|基巳代|基美代|季三代|季実代|季巳世|季巳代|季未代|季美代|岐美代|己美代|希三代|希実代|希己代|希巳世|希文世|希未代|希民世|希美世|希美代|希視代|希魅葉|幾美代|恭美代|木実代|来巳世|来巳代|樹実代|樹美代|江世|江代|王葉|皇代|紀三代|紀実予|紀実代|紀巳代|紀弥代|紀美世|紀美予|紀美代|紀規代|綺未代|衣充予|規三夫|規実代|規美世|規美代|記巳代|記美世|記美代|記身予|貴代美|貴光世|貴実世|貴実代|貴巳代|貴弥代|貴美与|貴美世|貴美代|貴見世|貴見代|貴魅世|起巳代|起美世|起美代|輝三代	given-name-dictionary
ふみお	不三夫|不美男|二三夫|二三生|二三男|二三郎|二三雄|二実男|二巳夫|二巳男|二男|二美夫|二美男|二美緒|二見男|典夫|典生|典男|典郎|典雄|冨三男|冨美夫|冨美生|冨美男|冨美雄|史士|史夫|史峰|史於|史朗|史桜|史歩|史生|史男|史緒|史郎|史雄|啓夫|夫美雄|富三男|富三郎|富光夫|富実夫|富実雄|富民雄|富美夫|富美生|富美男|富美緒|富美雄|巫澪|布三夫|布三生|布三男|布三雄|扶美夫|扶美男|扶美雄|文保|文勇|文大|文夫|文尾|文己男|文思|文扶|文於|文朗|文桜|文生|文男|文穂|文緒|文良|文郎|文雄|書雄|武美雄|福男|章夫|章央|章生|章男|章郎|章雄|翰於|芙三大|芙三夫|芙美夫|芙美緒|芙美雄|郁夫|郁朗|郁生|郁男|郁郎|郁雄|録雄	given-name-dictionary
けいさぶろう	京三朗|京三郎|京佐朗|京佐郎|京左朗|京左郎|京砂朗|京砂郎|佳三朗|佳三郎|佳佐朗|佳佐郎|佳左朗|佳左郎|佳砂朗|佳砂郎|啓三朗|啓三郎|啓佐朗|啓佐郎|啓左朗|啓左郎|啓砂朗|啓砂郎|圭三朗|圭三郎|圭佐朗|圭佐郎|圭左朗|圭左郎|圭砂朗|圭砂郎|奎三郎|奚三朗|奚三郎|奚佐朗|奚佐郎|奚左朗|奚左郎|奚砂朗|奚砂郎|恵三朗|恵三郎|恵佐朗|恵佐郎|恵左朗|恵左郎|恵砂朗|恵砂郎|惠三郎|慧三朗|慧三郎|慧佐朗|慧佐郎|慧左朗|慧左郎|慧砂朗|慧砂郎|慶三朗|慶三郎|慶佐朗|慶佐郎|慶左朗|慶左郎|慶砂朗|慶砂郎|敬三朗|敬三郎|敬佐朗|敬佐郎|敬左朗|敬左郎|敬砂朗|敬砂郎|景三朗|景三郎|景佐朗|景佐郎|景左朗|景左郎|景砂朗|景砂郎|桂三朗|桂三郎|桂佐朗|桂佐郎|桂左朗|桂左郎|桂砂朗|桂砂郎|馨三朗|馨三郎|馨佐朗|馨佐郎|馨左朗|馨左郎|馨砂朗|馨砂郎	given-name-dictionary
まなか	まなか|マナカ|万名香|万夏花|万奈佳|万奈加|万奈果|万奈香|万菜佳|万菜華|万菜香|万那佳|万那加|央|学果|学花|学香|心|愛佳|愛加|愛可|愛叶|愛夏|愛央|愛奈香|愛奏|愛日|愛果|愛架|愛楓|愛歌|愛海|愛花|愛菓|愛華|愛薫|愛風|愛香|正|眞佳|真佳|真加|真可|真名花|真名香|真夏花|真央|真奈佳|真奈加|真奈果|真奈花|真奈香|真心|真愛佳|真日|真果|真楓|真歌|真花|真菜夏|真菜果|真菜花|真菜華|真菜風|真菜香|真那伽|真那加|真那花|真霞|真香|舞奈香|花|茉名香|茉夏花|茉央|茉奈加|茉奈果|茉奈花|茉奈香|茉菜華|茉那加|茉那夏|茉那香|郁香|麻名香|麻夏花|麻央|麻奈佳|麻奈加|麻奈果|麻奈花|麻奈香|麻菜果|麻菜華|麻菜香|麻那加|麻那華	given-name-dictionary
みどり	みどり|みど梨|みど理|みど里|み外里|み登り|ミドリ|三十里|三彩|三桃里|三登利|三登里|三都里|三門里|光巴里|光都里|光鳥|妙登利|実どり|実ど里|実努利|実努理|実土梨|実土理|実土里|実斗里|実東里|実桐里|実渡里|実登梨|実登里|実都利|実都理|実都里|実酉|実鳥|宮土理|宮都理|常緑|弥鳥|彩|未土里|未登里|未酉|杏翠|水彩|水梨|水碧|水鳥|深海|満登里|瑞鳥|碧|碧子|碧理|碧里|緑|緑子|緑理|緑花|緑莉|緑里|美どり|美ど里|美努理|美十梨|美取|美土理|美土里|美彩|美抄|美斗里|美東里|美渡里|美澄利|美登利|美登梨|美登理|美登莉|美登里|美碧|美緑里|美都理|美都里|美音里|美鳥|翆|翠|翠李|翠理|翠璃|翠莉|翠里|葉|見渡里|青葉|魅鳥	given-name-dictionary
まり	まり|ま里|マリ|万倫|万利|万梨|万理|万璃|万綸|万莉|万里|万鯉|円里|実梨|実里|愛莉|抹麗|摩利|摩李|摩梨|摩理|摩莉|摩里|朝里|末利|栞里|桂|桃莉|桃里|毬|満利|満梨|満理|満里|満鈴|牧庭|球|眞利|眞吏|眞梨|眞理|眞莉|眞里|真利|真吏|真李|真栞|真梨|真珠|真理|真璃|真織|真莉|真莱|真里|真鯉|磨利|磨李|磨理|磨莉|磨里|聖|舞輪|舞里|舞鈴|舞鯉|茉利|茉吏|茉李|茉梨|茉理|茉莉|茉里|茉鈴|茉鯉|茉麗|莉|莉理|莉里|萬里|蒔理|蒔里|鞠|鞠梨|鞠莉|麻利|麻吏|麻李|麻栞|麻梨|麻理|麻璃|麻莉|麻里|麻鯉|麿理	given-name-dictionary
りな	りな|リナ|令奈|倫奈|倫那|凛凪|凛和|凛夏|凛奈|凛愛|凛菜|凜凪|凜名|凜奈|凜菜|凜那|利凪|利名|利奈|利菜|利那|厘奈|吏南|吏名|吏奈|吏菜|吏那|季奈|彩奈|律奈|李七|李凪|李南|李夏|李奈|李梨|李苗|李菜|李那|梨七|梨南|梨名|梨夏|梨奈|梨愛|梨捺|梨杏|梨渚|梨菜|梨那|理凪|理名|理奈|理愛|理来|理渚|理菜|理那|琉奈|璃七|璃奈|璃茄|璃菜|璃那|留奈|美那|莉乃|莉南|莉夏|莉奈|莉娜|莉己|莉愛|莉捺|莉渚|莉菜|莉那|莉銘|里凪|里南|里名|里奈|里来|里苗|里茄|里菜|里那|鈴夏|鈴奈|鈴渚|鈴菜|麗乃|麗奈|麗娜|麗菜|麗那	given-name-dictionary
あいみ	あいみ|あい美|アイミ|亜以美|亜伊|亜伊美|亜依実|亜依未|亜依美|亜依見|亜惟美|亜衣実|亜衣未|亜衣美|会実|会未|会美|会見|合実|合美|和以実|和実|和心|和澪|和生|和美|哀実|哀美|娃未|安以美|安依美|安惟美|安意美|安衣実|安衣美|想美|愛依美|愛光|愛史|愛味|愛実|愛己|愛已美|愛巳|愛弓|愛弥|愛彌|愛心|愛扇|愛文|愛望|愛未|愛民|愛水|愛泉|愛海|愛深|愛満|愛珠|愛生|愛瞳|愛結|愛美|愛衣実|愛衣未|愛衣美|愛見|愛規|愛都|愛魅|曖実|會実|會美|有衣実|杏衣実|歩衣美|相乃|相実|相美|空衣実|藍実|藍巳|藍弥|藍未|藍水|藍海|藍深|藍珠|藍美|藍衣実|藍見|阿以美|阿委美|阿美|麻衣実|麻衣美	given-name-dictionary
いくの	いくの|い久乃|以久乃|以久野|以句野|以宮乃|以宮野|以玖乃|以玖野|以矩乃|以矩野|伊久乃|伊久野|伊句乃|伊句野|伊宮乃|伊宮野|伊玖乃|伊玖野|伊矩乃|伊矩野|侑乃|依久乃|依久野|依句乃|依句野|依宮乃|依宮野|依玖乃|依玖野|依矩乃|依矩野|委久乃|委久野|委句乃|委句野|委宮乃|委宮野|委玖乃|委玖野|委矩乃|委矩野|幾乃|幾野|惟久乃|惟久野|惟句乃|惟句野|惟宮乃|惟宮野|惟玖乃|惟玖野|惟矩乃|惟矩野|意久乃|意久野|意句乃|意句野|意宮乃|意宮野|意玖乃|意玖野|意矩乃|意矩野|活乃|生乃|生野|維久乃|維久野|維句乃|維句野|維宮乃|維宮野|維玖乃|維玖野|維矩乃|維矩野|育の|育乃|育野|行野|衣久乃|衣久野|衣句乃|衣句野|衣宮乃|衣宮野|衣玖乃|衣玖野|衣矩乃|衣矩野|衣空乃|郁乃|郁之|郁儂|郁野	given-name-dictionary
しょうごろう	勝五郎|匠五朗|匠五郎|匠伍朗|匠伍郎|匠吾朗|匠吾郎|奨五朗|奨五郎|奨伍朗|奨伍郎|奨吾朗|奨吾郎|将五朗|将五郎|将伍朗|将伍郎|将吾朗|将吾郎|尚五朗|尚五郎|尚伍朗|尚伍郎|尚吾朗|尚吾郎|庄五郎|承五郎|捷五郎|掌渭|掌猩|掌穗|昇五朗|昇五郎|昇伍朗|昇伍郎|昇吾朗|昇吾郎|昌五朗|昌五郎|昌伍朗|昌伍郎|昌吾朗|昌吾郎|昭五朗|昭五郎|昭伍朗|昭伍郎|昭吾朗|昭吾郎|晶五朗|晶五郎|晶伍朗|晶伍郎|晶吾朗|晶吾郎|松五郎|梢五朗|梢五郎|梢伍朗|梢伍郎|梢吾朗|梢吾郎|正五朗|正五郎|正伍朗|正伍郎|正吾朗|正吾郎|省五郎|省吾郎|祥五朗|祥五郎|祥伍朗|祥伍郎|祥吾朗|祥吾郎|祥悟朗|章五郎|翔五朗|翔五郎|翔伍朗|翔伍郎|翔吾朗|翔吾郎|薔五朗|薔五郎|薔伍朗|薔伍郎|薔吾朗|薔吾郎|頌五朗|頌五郎|頌伍朗|頌伍郎|頌吾朗|頌吾郎	given-name-dictionary
よしか	よしか|よし香|ヨシカ|世志佳|佳伽|佳加|佳夏|佳奏|佳果|佳架|佳花|佳華|佳香|優花|可花|可香|吉佳|吉加|吉華|吉香|善香|喜香|嘉歌|嘉花|嘉華|嘉香|圭夏|夜使夏|夜志華|夜詩嘉|好佳|好加|好夏|好花|好華|好郁|好香|嬉加|孔香|孝香|宜加|容加|容志佳|寂|弥加|恵加|悦歌|愛華|慈佳|慶香|栄香|桂香|淑佳|淑加|淑可|淑夏|淑華|淑香|淳可|温可|理華|由佳|由華|祥佳|祥夏|祥歌|祥香|禎花|美佳|美加|美華|美香|義果|義賀|義香|能佳|能華|能香|良佳|良花|良苗|良華|良香|良馨|芳佳|芳果|芳禾|芳花|芳華|芳薫|芳郁|芳香|芳馨|誉花|陽志加	given-name-dictionary
よりこ	よりこ|より子|ヨリ子|与倫子|与利子|与梨子|与理子|与里子|世利子|世吏子|世理子|世莉子|世里子|予理子|予織子|予里子|亮子|代利子|代理子|以子|伏子|余林子|余里子|佳利子|依利子|依吏子|依子|依庫|依理子|依里子|偉子|典子|可子|命子|和子|因子|夜利湖|夜梨子|夜莉子|大子|委子|宜子|容莉子|容里子|寄子|尚子|幹子|従子|扶子|抒利子|準子|溶理子|為子|由子|移子|節利子|米古|米子|糸子|純子|絲子|羊里子|翌凛子|自子|自由子|與利子|良利子|良理子|葉梨子|葉里子|衣子|要吏子|託子|誉理子|誉琳子|賀子|資子|賢子|選子|閑子|陛子|陽梨子|陽理子|陽異子|陽莉子|陽里子|陽鯉子|順子|須子|頼|頼子|頼湖|頼理子|頼生子|頼皇	given-name-dictionary
りりか	りりか|りり花|りり華|リリカ|倫々果|凛々夏|凛々果|凛々海|凛々花|凛々華|凛々香|凛理香|凛里歌|凜々夏|凜々華|李々恋|李々果|李々花|李々華|李梨花|李梨華|李理佳|李理香|李花|李里花|李里香|梨々可|梨々楓|梨々花|梨々華|梨々香|梨利佳|梨李佳|梨李花|梨梨花|梨理香|梨里佳|梨里加|梨里花|梨里華|理々香|理利花|理吏花|理梨佳|琳々佳|琳々夏|琳々果|琳々架|琳々歌|琳々火|琳々珂|琳々花|琳々華|琳々香|璃々加|璃々花|璃々華|璃々香|璃梨佳|璃梨華|璃莉華|璃里花|百合香|花|莉々佳|莉々夏|莉々果|莉々花|莉々華|莉々香|莉李花|莉梨花|莉理果|莉理香|莉莉架|莉里佳|莉里加|莉里花|莉里香|華|里々歌|里々花|里々華|里々香|里利佳|里李香|里梨夏|里梨花|里莉伽|鈴々果|鈴々歌|鈴々香|鈴花|鈴蘭|麗々歌	given-name-dictionary
しんいちろう	伸一朗|伸一郎|伸壱朗|伸壱郎|伸市朗|伸市郎|信一朗|信一良|信一郎|信壱朗|信壱郎|信市朗|信市郎|填一郎|心一朗|心一郎|心壱朗|心壱郎|心市朗|心市郎|愼一朗|愼一郎|愼壱朗|愼壱郎|愼市朗|愼市郎|慎一朗|慎一郎|慎壱朗|慎壱郎|慎市朗|慎市郎|慎逸郎|振一朗|振一郎|新一朗|新一郎|新壱朗|新壱郎|新市朗|新市郎|晋一朗|晋一郎|晋壱朗|晋壱郎|晋市朗|晋市郎|晨一郎|森一郎|槇一郎|槙一郎|津一郎|清一郎|申一郎|眞一朗|眞一郎|眞壱朗|眞壱郎|眞市朗|眞市郎|真一朗|真一郎|真壱朗|真壱郎|真市朗|真市郎|秦一朗|秦一郎|秦壱朗|秦壱郎|秦市朗|秦市郎|稔一郎|紳一朗|紳一郎|紳壱朗|紳壱郎|紳市朗|紳市郎|臣一郎|親一朗|親一郎|親壱朗|親壱郎|親市朗|親市郎|辰一朗|辰一郎|進一朗|進一郎|進壱朗|進壱郎|進市朗|進市郎|鎮一郎	given-name-dictionary
すみれ	すみれ|すみ礼|すみ麗|す美れ|スミレ|奏美麗|守心礼|寿三鈴|寿光麗|寿実礼|寿実麗|寿未礼|寿美怜|寿美玲|寿美礼|寿美鈴|寿美麗|寿鈴|崇美玲|春実玲|春美礼|春花|朱実玲|朱実礼|朱美玲|朱美礼|朱美鈴|朱美麗|泉恋|洲巳麗|涼美麗|清令|清励|清恋|清澪|清礼|清麗|澄令|澄伶|澄励|澄実礼|澄実蓮|澄嶺|澄怜|澄恋|澄流|澄海恋|澄澪|澄玲|澄礼|澄美礼|澄鈴|澄麗|為美礼|珠実礼|珠実麗|珠美礼|珠美鈴|珠美麗|秋美鈴|笑顔|紀麗|純令|純伶|純怜|純恋|純玲|純礼|純美麗|純蓮|純虹|純鈴|純麗|素実礼|素実麗|素美玲|素美礼|素美麗|紫花|菫|菫令|菫励|菫澪|菫玲|菫礼|菫鈴|菫麗|董|薫|雛美礼|須実礼|須実麗|須美玲|須美礼	given-name-dictionary
ありか	ありか|也佳|亜利佳|亜利加|亜利香|亜吏可|亜梨伽|亜梨夏|亜梨果|亜梨花|亜梨華|亜梨雅|亜梨香|亜理佳|亜理華|亜理香|亜莉花|亜莉芳|亜莉香|亜里佳|亜里可|亜里果|亜里香|光華|光香|在処|在加|在可|在夏|在華|存伽|存佳|存加|存可|存嘉|存夏|存果|存歌|存華|存香|安利佳|安利香|安梨佳|安梨花|安梨香|安理佳|安理香|安莉佳|安莉香|安里佳|安里香|往華|惟香|愛梨佳|愛璃香|愛莉歌|愛莉香|愛里加|明莉香|明里夏|明里香|有伽|有佳|有加|有可|有嘉|有夏|有李果|有果|有桂|有梨花|有梨香|有歌|有理歌|有理香|有花|有華|有賀|有里加|有里香|有雅|有香|阿利佳|阿利加|阿利香|阿梨佳|阿梨香|阿理佳|阿理香|阿莉佳|阿莉香|阿里佳|阿里香	given-name-dictionary
さきえ	さき江|サキ江|佐喜恵|佐希枝|佐樹枝|佐紀恵|佐紀枝|佐紀江|佐規江|佐規衣|佐記枝|佐貴恵|佐貴絵|佐貴衣|佐起枝|先恵|咲喜笑|咲妃恵|咲季依|咲季恵|咲季枝|咲希絵|咲恵|咲惠|咲愛|咲慧|咲映|咲枝|咲柄|咲栄|咲樹江|咲江|咲生恵|咲笑|咲絵|咲苗|咲英|咲衣|咲記衣|咲貴恵|咲起衣|咲輝恵|咲重|咲雅|小希江|小紀恵|小貴栄|左喜重|左貴江|幸恵|幸枝|幸江|幸絵|彩季絵|彩希江|彩希衣|早季恵|早己枝|早希恵|早希枝|早恵|早映|早木恵|早生|早笑|早紀恵|早紀枝|早紀栄|早紀江|早絵|早葵恵|沙希恵|沙希絵|沙希重|沙紀恵|沙紀絵|沙貴恵|砂樹恵|祥恵|祥江|紗嬉衣|紗季衣|紗希恵|紗希枝|紗希江|紗希絵|紗樹恵|紗規絵|紗貴恵|紗貴映|紗貴江|紗輝衣|紫映	given-name-dictionary
たかよ	丹佳代|亨代|享世|享代|京世|卓世|卓代|卓加代|和世|啓代|喬世|堂代|多介代|多佳世|多佳代|多加世|多加予|多加代|多可世|多可代|多嘉代|多幹代|多歌代|多賀世|多賀代|多雅代|天代|太佳代|好世|好代|孝世|孝予|孝代|孝依|孝容|孟世|宇世|宇代|宜代|宝予|宝代|宮世|容世|尊世|尊代|尊誉|尚世|尚代|尭葉|岳世|峰代|崇世|崇代|嵩代|嵩嘉代|嵩葉|嶺代|恭世|恭代|教代|教誉|敢代|敬世|敬予|敬代|敬依|昂代|登代|皐世|社代|考代|聖代|能代|誉世|誉代|貫代|貴与|貴世|貴予|貴代|貴生|貴葉|賢代|隆与|隆世|隆予|隆代|香代|高世|高代|高誉|鷹世|鷹代	given-name-dictionary
ちかえ	ちかえ|チカエ|京依|凡絵|千佳恵|千佳惠|千佳映|千佳江|千佳絵|千加恵|千加枝|千加栄|千加永|千加江|千嘉江|千夏恵|千夏江|千家栄|千日愛|千果栄|千歌恵|千花衣|千華恵|千賀枝|千賀栄|千賀江|千香恵|千香枝|千香江|千香衣|史依|史恵|史慧|史枝|史江|史絵|周恵|哉恵|哉江|央依|央恵|央英|央衣|愛乃|愛恵|愛慧|愛枝|愛栄|愛絵|慈恵|慎枝|慶枝|智佳恵|智加恵|智加枝|智加江|智加衣|智郁枝|智郁江|智香恵|智香枝|智香江|盟絵|直郁江|真恵|睦依|睦恵|睦枝|睦栄|知佳恵|知加恵|知加枝|知加江|知可恵|知江|知華恵|知郁枝|知香恵|知香枝|知香江|知香衣|稚佳江|稚加恵|親恵|親枝|親江|親衛|誓得|謹江|近恵|近江|近衛|隆恵	given-name-dictionary
まりあ	まりあ|まり亜|マリア|万梨亜|万梨阿|万珠愛|万理亞|万璃愛|万里亜|万里愛|万里阿|女神|希玲|摩里亜|毬亜|毬亞|毬安|毬愛|毬杏|満理亜|満理愛|満里亜|満里愛|瑪利亞|眞梨亜|真仁愛|真利亜|真利愛|真利阿|真愛|真梨亜|真梨愛|真珠愛|真珠海|真理亜|真理亞|真理愛|真理麻|真璃亜|真莉亜|真莉彩|真莉愛|真里亜|真里亞|真里安|真里愛|真麗愛|真麗雅|磨璃亜|磨璃愛|神姫|紅晶|聖|聖愛|聖母|聖神|聖美|聖輝|舞亜|舞莉亜|舞里愛|茉利亜|茉李愛|茉梨亜|茉理亞|茉理愛|茉璃亜|茉莉亜|茉莉安|茉莉彩|茉莉愛|莉亜|雅里杏|鞠亜|鞠安|鞠愛|鞠晏|鞠杏|鞠阿|魔璃亜|魔離鳴|麻利亜|麻李亜|麻梨亜|麻梨愛|麻珠愛|麻理亜|麻理亞|麻璃亜|麻莉亜|麻里亜|麻里安|麻里愛	given-name-dictionary
あゆこ	あゆこ|あゆ子|アユ子|亜佑子|亜侑子|亜優子|亜友子|亜右子|亜夕子|亜弓子|亜悠子|亜有子|亜柚子|亜由呼|亜由子|亜百子|亜祐子|亜裕子|亞友子|亞由子|似子|和優子|天優子|天由子|安佑子|安侑子|安優子|安友子|安夕子|安宥子|安悠子|安有子|安由子|安祐子|安裕子|安酉子|彩友子|彩夕子|彩悠子|彩生子|愛佑子|愛優子|愛友子|愛夕こ|愛夕子|愛夢子|愛弓子|愛由好|愛由子|愛結子|明優子|明友子|明由子|晏祐子|暁弓子|暖優子|有佑子|有友子|有由子|有裕子|朗祐子|朱憂子|杏侑子|杏由子|東風呼|歩友子|歩子|歩虹|碧子|紋由子|肖子|茜祐子|薫魚子|藍子|阿佑子|阿優子|阿友子|阿夕子|阿悠子|阿有子|阿由子|阿百子|阿祐子|阿裕子|雅由子|香魚子|鮎子|鮎柚子|麻友子|麻夕子|麻由子|麻祐子	given-name-dictionary
きみか	きみか|きみ佳|主香|仁花|仁香|公佳|公加|公可|公夏|公花|公華|公賀|公香|后華|后香|君佳|君加|君嘉|君夏|君果|君歌|君華|君薫|君香|喜実夏|喜己可|喜美馨|妃美香|姫美加|季三加|季実佳|季実果|季実香|季海可|季美佳|季美花|季美香|己実香|希三加|希充香|希実佳|希実華|希実香|希巳佳|希巳加|希弥香|希望華|希望香|希未佳|希未加|希未日|希美佳|希美果|希美香|幾未香|掬美花|木弓華|来巳加|来未香|樹実佳|樹実香|樹美花|樹美香|江香|清美香|皇佳|皇華|皇香|紀実香|紀美佳|紀美香|紀見伽|綺美香|葵美花|葵美香|記美華|貴三佳|貴実加|貴実香|貴巳佳|貴美佳|貴美加|貴美日|貴美華|貴美香|貴魅華|輝光香|輝実香|輝美加|輝美花|輝美香|香美花	given-name-dictionary
さとえ	さと恵|さと江|サトエ|了江|仁恵|佐登江|佐都栄|佐都絵|利恵|利江|利衣|叡江|哲枝|小斗江|左登枝|怜依|怜恵|怜愛|怜絵|悟愛|悟江|惠江|愉江|慧枝|慧栄|慧江|敏恵|敏江|敏衣|早土江|早登枝|早都恵|智恵|智映|智枝|智栄|智永|智江|智絵|智衣|李衣|沙貴恵|理恵|理枝|知恵|知永|知江|知絵|聖之|聖恵|聖愛|聖枝|聖江|聖絵|聖衣|聡恵|聡映|聡枝|聡栄|聡永|聡江|聡絵|聰江|聰英|覚江|諭江|諭絵|識江|賢枝|賢江|郷恵|郷映|郷枝|郷永|郷江|郷絵|都恵|都江|里佳|里依|里恵|里映|里枝|里栄|里江|里瑛|里絵|里英|里衛|里衣|里重|鋭江	given-name-dictionary
かれん	かれん|カレン|一恋|伽怜|伽恋|伽琉|佳廉|佳怜|佳恋|佳煉|佳玲|佳練|佳蓮|佳連|加恋|可廉|可怜|可恋|可憐|可蓮|叶恋|嘉恋|嘩憐|夏廉|夏怜|夏恋|夏憐|夏煉|夏蓮|夏連|夏鈴|奏恋|日恋|曄恋|果廉|果怜|果恋|果愛|果蓮|果連|架恋|架煉|架蓮|楓怜|楓恋|楓連|樺恋|歌恋|歌漣|歌蓮|海怜|海恋|海憐|火憐|火煉|火蓮|絵玲|花れん|花怜|花恋|花愛|花桃|花蓮|花連|花鈴|花鈴音|草恋|菓恋|華れん|華妃|華廉|華怜|華恋|華憐|華玲|華蓮|華連|蘭連|霞恋|風恋|風憐|風蓮|風連|香廉|香怜|香恋|香憐|香暖|香蓮|香連|香錬	given-name-dictionary
まりん	まりん|マリン|七海|万倫|万林|万琳|万綸|万輪|万鈴|万麟|加茂訳|夏帆|実厘|希倫|希海|愛倫|愛梨|愛海|愛琳|愛鈴|摩倫|摩琳|末鈴|桜海|波模様|海|海夢|海姫|海琳|海真珠|海色|海鈴|清海|渚|満倫|満凛|満厘|満涼|瑪琳|眞凛|眞琳|眞鈴|真倫|真凛|真凜|真厘|真林|真梨|真海|真淋|真琳|真綸|真綾|真輪|真鈴|真麟|碧海|磨琳|磨綸|美海|舞凛|舞凜|舞林|舞琳|舞鈴|舞麟|茉倫|茉凛|茉凜|茉林|茉淋|茉理鈴|茉琳|茉綸|茉輪|茉鈴|茉音|茉麟|萬稟|飯島|魔鈴|麗凛|麻倫|麻凛|麻厘|麻林|麻琳|麻綸|麻輪|麻鈴|麻麟	given-name-dictionary
きょうか	亨可|亨香|享佳|享加|享香|京代|京伽|京佳|京加|京化|京可|京和|京夏|京架|京楓|京樺|京歌|京花|京華|京葭|京薫|京郁|京雅|京霞|京香|京鹿|今日佳|今日花|今日風|今日香|侠加|叶伽|叶佳|叶華|叶香|喬伽|夾佳|峡花|希陽香|恭佳|恭加|恭歌|恭花|恭菓|恭華|恭香|慶加|教佳|教唆|教果|教華|杏伽|杏佳|杏化|杏夏|杏果|杏歌|杏羽花|杏羽華|杏花|杏華|杏薫|杏雅|杏香|梗華|梗香|椋香|狂花|紘佳|経夏|葵香|郷歌|郷花|郷香|鏡伽|鏡佳|鏡架|鏡花|鏡華|響加|響夏|響奏|響楓|響歌|響華|響香|香佳|香花|香菓|香華|馨香	given-name-dictionary
まな	まな|万和|万奈|万菜|万魚|優和|優菜|円奈|愛|愛名|愛夏|愛奈|愛桜|愛渚|愛菜|愛那|摩七|摩名|摩奈|摩那|昌奈|末奈|満奈|満愛|満菜|満那|痲愛|益愛|眞|眞凪|眞奈|眞愛|眞菜|眞那|真|真南|真名|真名子|真和|真夏|真奈|真愛|真汀|真生|真菜|真那|真魚|磨和|磨奈|磨波|磨菜|磨那|舞凪|舞南|舞和|舞夏|舞奈|舞波|舞渚|舞菜|舞那|舞魚|茉七|茉凪|茉南|茉和|茉夏|茉奈|茉愛|茉来|茉楠|茉永|茉渚|茉菜|茉那|莉奈|莱愛|蒔那|見|雅菜|魔名|魔奈|麻南|麻名|麻奈|麻成|麻渚|麻耶|麻菜|麻那	given-name-dictionary
みな	みな|み菜|ミナ|三七|三奈|三尚|三菜|光夏|光奈|光那|南|南凪|実奈|実成|実菜|実那|峰奈|己奈|巳奈|弥奈|弥菜|弥那|心奈|心那|望凪|望奈|望菜|未凪|未南|未奈|未成|未来|未納|未菜|未那|果菜|民河|水|水南|水奈|水無|水菜|水雫|海七|海南|海名|海夏|海奈|海渚|海花|海菜|海那|満菜|珠菜|瑞七|皆|瞳奈|緑奈|美七|美凪|美南|美名|美夏|美奈|美娜|美成|美捺|美樹|美波|美直|美苗|美菜|美那|聖|聖名|聖和|聖奈|聖菜|臣奈|茉奈|見名|見奈|観奈|身奈|陽夏|魅奈|魅己|魅茄|魅菜|魅那	given-name-dictionary
あすみ	あすみ|あす実|あす海|あす美|アスミ|亜すみ|亜周未|亜季美|亜寿海|亜寿美|亜日実|亜有|亜朱実|亜朱美|亜沙美|亜清|亜澄|亜澄美|亜珠実|亜珠美|亜紀|亜純|亜須美|吾澄|天澄|安寿実|安寿美|安栖|安澄|安澄美|安純|希望未|彩淑|彩澄|彩純|彩遥|愛寿美|愛恭|愛日美|愛澄|愛純|愛美|愛遥|明寿美|明巳|明日実|明日巳|明日弥|明日望|明日未|明日海|明日珠|明日美|明日翠|明日見|明日視|明未|明澄|明澄美|明珠実|明珠海|明珠美|明純|明美|明見|晏彗美|晶純|有澄|有珠美|有純|杏有|杏澄|杏純|杏純未|歩澄|浅海|碧澄|碧純|空純|綾純|翌海|翌美|藍澄|逢純|阿澄|青澄|青澄海|飛美|麻寿美|麻澄	given-name-dictionary
きょういちろう	享一朗|享一郎|享壱朗|享壱郎|享市朗|享市郎|京一朗|京一郎|京壱朗|京壱郎|京市朗|京市郎|僑一郎|匡一朗|匡一郎|協一郎|叫一朗|叫一郎|叫壱朗|叫壱郎|叫市朗|叫市郎|叶一朗|叶一郎|叶壱朗|叶壱郎|叶市朗|叶市郎|喬一朗|喬一郎|喬壱朗|喬壱郎|喬市朗|喬市郎|強一朗|強一郎|強壱朗|強壱郎|強市朗|強市郎|恭一朗|恭一郎|恭壱朗|恭壱郎|恭市朗|恭市郎|教一朗|教一郎|教壱朗|教壱郎|教市朗|教市郎|暁市郎|杏一朗|杏一郎|杏壱朗|杏壱郎|杏市朗|杏市郎|橋一朗|橋一郎|橋壱朗|橋壱郎|橋市朗|橋市郎|矯一郎|郷一朗|郷一郎|郷壱朗|郷壱郎|郷市朗|郷市郎|鏡一朗|鏡一郎|鏡壱朗|鏡壱郎|鏡市朗|鏡市郎|響一朗|響一郎|響壱朗|響壱郎|響市朗|響市郎|香一朗|香一郎|香壱朗|香壱郎|香市朗|香市郎	given-name-dictionary
きよ	きよ|キヨ|亀代|企代|喜与|喜世|喜予|喜代|喜勇|喜葉|喜誉|圭代|城世|基世|基予|基代|奇代|妃世|妃代|姫代|季与|季世|季代|季余|季夜|己代|希与|希世|希予|希代|希佳|希夜|希好|希容|希葉|幾与|幾代|廉|心|恭代|揮代|暉世|暉代|樹世|樹代|樹誉|浄|淳|清|清与|清世|清代|清葉|清誉|潔|煕代|祈代|稀世|稀生|紀世|紀予|紀代|紀余|紀夜|紀葉|紀誉|綺世|聖|聖代|葵代|規世|規予|規代|規揚|記世|記代|貴与|貴世|貴予|貴代|貴陽|起よ|起世|起代|輝与|輝世|輝夜|黄世|黄夜	given-name-dictionary
ひでお	丈|任男|俶郎|偉夫|偉生|偉郎|偉雄|卓夫|季生|季男|幸勇|征良|斐出夫|日出夫|日出於|日出生|日出男|日出郎|日出雄|旭雄|映夫|暎夫|暎郎|栄夫|栄朗|栄生|栄男|栄郎|栄雄|比出夫|比出生|比出男|比出雄|求生|淑夫|淑郎|淑雄|瑛男|秀世|秀介|秀出央|秀勇|秀士|秀大|秀夫|秀央|秀尾|秀巨|秀於|秀旺|秀朗|秀王|秀生|秀男|秀穂|秀緒|秀進|秀郎|秀雄|穎郎|肥出夫|英世|英了|英勇|英士|英大|英夫|英央|英尾|英彦|英応|英朗|英水|英生|英男|英穂|英緒|英臣|英良|英輔|英郎|英雄|豪夫|豪男|豪郎|豪雄|陽出男|頴夫|頴雄	given-name-dictionary
けんのすけ	乾之介|乾之助|乾之輔|健之丞|健之亮|健之介|健之佑|健之典|健之助|健之甫|健之祐|健之輔|兼之丞|兼之亮|兼之介|兼之佑|兼之助|兼之甫|兼之祐|兼之輔|剣之介|剣之助|堅之丞|堅之亮|堅之介|堅之佑|堅之助|堅之甫|堅之祐|堅之輔|建之丞|建之亮|建之介|建之佑|建之助|建之甫|建之祐|建之輔|憲乃輔|憲之丞|憲之亮|憲之介|憲之佑|憲之助|憲之甫|憲之祐|憲之輔|拳之介|権之助|研之丞|研之亮|研之介|研之佑|研之助|研之甫|研之祐|研之輔|絢之丞|絢之亮|絢之介|絢之佑|絢之助|絢之甫|絢之祐|絢之輔|謙之丞|謙之亮|謙之介|謙之佑|謙之助|謙之甫|謙之祐|謙之輔|賢之丞|賢之亮|賢之介|賢之佑|賢之助|賢之甫|賢之祐|賢之輔|顕之丞|顕之亮|顕之介|顕之佑|顕之助|顕之甫|顕之祐|顕之輔	given-name-dictionary
かのん	かのん|カノン|伽音|佳園|佳夢|佳恩|佳暖|佳遠|佳音|加暖|可暖|可野|可音|叶夢|叶暖|叶望|叶音|和|和暖|和音|喜愛|嘉音|夏暖|夏暢|夏音|奏心|奏音|恋音|日温|果夢|果暖|果音|架音|栞夢|栞愛|栞暖|栞望|栞音|桜音|椛音|楓乃音|楓暖|楓望|楓苑|楓音|榎音|樺音|歌乃暖|歌恩|歌暖|歌音|歓音|海乃音|海愛|海暖|海音|火音|緩音|翔夢|翔奏|翔音|花乃音|花恩|花暖|花望|花温|花穏|花遥|花音|苛音|茄音|華乃音|華夢|華恩|華暖|華遠|華音|華麗|観音|輝音|郁音|閑音|風暖|風音|香暖|香穏|香音|鹿音	given-name-dictionary
たえこ	たえこ|たえ子|タエコ|タエ子|他恵子|克子|台映子|堪子|多依子|多得子|多恵子|多惠子|多愛子|多慧子|多技子|多映子|多枝子|多栄子|多榮子|多永子|多江子|多江湖|多穫子|多笑子|多絵后|多絵子|多繪子|多英子|多衛子|多衣子|多詠子|多重子|大恵子|太恵子|太映子|太枝子|太栄子|太絵子|太英子|太衣子|太重子|妙呼|妙央子|妙子|妙幸|妙庫|妙弘|妙恵子|妙惠子|妙慧子|妙戸|妙永子|妙江子|妙湖|妙瑚|妙絵子|妙英子|妙衣|妙香|恭子|成子|抄子|木妙子|汰依子|汰恵子|汰瑛子|沙子|泰子|泰恵子|泰惠子|泰栄子|泰江子|泰越子|湛子|玉瑛子|珠恵子|田園子|田恵子|田悦子|田枝子|田栄子|田江子|紗子|絶子|耐子|耐江子|能子|達恵子	given-name-dictionary
れいな	れいな|れい奈|レイナ|令以奈|令名|令奈|令納|令菜|令那|伶奈|伶菜|伶那|励奈|嶺奈|嶺那|怜以奈|怜依奈|怜南|怜唯菜|怜夏|怜奈|怜愛乃|怜愛菜|怜明|怜菜|怜衣菜|怜那|恋依奈|札奈|湖奈|澪奈|澪稜菜|澪菜|澪那|玲以奈|玲依奈|玲南|玲名|玲夏|玲奈|玲成|玲月|玲有|玲梨|玲樹|玲生|玲苗|玲菜|玲衣奈|玲衣菜|玲衣那|玲那|礼以奈|礼伊那|礼依奈|礼奈|礼好奈|礼愛菜|礼美|礼菜|礼衣奈|礼那|祈菜|禮奈|莉奈|莉菜|鈴夏|鈴奈|鈴菜|鈴那|鈴鳴|零奈|零菜|零那|麗|麗名|麗唯菜|麗夏|麗奈|麗娜|麗意奈|麗捺|麗水|麗菜|麗衣名|麗衣奈|麗那|黎奈	given-name-dictionary
ひな	ひな|ヒナ|一菜|光七|光花|光那|冷夏|和|妃南|妃名|妃和|妃夏|妃奈|妃奏|妃成|妃梨|妃生|妃茄|妃菜|妃那|姫南|姫名|姫夏|姫奈|姫愛|姫李|姫茄|姫菜|姫華|姫那|姫雛|媛南|媛成|媛菜|小芽|干奈|斐奈|日南|日向|日奈|日女|日梨|日菜|日那|柊奈|柊菜|柊那|桧奈|桧那|比南|比名|比奈|比菜|氷菜|氷魚|火奈|火菜|灯南|灯寿|琲凪|琲永|瞳菜|瞳那|穂|緋南|緋和|緋奈|緋菜|緋那|羽菜|鄙|陽|陽南|陽向|陽夏|陽奈|陽彩|陽来|陽茄|陽菜|陽那|陽鳴|雛|雛和|雛菜|響名|飛奈	given-name-dictionary
いつえ	いつ慧|いつ枝|いつ江|いつ絵|イツエ|イツ恵|一咲|一恵|一栄|乙恵|乙栄|乙絵|五彩|五恵|五慧|五枝|五江|五百枝|五絵|五重|以津恵|以津映|以津枝|以津江|以津絵|以都恵|以都映|以都江|以都絵|伊津恵|伊津映|伊津枝|伊津江|伊津絵|伊都恵|伊都映|伊都江|伊都絵|委津恵|委津映|委津江|委津絵|委都恵|委都映|委都江|委都絵|惟津恵|惟津映|惟津江|惟津絵|惟都恵|惟都映|惟都江|惟都絵|意津恵|意津映|意津江|意津絵|意都恵|意都映|意都江|意都絵|樹江|維津恵|維津映|維津江|維津絵|維都恵|維都映|維都江|維都絵|聿枝|衣津恵|衣津映|衣津江|衣津絵|衣都恵|衣都映|衣都江|衣都絵|逸恵|逸慧|逸枝|逸江|逸笑|逸絵|逸衣	given-name-dictionary
せりか	せりか|せり佳|セリカ|世利加|世李加|世梨花|世梨香|世理佳|世理加|世理夏|世理花|世理香|世莉果|世莉歌|世莉華|世里加|世里華|世里香|勢理香|千梨花|千梨香|千莉花|千里香|折香|星凜花|星吏夏|星梨花|星涼香|星璃佳|星璃花|星璃香|星織花|星莉花|星里歌|星鈴花|晴梨香|汐莉加|浅里香|清里香|瀬凛伽|瀬凛佳|瀬凛加|瀬凛夏|瀬凛果|瀬凛歌|瀬凛花|瀬凛華|瀬凛香|瀬凜伽|瀬凜歌|瀬李香|瀬梨伽|瀬梨歌|瀬梨華|瀬理佳|瀬理海|瀬理花|瀬理香|瀬莉伽|瀬莉歌|瀬里伽|瀬里佳|瀬里加|瀬里夏|瀬里歌|瀬里花|瀬里香|聖梨花|聖里佳|聖鈴香|芹伽|芹佳|芹夏|芹架|芹理伽|芹理加|芹花|芹莉可|芹華|芹香|迫香|静梨華|静里佳|静里歌|静里花|静里風|静里香	given-name-dictionary
せいのすけ	制之丞|制之介|制之佑|制之助|制之祐|勢之丞|勢之介|勢之佑|勢之助|勢之祐|征之丞|征之介|征之佑|征之助|征之祐|成乃亮|成乃佑|成乃助|成之丞|成之介|成之佑|成之助|成之祐|成之輔|政之助|斉之助|星之丞|星之介|星之佑|星之助|星之祐|晟之助|晴ノ介|晴之丞|晴之介|晴之佑|晴之助|晴之祐|正之丞|正之介|正之佑|正之助|正之祐|清之丞|清之亮|清之介|清之佑|清之助|清之祐|清之輔|盛之丞|盛之介|盛之佑|盛之助|盛之祐|省之丞|省之介|省之佑|省之助|省之祐|精之丞|精之介|精之佑|精之助|精之祐|聖之丞|聖之介|聖之佑|聖之助|聖之祐|誠之丞|誠之介|誠之佑|誠之助|誠之祐|誠之輔|靖之丞|靖之介|靖之佑|靖之助|靖之祐|靖之輔|静之丞|静之介|静之佑|静之助|静之祐	given-name-dictionary
てるみ	てるみ|てる三|てる未|てる美|テルミ|光実|光海|光珠|光生|光美|光見|光視|光身|光躬|典留見|天流実|天流美|天流見|天瑠実|天瑠美|天留実|天留美|央美|彰美|彰見|日美|旭美|旭茉|明未|映実|映水|映美|映視|昭三|昭弥|昭美|晃実|晃己|晃巳|晃望|晃未|晃民|晃海|晃生|晃美|晃見|晶未|晶水|晶美|暉躬|曜美|栄実|栄美|照三|照光|照実|照己|照巳|照未|照水|照海|照美|照見|瑛生|瑛美|皓美|耀実|耀美|耀見|英巳|英真|英美|華美|輝三|輝実|輝己|輝巳|輝星|輝未|輝水|輝江|輝海|輝生|輝美|輝見|陽美	given-name-dictionary
みはる	みはる|ミハル|三悠|三春|三晴|三美|光春|光晴|光暖|光遥|光陽|南陽|夢大|妙治|実はる|実八留|実巴瑠|実春|実晴|実榛|実美|実陽|巳春|弥春|張|心暖|心花|心遥|心陽|望晴|望遙|望遥|望陽|未春|未晏|未晴|未知|未羽留|未遥|未陽|水遥|海春|海晴|海陽|深春|深晴|深陽|満春|珠春|珠晴|珠花|珠遥|珠陽|生花|真流|瞠|神治|美はる|美八留|美原|美巴瑠|美悠|美日|美明|美春|美晴|美暖|美榛|美治|美波留|美温|美葉瑠|美葉留|美遥|美陽|美青|美魅|見明|見春|見晴|躬治|都晴|都覇流|驚|魅悠|魅春	given-name-dictionary
あこ	あこ|あ子|アコ|亜公|亜古|亜呼|亜好|亜子|亜己|亜已|亜幸|亜心|亜恋|亜湖|亜瑚|亜紅|亜胡|亜虹|亜誇|亜都|亜香|亜鼓|亞古|亞子|亞己|亞紅|京子|吾子|和琴|天湖|安古|安子|安心|安湖|安香|尭子|彩子|彩心|彩虹|愛|愛好|愛子|愛幸|愛心|愛恋|愛湖|愛瑚|愛紅|愛胡|愛虹|愛香|憧|憧子|憧湖|明幸|晏子|晏心|暁子|暖心|有香|朱皓|朱胡|杏子|杏心|杏恋|杏湖|杏瑚|杏胡|杏鼓|歩心|碧子|碧湖|碧胡|礼紅|葵子|葵湖|逢恋|阿古|阿呼|阿子|阿己|阿湖|阿胡|雅子|麻子	given-name-dictionary
ゆな	ゆな|佑南|佑和|佑奈|佑菜|侑和|侑奈|侑菜|侑那|優凪|優名|優奈|優心|優菜|優那|勇魚|友南|友奈|友梨|友納|友菜|友那|唯和|唯奈|唯月|唯波|唯菜|唯那|夕七|夕凪|夕南|夕夏|夕奈|夕渚|夕菜|夕那|夢夏|夢奈|夢菜|幸菜|弓奈|弓菜|悠七|悠奈|悠菜|悠那|愉那|揺波|有名|有娜|有菜|有那|柚南|柚奈|柚菜|珠愛|由七|由凪|由南|由奈|由捺|由菜|由那|癒奈|癒菜|癒那|祐奈|祐菜|祐那|結|結凪|結南|結和|結奈|結愛|結成|結捺|結渚|結菜|結那|裕奈|裕菜|許女|遊南|遊夏	given-name-dictionary
ことみ	ことみ|こと実|こと美|九十美|京夢|今都美|信実|信美|古豊美|古都実|古都巳|古都美|如水|如海|寿実|寿弥|寿海|寿美|小冬海|小富|小富実|小富美|小登美|小都実|小都美|己統実|己統美|心冬深|心登光|心美|心都美|思海|梧美|殊実|殊美|毎味|毎美|湖斗美|理美|琴|琴三|琴公|琴南|琴味|琴妙|琴実|琴巳|琴弓|琴弥|琴心|琴月|琴望|琴未|琴水|琴泉|琴海|琴深|琴珠|琴美|琴聖|琴規|琴路|琴雪|琴魅|瑚都美|真琴|胡桃実|虹富|言実|言弥|言心|言美|言翠|訪美|詞美|詩美|誠美|采望|采未|采美|香十実|香都実|香都美|鼓都弥|鼓音美	given-name-dictionary
さあや	さあや|三彩|五彩|五月美|佐彩|佐綺|冴彩|冴絢|叉亜夜|叉亜弥|叉亜椰|叉亜耶|咲彩|咲彩野|咲恵|咲愛|咲愛矢|咲文|咲杏綾|咲絢|咲綺|咲綺也|咲綾|咲郁|妙綾|小絢|小綺|小綾|嵯彩|彩彩|彩文|彩絢|彩綺|彩綾|慧彩|拶挨弥|早亜弥|早彩|早愛耶|早絢|早綾|朔彩|桜弥|桜彩|桜紋|桜綾|桜舞|沙亜也|沙亜弥|沙亜矢|沙亜耶|沙亜茄|沙安也|沙彩|沙恵|沙愛弥|沙文|沙斐|沙杏也|沙礼|沙紋|沙絢|沙綾|沙郁|清彩|狭亜弥|瑳亞埜|真彩|砂彩|祥采|紗亜矢|紗亜耶|紗史|紗和弥|紗彩|紗彬|紗愛弥|紗文|紗礼|紗綺|紗綾|紗郁|紗采|細文|颯彩	given-name-dictionary
しょうぞう	修造|勝三|勝蔵|勝造|匠造|升三|奨三|宵三|将三|将蔵|将象|将造|尚三|尚藏|尚造|庄三|庄蔵|庄造|彰三|彰造|承三|捷三|政三|政蔵|昇三|昇左右|昇蔵|昇造|昌三|昌蔵|昌造|昭三|昭蔵|昭造|晶三|暢三|松蔵|松造|梢三|正三|正蔵|正藏|正象|正造|渉三|湘三|照三|照造|璋三|璋左右|璋造|生三|省三|省像|省太|省左右|省蔵|省象|省造|祥三|祥蔵|祥造|章三|章蔵|章象|章造|笑三|紹蔵|翔三|肖三|荘蔵|証三|詔三|詳三|象三|賞三|鈔三|鉦三|鉦蔵|鐘三|鐘蔵|陞三|韶三|韶蔵|頌三	given-name-dictionary
こう	こう|コウ|亘|交|亨|倖|候|光|光有|公|凰|剛|功|効|厚|喬|好|孝|宏|嵩|工|巧|巷|幸|幸風|広|庚|康|弘|恍|恒|攻|昂|昿|晃|晧|杏|杲|江|洪|洸|洽|浩|港|湖羽|滉|煌|甲|皇|皎|皐|皓|硬|穹|紅|紅羽|紘|紘宇|絋|綱|縞|考|耕|耿|胛|興|航|虎宇|虎羽|虹|虹宇|行|衡|講|貢|輝|鉱|鋼|香|香羽|高|鬨|鴻|黄	given-name-dictionary
のあ	のあ|ノア|乃亜|乃天|乃安|乃彩|乃愛|乃暖|乃有|乃杏|乃碧|乃秋|乃綾|乃聖|乃葵|乃蒼|乃逢|乃阿|乃雅|乗亜|和愛|埜亜|埜愛|夢叶|天彩|天祈|希亜|希呼|希彩|希愛|希杏|希歩|希海|希渉|希空|幻音|延亜|延愛|愛彩|暖亜|暖愛|暖歩|暖空|望亜|望天|望彩|望愛|望憧|望有|望杏|望歩|楼天|法愛|海愛|海歩|海空|濃愛|理絢|祈愛|穏安|空|紀亜|紀愛|紀晶|紀有|紀杏|紀歩|紀羽|能亜|能亞|能彩|里優|野亜|野安|野愛|野明|野晏|野杏|野歩|野空|野茜|音彩|音愛|音逢	given-name-dictionary
ふさえ	ふさえ|ふさ恵|フサエ|久江|二佐江|亮恵|冨佐恵|夫佐恵|夫左枝|婦さ恵|婦左枝|孚瑳江|富佐恵|富佐惠|富佐枝|富佐江|富咲江|富才衣|富早江|富沙枝|富瑳江|富砂江|富紗絵|寿江|布佐恵|布佐江|布彩絵|布沙江|布沙衣|成恵|房依|房恵|房惠|房枝|房栄|房永|房江|房絵|房衛|房重|扶佐恵|扶佐愛|扶左江|扶抄江|扶沙恵|扶沙江|文抄恵|栄枝|滋恵|滋重|紘枝|総恵|総枝|総英|総衛|緩枝|聡恵|聡江|芙佐恵|芙佐枝|芙佐江|芙佐衣|芙沙恵|芙沙枝|芙沙江|芙紗慧|芙紗江|芝江|芳恵|芳枝|芳江|芳衣|英恵|英枝|英江|英絵|葉恵|葉映|葉江|薫恵|記江|風冴|風彩絵|風沙絵	given-name-dictionary
ももか	ももか|もも加|もも夏|もも花|もも香|咲|早桜華|望百叶|望萌香|李佳|李桃香|李樺|李華|李香|杏佳|杏果|杏花|杏香|桃々果|桃々花|桃々華|桃々香|桃代|桃伽|桃佳|桃加|桃可|桃嘉|桃夏|桃果|桃栞|桃榎|桃樺|桃歌|桃百花|桃百華|桃百香|桃花|桃茄|桃華|桃薫|桃袈|桃郁|桃風|桃香|百々加|百々果|百々花|百々香|百伽|百佳|百加|百可|百嘉|百夏|百夢叶|百景|百望叶|百架|百桃花|百桃華|百花|百華|百萌花|百霞|百香|茂々華|茂萌香|萌々|萌々佳|萌々夏|萌々果|萌々花|萌々華|萌々香|萌佳|萌桃香|萌百花|萌華|萌萌果|萌萌花|萌萌華|萌萌香|雲々海	given-name-dictionary
まや	まや|マヤ|万也|万亜|万弥|万彩|万椰|万耶|万葉|万陽|彩|愛彩|愛耶|摩也|摩哉|摩弥|摩矢|摩耶|摩邪|正耶|深夜|満弥|満矢|眞也|眞椰|眞矢|眞耶|眞那|真や|真也|真優|真八|真夜|真弥|真彩|真椰|真矢|真知|真綾|真耶|真野|磨也|磨弥|磨矢|磨耶|磨那|舞夜|舞弥|舞彩|舞矢|舞耶|茉也|茉夜|茉弥|茉彩|茉椰|茉矢|茉綾|茉耶|茉里|茉陽|魔也|魔夜|魔弥|麻也|麻優|麻哉|麻夜|麻好|麻屋|麻弥|麻彩|麻文|麻栄|麻椰|麻泰|麻矢|麻礼|麻綾|麻耶|麻谷|麻野|麿弥	given-name-dictionary
いさえ	いさ江|イサエ|以佐恵|以佐枝|以佐江|以佐絵|以小枝|以早恵|以早枝|以早江|以早絵|以早英|以沙恵|以沙枝|以沙江|以沙絵|以沙英|以紗恵|以紗枝|以紗江|以紗絵|以紗英|伊佐恵|伊佐枝|伊佐江|伊佐絵|伊小枝|伊左衣|伊早恵|伊早枝|伊早江|伊早絵|伊早英|伊早衣|伊沙恵|伊沙枝|伊沙江|伊沙絵|伊沙英|伊紗恵|伊紗枝|伊紗江|伊紗絵|伊紗英|功恵|功枝|功江|功絵|勇恵|勲恵|勲慧|勲枝|勲江|勲絵|惟佐恵|意佐江|意早衣|維佐恵|衣佐恵|衣佐枝|衣佐江|衣佐絵|衣小枝|衣左江|衣早恵|衣早枝|衣早江|衣早絵|衣早英|衣沙恵|衣沙枝|衣沙江|衣沙絵|衣沙英|衣紗恵|衣紗枝|衣紗江|衣紗絵|衣紗英|諌恵|諌枝|諌江|諌絵	given-name-dictionary
さやこ	さやこ|さや子|佐也子|佐哉子|佐夜子|佐屋子|佐弥子|佐矢子|佐耶子|佐育子|冴也子|冴子|咲也子|咲哉子|咲弥子|咲耶子|咲野子|咲陽子|唆矢子|室子|小哉子|小夜子|小綾子|小耶子|左也子|左弥子|幸矢子|彩也子|彩保子|彩哉子|彩子|彩家子|彩弥子|彩矢子|彩耶子|彩野子|抄矢子|採矢子|早哉子|早弥子|早彩子|早矢子|早綾子|早耶子|早陽子|明子|晴子|更耶子|朝野子|沙也子|沙哉子|沙夜子|沙弥子|沙彩子|沙矢子|沙綾子|沙耶子|沙都子|沙野子|清子|清綾子|爽子|瑳弥子|瑳耶子|砂也子|砂矢子|礼子|粋子|紗也子|紗和子|紗哉子|紗夜子|紗子|紗康子|紗弥子|紗彩子|紗矢子|紗綾子|紗耶子|紗野子|紗陽子|莢子|采野子	given-name-dictionary
ひさのり	久令|久倫|久儀|久典|久則|久功|久周|久哲|久寛|久展|久律|久徳|久憲|久成|久教|久敬|久智|久法|久礼|久祝|久範|久紀|久義|久規|久訓|久記|久詔|久賀|久鑑|久順|仁徳|仙誠|修士|古記|喜智|喜紀|壽則|壽紀|央典|央慎|央憲|央矩|央紀|寿伯|寿典|寿則|寿学|寿宣|寿徳|寿憲|寿教|寿法|寿準|寿範|寿紀|寿規|尚令|尚伯|尚倫|尚典|尚則|尚孝|尚宣|尚徳|尚憲|尚教|尚敬|尚法|尚範|尚紀|尚規|尚訓|恒則|恒徳|恒紀|教寿|是徳|永典|永周|永徳|永統|永規|永謹	given-name-dictionary
けいのすけ	京之丞|京之介|京之佑|京之助|京之祐|京之輔|佳之丞|佳之介|佳之佑|佳之助|佳之祐|佳之輔|啓之丞|啓之亮|啓之介|啓之佑|啓之助|啓之祐|啓之輔|圭乃右|圭之丞|圭之介|圭之佑|圭之助|圭之祐|圭之輔|契之助|奚之丞|奚之介|奚之佑|奚之助|奚之祐|奚之輔|恵之丞|恵之介|恵之佑|恵之助|恵之祐|恵之輔|慧之丞|慧之介|慧之佑|慧之助|慧之祐|慧之輔|慶之丞|慶之介|慶之佑|慶之助|慶之祐|慶之輔|敬の介|敬之丞|敬之介|敬之佑|敬之典|敬之助|敬之祐|敬之輔|景之丞|景之介|景之佑|景之助|景之祐|景之輔|桂之丞|桂之介|桂之佑|桂之助|桂之祐|桂之輔|渓之介|系之助|経之介|肇之輔|計之助|警之助|馨之丞|馨之介|馨之佑|馨之助|馨之祐|馨之輔	given-name-dictionary
こうしろう	光史郎|光司郎|光四郎|光士郎|光志朗|光志郎|光思郎|光詩郎|公史郎|公司郎|公四郎|公士郎|公志郎|剛司郎|功史郎|効四郎|厚史朗|厚士朗|好四郎|孝四郎|孝志郎|宏之郎|宏史郎|宏四郎|宏士郎|宏志郎|巧史郎|幸史朗|幸史郎|幸司朗|幸司郎|幸四朗|幸四郎|幸士郎|幸志朗|幸志郎|幸至郎|広志郎|庚子郎|康史郎|康司郎|康四郎|康士朗|康士郎|康志朗|康志郎|弘士郎|恒史郎|恒四郎|恒士郎|昂志朗|昂志郎|晃之朗|晃嗣郎|晃士朗|晃志郎|浩之郎|浩史朗|浩史郎|浩四朗|浩四郎|浩士郎|浩志郎|浩資朗|甲四郎|甲子朗|甲子郎|甲志郎|紘士郎|耕史郎|耕四郎|耕志郎|耕至郎|耕資郎|興史郎|鋼四郎|鋼士郎|香四郎|高史郎|高四郎|高志郎|鴻史郎|鴻志郎	given-name-dictionary
とき	とき|トキ|兎姫|冬季|凍姫|凍季|十姫|十希|十稀|十葵|土岐|土稀|塔基|季|富貴|常|年希|徳基|斎|斗己|斗希|斗樹|斗煕|斗貴|斗輝|斗騎|旬|春|時|時代|時喜|時基|時季|時来|時稀|時紀|時貴|時輝|朱鷺|杜喜|杜季|杜来|杜稀|杜紀|東樹|桃喜|桃季|渡季|灯希|灯樹|灯輝|登喜|登城|登基|登岐|登希|登樹|登煕|登生|登紀|登葵|登貴|登輝|瞬|秋|秋姫|統季|統来|統紀|翔希|都喜|都妃|都姫|都季|都月|都樹|都祁|都紀|都葵|都貴|都輝|鴇	given-name-dictionary
あまり	あまり|二三|亜万利|亜万梨|亜万理|亜万莉|亜万里|亜摩利|亜摩梨|亜摩理|亜摩莉|亜摩里|亜毬|亜満利|亜満梨|亜満理|亜満莉|亜満里|亜真利|亜真梨|亜真理|亜真莉|亜真里|亜茉利|亜茉梨|亜茉理|亜茉莉|亜茉里|亜鞠|亜麻利|亜麻梨|亜麻理|亜麻莉|亜麻里|天利|天李|天梨|天理|天里|天鈴|安万里|安真里|安茉里|安麻里|愛万里|愛真理|愛真里|愛茉里|愛麻里|甘梨|甘莉|阿万利|阿万梨|阿万理|阿万莉|阿万里|阿摩利|阿摩梨|阿摩理|阿摩莉|阿満利|阿満梨|阿満理|阿満莉|阿満里|阿真利|阿真梨|阿真理|阿真莉|阿真里|阿茉利|阿茉梨|阿茉理|阿茉莉|阿茉里|阿麻利|阿麻梨|阿麻理|阿麻莉|阿麻里|雨璃|麻真理	given-name-dictionary
さえか	さえか|さえ香|佐恵佳|佐恵香|佐枝華|佐枝香|佐江華|佐江香|佐絵香|冴佳|冴加|冴可|冴嘉|冴夏|冴月|冴果|冴歌|冴火|冴花|冴芳|冴華|冴郁|冴香|咲枝華|咲栄花|咲永香|咲絵香|咲衣花|小恵佳|小恵加|小恵香|小枝香|小絵香|彩佳|彩加|彩可|彩枝香|彩楓|彩笑香|彩花|彩英佳|彩香|早恵香|早愛加|早映佳|早映香|早枝花|早江香|早絵華|映香|朗佳|朗香|桜永香|沙依佳|沙依香|沙恵佳|沙恵嘉|沙恵果|沙恵香|沙惠華|沙枝香|沙栄香|沙江加|沙江香|沙瑛香|沙絵佳|沙絵加|沙絵香|沙英香|牙香|砂江香|紗恵加|紗恵香|紗枝香|紗栄加|紗永香|紗江佳|紗江加|紗絵香|紗英香|紗衣果|紗衣花	given-name-dictionary
わきこ	わき子|倭喜子|倭季子|倭希子|倭木子|倭樹子|倭紀子|倭記子|倭貴子|倭輝子|吾喜子|吾季子|吾希子|吾木子|吾樹子|吾紀子|吾記子|吾貴子|吾輝子|和公子|和喜子|和嘉子|和城子|和季子|和希子|和帰子|和木子|和樹子|和気子|和生子|和稀子|和紀子|和葵子|和規子|和記子|和貴子|和輝子|我喜子|我季子|我希子|我木子|我樹子|我紀子|我記子|我貴子|我輝子|環喜子|環季子|環希子|環木子|環樹子|環紀子|環記子|環貴子|環輝子|羽喜子|羽季子|羽希子|羽木子|羽樹子|羽紀子|羽記子|羽貴子|羽輝子|話喜子|話季子|話希子|話木子|話樹子|話紀子|話記子|話貴子|話輝子|輪喜子|輪季子|輪希子|輪木子|輪樹子|輪紀子|輪記子|輪貴子|輪輝子	given-name-dictionary
かつのり	一哲|一智|且典|且徳|且悟|且憲|且敬|且法|健成|克之|克倫|克典|克則|克功|克哲|克宗|克宜|克宣|克展|克式|克徳|克憲|克成|克教|克昇|克法|克理|克矩|克範|克紀|克至|克規|克訓|克記|克道|凱典|功典|功周|功考|勉昇|勝仁|勝仙|勝代|勝伯|勝典|勝則|勝功|勝哲|勝土|勝孝|勝宗|勝宣|勝徳|勝慎|勝憲|勝教|勝敬|勝文|勝智|勝法|勝範|勝紀|勝統|勝義|勝至|勝規|勝謙|勝識|勝順|和典|和則|和士|和徳|和紀|将徳|桂典|桂巨|活則|賢則|賢昇|雄紀|雄謙	given-name-dictionary
あさよ	あさよ|あさ代|あさ依|アサヨ|亜佐世|亜佐代|亜作世|亜作代|亜左世|亜左代|亜彩世|亜彩代|亜早世|亜早代|亜沙世|亜沙代|亜瑳世|亜瑳代|亜砂世|亜砂代|亜紗世|亜紗代|安佐世|安佐代|安作世|安作代|安左世|安左代|安彩世|安彩代|安早世|安早代|安沙世|安沙代|安瑳世|安瑳代|安砂世|安砂代|安紗世|安紗代|愛小羊|旦世|旦代|旭世|晨世|朝与|朝世|朝予|朝代|朝洋|朝葉|朝陽|浅世|浅代|真沙代|阿佐世|阿佐代|阿作世|阿作代|阿左世|阿左代|阿彩世|阿彩代|阿早世|阿早代|阿沙世|阿沙代|阿瑳世|阿瑳代|阿砂世|阿砂代|阿紗世|阿紗代|麻世|麻予|麻代|麻咲佳|麻誉|麻采代|麻里代|麻陽	given-name-dictionary
かほり	かほり|かほ律|かほ李|かほ梨|かほ莉|かほ里|か本り|カホリ|佳保利|佳保梨|佳保理|佳保莉|佳保里|佳帆理|佳帆織|佳帆里|佳朋里|佳歩理|佳穂利|佳穂吏|佳穂梨|佳穂理|佳穂里|加保梨|加保理|加保里|加帆里|加方里|加穂理|加穂里|可保里|可帆里|可歩梨|可歩理|可甫理|和保里|圭帆織|夏帆理|夏帆里|夏穂梨|夏穂里|歌保梨|歌帆璃|歌織|神歩莉|花帆梨|花帆里|花甫里|花穂里|華保理|華歩里|華穂利|華穂里|華芳里|薫|賀穂里|郁|霞浦里|風薫|香|香保利|香保理|香保里|香帆利|香帆梨|香帆理|香帆里|香歩利|香歩梨|香歩理|香歩里|香穂利|香穂梨|香穂理|香穂莉|香穂里|香織|香芳里|香里|馨|馨保里	given-name-dictionary
さゆき	さゆき|さゆ紀|サユキ|佐幸|佐由妃|佐由紀|佐由貴|佐藤|佐雪|咲佑喜|咲倖|咲優希|咲友希|咲夕希|咲幸|咲幸希|咲柚葵|咲由紀|咲由貴|咲雪|妙幸|小優季|小有岐|小由紀|小百季|小百希|小雪|左幸|左雪|彩友紀|彩幸|彩有希|彩由希|彩路|彩雪|抄幸|抄雪|早優季|早友妃|早友季|早夕希|早有紀|早由|早由紀|早雪|朝由嬉|桜倖|桜優希|桜夕希|桜幸|桜雪|沙幸|沙有希|沙柚樹|沙由季|沙由希|沙由樹|沙由紀|沙紀|沙結樹|沙維|沙雪|瑳雪|皐侑|砂幸|砂由紀|砂由貴|砂雪|紗優季|紗幸|紗恭|紗悠希|紗有季|紗有希|紗由|紗由季|紗由希|紗由起|紗雪|細雪|鎖雪	given-name-dictionary
ときえ	ときえ|とき恵|とき枝|とき江|トキエ|トキ江|世枝|世江|兎喜恵|刻江|勅恵|勅江|十季江|十紀枝|十貴江|友貴絵|壽紀恵|外喜枝|外紀江|季恵|季枝|季樹絵|季江|宗江|富喜栄|富貴恵|富貴江|富起江|常依|常恵|広悦|斎絵|斗規枝|旬江|春恵|時喜枝|時得|時恵|時枝|時栄|時江|時絵|時英|時衛|暁枝|朝恵|朱絵|朱鷺恵|東紀江|淡紅恵|淡紅栄|登伎江|登喜恵|登喜枝|登喜江|登季恵|登希恵|登希枝|登紀恵|登紀枝|登紀栄|登紀江|登規恵|登貴恵|登貴枝|登貴栄|登貴江|登起江|祝重|秋愛|節恵|節江|蒔絵|訓栄|辰枝|迅衣|途己枝|都喜江|都季絵|都紀江|都貴恵	given-name-dictionary
ひさよ	ひさよ|ひさ代|ヒサヨ|久与|久世|久予|久代|久佳|久容|久左洋|久弥|久生|久葉|久誉|久陽|仙葉|千代|古代|喜世|喜代|壽代|央世|央代|央容|契代|妃三代|妃佐世|妃佐代|妃咲代|妃早代|妃紗世|姫佐代|学代|宙世|富予|富代|寛代|寿世|寿代|寿余|寿夜|寿昌|寿昌代|寿誉|尚与|尚世|尚予|尚代|尚葉|弥世|弥代|彼紗代|恒世|恒代|恭代|悠世|悠代|敞代|日佐代|日早代|日沙代|日砂代|昌代|桐代|桐葉|比佐世|比佐代|比左予|比早代|比沙代|比瑳世|永与|永世|永代|永誉|淹代|玖代|緋紗代|長代|陽早良|飛沙世	given-name-dictionary
みやこ	みやこ|みや子|ミヤコ|ミヤ子|三也子|三八九|三八子|三弥子|三矢子|三耶子|京|京子|京都|南椰子|古都|城子|宗|実也子|実京|実弥子|実彌子|実椰子|実矢子|実禰子|実谷子|宮古|宮子|宮胡|己冶子|巳夜湖|巳弥子|弥也子|弥矢子|未也子|未哉子|未夜子|未弥子|未耶子|水夜子|深夜子|深野湖|珠也子|益也子|美也子|美京|美伸子|美八子|美哉子|美夜子|美夜恋|美夜瑚|美弥子|美彌子|美文子|美栄子|美椰子|美矢子|美矢香|美禰子|美綾子|美耶子|美谷子|美那子|美野子|翠弥子|自矢子|見也子|見弥子|躬乎子|邦|都|都古|都子|都屋子|都弥子|都湖|都胡|都野子|都香|雅子|魅夜子	given-name-dictionary
みれい	みれい|みれ以|ミレイ|三令|三玲|三礼|三礼衣|三麗|充玲|充麗|光令|光怜|光玲|光麗|実励|実嶺|実怜|実怜生|実玲|実礼|実礼生|実零|実麗|実齢|峰鈴|巳麗|弥怜|弥玲|弥礼|弥麗|心礼|心鈴|心麗|未|未怜|未来|未玲|未麗|未黎|果玲|水澪|水玲|水麗|海玲|海鈴|深玲|深礼|深麗|瑞麗|生麗|真玲|美伶|美励|美峰|美嶺|美怜|美怜生|美恋|美湖|美澪|美玲|美礼|美礼生|美虹|美連|美鈴|美隷|美零|美領|美麗|美黎|美齢|胤玲衣|苗伶|観礼|観零|誠麗|雅怜|音麗|魅虹|魅麗	given-name-dictionary
ゆいこ	ゆいこ|ゆい子|ユイ子|佑似子|佑依子|佑唯子|佑委子|佑惟子|佑衣子|侑以子|侑依子|侑衣子|優意子|優結子|優衣子|友以子|友依子|友唯子|友惟子|友比子|友衣子|唯子|唯湖|唯瑚|夕衣子|夢以子|幸子|幸衣子|悠以子|悠依子|悠已子|悠惟子|悠衣子|惟子|愉依子|敬緯子|有以子|有伊子|有依子|有唯子|有比子|有為子|有衣子|柚一子|由井子|由以子|由伊子|由似子|由佑子|由依子|由倭子|由壱子|由威子|由子|由惟子|由意子|由比子|由為子|由生子|由維子|由緯子|由衣子|由郁子|百愛子|祐以子|祐依子|祐偉子|祐唯子|祐惟子|祐衣子|結依子|結子|結心|結瑚|結衣子|結衣心|結言子|裕以子|裕依子|裕比子|裕衣子	given-name-dictionary
みく	みく|ミク|三紅|光丘|光来|光玖|光空|光虹|史貢|実久|実來|実句|実孔|実宮|実来|実玖|実矩|実空|実紅|実雲|実駒|幹空|弥久|弥来|弥空|心玖|明空|望来|望玖|未久|未來|未句|未弓|未来|未玖|未矩|未空|未紅|未鳩|末久|水玖|水空|泉玖|海宮|海来|海玖|海空|海紅|深空|深紅|満空|珠久|珠空|生来|眞玖|美久|美來|美句|美孔|美宮|美来|美櫛|美求|美狗|美玖|美矩|美空|美紅|美育|美薫|美虹|美郁|美雲|美駒|美鳩|翠空|翠紅|見空|魅玖|魅紅	given-name-dictionary
めい	めい|メイ|五月|冥|命|命依|命生|夢仁|夢以|夢唯|夢愛|夢衣|女衣|姫月|姫衣|恵愛|恵生|恵衣|愛|愛依|愛唯|愛射|愛李|愛生|愛衣|愛鑄|明|明依|明唯|明意|明泉|明海|明衣|梅依|海衣|皐月|盟|盟明|瞳依|瞳生|瞳良|瞳衣|美|芽|芽以|芽伊|芽位|芽依|芽唯|芽彩|芽惟|芽意|芽愛|芽映|芽未|芽泉|芽瑛|芽生|芽結|芽維|芽緯|芽育|芽衣|芽郁|芽音|苺|茗|萌|萌乃|萌依|萌偉|萌唯|萌惟|萌愛|萌生|萌色|萌莞|萌衣|藍衣|鳴	given-name-dictionary
ゆま	ゆま|佑眞|佑真|佑磨|佑舞|佑茉|佑麻|侑万|侑茉|優万|優摩|優真|優舞|優茉|優誠|優麻|友愛|友真|友舞|友茉|友麻|唯万|唯愛|唯真|唯茉|唯麻|夕摩|夕眞|夕真|夕舞|夢満|夢真|夢舞|弓万|弓眞|弓真|弓茉|弓麻|悠真|悠舞|悠麻|有真|有舞|有麻|柚万|柚愛|柚摩|柚真|柚磨|柚舞|柚茉|柚麻|瑶万|由万|由摩|由真|由舞|由茉|由馬|由麻|癒真|癒麻|祐摩|祐真|祐舞|祐茉|結万|結愛|結真|結舞|結茉|結麻|維真|裕万|裕摩|裕真|誘魔|遊沫|遊真|雪舞	given-name-dictionary
るか	るか|る加|ルカ|光|月海|月花|月風|月香|流伽|流佳|流夏|流架|流楓|流樺|流歌|流海|流禾|流花|流華|流霞|流風|流香|理香|琉伽|琉佳|琉加|琉嘉|琉夏|琉果|琉架|琉楓|琉樺|琉歌|琉海|琉翔|琉花|琉華|琉風|瑠伽|瑠佳|瑠加|瑠可|瑠和|瑠圭|瑠夏|瑠果|瑠架|瑠楓|瑠榎|瑠樺|瑠歌|瑠海|瑠火|瑠花|瑠華|瑠薫|瑠蘭|瑠袈|瑠風|瑠香|留伽|留佳|留加|留可|留圭|留架|留樺|留花|留華|留賀|留香|累伽|累佳|路佳|路加|路可|路花|颯|龍風|龍香	given-name-dictionary
あきは	あきは|亜季葉|亜希巴|亜希葉|亜樹葉|亜輝葉|亮巴|亮葉|光羽|光葉|安希羽|彬巴|彬葉|彰巴|彰葉|愛祈羽|旭巴|旭葉|昌葉|明希映|明波|明葉|映葉|昭巴|昭葉|晃葉|晟巴|晟葉|晨巴|晨羽|晨葉|晶波|晶羽|晶葉|暁羽|暁葉|暉葉|有希葉|朱羽|楓葉|照波|照葉|燦巴|燦葉|爽巴|爽葉|玲巴|玲葉|瑛華|瑛葉|璃葉|白波|瞭葉|秋巴|秋晴|秋桜花|秋波|秋羽|秋葉|空端|空羽|空葉|章巴|章羽|章葉|耀巴|耀葉|聡巴|聡羽|聡葉|萌葉|覚葉|輝羽|陽巴|陽映|陽波|陽羽|陽葉|顕巴|顕葉	given-name-dictionary
すみか	すみか|すみ香|スミカ|住佳|住香|壽美香|好巣|好香|寿佳|寿光嘉|寿実加|寿実歌|寿実花|寿実香|寿美佳|寿美加|寿美歌|寿美花|寿美賀|寿美香|寿美馨|寿香|恭佳|抄美華|朱実花|朱美花|朱美香|栖|涼実佳|涼美佳|淑華|淑香|清加|清方|清歌|清香|澄与|澄佳|澄加|澄嘉|澄夏|澄実香|澄果|澄歌|澄河|澄空|澄美佳|澄美香|澄花|澄華|澄霞|澄香|珠水花|珠美花|秀実香|秀美香|純佳|純加|純可|純嘉|純夏|純妃|純果|純歌|純美加|純花|純芳|純華|純霞|純風|純香|菫花|菫香|鈴美香|須実可|須実花|須未香|須美可|須美花|須美華	given-name-dictionary
せりな	せりな|せり奈|せり菜|セリナ|世利奈|世利菜|世利那|世梨奈|世梨菜|世理奈|世理菜|世璃奈|世莉南|世莉奈|世莉菜|世里奈|世里菜|世里那|世麗生|世麗菜|千莉奈|台苗|妹里奈|成理那|施里奈|早里奈|星凛南|星凛直|星利奈|星李菜|星梨南|星梨奈|星理奈|星里奈|星鈴奈|晴里奈|汐莉奈|汐莉那|汐里奈|清里奈|瀬梨夏|瀬梨奈|瀬梨菜|瀬理凪|瀬理奈|瀬莉奈|瀬里名|瀬里奈|瀬里菜|瀬里那|畝里奈|節梨奈|聖凛名|聖利菜|聖李菜|聖梨奈|聖理奈|聖理菜|聖莉奈|聖里奈|聖里菜|芹凪|芹南|芹奈|芹理菜|芹苗|芹莉凪|芹莉名|芹菜|芹那|芹里奈|西利奈|西里奈|雪莉那|青璃奈|静利奈|静梨菜|静理菜|静里奈|静里菜	given-name-dictionary
ふさこ	ふさこ|ふさ子|フサコ|フサ子|不沙子|二三子|二早子|二沙子|二紗子|亮子|付佐子|冨佐子|冨沙子|冨紗子|冬沙子|吹彩子|夫佐子|夫早子|夫沙子|婦佐子|婦差子|婦紗子|富佐子|富左子|富沙子|富砂子|富紗子|富采子|布佐子|布咲子|布左子|布彩子|布沙子|布砂子|布紗子|府咲子|惣子|房佐子|房子|房左子|扶佐子|扶咲子|扶嵯子|扶左子|扶早子|扶沙子|扶瑳子|扶裟子|文産子|方子|普沙子|普祥子|滋子|甫作子|甫祥子|福佐子|福幸子|福沙子|維子|総子|緩子|總子|纓子|聡子|聰子|芙佐子|芙咲子|芙子|芙左子|芙早子|芙沙子|芙紗子|芳佐子|芳子|英子|薫子|記子|風咲子|風早子|風沙子	given-name-dictionary
みつえ	みつえ|みつ枝|みつ江|ミツエ|三ツ枝|三ツ栄|三恵|三枝|三江|三津恵|三津枝|三津栄|三津江|三津絵|三絵|三衛|允恵|充恵|充枝|充江|光恵|光惠|光愛|光映|光枝|光栄|光榮|光永|光江|光津枝|光照|光絵|光英|光衛|光重|円恵|十栄|実つ江|実代江|実津得|密恵|密枝|広枝|弘恵|弥恵|弥枝|恭恵|恭枝|未杖|未津恵|未都江|泉江|満恵|満枝|満栄|満江|満津恵|満津枝|満絵|満重|滿江|絖枝|美つ江|美代江|美杖|美津得|美津恵|美津枝|美津栄|美津江|美津絵|美都恵|美都枝|美都江|美都絵|舜枝|蜜恵|見土衣|見津枝|都江	given-name-dictionary
けいじろう	京二朗|京二郎|京治郎|京赦|佳二朗|佳二郎|佳次郎|佳治郎|佳赦|勁二郎|啓二朗|啓二郎|啓仁郎|啓次朗|啓次良|啓次郎|啓治朗|啓治郎|啓示朗|啓赦|圭二朗|圭二郎|圭史郎|圭司郎|圭嗣郎|圭次朗|圭次郎|圭治郎|圭赦|奎二郎|奎治郎|奚二朗|奚二郎|奚赦|恵二朗|恵二郎|恵司郎|恵次郎|恵治郎|恵赦|惠次郎|慧二朗|慧二郎|慧志郎|慧赦|慶二朗|慶二郎|慶司朗|慶司郎|慶次朗|慶次郎|慶治郎|慶赦|敬二朗|敬二郎|敬仁郎|敬司郎|敬次朗|敬次郎|敬治朗|敬治郎|敬爾郎|敬赦|景二朗|景二郎|景次郎|景赦|桂二朗|桂二郎|桂次郎|桂治郎|桂赦|次郎|計二郎|計次郎|鏡二郎|馨二朗|馨二郎|馨史郎|馨赦	given-name-dictionary
れい	れい|レイ|令|令依|令衣|伶|伶唯|伶威|伶愛|伶生|伶衣|光|冷|励|岑|峰依|嶺|嶺以|嶺生|嶺衣|幸|廉維|快怜|怜|怜以|怜依|怜威|怜生|怜礼|怜衣|李|澪|澪生|玲|玲一|玲以|玲依|玲威|玲惟|玲愛|玲生|玲維|玲衣|礼|礼依|礼偉|礼衛|礼衣|糺|糾|聆|苓|莉|蓮偉|蓮唯|蓮惟|蓮生|蓮維|蓮衣|鈴|鈴唯|雫|零|霊|麗|麗井|麗以|麗伊|麗偉|麗妃|麗威|麗惟|麗江|麗生|麗衣|黎|黎以|黎生|齢	given-name-dictionary
なみえ	なみえ|なみ恵|なみ枝|なみ江|ナミエ|七美江|並恵|並枝|凡恵|南恵|南枝|南海恵|南海江|南美江|名三江|名文愛|名美枝|名美重|多美恵|奈三恵|奈三枝|奈三江|奈実枝|奈己恵|奈己枝|奈己江|奈己絵|奈巳恵|奈巳江|奈彌江|奈未恵|奈未枝|奈未栄|奈美依|奈美恵|奈美惠|奈美枝|奈美栄|奈美江|奈美瑛|奈美絵|奈美衣|奈美詠|奈見恵|奈見江|成実江|波恵|波枝|波江|波絵|波衛|浪恵|浪惠|浪枝|浪江|浪美枝|海ヱ|納美恵|菜三恵|菜実枝|菜実絵|菜巳恵|菜未恵|菜緑江|菜美恵|菜美慧|菜美枝|菜美江|菜美絵|菜見恵|菜見江|那実恵|那実江|那巳江|那未絵|那美恵|那美江|那美絵|那見映	given-name-dictionary
みつこ	みつこ|みつ子|ミツコ|ミツ子|三ツ子|三子|三月子|三津子|三都子|中子|允子|充子|充津子|光子|光幸|光括|光津子|光湖|光胡|光虹|光香|兌子|円子|友子|完子|実子|実律子|実津子|実都子|実都湖|実鶴子|密子|崇子|己津子|巳津子|弘子|弥子|志津子|慎子|明子|明湖|晃子|晄子|未津子|未都子|水津子|泉子|津子|洸子|海都子|温子|満子|満津子|滿子|照子|瑞子|盈子|益子|盛子|碩子|祥子|称子|美十子|美司子|美律子|美心|美月子|美津子|美都子|美都湖|美鶴子|舜子|苗子|蜜子|見津子|詳子|貢子|貴子|道子	given-name-dictionary
さら	さら|サラ|三蘭|佐羅|佐良|冴来|冴羅|叉羅|咲愛|咲来|咲楽|咲羅|咲良|咲蘭|善良|娑羅|幸来|幸楽|彩愛|彩来|彩桜|彩楽|彩羅|彩良|彩藍|彩蘭|彩麗|愛|新|早楽|早羅|早良|早蘭|更|更愛|更紗|更良|朝良|桜|桜愛|桜来|桜楽|桜空|桜羅|桜蘭|沙ら|沙愛|沙更|沙来|沙楽|沙海|沙羅|沙良|沙藍|沙蘭|沙螺|燦樂|爽楽|爽蘭|瑳良|砂羅|砂良|紗|紗愛|紗更|紗来|紗楽|紗空|紗羅|紗良|紗蘭|紗麗|聖羅|茶羅|裟良|裟藍|賛沙|颯楽	given-name-dictionary
きんじろう	公二郎|勤二郎|勤次郎|勤治郎|均久朗|均久郎|均二朗|均二郎|均司朗|均司郎|均赦|巾久朗|巾久郎|巾二朗|巾二郎|巾司朗|巾司郎|巾赦|斤久朗|斤久郎|斤二朗|斤二郎|斤司朗|斤司郎|斤赦|欣久朗|欣久郎|欣二朗|欣二郎|欣司朗|欣司郎|欣次郎|欣治郎|欣赦|欽久朗|欽久郎|欽二朗|欽二郎|欽司朗|欽司郎|欽次郎|欽赦|琴久朗|琴久郎|琴二朗|琴二郎|琴司朗|琴司郎|琴赦|謹久朗|謹久郎|謹二朗|謹二郎|謹司朗|謹司郎|謹次郎|謹治郎|謹爾郎|謹赦|金久朗|金久郎|金二朗|金二郎|金司朗|金司郎|金四郎|金次郎|金治郎|金赦|錦久朗|錦久郎|錦二朗|錦二郎|錦司朗|錦司郎|錦次郎|錦治郎|錦赦	given-name-dictionary
ふみ	ふみ|ニ味|フミ|不実|不明|不美|二三|二実|二未|二美|典|冊|冨実|冨美|冨見|双美|史|史美|吏|夫美|婦美|孚美|富実|富巳|富未|富美|峰美|布実|布美|扶実|扶巳|扶弥|扶未|扶王|扶美|文|文実|文御|文生|文美|文見|晋美|普美|楓実|楓美|楓見|歩未|歩美|福美|章|笑美|筆|舞美|芙実|芙彌|芙未|芙海|芙深|芙美|記|譜巳|譜美|道|郁|郁実|郁紀|阜実|風光|風実|風未|風水|風海|風深|風生|風箕|風美|風翠	given-name-dictionary
いつこ	いつこ|いつ子|イツ子|一子|一都子|乙子|乙顧|五十子|五子|五律子|五月子|五津子|五都子|井津子|仁子|仁津子|以津子|以都子|伊律子|伊津子|伊通子|伊都子|伊鶴子|伍子|位津子|何日子|依律子|依津子|依通子|依都子|倭津子|倭都子|偉津子|允子|厳子|唯津子|唯鶴子|壱子|委津子|委通子|委都子|威津子|威都子|尉津子|悦子|惟津子|惟都子|意津子|意都子|慈子|斉子|斎子|淑子|渭津子|溢子|為都子|猪津子|生都子|移司子|移津子|稜威子|稜子|糸都子|維津子|維都子|聿子|衣津子|衣通子|衣都子|衣鶴子|逸子|逸湖|逸瑚|逸都子|逸雄|都子|鎰子	given-name-dictionary
ともお	丈夫|与夫|与雄|伴夫|伴生|伴男|伴緒|伴雄|供生|倫夫|倫生|倫男|倫郎|公生|共勇|共生|共男|具勇|具男|協夫|友夫|友朗|友生|友男|友緒|友織|友郎|友雄|外茂夫|外茂男|大生|大雄|奉生|奉雄|寅夫|寛夫|巴音|悌士|承生|智伯|智勇|智夫|智央|智応|智朗|智桜|智生|智男|智穂|智緒|智郎|智雄|朋夫|朋央|朋生|朋男|朋緒|朋雄|朝夫|朝生|朝男|朝雄|登茂男|登茂雄|知士|知夫|知央|知生|知男|知緒|知郎|知雄|紀生|紀雄|都茂夫|鞆生|鞆雄	given-name-dictionary
ひさお	ひさ緒|一三夫|一三男|久勇|久大|久夫|久普|久朗|久沙緒|久生|久男|久穂|久遠|久郎|久雄|公雄|喜夫|喜雄|壽夫|壽朗|壽男|壽郎|壽雄|央往|央生|央雄|学夫|宣夫|寿勇|寿夫|寿尾|寿朗|寿生|寿男|寿緒|寿美|寿郎|寿雄|尚功|尚勇|尚夫|尚央|尚生|尚男|尚緒|尚臣|尚郎|尚雄|廂夫|恒夫|恒郎|悠夫|悠男|斐佐雄|斐瑳雄|日佐夫|栄男|桐緒|比佐夫|比佐男|比佐雄|比左夫|比左男|比差男|永和|永夫|永朗|永生|永雄|玖夫|肥佐生|能雄|藤和|裕夫|誠夫|長生|長雄	given-name-dictionary
みさえ	みさえ|みさ枝|みさ江|み小枝|ミサエ|ミサ江|三佐枝|三佐江|三咲江|三咲絵|三彩恵|三紗絵|充佐恵|光冴|光咲会|光沙恵|光沙枝|実佐惠|実佐栄|実冴|実咲枝|実小枝|実小瑛|実紗衣|実茶江|操恵|操枝|操江|未沙恵|未沙映|未沙江|未沙絵|深冴|節恵|美佐恵|美佐惠|美佐枝|美佐栄|美佐江|美佐絵|美作恵|美作江|美冴|美咲枝|美咲江|美咲絵|美小枝|美小瑛|美左江|美幸枝|美彩|美抄絵|美早恵|美早枝|美早栄|美早江|美沙恵|美沙枝|美沙江|美沙絵|美沙衣|美砂恵|美砂枝|美砂江|美砂絵|美紗恵|美紗愛|美紗慧|美紗枝|美紗江|美紗瑛|美紗絵|美紗英|美紗衣|美苗|美茶江|美里絵	given-name-dictionary
ひろみつ	ヒロミツ|博三|博允|博充|博光|博旬|博水|博温|博満|博益|啓允|啓充|啓光|啓満|大充|大晃|大潤|太允|宏允|宏充|宏光|宏則|宏実|宏慎|宏満|宗広|寛三|寛允|寛充|寛光|寛満|尋満|展充|広允|広充|広光|広満|広瑞|廣光|廣満|弘允|弘充|弘光|弘満|弘通|拡充|拡光|比呂光|泰允|泰充|泰光|泰溢|洋三|洋允|洋充|洋光|洋満|浩三|浩允|浩充|浩光|浩実|浩通|煕光|祐光|祐満|紘允|紘充|紘光|裕三|裕允|裕充|裕光|裕満|裕照|裕瑞|陽光	given-name-dictionary
しんじろう	伸二朗|伸二郎|伸司郎|伸次朗|伸次郎|伸治郎|伸赦|信二朗|信二郎|信司郎|信地郎|信次郎|信治郎|信赦|審次郎|心二朗|心二郎|心赦|愼二朗|愼二郎|愼赦|慎二朗|慎二郎|慎仁郎|慎士郎|慎次朗|慎次郎|慎治朗|慎治郎|慎赦|新二朗|新二郎|新史朗|新司朗|新司郎|新時郎|新次郎|新治郎|新赦|晋二朗|晋二郎|晋似郎|晋次郎|晋治郎|晋赦|申二郎|眞二朗|眞二郎|眞次郎|眞治郎|眞赦|真二朗|真二郎|真児郎|真次郎|真治郎|真滋郎|真知郎|真赦|秦二朗|秦二郎|秦赦|紳二朗|紳二郎|紳赦|親二朗|親二郎|親赦|辰二郎|辰次郎|進二朗|進二郎|進思郎|進次郎|進治郎|進赦|震滋朗	given-name-dictionary
あやさ	あやさ|あや佐|あや咲|あや早|あや沙|あや瑳|あや紗|佳砂|史沙|彩佐|彩作|彩咲|彩早|彩桜|彩楓|彩沙|彩瑳|彩砂|彩紗|彪佐|彪作|彪早|彪沙|彪瑳|彪紗|文佐|文作|文哉|文早|文沙|文瑳|文紗|文里|斐佐|斐作|斐早|斐沙|斐瑳|斐紗|朱佐|朱紗|杏優|礼早|礼紗|紋佐|紋作|紋早|紋瑳|紋紗|絢佐|絢作|絢咲|絢早|絢桜|絢沙|絢瑳|絢紗|綺作|綺早|綺沙|綺瑳|綾佐|綾作|綾咲|綾左|綾早|綾沙|綾瑳|綾紗|郁沙|采佐|采作|采早|采沙|采瑳|采紗	given-name-dictionary
のりか	のりか|乃利佳|乃嘉|乃李花|乃梨佳|乃梨香|乃璃歌|乃里香|仙夏|令佳|伯佳|倫佳|倫加|典佳|典加|典可|典樺|典花|典芳|典華|典香|則佳|則香|孝佳|季花|宣花|宣香|希佳|式加|徳佳|徳加|徳夏|徳花|徳香|慶香|憲香|教加|敬華|方花|昇伽|智香|法佳|法花|法華|法香|然花|理楓|範佳|範香|紀佳|紀加|紀可|紀和|紀夏|紀果|紀花|紀華|紀香|緑夏|能利花|規佳|規加|訓佳|記加|記奏|詞香|誉花|識華|貴香|賀郁|路佳|里佳|里香|野梨華|野理香|風香	given-name-dictionary
みひろ	みひろ|三央|充尋|光宙|光尋|光祐|光裕|実ひろ|実四|実大|実妃呂|実宏|実宙|実尋|実広|実拓|実洋|実浩|実滉|実潤|実紘|巳寛|弥寛|弥弘|心優|心央|心宙|心宥|心拓|心祐|心裕|未尋|未弥|未拓|未比呂|未紘|未裕|水尋|水拓|水裕|海大|海央|海宙|海寛|海尋|海広|海拓|海飛呂|深宙|深弘|珠宙|珠紘|瑞央|瑞祐|真皓|真礼|碧尋|美ひろ|美優|美光|美博|美妃呂|美宏|美宙|美尋|美弘|美弥|美拓|美洋|美浩|美海|美潤|美紘|美裕|翠優|翠紘	given-name-dictionary
きみ	きみ|きミ|キミ|亀実|亀美|伎美|公|公美|几水|吉海|吉美|君|君美|喜実|喜美|嘉美|基実|基美|妃実|妃美|季三|季光|季実|季巳|季未|季美|季見|岐美|峰生|希実|希弥|希望|希未|希海|希瞳|希美|帰美|幾美|木実|木珠|木美|来未|桐美|樹実|樹美|生実|生美|皇|祈深|稀己|紀実|紀弥|紀彌|紀文|紀水|紀美|紀見|紀視|綺美|規未|記実|記未|記美|貴充|貴好|貴実|貴己|貴眸|貴美|起美|輝光|輝実|香水|黄実|黄深	given-name-dictionary
ゆめ	ゆめ|ユメ|佑愛|佑芽|侑愛|侑芽|優夢|優女|優愛|優明|優眸|優瞳|優芽|優萌|優雨|勇愛|友姫|友愛|友眸|友芽|友萌|叶|唯女|唯芽|夕女|夕愛|夕桃|夕瞳|夕芽|夢|夢女|夢愛|夢明|夢生|夢瞳|夢芽|夢萌|夢見|宥芽|希望|弓女|弓眸|悠女|悠芽|愉芽|愛結|有愛|有望|有芽|有萌|未来|柚夢|柚姫|柚愛|柚芽|柚萌|由め|由女|由姫|由愛|由芽|癒夢|癒芽|祐梅|祐芽|紗芽|結夢|結女|結愛|結明|結芽|結萌|美夢|裕芽|雪女	given-name-dictionary
くきこ	クキ子|久キ子|久喜子|久季子|久希子|久木子|久樹子|久紀子|久規子|久記子|久貴子|久起子|久輝子|九喜子|九鬼子|公喜子|公季子|公希子|公木子|公樹子|公紀子|公記子|公貴子|功喜子|功季子|功希子|功木子|功樹子|功紀子|功記子|功貴子|宮喜子|宮季子|宮希子|宮木子|宮樹子|宮紀子|宮記子|宮貴子|恭貴子|玖喜子|玖季子|玖希子|玖木子|玖樹子|玖紀子|玖記子|玖貴子|矩喜子|矩季子|矩希子|矩木子|矩樹子|矩紀子|矩記子|矩貴子|究喜子|空樹子|紅喜子|紅季子|紅希子|紅木子|紅樹子|紅紀子|紅記子|紅貴子|茎子|貢喜子|貢季子|貢希子|貢木子|貢樹子|貢紀子|貢記子|貢貴子	given-name-dictionary
たまえ	たまえ|たま恵|たま江|タマエ|圭恵|圭映|圭栄|圭江|圭絵|多万恵|多万重|多摩恵|多摩絵|多満枝|多満栄|多満江|多真恵|多真江|多磨恵|多磨江|多麻恵|多麻枝|多麻絵|玉会|玉恵|玉惠|玉愛|玉慧|玉映|玉枝|玉栄|玉江|玉瑛|玉絵|玉英|玉衣|玲恵|玲慧|玲江|珠代|珠会|珠恵|珠惠|珠愛|珠慧|珠映|珠枝|珠栄|珠永|珠江|珠瑛|珠笑|珠絵|珠舞枝|珠英|珠衣|球恵|球惠|球江|球絵|球衣|琳江|瑞恵|瑞枝|瑞江|瑞絵|瑠絵|瑶恵|瑶瑛|環枝|環栄|環江|碧江|賜恵|賜枝	given-name-dictionary
のりひさ	乃了寿|令久|伯尚|修久|倫久|倫央|倫尚|儀尚|典久|典壽|典央|典寿|典尚|典永|則久|則寿|則尚|功久|周久|周古|哲久|宗久|宗寿|宜久|宣久|宣尚|容久|展久|帝勲|師久|律久|徳久|徳寿|徳尚|慎久|憲久|憲央|憲寿|憲尚|憲昌|憲永|教久|教尚|教永|敬久|昇久|昇尚|智久|智尚|智永|朝央|法久|法央|知久|矩久|矩寿|礼久|祝久|範久|範尚|範永|紀久|紀之|紀寿|紀尚|統久|義久|規久|視久|訓久|訓寿|訓永|記久|記央|順久	given-name-dictionary
いつか	いつか|いつ佳|いつ華|いつ香|イツカ|イツ花|一佳|一加|一夏|一果|一樺|一海|一翔|一花|一華|一袈|一香|乙嘉|乙夏|乙歌|乙華|乙香|五佳|五夏|五月香|五歌|五花|五華|五香|以津香|以都加|伊津佳|伊津加|伊津香|伊都香|何時か|依津可|依都佳|依都香|出翔|壱香|希|惟都香|愛加|愛果|愛華|愛都花|愛香|慈佳|慈華|慈香|斎加|未来|樹香|泉月花|維束|維都佳|維都加|衣つ華|衣津果|衣津香|衣通香|衣都佳|衣都香|逸伽|逸佳|逸加|逸夏|逸果|逸歌|逸花|逸華|逸風|逸香	given-name-dictionary
のりやす	乗保|了康|仁康|伯恭|伯恵|儀康|典保|典尉|典康|典恭|典泰|典靖|則休|則倫|則安|則康|則恭|則泰|則靖|功又|功泰|哲康|哲靖|啓泰|孝康|宣康|徳保|徳康|徳恭|徳泰|徳裕|徳靖|慎泰|憲保|憲康|憲泰|憲靖|教安|教恭|教恵|教泰|教靖|敬康|敬恭|文尉|智保|法保|法居|知愛|礼康|章泰|範保|範安|範康|範恭|範泰|紀保|紀康|紀泰|紀靖|経保|義泰|規休|規安|規康|規恭|規泰|規靖|訓康|誉育|謙康|識恭|議穏|雄恭	given-name-dictionary
きんのすけ	勤之助|均乃介|均之丞|均之亮|均之介|均之佑|均之助|均之甫|均之祐|均之輔|巾之丞|巾之亮|巾之介|巾之佑|巾之助|巾之甫|巾之祐|巾之輔|斤之丞|斤之亮|斤之介|斤之佑|斤之助|斤之甫|斤之祐|斤之輔|欣之丞|欣之亮|欣之介|欣之佑|欣之助|欣之甫|欣之祐|欣之輔|欽之丞|欽之亮|欽之介|欽之佑|欽之助|欽之甫|欽之祐|欽之輔|琴之丞|琴之亮|琴之介|琴之佑|琴之助|琴之甫|琴之祐|琴之輔|謹之丞|謹之亮|謹之介|謹之佑|謹之助|謹之甫|謹之祐|謹之輔|金之丞|金之亮|金之介|金之佑|金之助|金之甫|金之祐|金之輔|錦之丞|錦之亮|錦之介|錦之佑|錦之助|錦之甫|錦之祐|錦之輔	given-name-dictionary
いさよ	イサヨ|井紗世|井紗代|以佐世|以佐代|以左世|以左代|以早世|以早代|以沙世|以沙代|以砂世|以砂代|以紗世|以紗代|伊代|伊佐世|伊佐代|伊左世|伊左代|伊早世|伊早代|伊沙世|伊沙代|伊砂世|伊砂代|伊紗世|伊紗代|偉佐代|偉沙世|功代|勲与|勲世|勲代|十五夜|委佐世|委佐代|委小夜|委早世|委早代|委沙世|委沙代|委紗世|委紗代|惟小夜|意佐世|意佐代|意左世|意左代|意早世|意早代|意沙世|意沙代|意砂世|意砂代|意紗世|意紗代|為佐世|維佐代|義夜|薫代|衣佐世|衣佐代|衣左世|衣左代|衣早世|衣早代|衣沙世|衣沙代|衣砂世|衣砂代|衣紗世|衣紗代	given-name-dictionary
このみ	このみ|この実|この美|コノミ|之美|九ノ実|九ノ美|仔之深|佳|佳美|古乃実|古乃美|古野美|好|好乃実|好乃美|好実|好未|好果|好海|好珠|好生|好美|好見|好視|好身|好魅|子乃美|子実|小乃実|小乃美|小実|小暖美|己乃実|己之実|己之美|希美|幸暖実|広野海|心乃瞳|心乃美|心実|心海|心美|恋乃実|愛実|木の実|木乃実|木乃美|木之実|木実|木美|木野美|果|果実|果美|楽|樂実|湖乃美|瑚乃美|瑚実|瑚愛|瑚珠|瑚美|胡乃実|胡乃美|菓|虹乃実|虹乃美|香乃実|香乃美|香法美|香美	given-name-dictionary
きょうじ	亨二|亨治|亨爾|享二|享児|享司|享嗣|享次|享治|享爾|京二|京児|京司|京嗣|京志|京次|京治|京至|今日治|共治|匡児|匡史|匡次|匡治|協二|協児|協司|協士|協治|喬二|喬史|喬司|喬嗣|喬次|境二|強二|強司|強次|彊二|恭二|恭児|恭史|恭司|恭嗣|恭士|恭始|恭志|恭慈|恭次|恭治|恭爾|恭而|恭誌|教之|教二|教児|教司|教治|教示|敬二|敬司|暁二|狂二|狂児|経示|興二|郷児|郷史|鏡二|鏡史|鏡次|鏡治|響二	given-name-dictionary
ひさよし	久佳|久保|久允|久剛|久吉|久善|久喜|久嘉|久好|久宜|久宣|久尚|久悦|久愛|久慶|久敬|久昌|久欣|久泰|久洋|久淑|久由|久睦|久祥|久祺|久禎|久純|久美|久義|久良|久芳|久貴|久賀|久資|久賢|壽芳|央祥|央能|寿佳|寿吉|寿善|寿好|寿慶|寿栄|寿美|寿能|寿良|寿芳|尚佳|尚克|尚功|尚可|尚善|尚嘉|尚孝|尚宜|尚慶|尚昌|尚由|尚美|尚義|尚考|尚良|尚芳|恒圭|恭良|敬義|比佐義|永佳|永善|永祥|永芳|淹良	given-name-dictionary
こうしょう	光勝|光抄|光捷|光昌|光松|光照|光祥|光章|光紹|光翔|公勝|公昭|公照|公祥|公章|公象|公韶|功章|厚昭|好尚|孝尚|孝彰|孝昇|孝昌|孝昭|孝正|孝照|宏尚|幸尚|幸昇|幸昌|幸昭|幸正|幸照|幸祥|幸章|広勝|広省|広章|広翔|庚照|康勝|康昌|弘将|弘照|弘祥|弘章|恒昌|恒象|晃彰|晃昭|晃正|晃璋|晃祥|晃章|晃紹|晧象|杲正|浩翔|浩象|皓章|皓象|紘祥|興正|興照|興詳|行彰|香章|高昇|高昭|鴻章|鴻翔|鴻象	given-name-dictionary
せいじろう	制二朗|制二郎|制赦|勢二朗|勢二郎|勢赦|征二朗|征二郎|征次郎|征治郎|征赦|成二朗|成二郎|成赦|政二郎|政次郎|政治郎|整二郎|整次郎|星二朗|星二郎|星赦|晴二朗|晴二郎|晴赦|正二朗|正二郎|正次郎|正治郎|正赦|清二朗|清二郎|清次郎|清治郎|清赦|生次郎|盛二朗|盛二郎|盛次郎|盛赦|省二朗|省二郎|省赦|精二朗|精二郎|精次郎|精赦|聖二朗|聖二郎|聖嗣朗|聖次朗|聖治郎|聖赦|西二郎|誓二朗|誓二郎|誓赦|誠二朗|誠二郎|誠志郎|誠慈郎|誠次朗|誠次郎|誠治郎|誠赦|青二郎|靖二朗|靖二郎|靖赦|静二朗|静二郎|静次郎|静赦	given-name-dictionary
けんいちろう	乾一郎|健一朗|健一郎|健壱朗|健壱郎|健市朗|健市郎|兼一朗|兼一郎|兼壱朗|兼壱郎|兼市朗|兼市郎|剣一郎|堅一朗|堅一郎|堅壱朗|堅壱郎|堅市朗|堅市郎|巻一郎|建一朗|建一郎|建壱朗|建壱郎|建市朗|建市郎|憲一朗|憲一郎|憲壱朗|憲壱郎|憲市朗|憲市郎|懸一朗|懸一郎|拳一郎|検一郎|権一郎|献一郎|研一朗|研一郎|研壱朗|研壱郎|研市朗|研市郎|絢一朗|絢一郎|絢壱朗|絢壱郎|絢市朗|絢市郎|絹一郎|虔一郎|見一郎|謙一朗|謙一郎|謙壱朗|謙壱郎|謙市朗|謙市郎|賢一朗|賢一郎|賢壱朗|賢壱郎|賢市朗|賢市郎|鎌一郎|顕一朗|顕一郎|顕壱朗|顕壱郎|顕市朗|顕市郎	given-name-dictionary
いおり	いおり|いお莉|いお里|一桜里|一生利|一織|五百厘|五百理|五百莉|五百里|五織|井央理|井織|以央里|以織|伊夫理|伊央利|伊央莉|伊央里|伊折|伊桜里|伊生吏|伊穂李|伊緒利|伊緒梨|伊緒理|伊緒里|伊織|位央利|位央里|位織|依央李|依央梨|依帆里|依折|依桜里|依緒莉|依緒里|依織|偉織|唯居|唯緒梨|唯織|夷緒理|夷織|威機|威織|居織|庵|彩織|惟央璃|惟緒利|惟織|意織|潔織|生和|生織|糸折|糸織|維織|緒里|織|色桜里|萎麻璃|衣央利|衣央里|衣折|衣桜里|衣緒里|衣織|衣音里|郁織	given-name-dictionary
かづこ	かづこ|かづ子|カヅ子|一子|伽数子|伽津子|伽通子|伽都子|佳寿子|佳数子|佳月子|佳津好|佳津子|佳通子|佳都子|佳鶴子|加寿子|加数子|加津子|加通子|加都子|加鶴子|千子|可数子|可津子|可通子|可都子|和子|和津子|和都子|和鶴子|嘉津子|嘉鶴子|夏数子|夏津子|夏通子|夏都子|宗子|憲子|果数子|果津子|果通子|果都子|樺津子|歌数子|歌津子|歌通子|歌都子|聡子|花数子|花津子|花通子|花都子|華数子|華月子|華津子|華通子|華都子|袈津子|賀津子|雅津子|霞数子|霞津子|霞通子|霞都子|香寿子|香数子|香月子|香津子|香通子|香都子|香鶴子	given-name-dictionary
きくこ	きくこ|きく子|キク子|亀久子|企|企公子|伎共子|喜久子|喜公子|喜玖子|嘉久子|基久子|基公子|妃久子|妃公子|嬉空子|季久子|季公子|季孔子|季玖子|季紅子|己矩子|希久子|希公子|希功子|希句子|希弘子|希玖子|幹久子|幾久子|掬倖|掬子|木久子|木玖子|来來子|棋久子|樹久子|樹玖子|気玖子|祈求子|紀久子|紀公子|紀宮子|紀来子|紀玖子|菊嬢|菊子|菊香|規々子|規久子|規公子|規求子|規畝子|規矩子|規紅子|記久子|記公子|記玖子|記邦子|貴久子|貴公子|貴玖子|貴矩子|貴紅子|起久子|起公子|起句子|起求子|輝久子|輝空子|鞠子|香久子	given-name-dictionary
ときお	トキオ|世雄|仁雄|兎喜雄|到規男|勅夫|十樹男|外喜夫|外喜男|外喜雄|外岐雄|外生雄|外輝夫|季朗|常夫|常盤雄|常雄|斗紀雄|斗貴夫|時夫|時央|時朗|時生|時男|時緒|時織|時貴男|時郎|時雄|暁雄|期雄|東毅雄|東輝夫|橙黄雄|渙男|登亀男|登亀雄|登喜夫|登喜生|登喜男|登喜雄|登希夫|登希雄|登紀夫|登紀男|登紀雄|登規夫|登規男|登貴夫|登貴男|登貴雄|登起男|登起雄|祝雄|秋夫|秋男|節夫|節郎|節雄|蒔生|解夫|言雄|軍男|辰夫|辰男|都喜男|都喜郎|都希夫|都築生|都輝央|都黄男|陶器夫	given-name-dictionary
とみえ	とみえ|とみ恵|とみ枝|トミエ|トミ江|冨恵|冨栄|冨江|利美枝|利美江|十三枝|十三江|十三絵|十美恵|千枝|外美恵|外美枝|外美江|宝恵|宝重|富三恵|富三江|富得|富恵|富惠|富枝|富栄|富榮|富永|富江|富絵|富美恵|富美枝|富美栄|富美江|富英|富衛|戸美恵|斗未恵|斗美恵|斗美江|斗身江|昇江|智美江|東三恵|東海衛|渡海恵|灯実映|灯美映|登三江|登実栄|登未枝|登美恵|登美映|登美枝|登美栄|登美江|登美絵|登美衣|登見恵|福恵|私恵|美江|聡江|都実恵|都巳恵|都巳枝|都未枝|都美恵|都美枝|都美江|門笑	given-name-dictionary
はるこ	はるこ|はる子|ハルコ|ハル子|久子|令子|元子|初留子|善子|天湖|始子|尚子|巴流子|巴琉子|恵子|敏子|日子|明子|明美子|春児|春呼|春子|春心|春湖|春香|晏湖|晴古|晴子|晴己|晴心|晴湖|晴琉子|晴紅|暖子|暢子|朗子|東子|栄子|榛子|榛湖|治子|波流子|波瑠子|波留子|波類子|流胡|浩子|温子|温心|玄子|知子|立子|美子|美湖|羽留子|良子|芳瑠子|芳留子|芳累子|華子|葉瑠子|葉留子|賀子|遙子|遥子|遼子|鋪子|開子|陽子|青子|青湖|靖子	given-name-dictionary
ゆいな	ゆいな|ゆい菜|ユイナ|佑依奈|佑唯奈|佑衣奈|優奈|優惟那|優生奈|優苗|優苺菜|優衣奈|優衣菜|友依菜|友依那|友衣奈|友衣菜|唯七|唯乃|唯名|唯和|唯夏|唯奈|唯愛|唯捺|唯菜|唯那|夕比奈|夕衣奈|夢以生|悠衣菜|有依菜|有衣奈|有衣菜|柚否|柚奈|柚維菜|由伊奈|由依奈|由南|由唯奈|由奈|由比凪|由維奈|由維菜|由菜|由衣奈|祐衣奈|祐衣菜|結以奈|結依奈|結凪|結名|結和|結夏|結奈|結奏|結意直|結愛|結成|結楠|結生奈|結稲|結菜|結衣凪|結衣奈|結那|維名|維生|維那|裕衣菜|裕衣那	given-name-dictionary
きいちろう	亀一郎|冀一郎|喜一朗|喜一郎|喜壱朗|喜壱郎|喜市朗|喜市郎|基一郎|季一朗|季一郎|季壱朗|季壱郎|季市朗|季市郎|希一朗|希一郎|希壱朗|希壱郎|希市朗|希市郎|帰一郎|幾一朗|幾一郎|揆一郎|攬賚|暉一郎|木一朗|木一郎|木壱朗|木壱郎|木市朗|木市郎|樹一朗|樹一路|樹一郎|樹壱朗|樹壱郎|樹市朗|樹市郎|毅一朗|毅一郎|気一郎|煕一郎|紀一朗|紀一郎|紀壱朗|紀壱郎|紀市朗|紀市郎|綺一郎|葵一郎|規一郎|記一朗|記一郎|記壱朗|記壱郎|記市朗|記市郎|貴一朗|貴一郎|貴壱朗|貴壱郎|貴市朗|貴市郎|起一郎|軌一郎|輝一郎|騎一郎|騏一郎|鬼一郎|麒一郎	given-name-dictionary
そうたろう	創多朗|創多郎|創太朗|創太郎|双太郎|壮多朗|壮多郎|壮太朗|壮太郎|壯太郎|奏多朗|奏多郎|奏太朗|奏太郎|宋太郎|宗多朗|宗大郎|宗太朗|宗太郎|庄多朗|庄多郎|庄太朗|庄太郎|惣多朗|惣多郎|惣太朗|惣太郎|想多朗|想多郎|想太朗|想太郎|操多朗|操多郎|操太朗|操太郎|早太郎|曽太郎|曾太郎|桑太郎|渋刃|渋析|滄太郎|爽太郎|相太郎|綜多朗|綜多郎|綜太朗|綜太郎|総多朗|総多郎|総太朗|総太郎|繰多朗|繰多郎|繰太朗|繰太郎|聡多朗|聡多郎|聡太朗|聡太郎|艸太郎|草多朗|草多郎|草太朗|草太郎|荘太郎|蒼多朗|蒼多郎|蒼太朗|蒼太郎|颯太朗|颯太郎	given-name-dictionary
じゅんいちろう	准一郎|凖一朗|凖一郎|凖壱朗|凖壱郎|凖市朗|凖市郎|恂一郎|惇一朗|惇一郎|惇壱朗|惇壱郎|惇市朗|惇市郎|旬一郎|殉一朗|殉一郎|殉壱朗|殉壱郎|殉市朗|殉市郎|洵一朗|洵一郎|洵壱朗|洵壱郎|洵市朗|洵市郎|淳一朗|淳一郎|淳壱朗|淳壱郎|淳市朗|淳市郎|準一朗|準一郎|準壱朗|準壱郎|準市朗|準市郎|潤一朗|潤一郎|潤壱朗|潤壱郎|潤市朗|潤市郎|純一朗|純一郎|純壱朗|純壱郎|純市朗|純市郎|詢一郎|諄一郎|遵一朗|遵一郎|遵壱朗|遵壱郎|遵市朗|遵市郎|醇一郎|隼一朗|隼一郎|隼壱朗|隼壱郎|隼市朗|隼市郎|順一朗|順一郎|順壱朗|順壱郎|順市朗|順市郎	given-name-dictionary
さほ	さほ|三保|三穂|佐保|佐帆|佐歩|佐穂|冴穂|咲保|咲宝|咲帆|咲星|咲歩|咲穂|咲穗|小穂|左保|左帆|幸宝|幸星|幸歩|幸穂|彩帆|彩歩|彩穂|早保|早帆|早歩|早甫|早秀|早穂|早穗|更峰|朕穂|桜帆|桜歩|桜火|桜秀|桜穂|沙保|沙峰|沙布|沙帆|沙星|沙朋|沙歩|沙穂|爽歩|爽穂|瑳歩|皐帆|砂帆|砂星|砂穂|紗保|紗宝|紗布|紗帆|紗歩|紗甫|紗穂|紗萌|茶帆|菜帆|菜穂|蓑葡|采峰|采朋|里穂|颯帆|颯歩	given-name-dictionary
せな	世凪|世南|世和|世夏|世奈|世女|世波|世菜|世虹|世那|也奈|勢奈|勢生|千夏|声奈|彗那|征那|成菜|成那|星七|星南|星名|星夏|星奈|星奏|星彩|星波|星流|星海|星渚|星菜|星虹|星那|晟奈|晴七|晴凪|晴渚|汐菜|汐那|泉南|泉奈|瀬七|瀬凪|瀬南|瀬名|瀬奈|瀬菜|瀬那|生茄|皐沙|紗奈|紗菜|紗那|聖凪|聖南|聖名|聖央|聖奈|聖奏|聖成|聖菜|聖那|芹奈|芹菜|誓南|誓奏|青菜|静名|静奈|静菜|靜南	given-name-dictionary
ちえり	ちえり|千依里|千媛莉|千恵利|千恵梨|千恵理|千恵莉|千恵里|千愛莉|千愛里|千枝理|千枝莉|千枝里|千栄里|千永梨|千江里|千瑛梨|千瑛莉|千瑛里|千笑理|千絵利|千絵梨|千絵莉|千絵里|千英理|千英里|千衣理|千衣里|千衿|千重里|智会里|智恵利|智恵梨|智恵理|智恵莉|智恵里|智慧里|智映梨|智枝里|智永利|智江李|智江理|智理|智絵梨|智絵理|智絵莉|智絵里|智英理|智衣理|智衿|桜|桜子|桜実|桜桃|知恵理|知恵璃|知恵莉|知恵里|知愛莉|知映里|知枝里|知栄里|知江利|知江里|知笑理|知絵梨|知英理|知衣理|知衿|稚恵利|稚絵里	given-name-dictionary
みよこ	みよ子|み代子|ミヨコ|ミヨ子|三よ子|三世子|三世故|三代子|三四子|三洋子|光与子|光世子|光代子|光余子|光良子|光葉子|光陽子|味余子|妙子|妙與子|実よ子|実与子|実世子|実代子|実余子|実夜子|実容子|実洋子|実良子|実芳子|実陽子|峰代子|己世子|己代子|巳代子|弥世子|弥容子|御代子|文世子|未世子|未代子|未容子|水夜湖|海洋子|美よ子|美与子|美世好|美世子|美予子|美代子|美夜子|美好子|美子|美容子|美庸子|美洋子|美用子|美翌子|美與子|美良子|美芳子|美葉子|美蓉子|美誉子|美陽子|見世子|見代子|見依子|見容子|視世子|身代子	given-name-dictionary
としのぶ	トシノブ|世庸|俊亘|俊伸|俊信|俊修|俊允|俊宣|俊将|俊展|俊布|俊延|俊廷|俊忍|俊悦|俊暢|俊紳|俊進|俊順|利亘|利伸|利信|利修|利允|利宣|利延|利暢|利薫|利長|勇宣|叔伸|土志延|壽信|季伸|季信|宗将|寿亘|寿伸|寿信|寿宣|寿展|寿延|寿惟|寿暢|年伸|年信|年展|年延|敏伸|敏信|敏修|敏宣|敏布|敏延|敏暢|敏進|敏順|智之|智信|智庸|智頌|登志信|稔伸|稔信|稔展|章信|聡伸|聡信|聡宣|肇伸|肇暢	given-name-dictionary
せいたろう	世大郎|世太郎|制多朗|制多郎|制太朗|制太郎|勢多朗|勢多郎|勢太朗|勢太郎|征多朗|征多郎|征太朗|征太郎|性太郎|成多朗|成多郎|成太朗|成太郎|政太郎|星多朗|星多郎|星太朗|星太郎|晴多朗|晴多郎|晴太朗|晴太郎|晶太郎|正多朗|正多郎|正太朗|正太郎|清多朗|清多郎|清太朗|清太郎|済太郎|盛多朗|盛多郎|盛太朗|盛太郎|省多朗|省多郎|省太朗|省太郎|精多朗|精多郎|精太朗|精太郎|聖多朗|聖多郎|聖太朗|聖太郎|誓多朗|誓多郎|誓太朗|誓太郎|誠多朗|誠多郎|誠太朗|誠太郎|青太郎|靖多朗|靖多郎|靖太朗|靖太郎|静多朗|静多郎|静太朗|静太郎	given-name-dictionary
りり	りり|リリ|凛|凛々|凛梨|凛珠|凛璃|凜々|凜莉|凜里|利々|利利|利梨|利理|利里|利麗|吏李|吏梨|吏理|吏璃|吏麗|嶺理|李|李々|李凛|李利|李吏|李梨|李理|李璃|李莉|李里|李鈴|梨々|梨吏|梨李|梨理|梨莉|梨里|浬々|理々|理凛|理莉|璃々|璃梨|璃理|璃莉|璃里|璃鈴|百合|立吏|緑里|美音|良莉|莉々|莉里|蘭羅|里莉|里里|里麗|鈴々|鈴里|鈴鈴|陸々|音|麗々|麗利|麗璃|麗莉|麗麗	given-name-dictionary
かつえ	かつえ|かつ枝|かつ江|カツエ|カツ枝|カツ江|一恵|一衛|且恵|且江|伽津枝|住津江|佳律江|佳津恵|佳津枝|佳津江|佳津絵|佳津衣|佳都得|佳鶴栄|克会|克依|克恵|克悦|克惠|克映|克枝|克栄|克榮|克江|克絵|克衛|克衣|克重|剋枝|功恵|功江|加津惠|加津枝|加津江|加都江|勉恵|勉江|勝兄|勝恵|勝枝|勝栄|勝江|勝絵|勝衛|勝重|和恵|和津枝|和津絵|嘉津恵|嘉津江|夏鶴会|徳枝|捷恵|捷江|桂津江|活枝|活江|積江|豪恵|賀津枝|賀津江|香津恵|香津江|香都恵	given-name-dictionary
かつこ	かつこ|かつ子|カツコ|カツ子|一子|且子|伽津子|伽通子|伽都子|佳嗣子|佳津子|佳聿子|佳通子|佳都子|克児|克子|克津子|凱子|剋子|功子|功己|加津子|加通子|加都子|勝子|可津子|可通子|可都子|和子|嘉津子|嘉葎子|嘉都子|夏津子|夏通子|夏都子|尅子|括子|捷子|旦子|果津子|果通子|果都子|桂子|歌月子|歌津子|歌通子|歌都子|活子|甲子|科津子|積江|花津子|花通子|花都子|華冬子|華津子|華通子|華都子|賀津子|賀都子|賢子|起子|達子|雄子|香つ子|香月子|香津子|香通子|香都子|鹿津子	given-name-dictionary
きくえ	きくえ|きく恵|きく枝|きく江|キクエ|亀久恵|企久恵|公久枝|利苗|君久枝|喜久恵|喜久惠|喜久枝|喜久栄|喜久江|喜久絵|喜久英|喜功恵|妃久恵|季久江|季久絵|季句恵|希久恵|希久枝|希久栄|希久江|希久絵|希駒江|幾久恵|幾久枝|幾久栄|掬恵|揮久枝|旗久江|木玖枝|樹久枝|清久栄|祈久恵|紀久恵|紀久枝|紀久栄|紀久江|紀久絵|紀公恵|聴恵|聴江|菊久枝|菊久栄|菊恵|菊惠|菊枝|菊栄|菊江|菊絵|菊衛|菊衣|菊重|藝久江|規久映|規久枝|記久恵|記久枝|記久江|記公枝|貴久恵|貴久枝|貴久江|起久恵|輝久枝|輝久江	given-name-dictionary
きしこ	きし子|キシ子|企支子|伎志子|吉矢子|喜史子|喜司子|喜士子|喜志子|喜至子|基之子|基師子|基支子|季史子|季司子|季嗣子|季士子|季志子|季詞子|季詩子|岐市子|岐旨子|岸子|己巳子|希侍子|希史子|希司子|希士子|希志子|希旨子|希紫子|希詩子|暉志子|木史子|木司子|木士子|木志子|樹史子|樹司子|樹士子|樹志子|欣資子|気之子|汀子|紀之子|紀史子|紀司子|紀士子|紀志子|紀至子|規之子|規司子|規志子|規至子|記史子|記司子|記士子|記志子|貴史子|貴司子|貴士子|貴姿子|貴志子|貴至子|起仕子|起司子|起志子|起紫子|輝史子|輝志子	given-name-dictionary
そうじ	創二|創仁|創児|創司|創地|創次|創治|創滋|創路|双治|双耳|壮二|壮児|壮史|壮司|壮志|壮次|壮治|壮爾|壮而|壯司|壯次|奏二|奘司|宋治|宗二|宗司|宗嗣|宗子|宗次|宗治|左右司|惣二|惣司|惣次|惣治|想二|想司|想次|想治|想爾|操二|操治|曹司|曽治|桑次|爽児|爽司|窓次|総二|総司|総治|聡二|聡司|聡士|聡次|聡治|草二|草人|草慈|荘二|荘司|荘子|荘次|荘治|荘爾|蒼二|蒼司|藻二|騒児	given-name-dictionary
たけみ	丈三|丈実|丈巳|丈未|丈美|健実|健巳|健生|健美|健臣|健見|健規|健躬|剛実|剛己|剛巳|剛心|剛民|剛生|剛美|剛臣|勇洋|多恵美|多芸美|多華美|威海|孟己|岳三|岳実|岳巳|岳未|岳海|岳澄|岳美|岳見|建仁|建己|建未|建美|武三|武実|武己|武巳|武弥|武海|武美|武見|武視|武観|武身|毅己|毅生|毅美|猛三|猛実|猛己|猛巳|猛美|獅美|竹実|竹己|竹巳|竹美|竹視|赳実|赳美|雄三|雄実|雄美|雄観	given-name-dictionary
はるひ	はるひ|はる緋|ハルヒ|一日|巴流陽|悠妃|悠緋|悠陽|明陽|春妃|春姫|春日|春比|春緋|春陽|春飛|晴仁|晴妃|晴姫|晴斐|晴日|晴燈|晴瑠陽|晴緋|晴陽|晴飛|暖姫|暖媛|暖陽|榛妃|榛灯|波流陽|波留日|波留陽|温姫|温日|温灯|美妃|羽流斐|花陽|華光|華妃|華灯|華緋|華飛|葉瑠比|虹羽|遙日|遙比|遙陽|遥妃|遥斐|遥日|遥灯|遥緋|遥陽|遥飛|遼日|遼陽|遼飛|陽|陽妃|陽姫|陽媛|陽日|陽琉妃|陽緋|陽飛|青日|青比	given-name-dictionary
しんたろう	伸多朗|伸多郎|伸太朗|伸太郎|信多朗|信多郎|信大郎|信太朗|信太郎|心多朗|心多郎|心太朗|心太郎|愼多朗|愼多郎|愼太朗|愼太郎|慎多朗|慎多郎|慎大郎|慎太朗|慎太良|慎太郎|振太郎|撩太郎|新多朗|新多郎|新太朗|新太郎|晋多朗|晋多郎|晋太朗|晋太郎|晨太郎|森大郎|森太郎|槙太郎|申太郎|眞多朗|眞多郎|眞太朗|眞太郎|真多朗|真多郎|真大朗|真大郎|真太朗|真太郎|秦多朗|秦多郎|秦太朗|秦太郎|紳多朗|紳多郎|紳太朗|紳太郎|紳汰朗|臣太郎|親多朗|親多郎|親太朗|親太郎|辰太郎|進多朗|進多郎|進太朗|進太郎|鎮太郎|震太郎|駸太郎	given-name-dictionary
さな	さな|三愛|佐凪|佐南|佐名|佐奈|佐菜|佐那|冴凪|叉那|咲七|咲南|咲夏|咲奈|咲愛|咲菜|咲那|咲音|娑雫|小奈|彩南|彩名|彩夏|彩奈|彩菜|早南|早奈|早菜|早那|更奈|桜菜|楓南|沙南|沙奈|沙菜|沙那|沙雫|渚南|渚那|爽凪|爽南|狭那|瑳南|瑳那|皐菜|真|砂凪|砂南|砂名|砂那|紗|紗七|紗凪|紗南|紗名|紗夏|紗奈|紗愛|紗渚|紗菜|紗那|莎奈|裟奈|裟那|采名|采愛|里奈|颯南|颯夏	given-name-dictionary
あゆな	あゆな|あゆ菜|亜佑奈|亜佑菜|亜優奈|亜優菜|亜友奈|亜夕南|亜夕那|亜由奈|亜由菜|亜由那|亜祐奈|亜祐那|安佑奈|安優奈|安友奈|安友菜|安由菜|彩夕奈|彩夢奈|彩由奈|愛佑菜|愛優奈|愛優菜|愛友菜|愛夕奈|愛夢奈|愛有奈|愛由奈|愛由菜|愛祐奈|愛結名|愛結奈|愛結菜|明侑菜|明優奈|明夕奈|明悠凪|明柚菜|明由菜|晏結|晏結菜|有佑菜|有優奈|有由奈|朱侑梨|杏優奈|杏優菜|杏夕菜|杏憂菜|杏由菜|歩凪|歩南|歩和|歩夏|歩奈|歩渚|歩由奈|歩結奈|歩菜|歩那|渉夏|空友菜|絢英|鮎奈|鮎菜|鮎那|麻由奈	given-name-dictionary
さかえ	さかえ|さか恵|さか枝|さか栄|さか江|サカエ|三佳江|佐佳恵|佐佳枝|佐佳英|佐加恵|佐加枝|佐加江|佐加英|佐花恵|佐華枝|佐香恵|佐香枝|光|冴香絵|咲佳依|咲加枝|咲果枝|咲栄|坂江|壮|宰恵|富|小香江|左華恵|左香衣|彩加枝|彬|復|早加恵|早加栄|早歌恵|早香恵|早香枝|早香江|早香絵|旺|昌|栄|栄え|栄偉|栄得|栄恵|栄枝|栄江|栄絵|栄衛|栄衣|榮|榮映|榮絵|沙茄恵|潤|盛|祥恵|祥枝|秀|紗加栄|緑子|英恵|草香恵|華|華枝|蓊	given-name-dictionary
のぶよ	のぶ代|乃夫代|乃扶代|亘世|亘代|亙代|伸与|伸世|伸予|伸代|伸佳|伸葉|信与|信世|信代|信依|信節|信蓉|修世|修代|倫代|円代|叙葉|啓代|喜世|喜代|宜世|宜代|宣世|宣予|宣代|展与|展世|展代|展余|展葉|布世|庸世|庸代|延予|延代|惣代|敦代|昇代|暢世|暢代|暢余|暢葉|洵世|照代|申代|登世|登代|直代|経代|羨代|聿代|能世|能代|葉代|薫世|薫代|誠代|進代|陳代|靖代|順予|順代|養代	given-name-dictionary
みづき	みづき|みづ妃|みづ季|みづ稀|みづ紀|ミヅキ|三月|三津紀|充希|光月|光槻|光貴|光輝|実づき|実図紀|実寿紀|実月姫|実槻|実都紀|弥月|御月|心月|望月|未月|未月希|未月紀|未来|水月|水紀|水葵|海月|海槻|海稀|海空姫|深月|満月|満葵|澪月|珠月|瑞姫|瑞季|瑞希|瑞月|瑞樹|瑞稀|瑞紀|瑞貴|眉月|神月|美喜|美図紀|美寿紀|美月|美月姫|美槻|美津姫|美津希|美津樹|美津稀|美津紀|美都喜|美都樹|美都紀|聖月|聖都|観月|都月|雅月|魅月	given-name-dictionary
きょうすけ	亨丞|亨亮|亨介|亨助|亨祐|亨輔|享亮|享介|享佐|享佑|享助|享祐|享輔|京亮|京介|京佑|京助|京右|京祐|京輔|亮介|兄助|共介|共佑|共祐|匡亮|匡介|匡祐|匡輔|協介|協助|喬亮|喬介|喬佑|境介|峡介|強輔|恭丞|恭之|恭亮|恭介|恭佐|恭佑|恭侑|恭典|恭功|恭助|恭右|恭涼|恭祐|恭育|恭補|恭資|恭輔|慶輔|教介|教助|暁祐|杏亮|杏介|杏輔|狂介|郷介|郷佑|郷右|鏡介|響介|響輔|香介	given-name-dictionary
しょういち	像一|勝一|勝市|匠一|匠壱|升一|唱一|商一|奨一|宵一|将一|將一|小市|少一|尚一|尚市|庄一|庄市|彰一|承一|捷一|敞一|昇一|昇市|昇意智|昌一|昌市|昭一|昭市|晶一|松一|樟一|樵一|正一|正壱|正市|正弌|渉一|照一|璋一|生一|省一|礁一|祥一|祥以知|祥市|章一|章市|笙一|精一|紹一|翔一|聖一|肖一|荘一|証一|詔一|詳一|證一|象一|賞一|鉦一|錩一|鍾一|鏘一|鐘一|陞一|韶一|頌一	given-name-dictionary
まこ	まこ|マコ|マ子|万古|万心|万香|孟固|守杏|愛子|愛心|慎子|摩子|摩湖|摩香|昌子|正子|痲湖|眞子|眞心|眞湖|真|真古|真呼|真女|真如|真子|真己|真幸|真心|真恋|真湖|真潮|真珠|真琴|真瑚|真紅|真虹|真赤|真香|真鼓|磨子|磨香|純子|舞子|舞恋|舞琴|舞鼓|茉古|茉子|茉幸|茉虹|誠|誠心|雅子|魔乎|魔子|麻冴|麻后|麻呼|麻子|麻幸|麻心|麻恋|麻湖|麻瑚|麻虹|麻香|麻鼓	given-name-dictionary
あやほ	亜也歩|亜弥保|亜弥帆|亜弥甫|亜弥穂|亜矢保|亜矢帆|亜矢甫|亜矢穂|安弥保|安弥帆|安弥甫|安弥穂|安矢保|安矢帆|安矢甫|安矢穂|彩保|彩帆|彩星|彩歩|彩甫|彩穂|彪保|彪帆|彪甫|彪穂|文保|文帆|文歩|文甫|文穂|斐保|斐帆|斐甫|斐穂|礼保|礼帆|礼歩|礼甫|礼穂|紋保|紋帆|紋甫|紋穂|純帆|絢保|絢帆|絢甫|絢穂|綺歩|綺鳳|綾保|綾帆|綾甫|綾穂|采保|采帆|采甫|采畝|阿弥保|阿弥帆|阿弥甫|阿弥穂|阿矢保|阿矢帆|阿矢甫|阿矢穂	given-name-dictionary
かおこ	伽夫子|伽央子|伽男子|伽緒子|伽雄子|佳保子|佳夫子|佳央子|佳尾子|佳桜子|佳生子|佳男子|佳穂子|佳緒子|佳雄子|加保子|加夫子|加央子|加男子|加穂子|加緒子|加雄子|可夫子|可央子|可男子|可緒子|可雄子|嘉緒子|夏夫子|夏央子|夏男子|夏緒子|夏雄子|果夫子|果央子|果男子|果緒子|果雄子|歌夫子|歌央子|歌男子|歌緒子|歌雄子|花夫子|花央子|花男子|花穂子|花緒子|花雄子|華夫子|華央子|華生子|華男子|華緒子|華雄子|薫子|賀保子|郁保子|霞桜子|顔子|香夫子|香央子|香子|香於子|香桜子|香男子|香緒子|香雄子	given-name-dictionary
このか	このか|この佳|光乃花|光乃香|光暖香|光音歌|好乃夏|好乃香|好伽|好夏|好歌|好花|好華|好香|子ノ香|子夏|小乃佳|小野華|幸乃歌|幸望可|幸望叶|幸望果|幸望香|心乃奏|心乃歌|心乃花|心乃香|心暖香|心楓|心樺|心花|心華|心音香|心香|恋乃花|恋乃華|恋伽|木ノ香|木乃花|木乃香|木香|来暖花|来望叶|樹夏|樹日|樹花|樹香|湖乃果|湖乃香|湖香|琴乃香|瑚乃華|瑚乃香|瑚香|紅乃香|紅野花|胡乃花|胡乃香|虹乃香|虹暖花|虹音香|超乃佳|香乃果|香乃花|香花|香風|鼓乃歌|鼓乃香	given-name-dictionary
さより	さより|サヨリ|五代里|佐世利|佐世里|佐代利|佐代里|佐依|佐良里|佐誉理|咲代里|咲依|咲和|小与里|小世利|小世里|小代利|小代里|小依|小夜利|小夜里|小愛|小由|小順|彩世利|彩和|彩由|抄世里|早与里|早代里|早依|早和|早由|早良理|明代利|桜依|沙よ理|沙与里|沙世吏|沙世理|沙世里|沙予里|沙代利|沙代李|沙代梨|沙代里|沙依|沙依里|沙和|沙由|沙糸|沙誉理|沙頼|皐依|砂与里|砂選|祥代|紗世梨|紗代|紗代梨|紗代里|紗余里|紗依|紗利|紗由|茶縁|里依|颯依	given-name-dictionary
とうこ	とうこ|とう子|与扶子|任子|冬子|冬枯|冬湖|刀子|刀鼓|到子|十子|卓子|唐子|唐雲子|堂子|塔子|当子|愉子|憧子|斗宇子|杜宇子|東子|東海子|東湖|柊子|桃子|桃宇子|桃紅|桃胡|桃詩子|桃香|桐子|梼子|棟子|橙子|沓子|淘子|湯子|澄子|灯子|灯愛子|燈子|當子|登古|登子|登愛子|瞳子|稲子|童子|等子|答子|籐子|納子|統子|萄子|董子|薫子|藤子|謄子|貴子|踏子|透子|透湖|透香|遥子|鐙子|闘子|陶子	given-name-dictionary
はなえ	はな江|はな絵|ハナエ|八那重|巴奈恵|彩恵|桜絵|波奈江|瑛恵|瑛順|皇恵|皇絵|花会|花依|花恵|花愛|花慧|花映|花枝|花栄|花江|花瑛|花笑|花絵|花英|花衣|花詠|花重|芳恵|芳枝|芳納英|英会|英依|英恵|英惠|英愛|英慧|英映|英景|英枝|英栄|英江|英絵|英苗|英衣|英詠|華会|華奈絵|華恵|華惠|華愛|華慧|華映|華枝|華栄|華永|華江|華瑛|華笑|華絵|華英|華衣|華重|葉奈恵|葉奈江|葉奈絵|葉苗|葉菜江	given-name-dictionary
みちる	みちる|ミチル|三千留|倫来|倫琉|倫瑠|倫留|充|充瑠|充鶴|光瑠|十|宝流|実千流|実千瑠|実千留|実散|実智瑠|実知留|巳千流|巳千瑠|巳千留|径琉|径留|教瑠|未千流|未千瑠|未千留|未散|未智琉|未知|未知瑠|未知留|海千流|海千瑠|海千留|海散|渓瑠|満|満ちる|満千瑠|満瑠|満知留|溢|理瑠|美充|美千流|美千琉|美千瑠|美千留|美散|美智瑠|美智留|美知瑠|美知留|花瑠|芳実|芳瑠|観薙瑠|路流|路琉|路瑠|路留|路路|道流|道留|陸琉|麗	given-name-dictionary
みつお	三ツ夫|三丘|三勇|三夫|三朗|三津夫|三津男|三津雄|三王|三生|三男|三男雄|三百|三良|三郎|三都男|三雄|允夫|充夫|充生|充男|充雄|光丘|光勇|光和|光夫|光央|光於|光朗|光生|光男|光郎|光雄|光魚|味津男|実夫|実生|密夫|密生|密男|密雄|巳津男|弥男|弥雄|明生|晃男|温雄|満夫|満朗|満生|満男|満緒|満郎|満雄|潤生|瑞夫|盈雄|盛雄|碩夫|碩男|美津夫|美津生|美津男|美津緒|美津雄|美都生|美都男|美都雄	given-name-dictionary
もとこ	もとこ|もと子|モトコ|モト子|一子|倫子|元子|元湖|元素子|原子|基唐子|基子|始子|孟子|宗子|寛子|幹子|幹湖|心子|志子|意子|慕子|才子|扶子|智子|最都子|有子|望杜子|望東子|望灯子|望登子|望都子|本子|東子|林子|桃都子|楽子|樹子|母都子|求子|泉子|源子|然女|玄子|玩子|百人子|百年子|眞子|礎子|祈子|紀子|素古|素子|統子|緒子|芳子|茂斗子|茂登子|萌冬子|萌騰子|許子|誉子|誠子|説子|資子|賢子|輪子|雅子	given-name-dictionary
しょうすけ	勝亮|匠助|奨介|将亮|将介|將介|少輔|尚介|庄亮|庄介|庄佑|庄典|庄助|庄祐|庄輔|庠助|彰亮|彰介|彰典|彰祐|彰輔|昇介|昇甫|昇輔|昌介|昌佑|昌助|昌祐|昌資|昭介|昭典|昭輔|晶亮|正介|正佐|正典|正助|正右|正左|正祐|正輔|渉介|照介|照助|璋介|省介|省祐|省輔|祥介|祥佑|祥助|祥輔|章丞|章介|章佑|章助|章祐|章輔|笙介|翔亮|翔介|翔祐|翔輔|荘祐|詳介|詳助|賞介|鏘介	given-name-dictionary
さり	さり|サリ|佐吏|佐梨|佐理|佐里|冴理|冴里|叉梨|咲凛|咲利|咲梨|咲理|咲莉|咲里|咲鈴|山梨|嵯梨|左莉|左里|差里|幸利|幸里|彩利|彩吏|彩理|彩琳|彩莉|彩里|才里|早利|早李|早梨|早理|早莉|早里|沙利|沙吏|沙怜|沙李|沙杏|沙梨|沙理|沙璃|沙莉|沙里|燦璃|爽莉|皐凛|砂吏|砂理|砂里|糸里|紗吏|紗李|紗梨|紗理|紗璃|紗莉|紗里|聡梨|菜里|西里|采莉|青嶺|颯璃|颯莉	given-name-dictionary
あやね	あやね|あや根|あや音|亜弥音|亜矢子|佳音|史音|子子|彩|彩子|彩寧|彩峰|彩嶺|彩希|彩弥子|彩心|彩根|彩矢音|彩祢|彩禰|彩羽|彩音|彪根|彪音|彰音|恵音|愛也音|愛寧|愛弥音|愛音|技音|文子|文峰|文希|文根|文音|文香|斐根|斐音|朱音|理音|礼根|礼音|紋寧|紋弥|紋根|紋稲|紋音|純愛|純茜|純音|絢子|絢嶺|絢根|絢羽|絢音|綺栞|綺音|綾寧|綾根|綾音|菖音|郁音|采寧|采根|采音|阿野音	given-name-dictionary
うみえ	于美恵|兎実恵|兎実枝|兎実江|兎己恵|兎未絵|兎水江|兎美恵|兎美枝|兎美江|兎美絵|卯実恵|卯実枝|卯実江|卯実絵|卯水枝|卯水江|卯美恵|卯美枝|卯美江|卯美絵|卯見枝|卯見絵|宇実恵|宇実枝|宇実絵|宇水恵|宇水枝|宇水江|宇水絵|宇美恵|宇美枝|宇美江|宇美絵|宇見枝|有実恵|有実枝|有実江|有水絵|有美枝|有美江|海恵|海愛|海枝|海江|海絵|烏三絵|烏実枝|烏未恵|烏水恵|烏水枝|烏水江|烏水絵|烏美恵|烏美枝|烏美江|烏美絵|烏見枝|羽実江|羽水恵|羽水枝|羽水江|羽美恵|羽美枝|羽美江|羽美絵|羽見絵	given-name-dictionary
こずえ	こずえ|こず恵|こず末|こず枝|こず江|こず絵|コズ枝|児寿枝|公寿恵|古寿恵|古州江|古都江|古都絵|好末|小づえ|小季|小寿恵|小寿枝|小寿江|小枝|小枝恵|小梢|小津恵|小津枝|小津江|小津絵|小都恵|小都江|小都絵|小鶴慧|己津江|己珠恵|幸寿恵|幸寿枝|幸津江|幸都枝|木津江|木津絵|末枝|杪|枯都江|梢|梢恵|梢愛|梢枝|梢栄|梢江|梢絵|梢衣|槇|槌恵|槙|標|湖寿恵|湖寿衣|湖恵|紅都恵|胡季|誇寿恵|趙|香季|香寿江|香江|駒枝|鼓寿永|鼓津恵|鼓津絵	given-name-dictionary
なるみ	なるみ|なる実|なる美|ナルミ|也実|功美|匠美|南流海|奈流実|奈流美|奈瑠美|奈留実|奈留美|完美|実美|就視|希望|徳美|惟美|愛実|愛恵|愛未|愛泉|愛海|愛深|愛満|愛生|愛美|慣美|成実|成己|成弥|成望|成未|成果|成水|成海|成生|成留見|成相|成眞|成美|成見|成視|成躬|晋実|済美|玲美|生子|生海|生美|稔美|育子|育美|菜瑠美|菜留海|菜留美|誠実|那留巳|響弓|響美|鳴実|鳴海|鳴深|鳴生|鳴美|鳴見	given-name-dictionary
ひさみ	ひさみ|ひさ実|ひさ美|久三|久味|久実|久己|久巳|久水|久沙美|久美|久美子|久視|久躬|仙美|向美|喜美|壽実|壽美|央実|央未|央美|妃佐実|妃佐美|妃咲美|妃沙美|妃紗実|妃紗美|富美|寿后|寿実|寿己|寿弥|寿果|寿水|寿海|寿深|寿美|尚妙|尚実|尚巳|尚未|尚民|尚美|尚見|尚身|幸美|弥生|弥美|恒充|恒美|悠実|日三美|日佐美|日才美|桐実|桐美|比佐美|比彩美|比沙美|比紗美|比美|氷彩美|永美|玖美|陽咲美|陽渚美	given-name-dictionary
みさお	みさお|みさ緒|ミサオ|三三男|三佐夫|三佐男|修緒|味左夫|実佐緒|実彩央|実彩生|実操|実沙生|実沙音|巳三男|巳三雄|巳佐雄|操|操生|操男|操緒|未佐夫|未咲於|未沙央|未沙緒|水棹|深青|祐節|節|節緒|美三男|美三雄|美佐保|美佐夫|美佐央|美佐尾|美佐生|美佐男|美佐緒|美佐遠|美佐雄|美作雄|美咲央|美咲桜|美咲生|美左雄|美幸緒|美彩央|美彩生|美彩緒|美操|美早央|美早緒|美沙央|美沙於|美沙生|美沙緒|美沙音|美砂緒|美紗央|美紗桜|美紗緒|美緒|美青|聖緒|診佐夫|貞	given-name-dictionary
よしじ	よし二|与四二|伊次|佳司|佳次|俶司|可次|吉二|吉司|吉地|吉次|吉治|善二|善司|善壽|善次|善治|喜司|喜治|嘉二|嘉司|嘉次|嘉治|好二|好司|好治|宜二|寛爾|彦次|彦治|慶二|慶司|敬二|昌司|昌次|昌治|欣二|欣司|淑二|淑司|淑次|由二|由司|由次|由治|益治|祥二|禎二|福司|美司|美治|義二|義司|義嗣|義次|義治|至二|良二|良司|良次|良治|芳二|芳司|芳次|芳治|誉治|資治	given-name-dictionary
のりひと	のり人|乃仁|了仁|仁一|仁人|令人|伯人|倫士|典人|典仁|典史|則人|則仁|功人|哲史|士人|孝仁|宜仁|宣人|宣仁|寛人|寛仁|尊仁|庸人|庸仁|律史|徳人|徳仁|徳史|慎人|憲人|憲仁|憲史|教一|教人|教仁|敬人|敬仁|智仁|智士|法人|法仁|礼仁|祝仁|稚士|範人|範仁|範士|紀一|紀人|紀仁|紀史|経人|統仁|績史|義仁|義士|規人|規仁|規士|記史|記士|謙人|謙仁|識人|賀仁|載仁	given-name-dictionary
まさつぐ	仁継|允嗣|允紹|公歴|勝亜|勝嗣|勝継|匡乙|匡嗣|匡胤|将二|将亜|将受|将嗣|将次|将胤|將嗣|征亜|征嗣|成胤|成譜|政亜|政嗣|政次|政紹|政継|政諭|方嗣|昌二|昌嗣|昌次|昌継|昌諭|正丞|正二|正嗣|正就|正承|正次|正治|正紹|正統|正継|正胤|正詔|正詞|正諭|正貢|正韶|理嗣|理継|眞嗣|眞次|真嗣|真次|真継|真諭|誠嗣|誠次|賢嗣|賢譜|雅嗣|雅承|雅次|雅紹|雅継|雅胤	given-name-dictionary
なほ	なほ|ナホ|七保|七帆|七星|七歩|七穂|南帆|南歩|南穂|名保|名帆|名歩|名穂|名芳|和歩|和灯|和穂|夏帆|夏穂|奈保|奈凡|奈宝|奈布|奈帆|奈星|奈朋|奈歩|奈甫|奈穂|奈穗|奈緒|奈芳|奈豊|如|尚保|尚穂|成穂|捺帆|樹穂|波帆|渚帆|直|直保|直歩|直穂|苗帆|菜保|菜凡|菜峰|菜帆|菜星|菜朋|菜歩|菜浦|菜穂|菜穗|菜芳|虹歩|那保|那富|那帆|那星|那歩|那穂|雫帆	given-name-dictionary
くにえ	くにえ|くに恵|クニエ|久丹恵|久丹栄|久丹江|久仁恵|久仁映|久仁枝|久仁栄|久仁江|久仁絵|久仁英|久仁衣|之栄|仁恵|公仁恵|公仁枝|公仁江|国恵|国枝|国栄|国榮|国江|国海|国絵|国衛|圀衛|圀衞|國恵|國惠|國枝|國江|國絵|地江|州恵|州栄|州江|恭江|晋江|有恵|紅仁枝|葉絵|訓恵|訓枝|訓江|邦会|邦恵|邦惠|邦愛|邦支|邦映|邦枝|邦栄|邦永|邦江|邦絵|邦衛|邦衣|邦重|郁江|郡宇|郡恵|都恵|都江|都絵	given-name-dictionary
けいか	京花|京華|京香|佳華|佳香|啓花|啓華|圭加|圭可|圭叶|圭夏|圭花|圭華|圭香|圭馨|奎花|径香|恵佳|恵加|恵嘉|恵夏|恵果|恵花|恵華|恵香|恵鶴|惠果|惠歌|慧佳|慧夏|慧彼|慧華|慧香|慶伽|慶佳|慶嘉|慶夏|慶花|慶華|慶香|敬加|敬花|景佳|景華|景香|桂佳|桂加|桂可|桂叶|桂果|桂花|桂華|桂香|渓夏|渓花|渓華|薊花|蛍佳|蛍夏|蛍火|蛍花|蛍香|蹊花|閨花|馨加|馨花	given-name-dictionary
もとみ	もとみ|モトミ|元三|元実|元己|元巳|元弥|元未|元海|元美|元見|原実|原美|基三|基実|基己|基巳|基未|基民|基水|基海|基美|基視|太美|委未|宗未|幸|幹実|幹美|心水|心海|心美|志実|扶参|望美|望都実|望都美|本実|本望|本美|柄実|柄美|楽巳|民実|求|求光|求実|求己|求美|泉美|源三|紀美|素女|素実|素巳|素未|素水|素海|素美|茂友美|茂登実|茂登美|萌登実|萌登美|資実|雅美	given-name-dictionary
うさぶろう	兎三朗|兎三郎|兎佐朗|兎佐郎|兎左朗|兎左郎|兎砂朗|兎砂郎|卯三朗|卯三郎|卯佐朗|卯佐郎|卯左朗|卯左郎|卯砂朗|卯砂郎|右三朗|右三郎|右佐朗|右佐郎|右左朗|右左郎|右砂朗|右砂郎|夘三郎|宇三朗|宇三郎|宇佐朗|宇佐郎|宇左朗|宇左郎|宇砂朗|宇砂郎|有三朗|有三郎|有佐朗|有佐郎|有左朗|有左郎|有砂朗|有砂郎|烏三朗|烏三郎|烏佐朗|烏佐郎|烏左朗|烏左郎|烏砂朗|烏砂郎|禹三郎|羽三朗|羽三郎|羽佐朗|羽佐郎|羽左朗|羽左郎|羽砂朗|羽砂郎|鵜三朗|鵜三郎|鵜佐朗|鵜佐郎|鵜左朗|鵜左郎|鵜砂朗|鵜砂郎	given-name-dictionary
きさぶろう	亀三郎|其三郎|吉三郎|喜三朗|喜三郎|喜佐朗|喜佐郎|喜左朗|喜左郎|喜砂朗|喜砂郎|季三朗|季三郎|季佐朗|季佐郎|季左朗|季左郎|季砂朗|季砂郎|希三朗|希三郎|希佐朗|希佐郎|希左朗|希左郎|希砂朗|希砂郎|幾三郎|木三朗|木三郎|木佐朗|木佐郎|木左朗|木左郎|木砂朗|木砂郎|来三郎|樹三朗|樹三郎|樹佐朗|樹佐郎|樹左朗|樹左郎|樹砂朗|樹砂郎|毅三郎|紀三朗|紀三郎|紀佐朗|紀佐郎|紀左朗|紀左郎|紀砂朗|紀砂郎|記三朗|記三郎|記佐朗|記佐郎|記左朗|記左郎|記砂朗|記砂郎|貴三朗|貴三郎|輝三郎|鬼三郎	given-name-dictionary
ゆみえ	ゆみえ|ゆみ江|佑美恵|佑美枝|侑美依|侑美枝|優実永|優美恵|優美枝|優美永|優美江|優美絵|友三依|友三恵|友妙恵|友実恵|友実江|友実絵|友巳江|友未絵|友美恵|友美江|友美絵|夕美恵|幸美慧|幸美江|弓園|弓恵|弓愛|弓映|弓枝|弓江|弓絵|悠美江|有実枝|有美恵|柚実恵|由三栄|由実岐|由実恵|由実栄|由実絵|由未枝|由未江|由未絵|由美岐|由美恵|由美栄|由美江|由美絵|祐実惠|祐実枝|祐実江|祐巳依|祐美惠|祐美絵|絃枝|結実枝|結実江|結美恵|結美江|裕実恵|裕美恵|裕美枝|裕美絵	given-name-dictionary
よしの	よしの|よし乃|よ志の|よ志野|ヨシノ|与志乃|与支乃|世史乃|世紫|仁乃|代志乃|代支乃|佳乃|佳志乃|佳野|修乃|南野|吉の|吉乃|吉野|善乃|喜乃|嘉乃|圭乃|夜志乃|好乃|好野|嬉乃|実志乃|容士乃|巽乃|廣乃|悌野|悦乃|愛乃|慶乃|欣乃|欣野|淑乃|淑之|淑能|淑野|温野|由乃|由能|由野|睦乃|祥乃|禄乃|秀野|美乃|美志乃|美濃|美野|義乃|能野|良乃|良志野|良野|芳乃|芳野|芽野|賀乃|賢能|香乃	given-name-dictionary
りんか	りんか|倫夏|倫歌|倫花|凛|凛伽|凛佳|凛嘉|凛夏|凛奏|凛月|凛架|凛歌|凛花|凛華|凛霞|凛風|凛香|凛馨|凜夏|凜日|凜果|凜花|凜華|凜香|厘花|李果|李花|林果|林火|林花|梨果|梨楓|梨花|梨華|梨香|淋加|玲果|琳佳|琳夏|琳果|琳歌|琳火|琳珂|琳花|琳華|琳香|稟架|綸歌|綸花|綸華|鈴佳|鈴夏|鈴果|鈴架|鈴歌|鈴花|鈴華|鈴蘭|鈴風|鈴香|鈴魁|麟佳|麟花|麟馨	given-name-dictionary
えいじろう	影二朗|影二郎|影次朗|影次郎|影赦|映二朗|映二郎|映次朗|映次郎|映赦|栄二朗|栄二郎|栄司朗|栄次朗|栄次郎|栄治朗|栄治郎|栄滋朗|栄赦|榮二朗|榮二郎|榮次朗|榮次郎|榮治郎|榮赦|永二朗|永二郎|永次朗|永次郎|永治郎|永赦|瑛二朗|瑛二郎|瑛士郎|瑛次朗|瑛次郎|瑛治郎|瑛赦|英二朗|英二郎|英史郎|英司郎|英士郎|英次朗|英次郎|英治朗|英治郎|英赦|英辞朗|衛二朗|衛二郎|衛次朗|衛次郎|衛赦|詠二朗|詠二郎|詠次朗|詠次郎|詠赦|鋭二朗|鋭二郎|鋭次朗|鋭次郎|鋭治郎|鋭赦	given-name-dictionary
ゆえ	ゆえ|ユエ|以|佑依|佑瑛|佑英|侑咲|侑英|優依|優恵|優慧|優枝|優永|優江|優笑|優絵|優衣|友咲|友恵|友愛|友瑛|友絵|友重|唯笑|夕映|夕衣|夢江|実枝|宥慧|悠映|悠永|悠江|悠笑|愈エ|月|有恵|有永|有笑|有重|柚恵|柚枝|柚永|柚荏|油江|湯江|由会|由依|由媛|由彗|由恵|由枝|由江|由絵|癒恵|祐恵|祐衣|結恵|結栄|結永|結笑|結絵|遊慧|遊絵|雪絵	given-name-dictionary
あやき	あやき|アヤキ|亜弥貴|彩喜|彩姫|彩季|彩希|彩来|彩樹|彩生|彩祈|彩紀|彩葵|彩貴|彩輝|彪貴|文喜|文基|文妃|文姫|文季|文希|文樹|文熹|文紀|文綺|文記|文貴|斐宜|朱姫|朱希|理姫|理己|理樹|礼基|礼希|絢城|絢妃|絢姫|絢季|絢希|絢生|絢祈|絢貴|絢輝|綺喜|綺基|綺姫|綺祈|綾姫|綾己|綾希|綾木|綾樹|綾紀|綾葵|綾衣|英姫|采姫|采季|采希|采樹|采葵|麻綾樹	given-name-dictionary
かつき	一喜|伽月|佳つ姫|佳月|佳津希|佳都樹|佳都紀|克喜|克城|克基|克己|克希|克樹|克毅|克生|克紀|克葵|克規|克記|克貴|克起|克輝|克騎|剋貴|功材|功貴|加月|加築|勉己|勝喜|勝城|勝己|勝希|勝月|勝木|勝樹|勝毅|勝気|勝生|勝紀|勝記|勝貴|勝起|勝輝|可月|和希|嘉月|夏月|果月|桂城|桂紀|歌月|活気|海槻|甲樹|耶月|花月|華月|葛樹|郁月|香月|香津樹|香津紀|馨月	given-name-dictionary
かなめ	かなめ|かな女|かな芽|何奈芽|佳名芽|佳奈女|佳奈芽|佳永女|兼女|加名女|加名芽|加奈女|協芽|可叶夢|可奈女|可愛|可成愛|叶夢|叶女|叶愛|叶芽|叶銘|叶馬|哉女|哉明|哉芽|哉萌|哉馬|嘉名芽|嘉奈女|圭芽|夏奈女|奏命|奏夢|奏女|奏恵|奏明|奏瞳|奏芽|奏萌|寿奈女|愛女|枢|歌奈女|紀|紀央|翔命|華夏萌|華奈女|華菜芽|華萌|要|要人|要芽|要萌|金愛|香名女|香名芽|香奈女|香奈芽|香奈萌|香菜女|香菜芽|香魚女	given-name-dictionary
さちか	さちか|さ愛|佐智佳|佐睦|佐知香|倖賀|吉芳|咲千佳|咲千花|咲千香|咲小花|咲幸花|咲愛|咲茅花|小知花|幸伽|幸佳|幸加|幸哉|幸夏|幸愛|幸歌|幸皆|幸花|幸華|幸薫|幸香|彩千佳|彩夏|彩愛|早智華|早睦|栄愛|桜千香|沙千加|沙千果|沙千花|沙愛|沙智加|沙智架|沙智華|沙智香|沙眞|沙知佳|沙知香|砂千夏|祐か|祐歌|祥佳|祥加|祥可|祥夏|祥愛|祥歌|祥花|祥華|祥霞|祥香|紗寛|紗智香|紗睦|紗静|里智加|鎖智嘉	given-name-dictionary
ちいこ	ちい子|ち江子|チイ子|千以子|千伊子|千位子|千依子|千恵子|千悦子|千惠子|千意子|千慧子|千映子|千枝子|千栄子|千榮子|千江子|千穂子|千絵子|千維子|千英子|千衛子|千衣子|千詠子|千重子|地維子|地衣子|智以子|智伊子|智恵子|智惠子|智意子|智慧子|智映子|智枝子|智栄子|智榮子|智永子|智江子|智泉子|智絵子|智英子|智衣子|智重子|知い子|知井子|知以子|知伊子|知位子|知偉子|知恵子|知惠子|知意子|知慧子|知枝子|知栄子|知永子|知江子|知英子|知衣子|知詠子|知重子|稚枝子|稚衣子	given-name-dictionary
まゆき	まゆき|まゆ紀|万ゆき|万優稀|万夢樹|万幸|万幸生|万幸輝|万由樹|万由紀|万由衣|万礼|万行|万雪|愛倖|摩有起|真ゆき|真之|真侑|真優稀|真友喜|真如|真妃|真幸|真志|真由季|真由希|真由樹|真由紀|真由衣|真行|真雪|磨幸|繭姫|繭希|繭紀|舞優季|舞幸|舞由紀|舞結希|舞雪|舞雪季|茉ゆき|茉優稀|茉幸|茉柚希|茉由樹|茉由紀|茉由衣|茉行|麻ゆき|麻侑|麻倖|麻優稀|麻友希|麻友紀|麻如|麻由姫|麻由希|麻由樹|麻由紀|麻由衣|麻行|麻雪	given-name-dictionary
みほこ	みほこ|みほ子|ミホ子|三保子|三宝子|三峰子|三帆子|三浦子|三甫子|三百子|三穂子|三邦子|光帆子|光歩子|光穂子|史峰子|味歩子|実保子|実宝子|実峰子|実方子|実歩子|実秀子|実穂子|実穗子|実芳子|実補子|実豊子|御保子|心歩子|望歩子|未保子|未帆子|未歩子|未穂子|水帆子|水穂子|海帆子|海火子|満保子|満穂子|澪子|筧朋子|美保子|美宝子|美峰子|美帆凝|美帆子|美方子|美星子|美歩子|美甫子|美秀子|美穂子|美穗子|美萌子|美補子|美豊子|美鉾|見帆子|見歩子|見穂子|視穂子|魅帆子	given-name-dictionary
けいたろう	京多朗|京多郎|京太朗|京太郎|佳多朗|佳多郎|佳太朗|佳太郎|勁太郎|啓多朗|啓多郎|啓大良|啓太朗|啓太郎|圭多朗|圭多郎|圭大郎|圭太朗|圭太郎|奚多朗|奚多郎|奚太朗|奚太郎|径太郎|恵多朗|恵多郎|恵太朗|恵太郎|惠太郎|慧多朗|慧多郎|慧太朗|慧太郎|慶多朗|慶多郎|慶太朗|慶太郎|敬多朗|敬多郎|敬大郎|敬太朗|敬太郎|景多朗|景多郎|景太朗|景太郎|桂多朗|桂多郎|桂太朗|桂太郎|渓太郎|珪太郎|経太郎|經太郎|継太郎|蛍太郎|計太郎|軽太郎|銈太郎|馨多朗|馨多郎|馨太朗|馨太郎|鶏太郎	given-name-dictionary
そうじろう	充朗|充郎|創二朗|創二郎|創爾郎|創赦|双二郎|壮二朗|壮二郎|壮慈朗|壮次郎|壮赦|奏二朗|奏二郎|奏次朗|奏赦|宗二郎|宗司郎|宗次朗|宗次郎|宗治郎|庄二朗|庄二郎|庄赦|惣二朗|惣二郎|惣次郎|惣赦|想二朗|想二郎|想赦|操二朗|操二郎|操赦|曽次郎|漱爾郎|綜二朗|綜二郎|綜赦|総二朗|総二郎|総司郎|総次郎|総治郎|総磁郎|総赦|繰二朗|繰二郎|繰赦|聡二朗|聡二郎|聡司朗|聡次郎|聡赦|草二朗|草二郎|草次郎|草赦|荘二郎|荘次郎|蒼二朗|蒼二郎|蒼赦|銃麩	given-name-dictionary
かんいちろう	侃一郎|勘一朗|勘一郎|勘壱朗|勘壱郎|勘市朗|勘市郎|完一朗|完一郎|完壱朗|完壱郎|完市朗|完市郎|官一郎|寛一朗|寛一郎|寛壱朗|寛壱郎|寛市朗|寛市郎|幹一朗|幹一郎|幹壱朗|幹壱郎|幹市朗|幹市郎|敢一郎|柑一朗|柑一郎|柑壱朗|柑壱郎|柑市朗|柑市郎|歓一郎|涵一郎|渙一郎|漢一郎|澣一郎|環一朗|環一郎|環壱朗|環壱郎|環市朗|環市郎|皖一郎|艦一朗|艦一郎|艦壱朗|艦壱郎|艦市朗|艦市郎|莞一朗|莞一郎|莞壱朗|莞壱郎|莞市朗|莞市郎|貫一朗|貫一郎|貫壱朗|貫壱郎|貫市朗|貫市郎|韓一郎	given-name-dictionary
かい	かい|カイ|介|伽衣|佳|佳以|佳位|佳依|佳怡|佳惟|佳泉|佳緯|佳衣|傀|加衣|可意|可愛|嘉依|嘉維|嘉衣|圭依|塊|壊|夏衣|夏郁|帆|快|改|果依|果衣|架唯|架威|楷|槐|櫂|歌生|歌衣|海|海唯|甲斐|界|絵|絵衣|翔依|翔生|翔維|花衣|花郁|華生|華色|華葦|華衣|華飴|解|貝|開|霞衣|香以|香似|香依|香惟|香衣|魁	given-name-dictionary
みあ	みあ|三彩|三愛|三杏|光愛|実亜|実彩|実愛|実杏|実秋|実空|実采|実阿|尾阿|巳亜|弥亜|弥愛|弥絢|御愛|心彩|心愛|望亜|望彩|未亜|未彩|未愛|未有|未杏|未阿|桜彩|水亜|水愛|水明|水晶|海亜|海会|海彩|海愛|海杏|海碧|深愛|深藍|珠愛|皇杏|真愛|碧彩|美亜|美彩|美愛|美文|美明|美有|美朝|美朱|美杏|美秋|美空|美綾|美茜|美藍|美阿|美雅|翠亜	given-name-dictionary
あゆり	あゆり|あゆ里|亜佑理|亜佑里|亜優李|亜友里|亜夕璃|亜夕莉|亜弓里|亜有理|亜由利|亜由梨|亜由理|亜由莉|亜由里|亜百合|亜裕里|天佑莉|安佑里|安友梨|安悠里|彩夕莉|愛優梨|愛優理|愛優穂|愛優里|愛友利|愛友梨|愛友理|愛友里|愛夕莉|愛夕里|愛柚梨|愛柚里|愛由璃|愛由莉|愛由里|愛百合|明結里|有優利|杏優里|杏友理|杏友里|杏夕莉|杏由璃|杏結莉|歩凛|歩凜|歩友梨|歩実|歩梨|歩理|歩璃|歩結莉|歩莉|歩里|歩鈴|渉理|綾友里|阿由里|鮎利|鮎里|麻遊李	given-name-dictionary
えいみ	えいみ|世美|依伊深|叡美|影実|影美|慧美|映実|映心|映惟実|映惟美|映未|映水|映海|映美|映衣実|映衣美|映見|栄光|栄実|栄未|栄水|栄美|榮実|榮未|榮水|榮美|永実|永心|永扇|永未|永水|永美|江衣巳|泳実|泳美|瑛依美|瑛実|瑛未|瑛海|瑛美|笑衣実|絵伊美|絵衣美|英実|英未|英水|英深|英笑|英美|衛実|衛美|詠巳|詠愛|詠未|詠水|詠美|誉美|鋭水|鋭笑|鋭美|頴実|頴美	given-name-dictionary
さとり	さとり|さと梨|サトリ|仁理|佐桃里|公里|吏里|咲藤李|咲都莉|咲都里|咲鳥|喩|小桃里|嵯斗里|左取|彗理|怜莉|怜里|恵里|悟理|悟里|慧|憬|敏令|敏梨|早登里|智|智凜|智梨|智理|智里|沙都梨|沙都里|理|知|知理|知里|禅|紗斗璃|紗斗里|紗都里|紗鳥|聖梨|聖理|聖莉|聖里|聡|聡梨|聡理|聡里|菩|覚|郷里|采鳥|里利|里吏|里律|里李|里林|里梨|里里|颯都梨|颯鳥	given-name-dictionary
しずえ	しずえ|しず江|シズエ|シズ江|下枝|倭文江|倭文重|倭江|倭衛|姿寿恵|寧恵|寧江|寿恵|志ず江|志壽江|志寿恵|志寿枝|志寿栄|志寿江|志川江|志恵|志文重|志津恵|志津枝|志津江|志津絵|志都恵|志都江|慎江|梓州江|泉江|示津恵|穏恵|紫洲江|詞津江|詩寿恵|詩津枝|詩津江|鎮恵|鎮枝|鎮江|閑恵|雫枝|靖枝|靖江|静恵|静愛|静映|静枝|静栄|静永|静江|静絵|静英|静衛|静衣|静重|靜恵|靜惠|靜枝|靜江|靜絵|靜衛	given-name-dictionary
のどか	のどか|のど佳|のど果|のど花|のど香|乃冬日|乃努佳|乃斗香|乃都佳|乃都夏|乃都香|乃音香|円|和|和佳|和加|和可|和夏|和奏|和日|和果|和楓|和歌|和歓|和河|和翔|和花|和華|和霞|和香|埜努花|寧香|平和|悠|暖|暖十香|暖歌|望佳|望歌|温|温佳|温花|温香|濃登歌|穏|穏花|紀瞳可|能ど霞|能努花|能土香|能途花|蘭香|野土榎|野土花|野土香|野斗香|野花|長閑|閑|閑佳|陽羊|陽花|陽香	given-name-dictionary
ののか	ののか|のの花|のの香|乃々佳|乃々夏|乃々果|乃々栞|乃々花|乃々香|乃廼花|乃望香|乃花|乃音佳|乃音夏|和乃花|和花|埜々香|希々加|希々夏|希々香|希ノ香|希乃花|希乃香|希望花|希果|希花|希華|希風|希颯|廼花|暖々香|暖乃佳|暖乃花|暖乃香|暖音花|暖香|暢乃花|暢乃香|月華|望々歌|望乃佳|望乃夏|望乃華|紀乃花|野々佳|野々桂|野々花|野々華|野々香|野の花|野ノ香|野乃佳|野乃可|野乃夏|野乃果|野乃樺|野乃花|野乃華|野乃香|野夏|野花|音乃華|音華	given-name-dictionary
ふゆこ	ふゆ子|フユ子|不有子|不由子|二夕子|冨友子|冨祐子|冬呼|冬子|冬瑚|冬至子|婦裕子|富佑子|富侑子|富夕子|富有子|富由子|富祐子|富裕子|富遊子|布佑子|布夕子|布有子|布由子|布祐子|布裕子|希由子|扶佑子|扶右子|扶有子|扶柚子|扶甬子|扶由子|扶結子|扶裕子|文優子|文弓子|文有子|普裕子|歩悠子|歩由子|歩結子|生子|舞由子|芙佑子|芙侑子|芙優子|芙友子|芙悠子|芙愉子|芙有子|芙柚子|芙由子|芙祐子|芙裕子|風優子|風弓子|風悠子|風有子|風由子|風結子|風誘子|風遊子	given-name-dictionary
みこと	みこと|ミコト|三琴|后琴|命|命琴|実古都|実子都|実寿|実思|実恋音|実湖都|実采|実香土|尊|尊人|巫女都|巫都|巳允|巳寿|巳琴|弥琴|御琴|心寿|心思|心琴|心胡音|心詞|望琴|未湖都|未琴|水琴|海恋叶|海珠|海琴|海詞|深琴|湖恋音|珠瑚都|皇琴|真己|神琴|美古都|美命|美子都|美寿|美己音|美幸透|美心都|美思|美恋音|美殊|美湖都|美琴|美瑚都|美紀|美虎人|美言|美詞|美香土|翠琴|舞心透|魅寿	given-name-dictionary
やすみ	やすみ|也寸美|休|保実|保己|保巳|保美|保躬|八寿美|八洲満|八純|八隅|冶洲美|哉寿美|夜壽美|夜澄|妥実|妥美|安三|安実|安巳|安未|安水|安美|安見|安身|寧美|康実|康巳|康水|康海|康満|康美|康見|康視|弥澄|恭生|恭美|憩美|方美|晏光|晏実|晏未|晏美|泰三|泰実|泰己|泰巳|泰未|泰水|泰海|泰美|泰見|矢寿美|矢洲見|祥美|穏美|耕美|靖|靖己|靖巳|靖美|静水	given-name-dictionary
えいのすけ	影之丞|影之介|影之佑|影之助|影之祐|影之輔|映之丞|映之介|映之佑|映之助|映之祐|映之輔|栄之丞|栄之亮|栄之介|栄之佑|栄之助|栄之祐|栄之輔|榮之丞|榮之介|榮之佑|榮之助|榮之祐|榮之輔|永之丞|永之介|永之佑|永之助|永之祐|永之輔|瑛之丞|瑛之介|瑛之佑|瑛之助|瑛之祐|瑛之輔|英之丞|英之亮|英之介|英之佑|英之助|英之祐|英之輔|衛之丞|衛之介|衛之佑|衛之助|衛之祐|衛之輔|詠之丞|詠之介|詠之佑|詠之助|詠之祐|詠之輔|鋭之丞|鋭之介|鋭之佑|鋭之助|鋭之祐|鋭之輔|頴之助	given-name-dictionary
けんたろう	乾太郎|健多朗|健多郎|健大朗|健大郎|健太朗|健太郎|兼多朗|兼多郎|兼太朗|兼太郎|券太郎|剣太朗|剣太郎|堅多朗|堅多郎|堅太朗|堅太郎|堅汰朗|建多朗|建多郎|建太朗|建太郎|憲多朗|憲多郎|憲太朗|憲太郎|拳太郎|権太郎|犬太郎|献太郎|研多朗|研多郎|研大郎|研太朗|研太郎|硯太郎|絢多朗|絢多郎|絢大郎|絢太朗|絢太郎|虔太郎|見太郎|謙多朗|謙多郎|謙大郎|謙太朗|謙太郎|賢多朗|賢多郎|賢大郎|賢太朗|賢太郎|賢汰朗|軒太郎|鍵太郎|鎌多郎|顕多朗|顕多郎|顕太朗|顕太郎|顯太郎	given-name-dictionary
しま	しま|シマ|偲麻|史万|史摩|史眞|史真|史磨|史馬|史麻|司真|司馬|司麻|四麻|姿摩|姿磨|姿麻|子万|子真|子茉|子麻|州|師麻|志ま|志万|志実|志摩|志満|志眞|志真|志磨|志舞|志茉|志馬|志麻|慈真|揣摩|支摩|支麻|月磨|枝摩|染真|梓茉|椎真|滋万|糸麻|紫万|紫摩|紫真|紫磨|紫茉|紫麻|縞麻|至真|詩摩|詩眞|詩真|詩茉|詩馬|詩麻|誌真|誌麻	given-name-dictionary
ちさ	ちさ|チサ|千佐|千咲|千嵯|千左|千差|千幸|千彩|千抄|千早|千桜|千沙|千爽|千瑳|千皐|千砂|千紗|千聖|千茶|千草|千颯|千麻|地佐|地紗|小咲|志紗|智佐|智冴|智咲|智彩|智想|智才|智早|智桜|智沙|智砂|智祥|智粧|智紗|智聡|治沙|知佐|知咲|知妙|知左|知彩|知抄|知早|知歳|知沙|知砂|知紗|知茶|稚早|稚桜|稚沙|稚紗|稚颯|紗稚|芽生|苣女	given-name-dictionary
あいな	あいな|あい菜|亜伊菜|亜依奈|亜唯奈|亜衣南|亜衣奈|亜衣菜|和凪|和奈|和花|和菜|和衣菜|哀無|彩衣奈|愛一菜|愛七|愛凪|愛南|愛名|愛和|愛唯奈|愛夏|愛奈|愛彩|愛成|愛来|愛水|愛波|愛生|愛茄|愛菜|愛衣奈|愛衣菜|愛那|愛采|愛雛|愛音|明伊奈|明依奈|明意奈|明衣菜|杏衣奈|梓衣奈|歩依奈|歩衣菜|相奈|相菜|相衣菜|空衣奈|葵那|藍凪|藍和|藍夏|藍奈|藍波|藍茄|藍菜|藍衣菜|藍那|逢菜|阿衣菜	given-name-dictionary
うみこ	うみ子|兎三子|兎実子|兎己子|兎巳子|兎未子|兎水子|兎美子|兎見子|卯三子|卯実子|卯己子|卯巳子|卯未子|卯水子|卯美子|卯見子|右三子|右実子|右己子|右巳子|右未子|右水子|右美子|右見子|宇三子|宇実子|宇己子|宇巳子|宇未子|宇水子|宇美子|宇見子|有三子|有実子|有己子|有巳子|有未子|有水子|有美子|有見子|海子|海深子|海美子|湖子|烏三子|烏実子|烏己子|烏巳子|烏未子|烏水子|烏美子|烏見子|羽三子|羽実子|羽己子|羽巳子|羽未子|羽水子|羽美子|羽見子|雨美子	given-name-dictionary
えりさ	えりさ|えり沙|えり紗|依利砂|依利紗|依里早|依里砂|依里紗|恵利沙|恵利紗|恵李紗|恵梨沙|恵梨紗|恵理沙|恵理砂|恵理紗|恵莉紗|恵里咲|恵里沙|恵里砂|恵里紗|愛梨咲|愛理沙|愛里咲|愛里砂|愛里紗|映里沙|映里砂|枝里砂|枝里紗|栄利沙|永理紗|江吏砂|江里沙|江里砂|江里紗|瑛梨紗|瑛里沙|絵更紗|絵李沙|絵梨沙|絵梨砂|絵理沙|絵理砂|絵理紗|絵莉紗|絵里佐|絵里抄|絵里早|絵里沙|絵里砂|絵里紗|英理佐|英理紗|英里佐|英里咲|英里砂|英里紗|衣理沙|衿桜|衿沙|襟紗	given-name-dictionary
こうこ	かう子|こうこ|こう子|コウ子|亘子|交子|享子|佼子|倖子|光子|公子|功子|劫子|効子|厚子|后子|向子|垢子|好古|好子|孔子|孝呼|孝子|宏子|嵩子|巧子|幸子|広子|広湖|康子|弘子|恋子|恒子|晃子|晃香|晧子|江子|洸子|浩子|浩湖|滉子|甲子|白子|皇子|皓子|紅子|紅恋|紅瑚|紘子|紘香|羔子|考子|耕子|興子|航子|虹子|貢子|鉱子|鎬子|香子|高子|鴻子	given-name-dictionary
さわこ	さわこ|さわ子|サワ子|三八子|三和子|五和子|佐和子|佐和香|佐己子|佐波仔|佐波子|佐羽子|作和子|咲分子|咲和子|咲和香|咲環子|咲羽子|咲羽胡|多子|妙和子|宰和子|小和子|小波子|小羽子|嵯和子|左和子|幸和子|彩和子|抄和子|斉和子|早和子|早羽子|早葉子|朝和子|査和子|桜和子|沙亘子|沙和子|沙環子|沙羽子|沢和子|沢子|沢湖|沢瑚|澤子|爽和子|爽子|瑳和子|皐子|相和子|砂和子|粧和子|紗和子|紗王子|紗環子|紗輪子|茶和子|菜和子|采和子|里和子|青羽子	given-name-dictionary
たつき	たつき|健喜|健樹|健騎|多津紀|幸輝|建希|樹|樹祈|樹輝|立季|立己|立希|立来|立樹|立起|立騎|竜基|竜姫|竜季|竜己|竜希|竜樹|竜気|竜生|竜紀|竜貴|竜起|竜輝|辰喜|辰月|辰樹|辰紀|達喜|達基|達己|達希|達揮|達樹|達毅|達生|達稀|達紀|達規|達記|達貴|達起|達輝|鷹都騎|龍城|龍姫|龍希|龍帰|龍揮|龍樹|龍毅|龍葵|龍規|龍貴|龍起|龍輝|龍飛	given-name-dictionary
ななか	ななか|なな花|ナナカ|七佳|七加|七夏|七歌|七海|七花|七茄|七菜夏|七菜香|七華|七蘭|七輝|七香|南々夏|南々架|南々歌|南々海|南々花|南中|南那夏|奈々伽|奈々佳|奈々加|奈々夏|奈々果|奈々花|奈々華|奈々香|奈南佳|奈央|奈奈香|奈菜加|奈菜花|奈那花|奈那香|梨々香|直奈香|菜々佳|菜々夏|菜々日|菜々花|菜々華|菜々香|菜南香|菜奈香|菜果|菜楓|菜菜果|菜菜花|菜菜香|菜那夏|菜那花|菜香|虹佳|虹架|虹華|那々佳|那奈佳|那奈花	given-name-dictionary
ひより	ひより|ひよ莉|ひよ里|一由|久陽利|和|妃世里|妃代莉|妃代里|妃依|妃和|妃夜里|妃容里|妃愛|妃陽利|姫依|姫和|姫織|平和|日依|日依里|日和|日和梨|日和里|日夜璃|日愛|日暖|日由|日葉里|日遥里|日陽里|桧依|比依|灯陽梨|燈世里|緋依|緋和|緋由|緋陽梨|緋陽里|陽与|陽世梨|陽世莉|陽世里|陽予里|陽依|陽和|陽和梨|陽寄|陽愛|陽由|陽織|陽良理|陽莉|陽葉里|陽蓉里|陽里|陽麗|雛璃|飛依|飛順|飛頼	given-name-dictionary
ふみよ	ふみ世|ふみ代|ニ三代|フミヨ|二三よ|二三世|二三代|二三四|二味代|二実代|二美世|二美予|二美代|典世|典代|冨実代|冨美世|冨美代|史世|史代|史弥|史葉|史誉|夫美代|婦美代|富実代|富美世|富美代|峰美代|布三代|布実代|布美代|扶三代|扶己代|扶美世|扶美代|文三代|文与|文世|文予|文代|文珠|文美代|文葉|文誉|普美世|書代|章世|章予|章代|章誉|芙三代|芙実代|芙美世|芙美代|記世|記代|迪代|郁世|郁代|風実代|風美代	given-name-dictionary
あきまさ	亮勝|亮匡|亮成|亮正|亮雅|哲斉|哲正|啓正|壮優|彰優|彰允|彰将|彰昌|彰正|彰雅|成匡|明優|明将|明政|明昌|明正|明真|明稚|明雅|昭公|昭将|昭政|昭昌|昭正|晃匡|晃将|晃昌|晃正|晃聖|晃誠|晃雅|晟雅|晶正|暁修|暁昌|暁正|暉昌|曉昌|秋将|秋政|秋正|章公|章匡|章将|章巨|章政|章昌|章正|章真|章督|章雅|鏡聖|陽正|顕允|顕匡|顕正|顕雅	given-name-dictionary
みみ	みみ|み美|ミミ|三三|三弥|三美|佳美|光海|光美|味美|実々|実味|実巳|実弥|実心|実望|実海|実瞳|実美|巳実|巳巳|巳美|弥々|心々|心海|未々|未弥|未望|未未|未海|未美|水海|海々|海美|深未|深海|深聖|珠美|瞳美|碧海|美々|美み|美光|美味|美夢|美実|美巳|美弥|美心|美望|美海|美皇|美瞳|美美|美魅|翠海|耳|聖望|聖美|魅実|魅美	given-name-dictionary
いよこ	いよ子|い代子|イヨコ|イヨ子|一世子|五代子|井世子|井代子|亥世子|亥代子|以世子|伊与子|伊世子|伊予子|伊代子|伊余子|伊吉子|伊夜子|伊容子|伊蓉子|位養子|依与子|依世子|依予子|依代子|依夜子|倭世子|倭予子|倭代子|倭夜子|偉代子|壱与子|威世子|弥子|怡代子|惟世子|惟予子|惟代子|惟夜子|愈子|意世子|意予子|意代子|意夜子|慰代子|為世子|猪世子|猪代子|維世子|維予子|維代子|維余子|維夜子|莞容子|衣世子|衣予子|衣代子|衣余子|衣夜子|郁世子|郁代子	given-name-dictionary
しげみ	しげみ|しげ美|シゲミ|卯美|志げ実|志げ美|恵美|慈実|慈省|慈美|成己|成美|成視|栄実|栄美|森実|森未|森深|森美|樹美|滋実|滋水|滋生|滋美|稠果|竜|篤美|純美|紫夏美|繁三|繁実|繁己|繁未|繁民|繁美|繁視|臣美|芝美|英弥|茂実|茂己|茂巳|茂未|茂美|茂臣|草美|葆見|薫実|薫美|詩芸実|詩芸美|重実|重己|重巳|重未|重海|重省|重美|重躬|鎮三|龍	given-name-dictionary
しづか	しづか|しづ可|しづ香|信津佳|信津香|偲津香|史束|史津佳|史津加|史津歌|史津華|史津香|史都佳|姿津佳|姿津香|寧|師月花|心静|志づか|志づ香|志寿華|志束|志津佳|志津加|志津可|志津嘉|志津果|志津歌|志津花|志津賀|志津香|志都佳|志都加|志都花|志都香|志鶴花|志鶴香|支津香|梓都加|白鶴神|禅|糸津香|糸都香|紫津加|紫津香|紫都佳|紫都夏|視津香|詩津佳|詩津加|詩津華|詩津香|詩都可|詩都香|資司|靖|静|静花|静華|静香|靜	given-name-dictionary
せいし	征之|征史|征司|征士|征志|惺志|成史|成志|政史|政始|整志|斉之|斉司|星史|星子|晟史|晴之|晴史|晴司|晴四|正史|正士|正志|正資|清之|清以志|清史|清士|清志|清紫|生史|省枝|精之|精史|精司|聖使|聖史|聖司|聖嗣|聖志|菁子|誓史|誓子|誠之|誠史|誠司|誠士|誠子|誠志|誠思|誠至|青史|青子|青志|青支|青枝|青芝|静史|静子|静志|静思	given-name-dictionary
せいな	世依菜|世奈|世菜|井菜|声渚|彩菜|彩衣那|成奈|政奈|星七|星凪|星南|星名|星奈|星成|星来|星渚|星菜|星那|星雫|晟奈|晟菜|晴奈|晴捺|晴梨|晴渚|正奈|正那|海奈|清凪|清名|清奈|清納|清菜|清衣奈|清雫|瀬唯奈|瀬意那|生奈|生菜|聖七|聖凪|聖南|聖名|聖和|聖奈|聖愛|聖楠|聖菜|聖衣納|聖那|誓直|誠奈|誠那|青夏|青那|静凪|静夏|静奈|静成|静菜	given-name-dictionary
ちなみ	ちなみ|ちな美|一愛|千凡|千名美|千奈三|千奈実|千奈巳|千奈未|千奈波|千奈美|千尋|千恵美|千愛|千楠実|千波|千波美|千浪|千渚|千菜実|千菜益|千菜美|千那実|千那泉|千那美|因|地中海|奈智美|智奈三|智奈実|智奈美|智波|智海|智菜実|智菜未|智菜珠|智菜美|智那弥|智那美|由|直波|知名実|知名美|知奈実|知奈未|知奈美|知成美|知波|知紗|知菜実|知菜美|知那|知那美|稚奈巳|稚浪|稚菜実|縁|茅浪|茅菜美|茅那実|茅那美	given-name-dictionary
なぎさ	なぎさ|なぎ沙|なぎ砂|なぎ紗|ナギサ|凪|凪佐|凪咲|凪唆|凪嵯|凪彩|凪早|凪桜|凪沙|凪砂|凪紗|凪颯|南喜砂|向葵咲|和佐|和左|和幸|和桜|和沙|和紗|和颯|夏宜爽|夏葵咲|奈宜沙|奈岐紗|奈岐里|奈希左|奈希桜|奈希沙|奈希砂|奈木沙|奈貴砂|抄|朱咲|梛叉|汀|汀彩|汀沙|汀紗|渚|渚佐|渚咲|渚岬|渚左|渚幸|渚彩|渚沙|渚砂|渚紗|菜季裟|菜岐佐|菜沙|菜紀沙|菜衣砂|那葵早|那貴沙	given-name-dictionary
のりとし	乗俊|乗命|仙寿|令敏|任世|伯利|典俊|典利|典寿|典年|典敏|典稔|典紀|典駿|則俊|則利|則年|則敏|則智|則肇|哲敏|哲稔|宗俊|宜利|宣俊|式年|徳俊|徳寿|徳敏|徳智|悟稔|慎俊|慶章|憲俊|憲利|憲寿|憲紀|憲聡|教年|智俊|智稔|法俊|法利|知稔|稚敏|範俊|範利|範年|範敏|紀壽|紀寿|紀年|紀敏|統世|統敏|規俊|規利|規壽|規敏|訓利|訓敏	given-name-dictionary
あさ	あさ|アサ|亜佐|亜作|亜咲|亜嵯|亜左|亜彩|亜抄|亜早|亜沙|亜瑳|亜砂|亜紗|和咲|和紗|夜明|天佐|天幸|天葉|安佐|安作|安嵯|安彩|安早|安沙|安瑳|安紗|愛咲|愛幸|愛彩|愛沙|愛紗|旦|旭|旭桜|明佐|明咲|明彩|明沙|明紗|有佐|有紗|朝|朝咲|杏咲|杏彩|杏瑳|杏紗|浅|阿佐|阿作|阿嵯|阿早|阿沙|阿瑳|阿紗|麻|麻沙|麻紗	given-name-dictionary
きき	キキ|危機|喜喜|喜生|喜輝|姫来|姫竹|嬉々|嬉妃|嬉嬉|嬉気|季々|季姫|季希|季樹|季祈|季貴|希喜|希姫|希嬉|希星|希樹|希生|希祈|希紀|希貴|希輝|星姫|杏季|来々|来来|桔梗|樹々|樹希|樹祈|生来|祈希|祈葵|稀輝|紀希|紀葵|綺姫|綺葵|葵姫|葵季|葵希|葵祈|葵紀|葵記|葵輝|貴希|貴紀|貴鬼|輝々|輝姫|輝季|輝希|輝生|願希|鬼鬼	given-name-dictionary
そら	そら|双羅|咲良|塑羅|夏空|大空|天|天嵐|天来|天空|奏斗|奏楽|奏空|奏羅|奏良|奏音|奏響|宇宙|宗楽|宙|宙羅|想來|想来|想空|想羅|想良|想蘭|日天|昊|星宙|星空|晴空|束幸|爽来|爽空|爽良|爽蘭|琉星|疏羅|碧空|礎礼|空|空想|空来|空羅|空良|空龍|素楽|素羅|素良|美空|葵空|蒼天|蒼空|蒼羅|蒼良|青空|颯来|颯楽|颯良	given-name-dictionary
あさき	あさき|亜咲|亜咲希|亜左貴|亜沙季|亜沙希|亜沙紀|亜沙輝|亜紗希|元気|央実貴|彩咲|愛咲|愛紗妃|旦輝|旭季|旭岐|旭希|旭来|旭生|旭紀|旭葵|旭輝|明咲|朝咲|朝喜|朝姫|朝希|朝暉|朝月|朝木|朝来|朝樹|朝祈|朝稀|朝紀|朝葵|朝記|朝輝|杏咲|杏彩希|歩咲|浅喜|浅希|浅輝|浅黄|綺々|綺咲姫|阿佐樹|麻咲|麻喜|麻季|麻希|麻木|麻樹|麻生|麻紀|麻綺|麻記|麻貴	given-name-dictionary
いちこ	いちこ|いち子|イチ子|一児|一姫|一子|一心|一恋|一智子|一湖|一香|五知子|以千子|以地子|以智子|以知子|伊千子|伊地子|伊智子|伊治子|伊直子|伊知子|伊置子|伊茅子|位千子|位地子|位智子|位治子|位知子|位置子|位茅子|依千子|依地子|依智子|依知子|偉智子|壱子|壹子|威智子|尉千子|尉智子|市古|市子|市己|惟千子|惟地子|惟智子|惟知子|意千子|意地子|意智子|意知子|泉智子|溢子|維智子|維知子|緯稚子|衣智子|衣知子|都子	given-name-dictionary
いまこ	いまこ|いま子|イマ子|今子|今日子|以万古|以万子|以摩子|以満子|以真子|以磨子|以茉子|以麻子|伊万子|伊摩子|伊満子|伊真子|伊磨子|伊茉子|伊麻子|似真子|依真子|偉真子|委万子|委摩子|委満子|委真子|委磨子|委茉子|委麻子|尉磨子|惟万子|惟摩子|惟満子|惟真子|惟磨子|惟茉子|惟麻子|意万子|意摩子|意満子|意真子|意磨子|意舞子|意茉子|意麻子|維万子|維摩子|維満子|維真子|維磨子|維茉子|維麻子|衣万子|衣摩子|衣満子|衣真子|衣磨子|衣茉子|衣麻子	given-name-dictionary
さえみ	さえみ|さえ実|さえ美|三恵三|三絵実|三絵美|佐恵美|佐恵見|佐枝美|佐江実|佐江美|佐絵美|佐英実|佐英未|佐英美|佐重美|冴実|冴恵美|冴未|冴笑|冴美|小恵美|小枝実|小枝美|小永美|小絵美|小詠美|少枝美|左恵美|左惠美|左枝実|左枝美|左英未|左英見|幸英美|彩笑|彩絵美|彩美|彩見|才永美|早得実|早恵美|早枝美|早笑|早重美|朗満|沙恵美|沙枝美|沙笑|沙絵美|浜冴実|浜冴美|皐笑|砂枝実|砂枝美|紗恵実|紗恵美|紗栄美|茶絵実|裟衣美	given-name-dictionary
ちかし	元|力史|千佳史|千加志|千樫|千花子|千賀|千賀志|千香士|千香志|即|史|周|周之|周史|周市|周志|周紫|哉|地夏志|央|央司|実志|尋史|幾|庶|恭詩|悠|愛|慈|慶司|慶志|智佳司|智佳至|智賀志|爾|盟|睦|睦史|睦士|知佳志|知可史|親|親史|親司|親志|誓|誓史|誓士|誓志|近|近之|近史|近司|近志|近思|迩|邇|鄰|隣	given-name-dictionary
ちかよ	ちかよ|ちか代|凡晶|千佳世|千佳予|千佳代|千加世|千加代|千和代|千嘉代|千日代|千翔世|千花代|千華世|千賀代|千賀夜|千香世|千香代|千香葉|千香蓉|周与|周代|周用|実代|尋代|局誉|幾代|恭代|悠代|愛与|愛世|愛代|愛弥|慈世|慎代|慶与|慶世|智佳世|智佳代|智加予|智加代|智圭世|智華代|智賀代|智香代|直代|睦予|睦代|知代|知加世|知加予|知可代|知賀代|知香代|稚佳代|考世|考代|親世|親代|近代	given-name-dictionary
りさこ	りさこ|りさ子|リサ子|凛咲子|凜咲子|利佐子|利早子|利沙子|利瑳子|利紗子|吏佐子|吏沙子|吏紗子|李佐子|李咲子|李沙子|李瑳子|李紗子|梨佐子|梨咲子|梨彩子|梨沙子|梨紗子|理佐子|理作子|理咲子|理宰子|理彩子|理抄子|理早子|理沙子|理砂子|理祥子|理紗子|璃冴子|璃咲子|璃彩子|璃沙子|璃紗子|綸沙子|莉佐子|莉咲子|莉彩子|莉沙子|莉紗子|莉莎子|里佐古|里佐子|里咲子|里嵯子|里彩子|里早子|里朝子|里沙子|里瑳子|里砂子|里紗子|里菜子|麗佐子|麗早子	given-name-dictionary
りょうこ	りょうこ|りょう子|りよう子|リョウ子|両古|両子|了娘|了子|了香|亨子|享子|亮子|亮香|令子|僚子|僚葉子|凉子|凌子|善子|寮子|崚子|嶺子|怜子|杏子|椋子|浪子|涼古|涼子|涼羽子|涼香|燎子|玲子|玲有子|理容子|瞭子|稜子|竜子|糧子|綾古|綾子|綾香|緑子|繚子|良好|良子|良江|良湖|良王子|菱子|諒子|諒胡|遼子|里桜子|量子|鐐子|陵子|領子|魎呼|魎子|龍子	given-name-dictionary
さち	さち|サチ|三千|三智|三知|佐千|佐智|佐知|佐稚|倖|倖知|咲千|咲智|咲知|小智|小知|嵯知|左千|左智|左知|幸|幸智|幸知|彩代|彩千|彩智|彩知|才知|抄知|早千|早智|早池|早知|早祥|桜茅|沙千|沙智|沙池|沙知|沙稚|沙緻|清智|渉千|砂千|砂智|砂知|砂稚|祥|祥千|祥智|紗千|紗地|紗智|紗知|紗稚|裟知|采知|里智|里知	given-name-dictionary
みと	みと|ミト|三十|三登|三都|三音|光透|光都|実土|実斗|実杜|実東|実渡|実登|実踏|実飛|峰登|巨人|弥斗|弥統|弥都|御津|御都|心翔|望斗|未到|未東|未登|未都|水都|海十|海都|海音|海飛|深冬|珠都|碧都|美人|美兎|美冬|美刀|美十|美土|美塔|美憧|美斗|美東|美柊|美桃|美橙|美渡|美登|美瞳|美糖|美統|美踏|美透|美都|聖都	given-name-dictionary
ゆら	ゆら|侑楽|侑良|優星|優来|優楽|優海|優空|優羅|優良|優蘭|優音|勇等|勇羅|友羅|友良|唯羅|夕空|夕羅|夕蘭|夜羅|夢来|夢桜|夢楽|夢空|夢良|悠來|悠幸|悠桜|悠羅|悠良|憂来|揺|有咲|有羅|有良|柚来|柚楽|柚羅|湧楽|湧羅|由来|由楽|由空|由羅|由良|碧桃|祐来|結愛|結桜|結楽|結空|結羅|結良|遊来|遊楽|雄頼|雪咲|響	given-name-dictionary
あつさ	あつ佐|あつ作|あつ沙|あつ紗|亜津沙|亜津紗|充佐|充作|充沙|充瑳|充紗|厚佐|厚作|厚沙|厚瑳|厚紗|惇作|惇沙|惇瑳|敦佐|敦作|敦沙|敦瑳|敦紗|昌砂|杏月彩|淳佐|淳作|淳沙|淳紗|渥佐|渥作|渥彩|渥瑳|温佐|温作|温沙|温瑳|温紗|睦佐|睦作|睦沙|睦瑳|睦紗|篤佐|篤作|篤沙|篤瑳|篤紗|諄佐|諄作|諄沙|諄瑳|諄紗|醇佐|醇作|醇沙|醇瑳|醇紗	given-name-dictionary
あやお	亜也緒|亜矢緒|彩夫|彩央|彩桜|彩生|彩緒|彩邑|彩麻|彪夫|彪生|彪緒|彪雄|彬夫|彰夫|彰緒|文夫|文浦|文緒|文雄|斌夫|斐夫|斐男|斐緒|斐織|斐雄|朱央|朱緒|生起|礼夫|礼朗|礼生|礼男|礼緒|礼織|章夫|章於|章生|紋緒|紋麻|純緒|純郎|絢夫|絢央|絢緒|絢雄|綺緒|綾夫|綾央|綾朗|綾男|綾緒|綾織|綾雄|綾青|賁夫|郁夫|采緒|阿耶緒	given-name-dictionary
しなこ	しなこ|しな子|シナ子|信奈子|信子|信成子|倫子|偲名子|偲奈子|史名子|史奈子|史菜子|司名子|司奈子|司菜子|品子|品湖|四科子|士名子|士奈子|士菜子|姿奈子|姿子|師奈子|志な子|志七子|志南子|志名子|志奈子|志菜子|志那子|指南子|支名子|支奈子|枝奈子|枝子|梓無子|標子|滋奈子|真奈子|矢奈子|矢那子|示奈子|科子|科胡|等子|糸那子|級子|紫名子|紫奈子|紫梨子|紫菜子|至南子|詞南子|詞奈子|詩奈子|詩菜子|資奈子|階子	given-name-dictionary
ゆうじろう	佑二郎|佑次郎|佑赦|侑二郎|侑仁郎|優二郎|優次郎|勇二郎|勇次郎|勇治郎|勇赦|友二郎|友仁朗|友次郎|友治郎|友赦|右二郎|夕次郎|悠二朗|悠二郎|悠次郎|悠赦|憂二郎|有二郎|有次郎|由二朗|由二郎|由次郎|祐二朗|祐二郎|祐伺郎|祐司郎|祐次朗|祐次郎|祐治郎|祐赦|裕二朗|裕二郎|裕史郎|裕士朗|裕士郎|裕次朗|裕次郎|裕治郎|裕赦|遊治郎|酉次郎|雄二朗|雄二良|雄二郎|雄仁郎|雄司郎|雄四郎|雄時朗|雄次朗|雄次郎|雄治郎|雄璽郎|雄赦	given-name-dictionary
じょうたろう	丈多朗|丈多郎|丈太朗|丈太郎|上多朗|上多郎|上太朗|上太郎|丞多朗|丞多郎|丞太朗|丞太郎|城多朗|城多郎|城太朗|城太郎|壌太郎|定太郎|尉太郎|常多朗|常多郎|常太朗|常太郎|情多朗|情多郎|情太朗|情太郎|成多朗|成太郎|承太郎|条多朗|条多郎|条太朗|条太郎|條多朗|條多郎|條太朗|條太郎|浄多朗|浄多郎|浄太朗|浄太郎|穣多朗|穣多郎|穣太朗|穣太郎|蝶多朗|蝶多郎|蝶太朗|蝶太郎|襄太郎|譲多朗|譲多郎|譲太朗|譲太郎|錠多朗|錠多郎|錠太朗|錠太郎	given-name-dictionary
いさ	いさ|イサ|井佐|井砂|以佐|以作|以左|以早|以沙|以瑳|以砂|以紗|伊佐|伊作|伊咲|伊早|伊沙|伊瑳|伊砂|伊紗|依佐|依作|依咲|依早|依沙|依瑳|依砂|依紗|功|壱佐|委沙|委紗|威佐|威冴|惟佐|惟作|惟早|惟沙|惟瑳|惟砂|惟紗|意佐|意作|意早|意沙|意瑳|意砂|意紗|衣佐|衣作|衣咲|衣彩|衣早|衣桜|衣沙|衣瑳|衣砂|衣紗	given-name-dictionary
きさ	きさ|キサ|吉祥|喜佐|喜彩|妃沙|姫沙|姫紗|姫颯|嬉佐|嬉咲|季佐|季咲|季彩|季沙|季砂|季紗|希佐|希咲|希幸|希彩|希早|希桜|希沙|希紗|希茶|杞紗|来紗|樹沙|樹紗|祈砂|祈紗|祈颯|稀佐|稀沙|稀紗|紀佐|紀咲|紀沙|紀紗|絹紗|綺咲|葵沙|葵砂|葵紗|規佐|記彩|記紗|貴佐|貴彩|貴沙|貴砂|貴紗|起佐|輝佐|黄沙|黄砂|黄紗	given-name-dictionary
あんり	あんり|あん利|あん吏|あん李|あん梨|あん理|あん璃|あん莉|あん里|アンリ|亜璃|亜里|安俚|安利|安吏|安李|安梨|安理|安璃|安莉|安里|安麗|彩里|晏利|晏吏|晏李|晏梨|晏玲|晏理|晏璃|晏莉|晏里|晏麗|有理|杏|杏了伊|杏依|杏凛|杏凜|杏利|杏厘|杏合|杏吏|杏怜|杏李|杏梨|杏玲|杏理|杏璃|杏莉|杏里|杏鈴|杏麗|案理|案里|苑麗|行理|鞍梨	given-name-dictionary
いちか	いちか|いち花|イチカ|一伽|一佳|一加|一可|一嘉|一夏|一愛|一果|一架|一歌|一翔|一花|一華|一賀|一風|一香|以知佳|伊千花|依千花|依愛|依智樺|依智華|依知佳|依知花|初彩|初愛|初花|唯千花|唯愛|唯智歌|唯知香|唯花|唯誓|壱佳|壱加|壱史|壱嘉|壱圭|壱翔|壱雅|希華|愛華|維愛|育愛|苺絵|苺綺|苺花|葉香|衣千夏|衣千花|衣愛|衣知花|衣知香|逸花|都花	given-name-dictionary
いとこ	いとこ|いと子|イト子|一燈子|五十子|以斗子|以杜子|以止子|以登子|以登湖|以都子|伊十子|伊斗子|伊杜子|伊東子|伊登子|伊都子|似登子|依杜子|依道子|依都子|委斗子|委杜子|委登子|委都子|弦子|従姉弟|惟斗子|惟杜子|惟登子|惟都子|意斗子|意杜子|意登子|意都子|愛子|文子|最子|猪都子|生都子|糸子|系子|紀子|純子|絃子|絲子|維子|維斗子|維杜子|維登子|維都子|綸子|繊子|衣斗子|衣杜子|衣登子|衣都子|順子	given-name-dictionary
さとか	さとか|仁佳|仁花|仁香|利花|吏可|咲桃花|怜佳|怜花|怜香|恵佳|恵花|慧加|敏香|早冬花|早斗夏|智佳|智風|智香|暁華|暁香|理佳|理加|理香|知華|知香|紗斗歌|紗都花|紗都華|聖佳|聖花|聖華|聡佳|聡夏|聡華|聡香|諭香|邑香|郷海|郷華|郷香|都加|都花|都香|里佳|里嘉|里圭|里夏|里日|里果|里桂|里歌|里花|里芳|里華|里賀|里郁|里香	given-name-dictionary
ちかお	侠夫|元生|千佳夫|千佳生|千佳男|千加男|千嘉夫|千夏男|千果夫|千禾夫|千花女|千賀男|千賀雄|千香夫|史緒|史雄|周夫|周朗|周生|周男|周郎|周雄|央夫|央雄|幾雄|愛雄|慎士|慎雄|智佳生|智佳雄|智加朗|智嘉雄|智薫|智賀男|智賀雄|真雄|睦夫|睦生|睦男|睦雄|知生|知賀雄|知雄|見郎|親夫|親央|親生|親男|親郎|親雄|誓夫|誓男|近夫|近朗|近男|近雄|迩朗|隣雄	given-name-dictionary
とよこ	とよ子|トヨコ|トヨ子|仁子|冨代子|冬夜子|冬陽子|利依子|十世子|十代子|十曜子|友昌子|吐与子|土代子|塔蓉子|外世子|外代子|外葉子|富世子|富丗子|富代子|常世子|常代子|当世子|徒代子|敏与子|斗容子|朋代子|杜代子|東代子|東洋子|東陽子|渡世子|渡洋子|登与子|登世子|登予子|登代子|登容子|登羊子|登與子|稲与子|等予子|篤世子|統余子|聡余子|藤代子|豊代子|豊子|豊湖|豐子|農子|都世子|都予子|都代子|都吉子|都容子|都洋子	given-name-dictionary
ほなみ	ほなみ|保奈実|保奈美|保波|保渚美|保菜実|保菜美|保那美|宝波|帆南|帆南実|帆南海|帆南深|帆南美|帆奈海|帆奈美|帆奈見|帆波|帆波美|帆浪|帆海|帆納美|帆菜美|帆那未|帆那美|方波見|星菜愛|朋奈実|朋奈美|歩凡|歩南|歩奈未|歩奈美|歩波|歩菜未|歩菜見|甫奈美|秀奈美|秀菜美|穂七実|穂七美|穂並|穂南|穂奈堅|穂奈実|穂奈未|穂奈美|穂波|穂波実|穂美|穂菜実|穂菜珠|穂菜美|穂那美|穗波|美波|萌波|萌美	given-name-dictionary
ますお	万寿夫|万寿男|万寿雄|万春夫|万春生|万珠男|万須男|万須雄|丈|倍夫|倍生|倍男|倍雄|健男|剛男|加夫|勉郎|十寸穂|升男|升雄|培夫|培男|増夫|増朗|増生|増男|増雄|斗雄|枡雄|武夫|満寿夫|満寿男|満寿雄|満州夫|満州雄|満洲夫|満洲男|満洲雄|満珠雄|滋雄|潤夫|益夫|益朗|益生|益男|益穂|益郎|益雄|真壽雄|真寿男|真寿雄|真洲雄|真澄男|真男|萬壽夫|萬壽男|覧夫|賢夫	given-name-dictionary
ひろたけ	公毅|博丈|博健|博威|博武|大剛|大孟|大岳|大武|大毅|宏全|宏剛|宏建|宏武|宏豪|宙丈|寛丈|寛健|寛大|寛威|広丈|広剛|広壮|広岳|広武|弘丈|弘健|弘剛|弘威|弘岳|弘武|弘毅|弘赳|弘高|普武|泰丈|泰健|洋丈|洋威|洋岳|洋武|浩丈|浩健|浩剛|浩岳|浩武|浩毅|玄武|祐岳|祐武|紘毅|裕丈|裕健|裕剛|裕大|裕威|裕孟|裕岳	given-name-dictionary
ここ	ここ|こ子|光虹|光香|呼々|呼胡|小子|小恋|己子|己誇|幸々|幸呼|幸紅|御幸|心|心咲|心恋|心温|心虹|志|恋|恋々|恋子|恋心|杞香|来幸|椰子|湖々|湖子|湖恋|湖虹|湖香|狐子|琴子|琴心|瑚々|瑚呼|瑚子|瑚幸|瑚恋|瑚湖|瑚琴|瑚瑚|紅恋|胡々|胡呼|胡子|胡杞|虎子|虹々|虹心|虹湖|誇子|香琴|香鼓|鼓々|鼓子	given-name-dictionary
とわ	とわ|トワ|冬和|冬環|冬羽|到和|十倭|十和|十環|十羽|友話|叶倭|叶和|叶羽|和和|図和|土輪|常葉|徒環|斗和|斗波|斗羽|斗輪|杜和|杜波|杜環|東和|桃和|永|永久|永和|永遠|渡和|渡羽|灯倭|灯羽|登和|登波|登羽|登輪|瞬|翔和|翔晴|翔環|透倭|透吾|透羽|途羽|都倭|都和|都波|都羽|音和|音羽|飛和|飛湧|飛羽	given-name-dictionary
みや	みや|み弥|ミヤ|三也|三弥|三矢|京|光夜|南椰|南矢|南耶|味耶|実也|実夜|実弥|実耶|実郁|実野|宮|尾也|己耶|巳夜|弥矢|弥耶|心夜|未也|未夜|未弥|未矢|未耶|水弥|泉椰|海弥|深夜|深弥|深矢|珠耶|美也|美八|美哉|美夜|美弥|美彩|美文|美椰|美矢|美綾|美耶|美谷|美邪|美郁|美野|聖夜|都|雅|魅夜|魅弥	given-name-dictionary
たまお	たまお|たま緒|タマオ|圭桜|圭生|圭穂|圭雄|多摩夫|多摩生|多摩男|多摩緒|多摩雄|多満雄|多磨夫|揺桜|玉夫|玉妙|玉朗|玉桜|玉生|玉男|玉緒|玉織|玉雄|玉青|玲生|玲緒|珠乙|珠夫|珠央|珠峰|珠旺|珠桜|珠歩|珠生|珠穂|珠緒|珠雄|珠青|珠音|珠麻|球生|球緒|球雄|瑞夫|瑞男|瑞緒|瑞青|瑶生|瑶緒|環央|環旺|環緒|碧於|碧桜|碧緒|賚夫	given-name-dictionary
やえこ	やえ子|や江子|ヤエコ|ヤエ子|ヤヱ子|也映子|八依子|八園子|八恵|八恵子|八惠子|八映子|八枝子|八栄子|八江子|八瑛子|八生子|八絵子|八英子|八衣子|八詠子|八重子|冶生子|夜炎鼓|安枝子|安江子|家栄子|寿栄子|弥亜子|弥会子|弥子|弥恵子|弥惠子|弥暢子|弥枝子|弥栄子|弥永子|弥江子|弥生子|弥絵子|弥英子|弥衣子|弥詠子|弥重子|彌惠子|彌榮子|彌生子|恭瑛子|椰円子|矢恵子|矢映子|矢枝子|矢江子|矢重子|耶恵子|陽咲子|陽恵子	given-name-dictionary
やすか	やすか|保佳|保加|保夏|保香|優香|叶佳|夜須火|妥華|媛香|安可|安叶|安嘉|安夏|安翔|安香|寧香|康佳|康加|康夏|康花|康芳|康華|康賀|康香|弥佳|弥加|弥寿賀|恭佳|恭加|恭花|恭華|恭香|恵加|恵花|愛花|椰子花|泰佳|泰加|泰果|泰花|泰華|泰靜|泰香|穏香|育加|育花|裕香|陽春佳|靖佳|靖巴|靖果|靖花|靖華|靖香|静香|順香	given-name-dictionary
るみこ	るみこ|るみ子|ルミコ|ルミ子|婁三子|婁実子|婁巳子|婁未子|婁水子|婁美子|屡三子|屡実子|屡巳子|屡未子|屡水子|屡美子|柳實子|流三子|流実子|流実湖|流巳子|流未子|流水子|流海子|流美子|流美湖|珠実子|珠美子|琉三子|琉実子|琉巳子|琉未子|琉水子|琉美子|瑠三子|瑠実子|瑠巳子|瑠未子|瑠末子|瑠水子|瑠海子|瑠深子|瑠美子|瑠見子|留三子|留味子|留実子|留巳子|留未子|留水子|留海子|留美子|累実子|累美子|緑深子|美子|龍美子	given-name-dictionary
のりふみ	仙史|令史|以文|伯典|伯史|倫史|典史|典夫三|典文|則史|則文|功文|周史|周文|哲史|学文|宜史|宣史|宣文|庸史|律典|律史|律文|徳史|徳文|徳郁|悟史|慎史|憲史|憲文|教二巳|教史|教文|敬史|敬文|文史|智史|智文|法史|法文|矩史|礼史|範史|範文|紀史|紀文|紀歩|至史|規史|規文|訓史|記史|詞史|謙文|議史|軌文|陛史	given-name-dictionary
しき	しき|丈貴|偲喜|偲希|偲紀|史希|史樹|史紀|史葵|司輝|嗣輝|四季|士記|子毅|子輝|式|志姫|志季|志岐|志希|志生|志紀|志葵|志貴|思紀|思貴|新紀|星輝|枝季|枝樹|梓姫|清生|潮李|白姫|矢輝|祉己|紫姫|紫希|紫紀|紫葵|紫輝|織|織姫|至喜|色|色姫|芝綺|詩季|詩己|詩希|詩生|詩祈|詩稀|詩紀|詩葵|識	given-name-dictionary
あおり	あおり|亜王利|亜王吏|亜王李|亜王梨|亜王理|亜王莉|亜王里|亜緒梨|亜織|安織|愛織|明朝李|杏緒里|沙織|碧利|碧吏|碧李|碧梨|碧理|碧璃|碧生理|碧莉|碧里|碧麗|翠利|翠吏|翠李|翠梨|翠理|翠璃|翠莉|翠里|翠麗|華百|葵理|蒼利|蒼吏|蒼李|蒼梨|蒼理|蒼璃|蒼莉|蒼里|蒼麗|藍梨|青利|青吏|青李|青梨|青理|青璃|青莉|青裡|青里|青麗	given-name-dictionary
おりえ	おりえ|おり惠|おり江|おり絵|オリエ|乙梨惠|乙里枝|央梨恵|央理絵|央莉絵|央里恵|央里絵|小梨絵|小里恵|小里絵|居依|居恵|折恵|折枝|折江|折絵|桜莉絵|桜里恵|緒利恵|緒利絵|緒梨恵|緒梨絵|緒理恵|緒理江|緒理絵|緒里恵|緒里映|緒里枝|緒里江|緒里絵|繊枝|織亜|織会|織依|織恵|織愛|織慧|織映|織枝|織栄|織梨恵|織永|織江|織瑛|織生|織絵|織英|織衛|織衣|織重|麻里江	given-name-dictionary
みすず	みすず|ミスズ|三壽壽|三寿々|三寿穂|三涼|三紗|三鈴|光涼|光鈴|味鈴|夢紗|実寿寿|実寿珠|実珠々|実鈴|己鈴|弥鈴|御鈴|微寿々|心涼|心鈴|望鈴|未凉|未紗|未鈴|水涼|海鈴|深寿瑞|深鈴|満涼|珠涼|生紗|生鈴|真鈴|美すず|美十鈴|美壽々|美寿々|美寿寿|美寿珠|美涼|美玲|美珠々|美珠寿|美穂々|美紗|美素壽|美鈴|美錫|美須寿|観鈴|誠涼|鑾子|雅涼|魅涼	given-name-dictionary
りおん	りおん|凛弓|凛温|凛音|凜媛|凜音|利温|吏温|吏音|季音|崚温|律音|李恩|李穏|李苑|李音|栞音|梨央夢|梨媛|梨恩|梨温|梨穏|梨緒|梨音|涼穏|涼音|理園|理御|理恩|理温|理苑|理遠|理音|琉恩|琳音|璃恩|璃穏|璃苑|璃音|良音|莉恩|莉温|莉穏|莉苑|莉音|諒音|里乙音|里桜|里温|里穏|里音|鈴恩|鈴音|陸恩|麗温|麗音	given-name-dictionary
るかこ	るか子|婁伽子|婁佳子|婁加子|婁夏子|婁果子|婁歌子|婁花子|婁華子|婁香子|屡伽子|屡佳子|屡加子|屡夏子|屡果子|屡歌子|屡花子|屡華子|屡香子|流伽子|流佳子|流加子|流夏子|流果子|流歌子|流花子|流華子|流香子|琉伽子|琉佳子|琉加子|琉夏子|琉果子|琉歌子|琉花子|琉華子|琉香子|瑠伽子|瑠佳子|瑠加子|瑠圭子|瑠夏子|瑠果子|瑠歌子|瑠花子|瑠華子|瑠香子|留伽子|留佳子|留加子|留夏子|留果子|留歌子|留花子|留華子|留香子	given-name-dictionary
こうよう	光容|光暘|光曜|光洋|光瑶|光羊|公庸|向陽|孔陽|孝庸|孝洋|孝陽|宏曜|幸洋|広陽|康容|康洋|康陽|廣耀|弘容|弘楊|弘洋|弘祥|弘陽|恍陽|恒庸|恒洋|恒陽|昊葉|晃洋|晃瑶|晃耀|晃陽|晧洋|江陽|洸洋|浩揚|浩洋|浩陽|滉陽|皓瑶|紅洋|紅葉|紅陽|紘庸|紘洋|考陽|耕洋|耕陽|耿陽|航洋|虹羊|行洋|高揚|高陽|黄洋	given-name-dictionary
まさたけ	仁武|倭武|允武|全建|匡毅|将丈|将剛|将威|将岳|将豪|将赳|將壯|征武|政丈|政剛|政岳|政武|政猛|昌丈|昌士|昌威|昌岳|昌武|正丈|正健|正剛|正威|正孟|正尚|正岳|正建|正強|正桓|正武|正毅|正猛|正竜|正竹|正豪|正長|正馬|真丈|真健|真武|誠丈|誠武|雅丈|雅健|雅剛|雅勇|雅大|雅威|雅岳|雅武|雅毅|雅猛	given-name-dictionary
きんいちろう	公一郎|均一朗|均一郎|均壱朗|均壱郎|均市朗|均市郎|巾一朗|巾一郎|巾壱朗|巾壱郎|巾市朗|巾市郎|斤一朗|斤一郎|斤壱朗|斤壱郎|斤市朗|斤市郎|欣一朗|欣一郎|欣壱朗|欣壱郎|欣市朗|欣市郎|欽一朗|欽一郎|欽壱朗|欽壱郎|欽市朗|欽市郎|琴一朗|琴一郎|琴壱朗|琴壱郎|琴市朗|琴市郎|謹一朗|謹一郎|謹壱朗|謹壱郎|謹市朗|謹市郎|金一朗|金一郎|金壱朗|金壱郎|金市朗|金市郎|鈎一郎|錦一朗|錦一郎|錦壱朗|錦壱郎|錦市朗|錦市郎	given-name-dictionary
かこ	かこ|か子|カコ|カ子|介子|伽子|佳古|佳子|佳湖|佳香|佳鼓|克子|加子|可子|叶子|和湖|和美|喜子|嘉子|嘉湖|圭子|夏呼|夏子|夏湖|夏虹|奏心|家子|日子|果子|果瑚|架児|架子|桂子|歌子|火呼|火子|科子|花子|花心|花恋|花胡|花虹|華子|華恋|華湖|華誇|華順|華香|賀子|霞子|風湖|香子|香湖|馨子|鹿子	given-name-dictionary
みち	みち|ミち|ミチ|三千|三智|三知|享|信|倫|充|典|史智|味千|宝|実千|実地|実智|実知|実詩|実路|導|巳智|巳知|廸|径|慶|成|方|未地|未知|未薙|海地|海智|海知|海稚|深智|満智|満知|理|益千|美千|美地|美智|美知|美致|美路|至|見知|請|路|迪|途|通|道|都智	given-name-dictionary
あづさ	あづさ|あづ左|あづ紗|亜土紗|亜寿沙|亜杏沙|亜津佐|亜津咲|亜津左|亜津早|亜津沙|亜津砂|亜津紗|亜翼沙|亜都咲|亜都沙|亜都砂|亜都紗|亜都茶|亜鶴沙|亜鶴紗|安津咲|安津紗|彩津咲|愛彩|愛月沙|愛津佐|愛都咲|愛都沙|敦彩|明都佐|明都咲|有|有津佐|有津沙|有端沙|杏摘咲|杏月彩|杏津沙|杏都彩|杏都沙|東紗|梓|梓咲|梓沙|梓紗|淳紗|温桜|篤作|篤沙|阿津沙|阿津砂|阿津紗|麻津彩|麻津沙	given-name-dictionary
いづみ	いづみ|いづ実|いづ水|いづ美|一水|一泉|乙水|五実|五美|以津み|以津美|以積|以鶴実|以鶴美|伊寿美|伊摘|伊津実|伊津海|伊津美|伊珠美|伊豆美|伊都美|位津美|依津実|依津實|依津美|依珠実|依珠美|依積|偉津美|出実|出海|出美|和泉|寧|愛美|慈美|泉|泉実|泉怜|泉未|泉水|泉海|泉美|碧水|稲積|維積|維都実|苺摘|衣摘|衣津美|衣澄|衣純|衣都実|衣都美	given-name-dictionary
さえり	さえり|三衿|佐恵里|佐江理|佐絵里|佐衣理|冴倫|冴凜|冴利|冴李|冴梨|冴理|冴莉|冴衣梨|冴里|咲恵利|咲枝里|妙恵理|小恵理|小枝里|小衣里|左枝里|彩映理|彩江里|彩絵里|彩衣里|彩里|早恵里|早絵里|早衿|朗吏|桜依里|桜英里|沙恵理|沙恵莉|沙恵里|沙映理|沙柄里|沙栄里|沙絵梨|沙絵里|沙衣里|沙衿|沢恵里|爽枝里|砂絵里|紗恵梨|紗恵理|紗恵里|紗枝梨|紗江梨|紗江里|紗絵里|紗衣里|紗衿	given-name-dictionary
しほみ	しほみ|しほ実|しほ美|信保実|信保美|信歩実|信歩美|信穂実|信穂美|史保実|史保美|史帆未|史穂未|史穂美|司帆実|司帆美|姿保実|姿保美|姿帆美|市穂美|志保実|志保美|志帆実|志帆美|志歩実|志歩美|志浦弥|志穂弥|志穂瑞|志穂美|志穗美|志芳美|志萌好|志豊美|旨保美|旨帆美|枝穂美|梓穂美|椎穂実|汐穂美|汐美|漬保美|潮満|糸保美|糸穂実|紫保実|紫保美|紫布美|紫歩未|詩保美|詩帆実|詩帆生|詩帆美|詩歩美|詩穂美	given-name-dictionary
すみお	住夫|住生|住男|住雄|壽美男|壽美雄|寛夫|寿三郎|寿実緒|寿巳男|寿美夫|寿美生|寿美男|寿美緒|寿美雄|寿見雄|寿雄|州美男|整生|淳夫|淳生|清夫|清生|清男|清雄|済夫|済雄|澄夫|澄央|澄朗|澄生|澄男|澄緒|澄郎|澄雄|瑞夫|稜男|紀夫|純夫|純央|純巨|純朗|純生|純男|純穂|純緒|純臣|純郎|純雄|角夫|角尾|角男|速雄|須実男|須美雄	given-name-dictionary
のりみ	乃梨美|乃理実|乃理美|乃美|乃里美|乗三|仁美|仙美|令望|伯己|倫実|倫己|倫未|典実|典己|典美|典見|則実|則美|功美|孝美|宜美|宣容|宣海|宣美|律美|徳美|憲実|憲美|教美|敬美|文美|永美|法実|法弥|法彌|法海|法美|法身|知巳|礼美|章甫|範美|紀実|紀文|紀未|紀美|統美|緑美|規|規実|規毎|規美|野里実|野里美	given-name-dictionary
みおり	みおり|光於莉|光織|実央李|実央梨|実央莉|実央里|実桜里|実生利|実緒理|実織|実音梨|巳織|弥緒莉|弥織|心織|望栞|未央里|未尾梨|未桜里|未織|未音里|水織|水織里|海央凛|海織|海織里|深織|澪季|澪梨|澪理|澪璃|澪織|澪莉|澪里|珠緒里|瑞音鈴|美央梨|美央莉|美央里|美於里|美桜梨|美桜里|美生利|美祈|美緒梨|美緒理|美緒里|美織|美織里|美衣里|美音莉|美音鈴|美麻里|魅織	given-name-dictionary
やすよ	やすよ|やす世|やす代|ヤスヨ|保与|保世|保予|保代|保四|億代|八寿代|勉代|史代|奏世|安世|安代|宴世|宴代|寧世|寧代|康世|康予|康代|康夜|康寿|康葉|弥須代|恭世|恭代|恵代|惠予|愛代|愛葉|慈代|易代|晏世|泰与|泰世|泰代|泰葉|済世|温代|祥代|穏世|綏代|育世|育代|裕世|裕代|誉代|郁世|靖世|靖予|靖代|順代	given-name-dictionary
よしひと	仁人|伊人|住人|佳人|佳仁|俶士|克人|功人|可人|吉人|吉仁|吉士|善人|善仁|喜人|喜仁|喜史|嘉人|嘉仁|圭仁|好人|好仁|好志人|孔士|宜仁|宜士|宣仁|巧仁|幸史|彬仁|快人|恵史|愛仁|慶人|慶仁|敬人|淑人|淑仁|理史|由人|由仁|祥人|禎仁|福仁|称仁|美人|義一|義人|義仁|能仁|能史|良人|良仁|芳人|芳仁	given-name-dictionary
きんごろう	均五朗|均五郎|均伍朗|均伍郎|均吾朗|均吾郎|巾五朗|巾五郎|巾伍朗|巾伍郎|巾吾朗|巾吾郎|斤五朗|斤五郎|斤伍朗|斤伍郎|斤吾朗|斤吾郎|欣五朗|欣五郎|欣伍朗|欣伍郎|欣吾朗|欣吾郎|欽五朗|欽五郎|欽伍朗|欽伍郎|欽吾朗|欽吾郎|琴五朗|琴五郎|琴伍朗|琴伍郎|琴吾朗|琴吾郎|謹五朗|謹五郎|謹伍朗|謹伍郎|謹吾朗|謹吾郎|金五朗|金五郎|金伍朗|金伍郎|金吾朗|金吾郎|金語楼|錦五朗|錦五郎|錦伍朗|錦伍郎|錦吾朗|錦吾郎	given-name-dictionary
かいいちろう	介一朗|介一郎|介壱朗|介壱郎|介市朗|介市郎|会一朗|会一郎|会壱朗|会壱郎|会市朗|会市郎|偕一郎|外賚|外輜|快一朗|快一郎|快壱朗|快壱郎|快市朗|快市郎|海一朗|海一郎|海壱朗|海壱郎|海市朗|海市郎|界一朗|界一郎|界壱朗|界壱郎|界市朗|界市郎|皆一朗|皆一郎|皆壱朗|皆壱郎|皆市朗|皆市郎|絵一郎|芥一朗|芥一郎|芥壱朗|芥壱郎|芥市朗|芥市郎|鎧塹|開一朗|開一郎|開壱朗|開壱郎|開市朗|開市郎|階一郎|魁一郎	given-name-dictionary
しお	シオ|信緒|史央|史桜|史生|史緒|史雄|司央|四雄|塩|士央|子緒|子麻|心和|心生|志保|志央|志桜|志生|志緒|志織|志雄|志音|志麻|思於|梓央|梓緒|汐|汐桜|沙央|清央|潮|糸央|糸緒|紙桜|紫央|紫王|紫生|紫穂|紫緒|紫花|至央|至桜|視央|詩央|詩桜|詩欧|詩生|詩緒|詩音|詩麻|誌央|誌桜|資生	given-name-dictionary
みこ	みこ|み子|ミコ|ミ子|三子|三湖|光心|光来|光鼓|壬娘|実子|実心|実湖|実瑚|実虹|実鼓|巫女|弥子|御|御子|心鼓|望子|望心|未子|未孔|未孤|未己|未来|海光|海心|海衣|深紅|満湖|皇子|神女|神子|美児|美妃|美子|美己|美帆子|美心|美恋|美湖|美瑚|美虎|美虹|美鼓|見子|誠子|魅呼|魅姑|魅子|魅恋	given-name-dictionary
えつみ	会摘|恵摘|恵津実|恵津美|恵津見|恵都未|恵都美|悦実|悦己|悦巳|悦未|悦水|悦美|悦規|愛摘|愛津未|愛津水|愛津美|愛都三|愛都実|愛都未|愛都水|愛都美|愛都見|枝摘|枝津三|枝津未|枝津水|枝津美|枝津見|枝都実|枝都未|枝都水|枝都美|江津未|江津美|江津見|江都実|江都美|江都見|笑摘|絵摘|絵津未|絵津水|絵津美|絵都三|絵都未|絵都水|絵都美|絵都見|詠津美|謁美|越未|越美	given-name-dictionary
さいか	サイカ|作以加|咲花|咲華|哉佳|哉果|宰加|宰花|宰香|幸香|彩|彩佳|彩偉可|彩加|彩可|彩嘉|彩夏|彩果|彩栞|彩楓|彩歌|彩花|彩華|彩郁|彩霞|彩風|彩香|才佳|才加|才花|才華|採歌|最下|柴火|沙依果|沙依華|沙衣加|砕花|紗以香|紗衣佳|紗衣香|細香|菜可|菜夏|菜海|菜花|菜香|釆香|采加|采嘉|采夏|采果|采花|采香	given-name-dictionary
つねお	ツネオ|世雄|典夫|典生|典男|典雄|凡夫|宣夫|實雄|常夫|常朗|常生|常男|常雄|幹夫|幹雄|庸和|庸夫|庸央|庸生|庸男|庸臣|庸郎|庸雄|式生|律夫|恒勇|恒夫|恒央|恒応|恒朗|恒王|恒生|恒男|恒緒|恒郎|恒雄|法郎|玄雄|祥男|秩夫|経夫|経旺|経生|経男|経郎|経雄|統男|職男|英生|通年雄|道夫|雅夫|雅男	given-name-dictionary
のりひこ	中彦|仁彦|仙彦|伯彦|位彦|倫彦|儀彦|典彦|典比古|則彦|則比古|功彦|勲彦|周彦|哲彦|孝彦|宜彦|宣彦|式彦|徳彦|憲彦|憲比古|成彦|教人|教彦|敬彦|文彦|方彦|昇彦|智彦|格彦|法彦|猷彦|矩彦|礼彦|祝彦|範彦|紀弥|紀彦|紀比古|紀比古典彦|経彦|考彦|至彦|規彦|言彦|訓彦|詔彦|詞彦|賀彦|賢彦|野理彦|鑑彦|順彦	given-name-dictionary
いお	いお|イオ|五百|以緒|伊央|伊旺|伊桜|伊欧|伊生|伊緒|伊織|伊音|依央|依旺|依桜|依生|依皇|依緒|依雄|偉旺|偉雄|凛音|唯央|唯桜|唯緒|夷緒|威恩|寅臣|惟央|惟於|惟旺|惟欧|惟緒|意央|李苑|水|泉央|糸央|維央|維於|維旺|維生|維皇|良桜|萎緒|衣央|衣桜|衣王|衣穂|衣緒|衣織|衣音|音桜	given-name-dictionary
うみ	うみ|一海|優心|優深|優珠|兎美|卯実|卯海|卯美|右実|右美|夕海|宇宙|宇実|宇弥|宇未|宇末|宇海|宇美|宇見|布美|愛海|有巳|有海|有笑|有美|洋|海|海心|海愛|海未|海水|海波|海深|海美|海音|湖|烏美|生美|碧珠|美海|羽心|羽望|羽未|羽水|羽海|羽深|羽美|羽魅|蒼海|詩美|雨深|雨美	given-name-dictionary
みよ	みよ|ミヨ|三世|三代|光世|光陽|味代|味余|善代|妃世|実代|実與|実葉|実誉|己代|幹世|弥世|弥誉|御代|未世|未予|未代|未夜|未葉|民代|泉代|海世|海夜|深世|深代|深夜|現代|瑞代|百合子|美与|美世|美予|美仔|美代|美依|美夜|美容|美寿|美弥|美節|美與|美良|美葉|美陽|翠葉|自世|観世|鏡代	given-name-dictionary
あきね	あきね|亜季音|亜希祢|亮根|亮音|彬根|彬音|彰根|彰音|愛紀音|成音|旭根|旭音|昌希|昌根|明姉|明寧|明希|明希音|明根|明音|昭根|昭音|晃根|晃音|晟根|晟音|晶根|晶音|暁根|暁音|燦根|燦音|爽根|爽音|玲根|玲音|秋根|秋音|章根|章音|耀音|聡李|聡根|聡音|諒音|輝音|陽根|陽茜|陽鐘|陽音|顕根|顕音	given-name-dictionary
あゆき	あゆき|亜佑木|亜侑紀|亜倖|亜優希|亜友紀|亜友記|亜夢希|亜幸|亜由季|亜由紀|亜癒稀|亜雪|安由樹|愛倖|愛優希|愛幸|愛柚希|愛結貴|愛雪|明優葵|明雪|晏幸|有優気|杏倖|杏姫|歩伎|歩優祈|歩喜|歩姫|歩季|歩己|歩希|歩幾|歩来|歩樹|歩機|歩生|歩祈|歩稀|歩紀|歩綺|歩葵|歩記|歩貴|歩輝|渉希|舞結希|鮎姫|鮎季|鮎樹|鮎紀|鮎貴	given-name-dictionary
こはる	コハル|倖春|古春|呼春|和|好悠|子晴|子治|小春|小晴|小暖|小桜|小波瑠|小花|小遥|小陽|心悠|心春|心晴|心温|心花|心遥|心陽|恋春|木春|来春|来晴|来暖|来温|湖悠|湖春|湖暖|湖陽|琴温|瑚春|瑚花|瑚華|紅春|紅温|胡春|胡羽留|胡遥|虎春|虹春|虹晴|虹遥|虹陽|香春|香晴|香花|香遥|香陽|鼓晴	given-name-dictionary
しきこ	しき子|シキ子|信貴子|史基子|史希子|史木子|史樹子|史紀子|史記子|史貴子|司貴子|四季子|姿己子|姿槻子|姿貴子|子規子|市樹子|市紀子|式子|志き子|志喜子|志季子|志希子|志幾子|志木子|志樹子|志気子|志紀子|志記子|志貴子|志輝子|枝希子|梓季子|燭子|糸貴子|紫姫子|紫生子|紫葵子|織子|至支子|至紀子|至規子|色子|詩季子|詩希子|詩木子|詩樹子|詩紀子|詩綺子|詩記子|詩貴子|識子|錦子	given-name-dictionary
すなお	すなお|すな保|すな緒|中|侃|優|守奈夫|寸七翁|寸奈緒|寿名雄|寿奈央|寿奈桜|寿奈緒|忠|悌|悳|惇|想|愨|愿|是|朱奈愛|朱直|朴|沙奈緒|沙生|沙雄|沙鳴|淑|淳|淳夫|温|璞|直|直男|直音|砂夫|砂生|砂男|砂穂|砂緒|粋直|純|素|素奈緒|素直|素菜緒|良|透直|順|順夫|順生|須那雄	given-name-dictionary
すみよ	すみよ|すみ代|スミヨ|住世|住代|充代|壽代|好世|好代|姿美代|寿三代|寿世|寿代|寿充代|寿実代|寿巳代|寿未代|寿珠代|寿美世|寿美代|寿美依|崇美代|恭代|有代|淑代|淑誉|淳代|清代|澄世|澄代|澄未夜|澄葉|澄誉|珠実代|珠美代|純与|純世|純予|純代|純実代|純美代|純誉|素巳代|素美代|維代|聖美代|薫代|鈴美世|須代|須弥世|須弥代|須美世|須美代	given-name-dictionary
なおか	なお夏|なお香|修香|南保華|夏生風|夏音歌|奈丘|奈央佳|奈央加|奈央花|奈央香|奈岳|奈帆夏|奈桜佳|奈桜花|奈穂佳|奈緒佳|奈緒嘉|奈緒歌|奈緒香|実花|尚伽|尚佳|尚加|尚夏|尚果|尚桂|尚花|尚華|尚香|由佳|直佳|直加|直可|直嘉|直夏|直杏|直果|直歌|直花|直華|直香|直馨|真香|菜丘|菜央佳|菜央花|菜桜香|菜生佳|菜生歌|菜穂香|菜緒佳|順佳	given-name-dictionary
ひなの	ひなの|ひな乃|ひな野|ヒナノ|光望|光桜乃|妃七乃|妃奈乃|妃奈扇|妃菜乃|妃菜暖|妃那乃|姫乃|姫奈乃|姫菜|姫菜乃|日南乃|日向野|日奈乃|日奈希|日奈野|日波乃|日苗乃|日菜|日菜乃|日菜野|日那乃|桧那乃|比奈望|比菜乃|比那乃|氷菜乃|灯奈乃|灯那望|燈那乃|碧七|秀奈乃|緋奈乃|緋菜乃|陽南乃|陽南野|陽向野|陽和|陽夏乃|陽奈乃|陽暖|陽納乃|陽菜乃|陽菜野|雛|雛乃|飛南乃|飛奈乃	given-name-dictionary
ひろよ	ひろよ|ひろ代|仁代|優与|公代|博世|博代|啓世|啓予|啓代|啓誉|大代|宇代|宏世|宏予|宏代|宏容|宙夜|容世|容代|寛世|寛代|尋代|広世|広代|広誉|廣代|弘与|弘世|弘予|弘代|弘淑|拓代|拡与|旬余|普世|比呂世|泰世|泰代|洋与|洋世|洋代|浩世|浩予|浩代|皓夜|祐代|祥代|紘与|紘世|紘代|裕世|裕代	given-name-dictionary
まさじ	まさ路|優治|允二|全司|勝司|匡侍|匡司|匡治|将二|将司|征二|征司|征治|応二|政二|政史|政司|政嗣|政次|政治|政知|昌二|昌史|昌司|昌嗣|昌慈|昌次|昌治|昭司|柾次|正二|正司|正士|正次|正治|正滋|正路|満三寿|理司|眞至|真砂二|祐治|董次|誠司|雅二|雅史|雅司|雅嗣|雅實|雅次|雅治|雅示|雅路	given-name-dictionary
みきえ	みきえ|みき恵|みき枝|みき江|三己枝|三木枝|三樹恵|三紀江|光記枝|光輝枝|実基江|実姫恵|実希江|実枝|実規江|幹依|幹恵|幹枝|幹江|幹絵|幹衛|弥葵枝|未喜江|未希絵|未来恵|未来惠|樹依|深喜重|美喜恵|美喜枝|美喜江|美喜絵|美姫恵|美季枝|美季江|美季絵|美希恵|美希枝|美希栄|美希江|美希絵|美希衣|美樹江|美紀恵|美紀枝|美紀江|美紀絵|美記恵|美貴恵|美貴江|美貴絵|美起枝|美起栄	given-name-dictionary
いよ	いよ|イヨ|一世|五代|井代|亥代|以世|以予|以代|以夜|伊与|伊世|伊予|伊代|伊余|伊要|伊陽|依与|依世|依予|依代|偉世|偉代|唯世|唯代|壱与|壱予|壹与|委世|委予|委代|弥|惟世|惟予|惟代|惟依|惟誉|意世|意予|意代|易代|森|為世|生代|維世|維予|維代|衣与|衣世|衣予|衣代|衣葉	given-name-dictionary
ちほ	ちほ|チホ|七保|千保|千凡|千宝|千布|千帆|千星|千昴|千朋|千歩|千浦|千甫|千穂|千穗|千芳|千萌|千補|地歩|志湖|智保|智布|智帆|智歩|智畝|智皓|智穂|智穗|智豊|直扶|直穂|知保|知峰|知布|知帆|知朋|知歩|知法|知甫|知畝|知秀|知穂|知穗|知芳|稚保|稚布|稚帆|稚歩|稚穂|茅穂|路浦	given-name-dictionary
いつお	一夫|一生|一緒|一雄|乙夫|乙生|乙郎|五夫|五峰|五月生|五月男|五月雄|五津雄|五生|五男|五雄|伊津夫|伊津生|伊津男|伊津雄|伊都夫|伊都生|伊都男|伊都雄|伍夫|勉雄|厳夫|厳男|厳雄|壱雄|威夫|威津雄|巌夫|敬雄|溢夫|溢男|稜威夫|稜威男|稜威雄|聿男|聿雄|逸夫|逸央|逸旺|逸朗|逸生|逸男|逸穂|逸郎|逸雄|郁男|鎰尾	given-name-dictionary
ことり	ことり|冴都里|古度里|古登里|古都梨|古都理|古都里|古鳥|呼都吏|寿璃|寿登里|小冬凜|小桃里|小登利|小登吏|小都里|小酉|小鳥|幸鳥|心灯梨|心鳥|恋鳥|殊莉|殊里|湖十里|湖都里|湖鳥|琴俊里|琴凛|琴利|琴怜|琴梨|琴理|琴璃|琴織|琴莉|琴里|異理|胡登利|舌登里|虹鳥|言吏|言理|言璃|言莉|采莉|香十莉|香都里|鼓取|鼓都里|鼓音鈴|鼓鳥	given-name-dictionary
さなみ	さなみ|佐南|佐奈三|佐奈弥|佐奈美|佐波|咲南心|実実|小奈未|小奈美|小波|小浪|小菜美|左波|彩奈実|彩波|抄波|早奈海|早奈美|早波|早苗実|早苗美|早菜実|早菜巳|早那美|沙南|沙夏美|沙奈美|沙波|沙渚峰|沙菜実|沙那美|皐波|眞見|真実|真未|真珠|砂南|砂奈美|砂波|紗七美|紗南|紗南美|紗名美|紗奈南|紗奈未|紗奈美|紗波|紗波南|紗菜美|紗那美|裟波	given-name-dictionary
しいな	しいな|しい奈|史衣奈|吉寺菜|巳衣奈|幸花|志伊奈|志依奈|志奈|志稲|志衣奈|志衣菜|思惟奈|思意奈|新菜|枝衣奈|枝衣菜|梓奈|梓那|椎|椎名|椎奈|椎汝|椎苗|椎菜|椎那|沙菜|海七|海奈|海花|紫唯菜|紫夏|紫奈|紫異菜|紫稲|紫衣名|紫衣奈|織依菜|詞菜|詩似菜|詩依菜|詩夏|詩奈|詩愛|詩渚|詩花|詩菜|詩衣菜|詩衣那|詩那|誌奈|静菜	given-name-dictionary
みちひろ	三千弘|修博|倫洋|充宏|充弘|充洋|実智博|導博|治博|理博|盈宏|真弘|美智宏|美智弘|美知宏|美知尋|融弘|裕宏|裕広|路洋|迪宏|迪広|途宏|通仁|通公|通博|通啓|通大|通宏|通広|通弘|通恕|通洋|通浩|通煕|通簡|通裕|道博|道啓|道大|道宏|道寛|道広|道廣|道弘|道拡|道洋|道浩|道祐|道紘|道裕|道陽	given-name-dictionary
しゅんすけ	俊亮|俊介|俊佑|俊典|俊助|俊右|俊喜|俊将|俊甫|俊督|俊祐|俊裕|俊資|俊賛|俊輔|峻亮|峻介|峻佑|峻典|峻祐|峻資|峻輔|悛輔|春介|春祐|春輔|浚補|瞬亮|瞬介|瞬輔|竣介|舜介|舜友|舜右|諄輔|隼亮|隼介|隼佑|隼典|隼助|隼祐|隼輔|雋祐|駿亮|駿介|駿佑|駿允|駿典|駿助|駿友|駿祐|駿輔	given-name-dictionary
しょうへい	勝平|匠平|升平|召平|唱平|商平|奨平|奬平|将兵|将平|將平|尚平|庄平|彰平|征平|憧平|承平|捷平|敞平|昇兵|昇平|昌兵|昌平|昭兵|昭平|晶平|松坪|松平|梢平|正平|渉平|渚平|照平|省平|祥兵|祥平|章平|章炳|笑瓶|笙平|紹平|翔平|聖平|肖平|荘平|菖平|詔平|詳平|象平|鐘平|韶平|頌平	given-name-dictionary
きほ	亀歩|公保|喜保|喜宝|喜歩|喜穂|如穂|妃保|妃歩|妃甫|妃豊|姫穂|季保|季帆|季歩|季穂|希保|希帆|希朋|希歩|希穂|希芳|希萌|来帆|樹穂|玖保|祈歩|祈穂|稀帆|紀保|紀帆|紀歩|紀穂|紀芳|綺歩|聖歩|葵星|葵穂|葵萌|記歩|貴保|貴帆|貴星|貴穂|起保|輝保|輝宝|輝星|輝歩|輝穂|黄帆	given-name-dictionary
みわ	みわ|み和|ミワ|三倭|三和|三葉|三輪|光和|光環|光羽|史和|味和|実倭|実和|実琶|実環|実輪|峯羽|巳和|弥和|心和|心羽|未和|末和|民和|水輪|泉羽|海和|海羽|深和|深羽|珠羽|神|美倭|美和|美巴|美波|美琶|美環|美生|美盤|美知|美羽|美若|美葉|美輪|翠和|見和|身和|鏡羽|魅和	given-name-dictionary
れみ	れみ|レミ|令実|令美|伶実|伶弥|伶澪|伶美|天瞳|廉海|怜実|怜弓|怜弥|怜未|怜美|恋実|恋水|恋海|恋美|澪美|玲史|玲実|玲巳|玲心|玲未|玲海|玲美|玲見|玲魅|礼実|礼水|礼深|礼美|練美|虹美|鈴望|鈴美|零未|零美|麗光|麗実|麗心|麗望|麗未|麗民|麗水|麗泉|麗海|麗美|黎海|黎美	given-name-dictionary
あんな	あんな|あん南|あん名|あん奈|あん菜|アンナ|アン那|亜杏菜|亞奈|妥奈|安也|安南|安名|安和|安奈|安娜|安寧|安捺|安杏|安菜|安那|庵那|愛和|愛夢南|愛那|晏南|晏名|晏奈|晏菜|晏那|杏乙|杏凪|杏南|杏名|杏和|杏夏|杏奈|杏妃|杏捺|杏梨|杏樹|杏汀|杏茄|杏菜|杏那|杏風|栞奈|案奈|案那|英奈|闇菜	given-name-dictionary
うきこ	ウキ子|卯季子|卯生子|卯貴子|右京子|右喜子|右季子|右希子|右木子|右樹子|右紀子|右記子|右貴子|宇企子|宇喜子|宇妃子|宇季子|宇希子|宇幹子|宇木子|宇樹子|宇紀子|宇記子|宇貴子|宇輝子|得喜子|得希子|憂喜子|憂子|憂季子|憂希子|憂木子|憂樹子|憂紀子|憂記子|憂貴子|有喜子|有季子|有希子|有幹子|有木子|有樹子|有生子|有紀子|有規子|有記子|有貴子|有輝子|浮子|羽季子|雨紀子	given-name-dictionary
かりな	かりな|カリナ|佳李那|佳理奈|佳里奈|佳鈴奈|佳麗奈|刈菜|加利奈|加理奈|加里奈|可李奈|可梨奈|可理奈|可莉奈|可里奈|夏梨奈|夏里七|夏里南|果理奈|果里菜|桂里奈|歌吏菜|歌梨納|歌莉奈|歌里那|海梨奈|花利奈|花吏奈|花梨奈|花梨菜|花莉菜|花里奈|茄里名|華利奈|華李奈|華梨奈|華梨菜|華理奈|華璃那|華莉奈|華里奈|風里奈|香利奈|香李奈|香梨奈|香理奈|香理菜|香莉菜|香里奈|香里菜	given-name-dictionary
くれあ	くれあ|クレア|久玲愛|久礼亜|久礼愛|久紅愛|久零愛|久麗亜|久麗愛|代何|來采|加愛|呉亜|夕空|夢彩|姫恋愛|暮亜|暮愛|来愛|来玲愛|来藍|澄色|玖怜愛|玖礼愛|玖蓮愛|玖麗亜|玖麗愛|空怜愛|紅亜|紅伶亜|紅嶺空|紅彩|紅恋亜|紅愛|紅有|紅杏|紅澪亜|紅碧|紅礼亜|紅礼杏|紅秋|紅葵|紅逢|紅鈴愛|紅音亜|紅麗亜|紅麗彩|紅麗愛|薫愛|薫玲亜|雨綾	given-name-dictionary
しこう	史光|史巧|史晃|史洸|史行|史郊|司弘|司頌|嗣光|嗣幸|嗣康|四幸|士弘|士行|士鴻|始更|子光|子耕|孜行|志光|志剛|志功|志孝|志宏|志巧|志紅|志耕|志行|志鋼|志香|志高|斯光|柿公|柿紅|氏亨|箕好|紫光|紫公|紫弘|紫晃|紫江|紫紅|紫虹|紫香|至孝|至宏|至康|至弘|芝光|芝香|詩紅	given-name-dictionary
ちとせ	ちとせ|ちと瀬|チトセ|千とせ|千と世|千世|千冬星|千利世|千勢|千勢登|千富泉|千寿|千年|千年星|千年生|千才|千斗世|千斗星|千斗瀬|千杜世|千桃生|千歳|千歳世|千歳勢|千淑|千燈世|千登世|千登勢|千登成|千登瀬|千登静|千秋|千都世|千都勢|千都瀬|智利世|智斗世|智歳|智登世|智登勢|智登生|智聖|智都世|知十世|知斗世|知歳|知登世|知等世|知都世|知都成|稚都世	given-name-dictionary
ふじお	ふじ央|不二夫|不二生|不二男|不二緒|不二郎|不二雄|不志夫|不次男|不死男|二士夫|二士生|二士男|二士雄|冨二男|冨仁雄|冨士夫|冨士生|冨士男|冨士雄|冨次男|冨治夫|冨治男|夫次男|孚滋雄|富二夫|富二男|富士保|富士夫|富士朗|富士生|富士男|富士郎|富士雄|富志男|富志郎|富治夫|富治雄|布二男|文二夫|普二男|武仁夫|芙二夫|芙士男|藤夫|藤尾|藤朗|藤生|藤男|藤郎|藤雄	given-name-dictionary
ふゆか	二結花|冬佳|冬嘉|冬夏|冬果|冬柚香|冬楓|冬花|冬華|冬霞|冬風|冬香|凛加|富佑香|富有香|富柚歌|富由佳|富由華|富由香|富裕花|布優華|布友香|布夕佳|布有加|布由佳|布由華|布祐花|扶夕佳|扶有花|扶有香|扶由佳|楓優香|楓夕香|歩有花|歩由佳|歩由花|歩由香|歩祐香|生知|芙優香|芙夕夏|芙有香|芙由佳|芙由花|芙由香|芙結加|風優加|風優香|風友香|風夕花|風揺花	given-name-dictionary
まやこ	まや子|マヤコ|マヤ子|万哉子|万弥子|万矢子|万耶子|万野子|摩哉子|摩夜子|摩弥子|摩矢子|摩耶子|末矢子|末耶子|満也子|満哉子|眞也子|眞弥子|眞彌子|眞矢子|真也子|真弥子|真彩子|真矢|真矢子|真綾子|真耶子|真谷子|磨也子|磨弥子|磨耶子|舞弥子|舞矢子|舞耶子|舞野子|茉冶子|茉柳子|茉耶子|魔矢子|麻也子|麻伸子|麻哉子|麻妥子|麻弥古|麻弥子|麻矢子|麻耶子|麻谷子|麻那子|麿也子	given-name-dictionary
ゆきよ	ゆきよ|享与|享代|侑世|倖世|倖代|優喜与|千代|友希予|友希代|友紀代|夕希代|如代|幸与|幸世|幸世代|幸代|幸夜|幸良|志世|恭代|悠紀世|悠紀代|敏世|敬代|有希代|有紀代|有聖|柚希世|由代|由喜世|由喜代|由季代|由紀代|由紀麻|由聖|由記代|由貴代|章予|章代|紀代|結希代|行代|裕希代|裕貴代|透予|雪与|雪世|雪予|雪代|雪夜	given-name-dictionary
くにあき	久仁明|久仁昭|九爾明|国文|国明|国昭|国晃|国晶|国秋|国章|国詮|圀明|國明|國昭|國章|城将|城昭|州晃|晋明|有|有昭|訓昌|訓明|訓照|訓章|邦亮|邦光|邦哲|邦啓|邦央|邦彬|邦彰|邦旭|邦昌|邦明|邦昭|邦晃|邦晟|邦晶|邦暁|邦知|邦秋|邦章|邦謙|邦顕|郡晃|郡監|郡章|都明|都昭|都章	given-name-dictionary
のぶとし	亘俊|伸俊|伸利|伸季|伸寿|伸年|伸敏|伸淑|信俊|信利|信威|信寿|信年|信敏|信聡|信逸|信順|修敏|允俊|史了|喜俊|埜武寿|宣俊|宣利|宣年|宣敏|展俊|展利|展年|展敏|庸年|庸紀|延俊|延利|延季|延寿|延年|延敏|延歳|延稔|悦年|暢俊|暢勇|暢寿|暢年|暢敏|薫甫|誠健|長世|陣利|靖敏	given-name-dictionary
のりみち	中理|倫通|倫道|典理|典路|典道|則命|則迪|則通|則道|宣道|徳満|徳通|徳道|悟道|憲導|憲満|憲経|憲見智|憲路|憲通|憲道|教満|教道|敬道|昇道|智充|智通|永康|法導|法満|法道|知道|矩通|礼迪|範道|紀充|紀理|紀路|紀通|紀道|規充|規満|規路|規道|記庸|記迪|記通|記道|軌道|順道	given-name-dictionary
のりみつ	乃充|乗光|伯光|伯明|倫光|典充|典光|典克|典満|准光|則充|則光|則実|則満|功充|功光|史光|哲光|宣光|展光|律光|徳三|徳充|徳光|徳満|悟光|憲充|憲光|憲照|教充|教光|敬允|敬充|文光|法充|法光|法満|知光|矩光|章充|範充|範光|紀充|紀光|紀満|規充|規光|訓三|訓光|謙光|軌光	given-name-dictionary
きら	きら|伎来|光来|光楽|吉良|喜来|喜楽|姫星|姫来|姫羅|姫良|嬉来|季桜|季羅|希星|希来|希楽|希羅|希良|希麗|星|星愛|星輝|杞羅|樹良|清愛|煌|生裸|祈星|祈羅|祈良|稀蘭|綺來|綺愛|綺来|綺楽|綺羅|綺良|葵来|葵羅|葵良|貴楽|貴羅|輝|輝星|輝月|輝来|輝羅|雪花|雲母	given-name-dictionary
あづみ	あづみ|あづ実|あづ珠|あづ美|亜土美|亜寿美|亜摘|亜月美|亜泉|亜津実|亜津弥|亜津美|亜澄|亜積|亜紬|亜都美|亜鶴巳|吾津美|和津実|和津美|安曇|安津実|安津美|安海|安澄|安積|安積美|安鶴美|愛|愛摘|愛摘実|愛月心|愛泉|愛津実|愛津美|愛積|愛紬|昌未|明泉|杏実|杏摘|杏純|杏美|東帆|梓弓|梓未|梓美|秋津美|阿津実|阿津美	given-name-dictionary
ひさき	ひさき|久亀|久企|久喜|久城|久宜|久己|久希|久揮|久樹|久祈|久紀|久葵|久記|久貴|久起|久輝|央基|央樹|妃來|妃咲|妃希|姫咲|寿喜|寿姫|寿来|寿樹|寿紀|寿輝|尚希|尚毅|尚紀|尚記|悠生|日咲|日咲希|日紗希|永樹|百咲|緋先|緋咲|緋沙季|陽咲|陽咲希|陽咲生|陽岬|陽沙紀|陽沙葵|陽紗季|飛先	given-name-dictionary
ゆうひ	ゆうひ|ゆう飛|佑妃|佑姫|佑陽|佑飛|侑陽|優妃|優姫|優緋|優羽妃|優陽|優飛|勇海飛|勇飛|友陽|友飛|夕妃|夕姫|夕日|夕緋|夕陽|夕飛|悠妃|悠日|悠灯|悠燈|悠陽|悠飛|有妃|有斐|有日|有陽|湧日|湧陽|由妃|由有陽|百愛灯|祐妃|祐陽|祐飛|結妃|結姫|結灯|結飛|融比|遊飛|雄陽|雄飛|雅飛	given-name-dictionary
きのすけ	亀之助|喜之丞|喜之介|喜之佑|喜之助|喜之祐|喜之輔|季之丞|季之介|季之佑|季之助|季之祐|季之輔|己之助|希之丞|希之介|希之佑|希之助|希之祐|希之輔|木之丞|木之介|木之佑|木之助|木之祐|木之輔|樹之丞|樹之介|樹之佑|樹之助|樹之祐|樹之輔|紀之丞|紀之介|紀之佑|紀之助|紀之祐|紀之輔|記之丞|記之介|記之佑|記之助|記之祐|記之輔|貴之丞|貴之介|貴之佑|貴之助|貴之祐|貴之輔	given-name-dictionary
のぶやす	亘康|伸保|伸安|伸寧|伸康|伸恭|伸泰|伸育|伸靖|信保|信安|信康|信恭|信捷|信泰|信賢|信靖|修安|修康|円裕|喜康|宣保|宣安|宣康|宣恭|宣泰|展康|展靖|庸恭|庸靖|延安|延尉|延康|延泰|延靖|惟恭|愃保|敦康|敦靖|整鎮|昇康|晋康|暢保|暢安|暢康|暢恭|暢泰|申康|進康|靖康	given-name-dictionary
のりつぐ	乗承|伸次|倫嗣|倫承|典二|典亜|典司|典嗣|典次|則嗣|則次|則継|哲嗣|宗嗣|宜嗣|宣嗣|宣次|建次|式丞|徳告|徳嗣|悟次|慎諭|憲嗣|憲承|憲次|憲継|教倫|教嗣|敬嗣|敬貢|智嗣|智胤|法嗣|法承|法継|祈次|祝嗣|範序|範次|範継|範貢|紀二|紀嗣|紀次|行嗣|規次|訓嗣|謙承|頼二	given-name-dictionary
えいいちろう	叡一郎|影一朗|影一郎|影市朗|影市郎|恵一朗|映一朗|映一郎|映市朗|映市郎|暎一郎|栄一朗|栄一郎|栄壱郎|栄市朗|栄市郎|栄逸朗|榮一朗|榮一郎|榮市朗|榮市郎|永一朗|永一郎|永市朗|永市郎|泳一郎|瑛一朗|瑛一郎|瑛市朗|瑛市郎|瑩一郎|穎一郎|英一朗|英一郎|英市朗|英市郎|衛一朗|衛一良|衛一郎|衛市朗|衛市郎|詠一朗|詠一郎|詠市朗|詠市郎|鋭一朗|鋭一郎|鋭市朗|鋭市郎|頴一郎	given-name-dictionary
ありな	ありな|あり奈|亜利奈|亜利菜|亜吏奈|亜梨奈|亜理和|亜理奈|亜璃菜|亜莉奈|亜莉菜|亜莉那|亜里奈|亜里菜|亜鈴菜|亞里菜|光菜|可菜|唖璃菜|安理奈|安里奈|安里那|愛栞菜|愛梨名|愛梨菜|愛理奈|愛理菜|愛璃奈|愛莉奈|愛莉菜|愛里奈|愛里菜|明璃奈|明里和|明里奈|明里菜|有凪|有名|有奈|有理奈|有菜|有那|有里奈|有里菜|有銘|杏里菜|梓乃|葵鈴奈|麻莉奈	given-name-dictionary
そよか	そよか|そよ加|そよ花|そよ華|そよ風|そよ香|優風|奏与香|奏代花|奏良風|奏良香|奏葉風|微加|微風|微香|想与佳|想世花|想代佳|早世香|早代加|早葉香|早遥香|早陽花|楓香|爽与花|爽世風|爽世香|爽歌|爽海|爽瑶花|爽花|爽華|爽葉香|爽陽風|爽風|爽香|素世夏|素代佳|素代香|草葉香|風香|颯|颯伽|颯夏|颯歌|颯花|颯華|颯香|颯馨	given-name-dictionary
ふじこ	ふじ子|ふ志子|フジコ|フジ子|不二子|不死子|二三子|二二子|二士子|二子|冨士子|冬至子|夫自子|婦志子|婦時子|富二子|富仁子|富充子|富地子|富士后|富士子|富士実|富士湖|富士美|富志子|富智子|富次子|富治子|布史子|布志子|扶二子|扶史子|扶司子|扶志子|扶慈子|普思子|普至子|甫滋子|甫蒔子|籐子|芙二子|芙史子|芙士子|芙志子|芙慈子|芙路子|藤子|風信子|風神子	given-name-dictionary
みずほ	みずほ|みず帆|みず穂|夢穂|実寿穂|実津穂|実瑞穂|未寿穂|未津歩|水保|水寿穂|水帆|水穂|泉帆|泉穂|深図穂|淳|湖保|湖帆|湖穂|満粋逢|瑞|瑞保|瑞寿穂|瑞帆|瑞惠|瑞房|瑞星|瑞歩|瑞甫|瑞穂|瑞穗|瑞芳|瑞輔|穂|端穂|美寿帆|美寿穂|美樹歩|美津保|美津穂|美澄穂|美珠帆|美瑞穂|美翠穂|美都穂|美須穗|翠|萌都穂	given-name-dictionary
ゆうほ	ゆうほ|佑帆|佑穂|侑保|侑峯|侑歩|優保|優帆|優歩|優穂|勇星|勇歩|勇補|友歩|友穂|夕帆|夕慕|夕歩|夕穂|悠帆|悠星|悠歩|悠甫|悠穂|有帆|有朋|有歩|有甫|有穂|湧豊|由帆|由歩|由穂|祐帆|祐歩|祐穂|結帆|結穂|裕帆|裕歩|裕甫|裕穂|遊帆|遊歩|遊穂|雄保|雄帆|雄歩|雄甫	given-name-dictionary
ゆきほ	ゆきほ|ゆき穂|之歩|侑穂|侑紀保|倖歩|優姫歩|優歩|勤歩|友季帆|友希穂|夕季穂|夕貴穂|如穂|宥樹帆|幸保|幸帆|幸歩|幸甫|幸穂|幸萌|往歩|征帆|征穂|悠帆|悠希帆|悠来穂|悠紀保|愉希穂|由季穂|由希保|由希帆|由歩|由生穂|由紀穂|由葵帆|由葵穂|祐希保|祐希歩|祐希穂|薫穂|裕希保|起穂|起穗|雪帆|雪歩|雪畝|雪穂|雪蛍	given-name-dictionary
まさかつ	仁勝|傑将|全克|全功|公克|公力|剛勝|勝且|匡克|匡勝|将且|将克|将勝|將克|將勝|征克|征功|征勝|政克|政功|政勝|政遒|昌且|昌克|昌功|昌勝|暢克|正克|正功|正勝|正捷|正敢|正毅|正賢|理克|理勝|真克|真功|真勝|祐克|聖勝|聖賢|誠克|誠勝|賢克|雅且|雅健|雅克|雅勝	given-name-dictionary
かいじろう	介久朗|介久郎|介二朗|介二郎|介次郎|介赦|会久朗|会久郎|会二朗|会二郎|会赦|各麩|快久朗|快久郎|快二朗|快二郎|快赦|戒治郎|概從|海久朗|海久郎|海二朗|海二郎|海次郎|海治郎|海赦|界久朗|界久郎|界二朗|界二郎|界赦|皆久朗|皆久郎|皆二朗|皆二郎|皆赦|芥久朗|芥久郎|芥二朗|芥二郎|芥赦|開久朗|開久郎|開二朗|開二郎|開治郎|開赦|骸朗|骸郎	given-name-dictionary
わいちろう	倭一朗|倭一郎|倭壱朗|倭壱郎|倭市朗|倭市郎|吾一朗|吾一郎|吾壱朗|吾壱郎|吾市朗|吾市郎|和一朗|和一良|和一郎|和壱朗|和壱郎|和市朗|和市郎|我一朗|我一郎|我壱朗|我壱郎|我市朗|我市郎|環一朗|環一郎|環壱朗|環壱郎|環市朗|環市郎|羽一朗|羽一郎|羽壱朗|羽壱郎|羽市朗|羽市郎|話一朗|話一郎|話壱朗|話壱郎|話市朗|話市郎|輪一朗|輪一郎|輪壱朗|輪壱郎|輪市朗|輪市郎	given-name-dictionary
あり	あり|アリ|亜利|亜吏|亜李|亜梨|亜理|亜璃|亜莉|亜里|亜鈴|在|安利|安吏|安李|安梨|安理|安璃|安莉|安里|彩理|愛梨|愛理|愛里|明璃|明里|暁理|有|有利|有李|有梨|有理|有里|朱里|杏梨|杏里|生|蟻|阿利|阿吏|阿李|阿梨|阿理|阿璃|阿莉|阿里|雅麗|麻里	given-name-dictionary
きこ	キコ|几子|喜子|喜幸|妃子|妃恋|姫こ|姫子|姫心|姫木|嬉子|季子|季湖|岐子|希子|希来|希湖|幾子|暉子|木子|来子|桔香|樹子|樹湖|気子|気瑚|煕子|由紀子|祈子|稀子|紀子|紀己|紀胡|綺子|葵子|記子|貴子|起子|起香|輝倖|輝子|輝幸|輝心|輝虎|鬼子|鬼虎|麒子|黄子	given-name-dictionary
りま	りま|リマ|凛真|凛茉|凜万|凜真|凜舞|利茉|利麻|吏舞|李万|李愛|李真|李磨|李舞|李茉|李麻|梨万|梨愛|梨真|梨舞|梨茉|梨麻|玲万|玲麻|理万|理満|理真|理磨|理茉|理麻|琳麻|璃真|璃磨|璃舞|璃茉|璃麻|莉摩|莉真|莉舞|莉茉|莉麻|裡茉|里万|里真|里窓|里茉|里麻	given-name-dictionary
あつよ	あつよ|あつ依|亜津世|亜津代|亜都世|亜都代|修代|充世|充代|勝代|厚世|厚代|孝世|安津世|安津代|安都世|安都代|惇世|惇葉|敦世|敦予|敦代|昌|春代|晶代|淳世|淳予|淳代|淳容|渥世|温世|温代|温央|熱世|熱予|篤世|篤代|篤佳|諄世|諄代|貴代|農世|農代|醇代|阿津世|阿津代|阿都世|阿都代	given-name-dictionary
あまね	あまね|あま寧|亜周|亜弥|亜真音|亜麻子|亜麻音|周|周子|周寧|周音|和|天|天万音|天使|天子|天寧|天峰|天希|天望|天水音|天真音|天羽|天舞音|天茉音|天音|天麻音|弥|弥音|愛万音|愛峰|愛星|愛満音|愛真音|愛茉音|愛音|愛麻音|星音|普|海|海寧|海音|甘寧|象|遍|雨寧|雨嶺|雨音	given-name-dictionary
きくお	亀久夫|亀久男|亀久雄|喜久保|喜久夫|喜久生|喜久男|喜久郎|喜久雄|喜九男|奇区夫|季九夫|希久夫|希久央|希久生|希久男|希久雄|幾久男|幾久雄|掬雄|樹久生|紀久夫|紀久生|紀久男|紀久雄|紀玖夫|聴夫|菊夫|菊尾|菊生|菊男|菊緒|菊郎|菊雄|規久男|規久雄|規矩夫|規矩男|規矩郎|規矩雄|記久男|貴久夫|貴久生|貴久男|貴久雄|貴句男|起久雄|鬼九男	given-name-dictionary
しおみ	しおみ|しヲ美|史桜美|史緒実|史緒美|史美|四男美|塩美|心緒未|忍海|志保実|志保美|志央実|志央美|志小美|志尾美|志生海|志生美|志穂美|志緒実|志緒弥|志緒美|志麻美|思央美|思桜実|思桜美|支緒美|栞未|梓央美|汐弥|汐望|汐水|汐海|汐満|汐緒実|汐緒美|汐美|汐見|滋緒美|潮実|潮美|潮見|糸緒実|糸緒美|芝生美|詩央美|詩緒実|詩緒美	given-name-dictionary
ちよこ	ちよ子|チヨコ|チヨ子|千与子|千世子|千代子|千代江|千代美|千余子|千夜子|千容子|千恵子|千曜子|千洋子|千良子|千葉子|千要子|千誉子|千陽子|千麻子|地世子|地余子|智与子|智世子|智代子|智容子|智洋子|智羊子|智陽子|池羊子|治世子|治予子|治代子|知与子|知世子|知予子|知代子|知余子|知容子|知揚子|知生子|知與子|知良子|知葉子|知誉子|知預子|稚葉子|雉与子	given-name-dictionary
なおえ	七生|七百江|侃映|侃笑|修絵|名保恵|名男英|名緒江|奈保江|奈央恵|奈生絵|奈穂枝|奈緒恵|奈緒枝|奈緒江|実恵|尚恵|尚惠|尚枝|尚柄|尚栄|尚江|尚絵|尚英|尚衛|尚衣|有恵|楠穂枝|正恵|由恵|直兄|直営|直得|直恵|直惠|直愛|直慧|直枝|直栄|直江|直絵|直衛|直衣|矗江|菜央恵|菜穂恵|菜穂絵|那央衣	given-name-dictionary
なかこ	なか子|な可子|七香子|中子|仲子|南佳子|南日子|南耶子|南花子|南香子|名嘉子|名花子|名香子|和花子|夏香子|央子|奈佳子|奈加子|奈可子|奈嘉子|奈夏子|奈果子|奈歌子|奈火子|奈華子|奈賀子|奈郁子|奈香子|寧花子|寧馨子|心子|成佳子|睦子|祥子|納可子|菜夏子|菜日子|菜果子|菜花子|菜華子|菜香子|那佳子|那加子|那可子|那嘉子|那日子|那花子|那香子	given-name-dictionary
ひみこ	ひみこ|ひみ子|ヒミコ|一三子|光水子|公子|卑弥呼|卑弥子|妃実子|妃弥子|妃水子|妃美子|妃魅姑|妃魅子|姫巫女|姫美子|斐実子|斐美子|日実子|日巳子|日弥子|日御子|日未子|日海子|日満子|日珠子|日美子|日見子|日魅子|比美子|比見古|氷実子|氷水女|氷海子|氷美子|氷見子|火見子|火見胡|火魅子|灯望光|緋実子|緋巫女|緋弥子|緋美子|陽王子|陽美子|飛実子|飛未子	given-name-dictionary
まりも	まりも|マリモ|万梨萌|万理茂|万理萌|万璃母|万莉萌|万里穂|万里茂|万里萌|毬望|毬母|毬藻|毬裳|真利茂|真梨若|真理翔|真理茂|真理萌|真莉萌|真里茂|真里藻|茉利萌|茉梨望|茉梨萌|茉理茂|茉理萌|茉莉方|茉莉萌|茉里百|茉里茂|莉萌|鞠守|鞠望|鞠毛|鞠百|鞠萌|鞠藻|麻理若|麻理茂|麻理萌|麻璃萌|麻璃萠|麻莉萌|麻里百|麻里茂|麻里萌|麻鈴萌	given-name-dictionary
みなえ	みなえ|みな江|三奈恵|三奈枝|三奈江|三奈絵|三菜江|光奈江|南枝|南絵|実奈依|実奈枝|実奈衣|実苗|実那絵|巳奈江|心苗|未奈依|未奈恵|未菜恵|未菜江|未那江|水恵|水絵|水苗|海南江|海南絵|珠奈江|美名恵|美奈依|美奈恵|美奈愛|美奈枝|美奈栄|美奈江|美奈絵|美奈英|美奈衣|美奈重|美波恵|美生栄|美苗|美菜恵|美菜江|美那恵|美那枝|美那江|美那衣	given-name-dictionary
りりこ	りりこ|りり子|リリコ|リリ子|倫理子|凛々子|凛々瑚|凛里子|凜凜子|凜莉子|利々子|利凛子|利理子|利里子|律々子|李々子|李々恋|李吏子|李梨子|李里子|梨々子|梨梨子|梨理子|梨莉子|梨里子|理々子|理利子|理梨子|理理子|理莉子|理里子|璃々子|璃凜子|璃利子|璃梨子|璃理子|璃莉子|莉々子|莉梨子|莉理子|莉里子|莉鈴香|里々子|里利子|里吏子|里李子|里梨子|里里子	given-name-dictionary
かつゆき	且幸|且敬|且行|克之|克介|克侑|克如|克将|克幸|克征|克志|克敬|克晋|克歴|克由記|克礼|克至|克致|克行|克赴|克鵬|功之|功行|加津之|勉之|勝之|勝幸|勝征|勝文|勝普|勝至|勝行|勝通|勝道|勝雪|和幸|尅之|捷之|捷幸|捷行|活幸|詔之|賢孝|雄之|雄五|雄以|雄幸|雄行	given-name-dictionary
やえ	やえ|や江|ヤエ|也央|優笑|八恵|八愛|八映|八枝|八栄|八江|八絵|八英|八衣|八重|哉江|夜永|安江|弥依|弥央|弥恵|弥惠|弥映|弥枝|弥栄|弥榮|弥永|弥江|弥絵|弥英|弥衣|弥重|彌恵|彌栄|椰恵|矢恵|矢映|矢枝|耶依|耶恵|耶枝|耶絵|耶衣|野恵|野枝|野絵|野衣	given-name-dictionary
あみこ	あみこ|あみ子|アミコ|亜三子|亜光子|亜実子|亜巨子|亜巳子|亜弥子|亜未子|亜水子|亜海子|亜美子|亜見子|亜魅子|天深子|安三子|安光子|安実子|安巳子|安未子|安水子|安海子|安眉子|安美子|安見児|安見子|愛満子|愛美子|愛見子|明水子|曖海湖|有実香|有美香|網子|羅子|阿実子|阿巨子|阿巳子|阿弥子|阿未子|阿美子|阿見子|麻三子|麻実子|麻未子|麻美子	given-name-dictionary
あやは	あやは|あや葉|亜耶羽|史葉|彩巴|彩晴|彩波|彩羽|彩葉|彩遥|彪巴|彪波|彪羽|彪葉|彰葉|文巴|文波|文羽|文葉|斐巴|斐波|斐羽|斐葉|朱葉|礼巴|礼日|礼波|礼羽|礼葉|章葉|紋巴|紋波|紋羽|紋葉|絢巴|絢波|絢羽|絢葉|綾巴|綾波|綾羽|綾葉|色葉|采巴|采波|采羽|采葉	given-name-dictionary
かつじ	かつじ|一二|一次|一治|且嗣|且治|伽津二|佳津二|克之|克二|克仁|克児|克史|克司|克弥|克志|克次|克治|克爾|克自|克至|凱二|凱次|勝二|勝児|勝兒|勝司|勝地|勝士|勝寿|勝弐|勝次|勝治|勝爾|勝示|勝自|和司|和治|和津次|嘉寿|嘉都治|尅次|捷二|捷司|捷次|活治|轄二	given-name-dictionary
きくみ	きく実|きく水|きく美|キクミ|喜久実|喜久巳|喜久未|喜久美|喜久見|喜公実|喜公美|基久実|基久美|姫久実|姫久美|季久水|己公美|希久実|希久巳|希久美|希紅美|掬巳|掬水|木久美|紀久実|紀久美|菊実|菊水|菊美|菊見|葵久美|規久実|規久美|規公美|記久巳|記久美|記弘美|貴久実|貴久美|貴公実|貴公美|貴紅実|起久巳|起久美|輝空実|輝空美|鞠美	given-name-dictionary
けいき	佳喜|佳希|佳輝|啓喜|啓基|啓季|啓樹|啓毅|啓気|啓紀|啓記|啓貴|圭喜|圭基|圭希|圭樹|圭生|圭紀|圭規|恵紀|恵規|恵輝|慧亀|慧祈|慶喜|慶樹|慶紀|慶記|慶輝|敬喜|敬基|敬己|敬樹|敬規|敬記|敬貴|景樹|景毅|景紀|景輝|景麒|桂己|桂樹|桂輝|継輝|計記|鏡樹	given-name-dictionary
ことえ	ことえ|こと枝|こと江|コトエ|古都恵|古都愛|寿恵|寿枝|寿江|寿絵|巧枝|思絵|殊恵|殊枝|理恵|理江|琴|琴え|琴亜|琴得|琴恵|琴惠|琴愛|琴慧|琴映|琴枝|琴栄|琴永|琴江|琴絵|琴英|琴衣|琴詠|琴重|紀乃|紀恵|紀江|紀絵|言依|言恵|言枝|言栄|言榮|言江|言絵|言衣|語栄	given-name-dictionary
しほり	しほり|しほ里|信保里|信穂里|偲穂里|史保里|史帆理|史帆里|史歩里|史穂利|史穂里|士保理|志ほり|志保利|志保梨|志保理|志保里|志宝里|志帆梨|志帆理|志帆里|志桜里|志歩里|志穂利|志穂梨|志穂理|志穂里|支帆梨|梓歩里|汐凛|滋保里|糸穂里|紫保理|紫保里|紫帆里|紫穂吏|紫穂里|紫穗里|至穂理|至穂里|詩保利|詩保里|詩帆織|詩帆里|詩穂理|詩穂莉|詩穂里	given-name-dictionary
しまこ	しまこ|しま子|シマ子|信万子|信真子|信茉子|信麻子|偲万子|偲真子|偲茉子|偲麻子|只真子|史万子|史真子|史麻子|司真子|嗣摩子|嗣麻子|姿舞子|島子|嶋子|志ま子|志万子|志摩子|志満子|志滿子|志眞子|志真子|志磨子|志茉子|志間子|志馬子|志麻子|洲子|滋摩子|滋真子|紫万子|紫眞子|紫真子|紫磨子|紫麻子|縞子|至摩子|至真子|詩万子|詩真子|詩麻子	given-name-dictionary
すえこ	すえこ|すえ子|すへ子|す江子|スエコ|スエ子|主恵子|主愛子|周咲子|周永子|壽恵子|壽惠子|壽榮子|壽江子|季子|守永子|寿恵子|寿惠子|寿枝子|寿栄子|寿江子|寿笑子|寿絵子|寿衛子|寿重子|尊子|未子|末子|朱江子|村子|梢子|澄映子|澄笑子|秀咲子|素枝子|素笑子|素英子|陶子|靖子|須恵子|須惠子|須愛子|須枝子|須栄子|須江子|須笑子|須重子	given-name-dictionary
たかと	丘人|享人|卓登|喬都|天斗|孝人|孝斗|孝登|孝門|尊人|尊斗|尚人|尚登|岳人|峰人|峰登|峻人|峻斗|崇人|崇斗|崇登|嵩人|嵩斗|嵩都|敬人|昂人|昂士|理斗|稜人|考人|聖人|誉人|貴人|貴仁|貴戸|貴斗|貴登|貴翔|貴都|賢人|隆人|隆翔|雄人|駿斗|高人|高登|鷹登	given-name-dictionary
ちずこ	ちずこ|ちず子|チズ子|千ず子|千住子|千図子|千壽子|千寿子|千律子|千文子|千殊子|千津子|千珠子|千瑞子|千都子|千鈴子|千静子|千須子|千鶴子|地図子|智壽子|智寸子|智寿子|智律子|智殊子|智津子|智珠子|智瑞子|智都子|智頭子|池次子|珠子|知史子|知壽子|知寿子|知州子|知津子|知珠子|知瑞子|知都子|知鈴子|知須子|知鶴子|秩子|秩珠子|稚津子|稚珠子	given-name-dictionary
はるよ	はる代|ハルヨ|ハル代|久代|啓世|始代|巴瑠代|巴留世|恵代|明世|明代|明誉|春世|春代|春余|春四|春楊|春洋|春葉|春陽|時代|晃代|晏代|晴与|晴世|晴予|晴代|晴葉|暖代|東与|東世|東代|榛葉|治世|治予|治代|波留代|温世|温代|知代|美代|遥世|遥代|遼世|遼代|陽世|陽代	given-name-dictionary
ひろな	ヒロナ|優那|博奈|大南|大直|央奈|央那|宏凪|宏奈|宏菜|宙名|宙菜|寛奈|寛苗|尋凪|広奈|広成|広菜|廣奈|弘奈|弘菜|弘那|弥奈|拡奈|日路菜|普奈|比呂奈|泰和|洋凪|洋奈|洋菜|洋那|洸奈|洸那|浩奈|浩菜|熙奈|礼奈|祐奈|紘凪|紘奈|紘菜|絢奈|緩菜|裕奈|裕菜|鴻奈	given-name-dictionary
みいな	みいな|みい菜|ミイナ|三意奈|仁黎花|実以奈|実伊奈|実依奈|実依楠|実唯捺|実妃奈|実稲|実衣菜|実衣那|弥依奈|弥奈|弥稲|未依奈|未依菜|未唯奈|未唯菜|未維奈|未衣菜|水衣菜|海鳴|深衣奈|瑞依梨|美以奈|美伊奈|美依奈|美依菜|美唯奈|美唯捺|美唯菜|美奈|美妃奈|美稲|美維菜|美維那|美衣奈|美衣菜|美衣那|美雛|魅奈|魅菜|魅衣菜|魅那	given-name-dictionary
みつよ	みつ代|ミツヨ|万葉|三世|三代|三十代|三四|三津世|三津代|三都代|三鶴代|充世|充代|光世|光代|光余|光容|光月代|光津世|光津代|光葉|実都代|実鶴代|崇予|常世|弥代|御津代|恭代|映予|晃代|泉世|洸世|満代|満津代|満都代|潤代|美代|美津世|美津代|美都世|美都代|美鶴代|蜜与|蜜世|貢代|路予|魅津夜	given-name-dictionary
のぶひと	亘人|伸人|伸仁|伸史|信人|信仁|信均|修史|修士|啓人|啓仁|喜仁|宣人|宣仁|宣公|宣史|将人|将仁|将史|将士|展人|展仁|展史|庸史|庸士|延仁|延史|恒仁|惟人|惣仁|敦人|敦士|昇史|暢人|暢仁|永人|永倫|睦民|裕人|誠人|説史|述仁|進人|靖仁|順人|順仁|頌人	given-name-dictionary
まさみつ	優光|勝光|匡充|匡光|和光|孚光|将充|将光|将慎|将満|將光|征允|征光|征晃|成光|政充|政光|政満|斉三|昌三|昌充|昌光|昌満|正三|正允|正充|正光|正実|正満|正益|理充|理光|眞光|眞完|真允|真充|真光|祐充|聖光|誠光|誠晃|賢光|賢満|雅允|雅充|雅光|雅照	given-name-dictionary
りょうか	了加|了香|亮郁|凌佳|凌華|凛香|怜歌|怜花|旅羽香|椋夏|椋花|椋香|涼下|涼伽|涼佳|涼夏|涼歌|涼火|涼翔|涼花|涼華|涼風|涼香|燎火|燎香|玲香|瞭花|稜海|綾夏|綾栞|綾花|綾華|綾香|繚華|繚風|良佳|良戈|良香|菱夏|菱花|蓼花|諒佳|諒香|遼可|遼果|遼華|龍花	given-name-dictionary
しゅういちろう	住塹|修一朗|修一郎|修壱朗|修壱郎|修市朗|修市郎|収一郎|周一朗|周一郎|周壱朗|周壱郎|周市朗|周市郎|宗一良|宗一郎|就一郎|州一朗|州一郎|柊一郎|秀一朗|秀一郎|秀壱朗|秀壱郎|秀市朗|秀市郎|秋一朗|秋一郎|秋壱朗|秋壱郎|秋市朗|秋市郎|脩一朗|脩一郎|舟一郎|萩一朗|萩一郎|萩壱朗|萩壱郎|萩市朗|萩市郎|衆一郎|衆賚|衆輜|週一郎|酋壱郎|鷲一郎	given-name-dictionary
いく	いく|い久|イク|五九|井久|亥久|以久|以玖|伊久|伊宮|伊玖|伊紅|侑|依久|依玖|依空|唯空|委久|尹久|幾|惟久|惟玖|意空|活|活玖|燠|猪久|生|磯空|維久|維空|維紅|育|育玖|行|衣久|衣公|衣宮|衣玖|衣矩|衣紅|衣貢|言空|邦|郁|音空	given-name-dictionary
りあ	りあ|リア|光音|凛愛|凛杏|利亜|利会|利安|吏亜|吏吾|怜愛|悧空|李亜|李彩|李愛|李明|李杏|梨亜|梨唖|梨彩|梨愛|梨有|梨杏|梨粟|梨雨|涼愛|理亜|理愛|理有|理杏|琉亜|璃亜|璃亞|璃愛|璃杏|綸愛|莉亜|莉愛|莉文|莉朱|莉杏|賢亜|里亜|里彩|里愛|麗逢	given-name-dictionary
りよ	りよ|リヨ|凛世|凛夜|凛葉|凛蓉|凛遥|凛陽|利世|利予|利代|吏代|律予|李世|李代|李余|李依|李夜|李良|李葉|梨与|梨世|梨予|梨代|梨余|梨夜|理与|理世|理予|理代|理依|理蓉|理誉|琳世|琳夜|璃予|莉世|莉代|莉余|莉夜|里よ|里与|里予|里代|里夜|里好	given-name-dictionary
あいら	あいら|あい蘭|亜伊羅|亜依羅|亜依良|亜依藍|亜唯羅|亜威羅|亜衣羅|亜衣良|合良|姶良|彩良|彩衣良|彩衣蘭|愛ら|愛來|愛依良|愛偉良|愛咲|愛晃|愛来|愛桜|愛楽|愛樂|愛礼|愛等|愛羅|愛良|愛藍|愛蘭|愛衣蘭|愛裸|愛郁羅|曖良|有衣来|相良|藍来|藍楽|藍等|藍羅|藍良|藍蘭|逢來|逢羅|青衣良	given-name-dictionary
えりい	えりい|依梨衣|恵利依|恵利枝|恵利衣|恵梨衣|恵理衣|恵璃|恵莉|恵莉唯|恵莉衣|恵里衣|愛璃唯|愛里依|愛里衣|映里唯|枝理衣|枝里維|永理依|永里依|江梨以|江梨依|江莉衣|江里伊|江里衣|江麗以|瑛利唯|笑里慰|笑里衣|絵李衣|絵梨依|絵梨衣|絵理|絵理伊|絵理依|絵理衣|絵莉衣|絵里伊|絵里依|絵里衣|英里伊|衣里唯|衿衣|襟依|襟衣|詠李衣	given-name-dictionary
ここな	ここな|今来夏|優奈|古香奈|心々和|心々奈|心凪|心南|心和|心夏|心奈|心子奈|心寧|心愛|心渚|心絆|心花|心菜|心虹|心那|志菜|恋々南|恋々菜|恋夏|恋奈|恋心夏|恋恋凪|恋生|恋菜|想|想夏|木々那|湖々奈|湖々菜|琴々南|琴々奈|瑚々南|瑚々奈|瑚々渚|瑚夏|瑚小奈|紅々菜|虹々菜|虹来七|香鼓奈|鼓呼名	given-name-dictionary
ていじ	丁次|丁治|乕治|亭治|定二|定司|定次|定治|帝治|底司|庭史|廷治|悌之|悌二|悌司|悌嗣|悌弐|悌志|悌次|悌治|悌爾|提司|梯二|汀二|汀路|禎二|禎史|禎司|禎次|禎治|禎而|諦治|貞二|貞仁|貞司|貞士|貞巳|貞栄治|貞次|貞治|貞爾|逞次|逞治|錠治|鼎士|鼎次	given-name-dictionary
はつみ	はつみ|はつ味|はつ美|ハツミ|一美|二十三|二十美|八実|八美|初|初光|初味|初実|初實|初峰|初巳|初弥|初摘|初文|初未|初果|初津己|初津美|初海|初珠|初瑞|初生|初美|初見|始美|巴津実|巴津美|早美|春美|晴津美|果実|発身|白美|肇美|葉採|葉摘|葉摘美|葉津実|葉津美|葉都実|葉都美	given-name-dictionary
はづき	はづき|はづ希|八月|八津希|初喜|初季|初寿紀|初希|初月|初樹|初葵|初貴|巴月|巴都樹|映月|桂月|波希|波月|波津希|波都企|波都季|端月|美月|羽月|羽津嬉|羽津希|羽津来|羽津樹|羽都希|花月|花月記|菜月|華姫|華月|葉寿希|葉月|葉月葵|葉津希|葉津生|葉津紀|葉生|葉紀|葉都樹|葩月|葵月|覇月	given-name-dictionary
ひさと	ひさと|久|久人|久仁|久友|久斗|久登|久都|久里|久門|久隼|仙都|壽人|央人|妃智|妃里|姫里|学人|宣人|寿人|寿仁|寿体|寿刀|寿己|寿斗|寿杜|寿登|尚人|尚登|尚豊|弥里|悠人|日佐登|日里|栄人|桐人|比佐人|永人|永和|永都|灯郷|申人|紘里|緋郷|緋里|陽里	given-name-dictionary
ふゆみ	ふゆみ|不由実|不由美|二弓|二由美|二結実|冬実|冬望|冬未|冬海|冬深|冬美|富友美|富夕美|富弓|富有美|富由実|富由美|富裕美|寒未|布佑美|布弓|布由美|扶友美|扶弓|扶由美|柊美|楓友実|楓友美|楓有美|歩由実|芙佑美|芙弓|芙有美|芙柚実|芙柚美|芙柚魅|芙由実|芙由美|芙由視|芙裕美|風佑美|風優美|風友美|風唯海|風弓	given-name-dictionary
まゆな	まゆな|まゆ菜|万佑奈|万優奈|万友奈|万由菜|万由那|万結奈|優由奈|淆侑奈|満佑奈|満友奈|満結奈|眉奈|眉菜|真佑奈|真優奈|真優菜|真悠菜|真愛|真由奈|真由苗|真由菜|真祐奈|真結|真結奈|繭夏|繭奈|繭那|舞優名|舞由那|茉佑奈|茉優奈|茉夕奈|茉由奈|茉由那|雅唯那|麻佑奈|麻佑菜|麻優奈|麻優菜|麻友奈|麻唯菜|麻由奈|麻祐菜|麻結奈	given-name-dictionary
まりの	まりの|まり乃|万倫乃|万梨乃|万理乃|万莉乃|万里乃|万里野|摩理乃|摩里乃|毬乃|海乃|満理乃|眞梨乃|眞理乃|真凜乃|真合乃|真李乃|真梨乃|真理乃|真璃乃|真璃野|真莉乃|真里乃|真麗乃|磨里乃|舞梨乃|舞涼乃|舞涼希|舞里望|茉利乃|茉梨乃|茉莉乃|茉里乃|鞠乃|鞠望|魔莉乃|麗里乃|麻利乃|麻梨乃|麻梨希|麻浬乃|麻理乃|麻莉乃|麻里乃|麻里野	given-name-dictionary
ゆかな	ゆかな|侑叶|侑奏|優伽奈|優可奈|優哉|優奏|優果奈|優花菜|優華奈|優香奈|友加奈|友叶|友奏|友花奈|友香奈|友香梨|友香菜|唯奏|夕奏|夕花奈|夢叶|夢叶名|夢奏|夢花奈|夢適|幸奏|悠哉|悠奏|柚叶|柚奏|柚香菜|由佳菜|由加奈|由奏|由花菜|由香奈|癒花奈|祐香奈|結佳奈|結叶|結花菜|裕奏|裕香奈|遊奏|釉珂奈	given-name-dictionary
としふみ	丕文|亨文|享史|俊典|俊史|俊文|俊郁|利典|利史|利志文|利文|利郁|壽文|季史|季文|寿史|寿文|年史|念史|憲文|敏史|敏文|敬史|智史|智文|淑文|渡志文|理史|甫文|登志史|登志文|知志|稔史|稔文|稔章|稔郁|紀史|紀文|聡史|聡文|要文|賛史|載文|逸史|都士文|順文	given-name-dictionary
のぶひさ	乃久|亘久|亘桐|伸久|伸央|伸寿|伸尚|信久|信央|信寿|信尚|修久|修央|修尚|修文|喜久|宜久|宣久|宣壽|宣央|宣寿|宣桐|寛久|将久|将央|展久|展央|展尚|庸央|延久|延寿|延永|慶久|敦久|敦寿|敦桐|晋久|暢久|暢尚|裕久|誠久|誠寿|進久|靖久|靖尚|順久	given-name-dictionary
ひろとも	博友|博大|博智|啓公|啓友|啓智|啓知|大和|大智|大朋|宏倫|宏友|宏智|宏有|宏朋|宏朝|宏知|寛友|寛大|寛智|寛朋|寛知|広友|広智|広知|廣朋|弘友|弘智|弘朋|弘朝|弘知|弥智|悠智|敬友|泰智|洋友|洋智|浩智|浩朋|滉知|熙友|礼朝|裕丈|裕友|裕大|裕智	given-name-dictionary
ひろひさ	仁久|博久|博壽|博央|博尚|博永|啓久|啓央|啓寿|啓永|大久|大央|大寿|宏久|宏壽|宏寿|宏尚|寛久|寛尚|尋久|広久|広尚|廣久|弘久|弘尚|弘悠|拓久|敬久|模久|洋久|洋央|洋寿|洋長|浩久|浩央|浩寿|浩悠|浩永|皓久|碩久|紘久|絢央|裕久|裕壽|裕尚|裕永	given-name-dictionary
まさてる	修明|全輝|公央|公昭|勝輝|匡央|匡晃|匡輝|将光|将央|将晃|将照|将輝|征照|征輝|成央|政晃|政照|政輝|昌映|昌照|昌輝|晶光|正光|正哲|正映|正昶|正晃|正暉|正煥|正照|正瑛|正英|正輝|真光|真央|真照|真輝|聖晃|聖輝|誠光|賢輝|雄照|雅昭|雅照|雅輝	given-name-dictionary
じゅんじろう	凖二朗|凖二郎|凖赦|惇二朗|惇二郎|惇赦|旬二郎|殉二朗|殉二郎|殉赦|洵二朗|洵二郎|洵赦|淳二朗|淳二郎|淳次郎|淳赦|準二朗|準二郎|準次郎|準赦|潤二朗|潤二郎|潤司郎|潤次郎|潤治郎|潤赦|盾二郎|純二朗|純二郎|純次郎|純治郎|純赦|諄治郎|遵二朗|遵二郎|遵赦|隼二朗|隼二郎|隼赦|順二朗|順二郎|順次朗|順次郎|順治郎|順赦	given-name-dictionary
しえ	しえ|シエ|代志江|信絵|偲恵|偲笑|史依|史恵|史愛|史枝|史瑛|史絵|史衛|史衣|四枝|姿慧|志得|志恵|志映|志枝|志江|志笑|志絵|志衣|志重|思依|思枝|思絵|支絵|時懐|枝恵|梓枝|梓絵|梓衣|氏江|紫江|紫絵|紫衣|紫重|詩恵|詩瑛|詩笑|詩絵|詩英|詩衣	given-name-dictionary
にこ	にこ|に子|ニコ|ニ子|ニ胡|丹子|二子|二幸|二湖|二胡|二虹|二香|二鼓|仁子|仁心|仁湖|仁瑚|仁胡|仁香|和|如子|小笑|弐孤|微笑|日湖|日鼓|智娘|爾湖|笑|笑子|笑湖|笑瑚|笑生|笑胡|虹光|虹呼|虹子|虹心|虹恋|虹湖|虹瑚|虹空|虹胡|迩子|邇子	given-name-dictionary
はる	はる|ハル|如春|媛|巴瑠|悠|明|春|春来|春薫|晏|晴|晴瑠|暖|治|波流|波琉|波瑠|波留|流|温|温琉|灰夜|美|羽流|羽琉|羽瑠|羽留|良|花|花来|花流|花瑠|華|葉流|葉琉|葉瑠|覇|覇琉|遙|遥|遥瑠|遥葵|陽|青	given-name-dictionary
ふゆ	ふゆ|フユ|冬|冬優|吹悠|吹結|妃優|富友|富由|布由|布遊|扶勇|扶友|文友|楓友|楓夕|楓悠|楓有|武雄|歩優|歩友|歩悠|歩湧|歩結|歩遊|深優|芙優|芙友|芙夕|芙柚|芙由|芙結|芙雄|茉友|蕗優|蕗邑|諷悠|静冬|風佑|風悠|風柚|風由|風結|風裕|風遊	given-name-dictionary
かがり	かがり|カガリ|伽々梨|伽々莉|佳々里|佳賀理|佳賀里|佳雅理|佳雅里|佳香林|加々利|加画里|加芽里|加賀利|加賀里|加雅利|加雅里|可雅里|嘉雅梨|夏芽里|夏香里|星|果々利|架雅理|燎|篝|耀|耀梨|花花里|花芽里|花雅里|花香里|華々里|華芽莉|華芽里|輝璃|輝莉|輝里|香加理|香加里|香芽里|香賀里|香里|香雅理|香雅里	given-name-dictionary
かづみ	かづみ|かづ美|一実|一己|一美|佳寿実|佳寿美|佳津実|佳津美|佳津見|佳積|加津実|加津己|加津美|加珠美|加積|加鶴美|効美|勝美|千史|和己|和巳|和弥|和海|和美|嘉津美|嘉都美|嘉鶴美|圭津実|寿美|歌津美|河津実|河津海|河津美|花積|賀津美|賀都美|香摘|香津美|香瑞美|香積|香都実|香都美|馨津実|麗美	given-name-dictionary
すまこ	すまこ|すま子|スマコ|スマ子|壽摩子|壽満子|壽眞子|寸麻子|寿万子|寿摩子|寿満子|寿眞子|寿真子|寿磨子|寿茉子|寿馬子|寿麻子|寿麿子|崇真子|州眞子|州麻子|朱摩子|珠万子|珠真子|珠茉子|珠麻子|直真子|秀万子|秀増子|素万子|素摩子|素真子|素磨子|陶真子|須万子|須摩子|須満子|須眞子|須真子|須磨子|須舞子|須馬子|須魔子|須麻子|須麿子	given-name-dictionary
なみか	なみか|七海華|七海香|七美香|凡華|南巳香|南海香|南美風|南見香|南香|奈ミ加|奈三夏|奈三翔|奈三香|奈実香|奈巳加|奈弥加|奈未佳|奈海花|奈海香|奈美佳|奈美加|奈美芳|奈美華|奈美香|波加|波夏|波果|波花|波華|波香|渚実花|菜三花|菜三香|菜実加|菜実花|菜実香|菜深香|菜美加|菜美花|菜美華|菜美香|那実佳|那美佳|那美夏	given-name-dictionary
なみき	なみき|なみ紀|七海生|並姫|並樹|並輝|南季|南希|南幹|南海巍|南海希|南美樹|夏幹|夏海姫|奈実希|奈実紀|奈幹|奈未姫|奈未希|奈未紀|奈樹|奈海希|奈美季|奈美希|奈美樹|奈美紀|奈都紀|樹|泉希|波喜|波季|波希|波来|波樹|波海紀|波稀|波綺|波葵|波起|波輝|菜実希|菜実貴|菜幹|菜未来|那実希	given-name-dictionary
ひろじ	博二|博司|博志|博次|博治|博爾|啓二|啓爾|完守|宏二|宏司|宏治|宙治|寛二|寛次|寛治|尋二|広二|広司|広次|広治|広路|廣二|廣治|弘之|弘二|弘司|弘志|弘晋|弘次|弘治|敬二|曠二|泰二|洋次|洋治|浩二|浩司|浩次|浩治|碩二|裕二|裕志|裕治|裕示	given-name-dictionary
みわこ	みわこ|みわ子|ミワコ|ミワ子|三倭子|三和子|三環子|三知子|三輪子|伺和子|充倭子|光和子|光輪子|味和子|実わ子|実和子|実巴子|己和子|巳和子|幹和子|弥和子|心羽子|未和子|未輪子|海和子|深和子|珠和子|美わ子|美倭子|美和公|美和子|美和心|美和皇|美巴子|美晴子|美波子|美環子|美知子|美羽子|美藝子|美輪子|翠羽子|見和子|身和子|魅和子	given-name-dictionary
もとき	一樹|元喜|元幹|元樹|元毅|元気|元禧|元稀|元紀|元記|元起|元輝|喪樹|基|基喜|基城|基樹|基毅|基生|基紀|基記|基貴|基輝|太木|太樹|幹|幹葵|幹規|幹貴|幹起|昌樹|本基|求己|求希|源基|素喜|素姫|素樹|素毅|素生|素紀|素貴|素輝|緒磯|誠記	given-name-dictionary
るりこ	るりこ|るり子|ルリコ|ルリ子|婁利子|婁梨子|婁理子|婁莉子|婁里子|屡利子|屡梨子|屡理子|屡莉子|屡里子|柳子|榴里子|流利子|流梨子|流理子|流莉子|流里子|琉利子|琉梨子|琉理子|琉莉子|琉里子|瑠利子|瑠子|瑠李子|瑠梨子|瑠理子|瑠璃子|瑠璃琥|瑠璃瑚|瑠莉子|瑠里子|留利好|留利子|留梨子|留理子|留璃子|留莉子|留里子|累里子|路理子	given-name-dictionary
うたろう	兎多朗|兎多郎|兎太朗|兎太郎|卯多朗|卯多郎|卯太朗|卯太郎|右多朗|右多郎|右太朗|右太郎|吟郎|唄朗|唄郎|唱朗|唱郎|宇多朗|宇多郎|宇太朗|宇太郎|得多郎|有多朗|有多郎|有太朗|有太郎|歌朗|歌郎|烏多朗|烏多郎|烏太朗|烏太郎|羽多朗|羽多郎|羽太朗|羽太郎|詠朗|詠郎|詩朗|詩郎|謌郎|鵜多朗|鵜多郎|鵜太朗|鵜太郎	given-name-dictionary
たけはる	丈明|丈春|丈晴|丈治|丈知|健明|健春|健晴|健治|健陽|剛春|剛暖|剛治|勇明|壮晴|威悠|威春|威晴|威治|威靖|岳大|岳明|岳春|岳晴|岳治|岳陽|建晴|武敏|武春|武晴|武治|武温|武生|武陽|武靖|毅啓|毅晴|毅治|猛晴|猛治|竹春|竹晴|竹治|長治|雄晴	given-name-dictionary
のりひで	了英|伯秀|伯英|儀秀|典秀|典英|則秀|功英|勲任|哲英|基嗣|宜栄|宣英|希英|徳秀|徳英|憲秀|憲英|成次|教偉|教英|敬英|昇秀|智英|永英|法秀|法英|知秀|礼英|祝秀|祝続|範秀|範英|範豪|紀秀|紀英|統英|義英|行栄|規嗣|規秀|規英|訓秀|識秀|軌秀	given-name-dictionary
まさなり	仁也|優成|允也|公也|勝成|匡成|匡斉|啓成|大成|将也|将成|將就|征也|成享|政也|政成|政晴|昌也|昌成|昌業|昌生|正也|正城|正尚|正就|正成|正斉|正生|正誠|正足|眞也|真也|真功|真成|維成|聖誠|誠也|賢斉|雅也|雅尚|雅就|雅成|雅斉|雅稔|順成	given-name-dictionary
げんじろう	元久朗|元久郎|元二朗|元二郎|元司朗|元司郎|元士朗|元次郎|元治郎|元赦|原二郎|厳久朗|厳久郎|厳二朗|厳二郎|厳司朗|厳司郎|厳赦|弦久朗|弦久郎|弦二朗|弦二郎|弦司朗|弦司郎|弦赦|源久朗|源久郎|源二朗|源二郎|源司朗|源司郎|源次郎|源治郎|源赦|玄久朗|玄久郎|玄二朗|玄二郎|玄司朗|玄司郎|玄次郎|玄治郎|玄赦|現次郎|絃二郎	given-name-dictionary
しゅうすけ	修亮|修介|修伴|修佑|修典|修助|修祐|修裕|修輔|収介|収佑|収輔|周亮|周介|周佑|周典|周助|周右|周弼|周祐|周輔|守右|宗佑|宗右|宗祐|就介|崇介|崇輔|嵩祐|柊介|秀亮|秀介|秀佑|秀允|秀典|秀祐|秀輔|秋介|秋佑|脩介|脩祐|脩輔|衆亮|集介|集友	given-name-dictionary
しゅんいちろう	俊一朗|俊一郎|俊壱朗|俊壱郎|俊市朗|俊市郎|尚一朗|尚一郎|尚壱朗|尚壱郎|尚市朗|尚市郎|峻一朗|峻一郎|峻壱朗|峻壱郎|峻市朗|峻市郎|旬一朗|旬一郎|旬壱朗|旬壱郎|旬市朗|旬市郎|春一郎|洵一郎|瞬一朗|瞬一郎|瞬壱朗|瞬壱郎|瞬市朗|瞬市郎|舜一朗|舜一郎|舜壱朗|舜壱郎|舜市朗|舜市郎|詢一郎|駿一朗|駿一郎|駿壱朗|駿壱郎|駿市朗|駿市郎	given-name-dictionary
いきこ	いきこ|いき子|イキ子|以喜子|以基子|以季子|以希子|以稀子|以紀子|以記子|以輝子|伊喜子|伊基子|伊季子|伊希子|伊稀子|伊紀子|伊規子|伊記子|伊輝子|依公子|依喜子|依基子|依季子|依希子|依潔子|依稀子|依紀子|依記子|依輝子|偉記子|委希子|意喜子|意基子|意季子|意希子|意稀子|意紀子|意記子|意輝子|維希子|維紀子|育子|衣紀子	given-name-dictionary
いなこ	いなこ|いな子|イナ子|以南子|以名子|以奈子|以菜子|以那子|伊南子|伊名子|伊和子|伊奈子|伊永子|伊菜子|伊那子|位奈子|委南子|委名子|委和子|委奈子|委菜子|委那子|惟南子|惟名子|惟奈子|惟菜子|惟那子|意南子|意名子|意奈子|意菜子|意那子|生奈子|稲子|維南子|維名子|維奈子|維菜子|維那子|衣南子|衣名子|衣奈子|衣菜子|衣那子	given-name-dictionary
うたこ	うた子|う多子|ウタ子|佑多子|兎多子|兎太子|卯多子|卯太子|友多子|右多子|右太子|吟子|唄子|唄心|唄鼓|唱子|唱心|宇多子|宇太子|宇妥子|宇汰子|宴子|得多子|有多子|有太子|歌凧|歌子|歌幸|烏多子|烏太子|羽多子|羽太子|詞子|詠子|詠心|詩子|詩心|詩香|謡子|雅子|雅楽子|頌子|鵜多子|鵜太子	given-name-dictionary
きよの	きよの|キヨノ|キヨ野|企代乃|喜世乃|喜代之|基世乃|基代乃|妃代乃|季世乃|季代乃|巨乃|希世乃|希予乃|彩乃|教乃|梗夜乃|樹世乃|汐乃|淳乃|清乃|清納|清能|清野|潔乃|潔野|澄乃|磨乃|精野|紀世乃|紀予乃|紀代乃|聖乃|聖野|蒼乃|記世乃|記代乃|貴代乃|起代乃|輝世乃|輝余乃|青野|静乃|黄夜能	given-name-dictionary
しげこ	しげ子|シゲコ|シゲ子|信子|卯子|受子|史希子|四華子|姿華子|従子|志げ子|志気子|志花子|志計子|恵子|惠子|慈子|成子|成香|政子|栄子|梓花子|樹子|殖子|滋京子|滋子|琢子|稠子|種子|維子|繁子|繁湖|芝子|茂子|草子|董子|蒼子|蔚子|薫子|詩京子|詩幻子|誉子|賀子|重子	given-name-dictionary
じゅり	じゅり|優|准莉|十璃|十里|寿凛|寿利|寿吏|寿梨|寿涼|寿理|寿由里|寿莉|寿里|寿陸|寿麗|廿梨|朱梨|朱理|朱璃|朱莉|朱里|樹凛|樹利|樹李|樹梨|樹理|樹璃|樹莉|樹里|樹陸|殊理|珠利|珠李|珠梨|珠理|珠璃|珠莉|珠里|純史|純梨|純里|自由梨|自由里	given-name-dictionary
たきこ	たきこ|たき子|タキ子|他喜子|兌岐子|多き子|多亀子|多企子|多伎子|多吉子|多喜子|多嘉子|多嬉子|多季子|多岐子|多希子|多技子|多木子|多来子|多樹子|多祈子|多紀子|多聞子|多芸子|多規子|多貴子|多起子|多輝子|夛喜子|太克子|太喜子|太妃子|太樹子|太紀子|太規子|太起子|妙希子|滝子|滝湖|瀧子|田喜子|田紀子|田起子|竜子	given-name-dictionary
のえる	のえる|ノエル|乃エル|乃依瑠|乃依留|乃咲瑠|乃恵留|乃愛流|乃慧屡|乃慧琉|乃慧瑠|乃映瑠|乃枝瑠|乃江瑠|乃江留|乃瑛瑠|乃絵瑠|乃絵留|乃衣瑠|冬夢|希依琉|希英瑠|暖依流|暖恵瑠|暖枝留|暖絵琉|望得|望愛流|望琉|柊|柊瑠|能愛流|能映琉|誕|野恵瑠|野恵留|野愛瑠|野慧琉|野映留|野枝留|野笑留|野絵留|音得|音瑛瑠	given-name-dictionary
ひめか	ひめか|妃加|妃叶|妃夏|妃花|妃芽歌|妃華|妃香|姫佳|姫加|姫嘉|姫夏|姫彩|姫果|姫架|姫樺|姫歌|姫神|姫花|姫芽|姫華|姫薫|姫郁|姫雅|姫香|媛佳|媛加|媛夏|媛歌|媛花|媛香|寿愛香|日女華|日女香|日芽夏|日芽香|比女香|緋女香|緋芽花|緋芽華|陽愛花|陽芽果|陽芽花|陽芽香	given-name-dictionary
ますえ	ます恵|ます枝|ます江|マスエ|万守枝|万寿恵|万寿枝|万寿栄|万寿江|万朱枝|万須江|丈恵|倍江|加枝|加江|増好江|増恵|増枝|増江|増炳|増絵|尚江|枡江|満寿恵|満寿枝|満州得|滋恵|益恵|益枝|益栄|益江|益絵|眞壽惠|真季|真守枝|真寿恵|真寿栄|真寿江|真須江|茉守枝|茉寿江|麻守枝|麻寿恵|麻寿江	given-name-dictionary
ますこ	ます子|マスコ|マス子|万寿子|万州子|万珠子|万素子|万須子|倍子|加子|升子|和子|均子|培子|増子|尚子|摩須子|正澄子|満壽子|満寿子|満州子|満洲子|満珠子|満須子|益子|益寿子|眞子|眞珠子|眞須子|真寸子|真寿子|真崇子|真珠子|真須子|磨須子|茉寿子|茉珠子|萬壽子|萬寿子|萬珠子|賢子|麻寿子|麻珠子|麻素子	given-name-dictionary
みきよ	三喜代|三季代|三岐代|三希代|三樹代|三紀代|三聖|允樹代|味喜代|実喜代|実姫與|実紀代|己季代|己記代|巳喜代|巳季代|幹世|幹代|弥喜代|教代|未来世|未樹代|海聖|深白|深聖|美佐代|美喜代|美姫與|美希世|美希代|美樹代|美汐|美清|美知代|美紀世|美紀代|美規代|美記代|美貴代|美起誉|美輝代|美静|視磨|視輝代	given-name-dictionary
ゆきか	ゆき夏|之賀|佑季花|侑加|侑花|侑輝香|侑香|優妃佳|優希花|千嘉|千歌|千花|千華|友紀佳|友紀果|夕紀香|如香|幸佳|幸加|幸姫華|幸果|幸花|幸華|幸香|志佳|志嘉|有樹香|柚妃花|柚木花|由紀香|由規花|由貴花|由貴香|祐紀香|薫花|薫香|透佳|雪佳|雪加|雪姫果|雪花|雪華|雪香|雪馨	given-name-dictionary
せいぞう	世三|世蔵|勢蔵|征三|征蔵|成三|成造|政三|政蔵|整三|斉三|斉蔵|斉造|星三|晟三|晟造|晴三|晴造|正三|清三|清蔵|清藏|清造|生三|盛三|盛蔵|盛造|省三|精三|精蔵|精造|聖三|聖造|誓蔵|誠三|誠蔵|誠造|躋造|青蔵|靖三|靖造|静三|静蔵|静造	given-name-dictionary
やすとし	保俊|保利|保寿|保年|保恵|保敏|保明|安俊|安利|安敏|容利|康俊|康利|康哉|康寿|康年|康敏|康照|康稔|康聡|恭俊|恭利|恭寿|恭敏|恭稔|晏敏|泰俊|泰利|泰寿|泰年|泰敏|泰斗史|泰稔|泰聡|育利|賢才|運朝|靖俊|靖利|靖寿|靖年|靖憲|靖敏|靖聡	given-name-dictionary
えいたろう	叡太郎|影多朗|影多郎|影太朗|影太郎|映多朗|映多郎|映太朗|映太郎|栄多朗|栄多郎|栄太朗|栄太良|栄太郎|榮多朗|榮多郎|榮太朗|榮太郎|永多朗|永多郎|永太朗|永太郎|泳太郎|瑛多朗|瑛多郎|瑛太朗|瑛太郎|穎太郎|英多朗|英多郎|英太朗|英太郎|衛多朗|衛多郎|衛太朗|衛太郎|詠多朗|詠多郎|詠太朗|詠太郎|鋭多朗|鋭多郎|鋭太朗|鋭太郎	given-name-dictionary
じょうじろう	丈二朗|丈二郎|丈赦|上二朗|上二郎|上赦|丞二朗|丞二郎|丞赦|城二朗|城二郎|城赦|壌二郎|定治郎|常二朗|常二郎|常次郎|常赦|情二朗|情二郎|情赦|条二朗|条二郎|条赦|條二朗|條二郎|條赦|浄二朗|浄二郎|浄赦|穣二朗|穣二郎|穣赦|蝶二朗|蝶二郎|蝶赦|譲二朗|譲二郎|譲次郎|譲赦|錠二朗|錠二郎|錠次郎|錠赦	given-name-dictionary
かお	伽緒|佳乙|佳保|佳央|佳旺|佳桜|佳生|佳穂|佳緒|加帆|加桜|加緒|可緒|嘉緒|圭央|夏央|夏生|夏緒|果央|果桜|果生|果緒|桂生|歌央|歌穂|歌緒|花央|花桜|花欧|花生|花緒|花青|茄央|華央|華桜|華生|華緒|霞桜|香央|香桜|香生|香緒|香織	given-name-dictionary
さと	さと|サト|佐渡|佐登|咲冬|咲十|咲杜|咲桃|咲翔|咲都|咲音|小都|幸富|彩智|彩登|彩都|悟|惺|慧|慧斗|智|桜都|沙都|爽斗|爽都|瑳灯|瑳都|瑳音|砂斗|砂都|紗徒|紗登|紗都|紗音|聖|聡|識|賢|郷|都|里|里人|里都	given-name-dictionary
すみ	すみ|スミ|住|受美|壽実|壽美|寿|寿実|寿弥|寿未|寿珠|寿生|寿美|寿見|州実|州美|巣美|敬明|朱実|朱巳|朱未|朱美|樹美|洲美|淑|淑美|澄|澄実|澄海|澄美|珠美|秀美|純|純実|純美|素魅|遥|須実|須己|須弥|須美|鷲実|鷲美	given-name-dictionary
なゆ	なゆ|七佑|七優|七夕|七夢|七祐|凪優|南友|南夕|名由|夏侑|夏夕|夏由|夏結|奈佑|奈侑|奈優|奈友|奈夕|奈弓|奈悠|奈由|奈結|愛夢|愛湧|愛由|渚優|直遊|納遊|菜佑|菜侑|菜優|菜友|菜夕|菜悠|菜柚|菜由|菜祐|菜結|那優|那悠|那柚|那由	given-name-dictionary
みり	みり|ミリ|三璃|三莉|味里|妃梨|妃莉|実李|実梨|実璃|実里|実鈴|弥梨|弥莉|弥里|心梨|望里|未利|未理|未璃|未莉|未里|海璃|海里|深梨|深理|深莉|満梨|珠璃|碧里|美凜|美利|美吏|美李|美梨|美理|美璃|美莉|美里|美陸|美麗|観莉|魅莉	given-name-dictionary
いわお	イワオ|五輪夫|五輪生|以和夫|伊和夫|伊和男|伊波穂|厳|厳夫|威和夫|威和雄|岩|岩夫|岩生|岩男|岩緒|岩芳|岩雄|嵒|巌|巌大|巌夫|巌生|巌男|巌雄|巖|巖央|巖男|意和雄|盤|盤雄|石士|石夫|石雄|磐|磐夫|磐男|磐郎|磐雄|磬|礒|祝夫|馨	given-name-dictionary
えいし	央士|影史|影子|映史|映子|映詩|栄史|栄司|栄四|栄士|栄子|栄志|栄枝|栄氏|榮史|榮子|永史|永司|永子|瑛史|瑛子|瑛詞|穎志|英之|英史|英司|英嗣|英士|英子|英志|英至|英詩|衛史|衛子|詠之|詠史|詠士|詠子|詠詩|鋭史|鋭士|鋭子|鋭矢	given-name-dictionary
かくこ	かく子|カク子|伽久子|伽玖子|佳久子|佳玖子|加久子|加玖子|可久子|可功子|可玖子|可矩子|各子|哥久子|嘉久子|嚇子|夏久子|夏玖子|拡子|果久子|果玖子|格子|歌久子|歌玖子|確子|粛子|花久子|花玖子|華久子|華玖子|華紅子|覚子|角子|記子|賀久子|赫子|郭子|雅久子|香久子|香公子|香玖子|鶴子|鹿久子	given-name-dictionary
こなみ	こなみ|こな実|こな美|光南海|光南美|児奈美|公奈美|冴奈美|古奈実|古奈巳|古奈美|咲水|子波|小南|小南実|小南美|小奈海|小奈美|小波|小浪|小菜|小菜美|小那未|心菜実|湖南実|湖南美|湖奈美|湖波|湖波海|湖波美|湖菜美|琥波|瑚奈美|瑚波|紀奈弥|胡波|萌水|虹七海|虹南|虹南美|虹菜未|香南|香菜実	given-name-dictionary
しずく	しずく|シズク|史都紅|姿月|寧来|心透|志津玖|志都紅|梓月|梓都紅|涙|涼来|深月紅|滴|真珠|瞳月|神水|紫月|紫津玖|紫都玖|詩月|詩月紅|詩澄紅|詩珠来|詩都玖|詩都紅|鎮紅|閑久|閑玖|雨下|雨落|雫|雫玖|零|露草|静|静久|静宮|静月|静来|静玖|静空|静紅	given-name-dictionary
たみこ	たみこ|たみ子|タミ子|仁子|他巳子|他美子|多み子|多味子|多実子|多實子|多己子|多望子|多未子|多民子|多満子|多美子|多見子|多視子|多親子|多身子|夛美子|太美子|妙子|妥実子|妥美子|民娘|民子|民工|民美子|泰子|泰美子|珠水子|珠美子|田三子|田実子|田實子|田美子|蒼子|蒼生子|貞美子|貴巳子|貴美子|起美子	given-name-dictionary
ちさき	ちさき|千咲|千咲季|千咲紀|千咲芸|千幸|千彩希|千早|千早希|千未|千未来|千桜咲|千沙季|千沙希|千沙樹|千沙輝|千紗姫|千紗季|千紗希|千紗貴|千葵|千颯希|咲着|地桜季|小咲季|智咲|智咲希|智左紀|智早妃|智早希|智沙紀|智砂樹|智紗姫|智裟祈|直咲|知咲|知咲季|知彩季|知沙季|知祥|知紗希|稚咲|茅咲	given-name-dictionary
ちよみ	ちよみ|ちよ美|チヨミ|享美|千与美|千世未|千世美|千代三|千代光|千代子|千代実|千代己|千代巳|千代民|千代水|千代海|千代生|千代美|千代見|千夜美|千芳美|千陽実|千陽美|地世美|智与美|智世美|智代実|智代巳|智代弥|智代美|智余実|智余美|智好美|智誉実|智誉美|治與美|知世美|知代実|知代己|知代美|知余美|芽奴実|芽奴美	given-name-dictionary
なりこ	なり子|ナリコ|乃理子|乃璃子|也子|修子|南梨子|南理子|南里子|南麗子|名利子|名里子|奈利子|奈梨子|奈理子|奈璃子|奈莉子|奈里子|奈麗子|宜子|寧利子|尚子|就子|形子|惟子|慈子|成子|成理子|成香|斉子|暢子|梨里子|業子|為子|生子|登子|直鯉子|納麗子|菜利子|菜理子|菜莉子|菜里子|遂子	given-name-dictionary
まりい	まりい|まり以|万利依|万李惟|万理依|万璃伊|万里依|毬依|毬衣|眞梨衣|真利伊|真利依|真利衣|真李惟|真理依|真理為|真理衣|真璃伊|真莉依|真里依|真里衣|茉利依|茉李惟|茉理依|茉理衣|茉璃伊|茉莉|茉莉衣|茉里依|茉里衣|鞠依|鞠萎|鞠衣|麻利依|麻利衣|麻李以|麻李惟|麻理依|麻理衣|麻璃伊|麻里以|麻里惟|麻里衣	given-name-dictionary
みおこ	みお子|ミオコ|ミオ子|三保子|三生子|三緒子|三織子|壬生子|実央子|実桜子|実欧子|実王子|実生子|実緒子|実音子|巳旺子|弥生子|心桜子|未央子|未生子|未緒子|水緒子|水脈子|海砂子|海織子|海音子|深青子|満桜子|澪子|澪己|美保子|美央子|美於子|美桜子|美欧子|美王子|美生子|美緒子|美織子|美脈子|美越子|美音子|美麻子	given-name-dictionary
あきみつ	亮光|亮実|右光|哲光|彬充|彬光|彰充|彰光|昌光|明三|明充|明光|明満|明盛|映光|昭三|昭光|昭泉|昭満|晃三|晃充|晃光|晶充|晶光|暁充|暁光|朗充|朗光|秋光|秋実|秋満|章允|章充|章光|章満|聴充|詔三|輝三|輝充|輝満|陽光|顕充|顕光	given-name-dictionary
つねひろ	例弘|典宏|典弘|凡坦|常博|常太|常宏|常寛|常広|常廣|常弘|常泰|常洋|常浩|常裕|幹裕|庸博|庸弘|庸浩|恒光|恒博|恒大|恒太|恒宏|恒宗|恒容|恒尋|恒広|恒弘|恒拓|恒晏|恒洋|恒浩|恒裕|玄洋|経勲|経博|経央|経宏|経広|経弘|経裕|雅博	given-name-dictionary
しょうこう	勝孔|勝興|勝香|宵光|将孔|将幸|将晃|将浩|小江|小紅|尚光|尚孝|尚弘|尚昊|尚篁|彰光|彰功|彰晃|昌鎬|昌鴻|松孝|松幸|松篁|正亨|正好|正孝|正晃|沼虹|照光|照宏|照嵩|祥光|祥浩|祥耕|称光|章興|章行|笑光|紹晃|翔昊|興|鐘甲|韶光	given-name-dictionary
ふき	ふき|フキ|不器|不矩|冨貴|史貴|吹喜|吹黄|婦貴|富喜|富己|富樹|富紀|富貴|布喜|布季|布紀|布葵|布貴|房紀|扶希|扶紀|文貴|楓樹|楓稀|楓葵|歩喜|歩樹|生紀|福貴|芙姫|芙季|芙己|芙希|芙樹|芙紀|芙葵|蕗|風姫|風生|風綺|風葵	given-name-dictionary
まよ	まよ|マヨ|万与|万世|万代|万依|万葉|万誉|万陽|摩耶|満夜|満誉|眞世|眞代|眞蓉|真与|真世|真代|真四|真夜|真洋|真葉|真誉|真陽|磨代|舞代|舞桜|舞葉|茉与|茉世|茉生|茉葉|茉陽|萬代|雅世|麻与|麻世|麻予|麻代|麻夜|麻詠|麿世	given-name-dictionary
あやせ	亜矢世|彩世|彩星|彩瀬|彩生|彩聖|彪世|彪星|彪瀬|文世|文星|文瀬|文聖|斐世|斐星|斐瀬|杏耶世|理世|礼世|礼征|礼星|紋世|紋星|純星|絢世|絢千|絢星|絢瀬|綺世|綺星|綾世|綾星|綾瀬|綾聖|纐纈|花星|菖世|郁星|采世|采星|錦瀬|霓世	given-name-dictionary
ありあ	ありあ|亜利亜|亜怜亜|亜李有|亜梨亜|亜梨合|亜理亜|亜莉亜|亜莉愛|亜里亜|亜里愛|亞里亞|似暁|光灯|在藍|天梨亜|安梨亜|安莉阿|彩里安|愛梨亜|愛莉亜|愛里亜|明里和|有亜|有凛愛|有利亜|有愛|有朝|有杏|有梨愛|有理亜|有莉亜|有葵|杏梨亜|杏里亜|歩空|海璃海|満彩|満愛|照愛|采里愛|順愛	given-name-dictionary
いろは	いろは|いろ葉|五郎八|以呂葉|伊呂波|依呂葉|依露巴|唯呂葉|唯露葉|彩|彩巴|彩早|彩映|彩春|彩桜花|彩楓|彩波|彩白|彩端|彩羽|彩芭|彩花|彩華|彩葉|彩蕗葉|彩陽|彩颯|心花|椛|楓葉|温葉|紅葉|色巴|色春|色波|色羽|色華|色葉|衣呂葉|衣路羽|衣露羽|衣露葉	given-name-dictionary
きさこ	きさ子|キサ子|二子|吉佐子|吉紗子|喜佐子|喜咲子|喜更子|喜沙子|基佐子|妃佐子|妃沙子|季佐子|季沙子|希佐子|希早子|希沙子|幹采子|樹咲子|気祥子|稀沙子|紀三子|紀佐子|紀早子|紀沙子|紀砂子|綺沙子|規佐子|規嵯子|規紗子|象子|貴佐子|貴彩子|貴沙子|貴砂子|貴紗子|起佐子|起嵯子|起沙子|輝佐子|輝磋子|輝紗子	given-name-dictionary
くみえ	クミエ|クミ江|久三恵|久三映|久三江|久実恵|久実枝|久実栄|久実衣|久巳江|久弥恵|久御江|久満枝|久美恵|久美枝|久美栄|久美江|久美絵|久美繪|久見恵|久視江|久身枝|久身江|公三枝|公位恵|公実江|公美恵|公美惠|公美枝|公美絵|公視栄|具充恵|功美恵|句三江|孔未絵|工未永|弘美恵|恭美恵|恭美江|来充恵|空弥絵|紅美恵	given-name-dictionary
みやび	みやび|みや姫|ミヤビ|京珠|京美|京陽|光雅|味椰緋|実弥妃|実弥美|己矢美|府魅|心弥美|未夜美|未弥緋|未弥美|未弥飛|未雅|海椰美|深弥美|燗|美也薇|美夜妃|美夜姫|美弥妃|美弥琵|美都|都|都実|都弥|都未|都美|都魅|雅|雅也妃|雅妃|雅姫|雅日|雅火|雅美|雅魅|麗	given-name-dictionary
もとお	丕緒|丕雄|元士|元夫|元尾|元生|元男|元郎|元雄|原夫|基夫|基生|基男|基郎|基雄|大生|太雄|始男|始郎|幹夫|幹郎|幹雄|本夫|本生|本男|本雄|泉郎|源夫|源男|源雄|玄夫|節夫|素士|素夫|素生|素男|素雄|統夫|茂登男|茂都男|資生|資雄	given-name-dictionary
りずむ	りずむ|リズム|僚澄|凛寿夢|利住|夢音|律|律図夢|望生|李逗夢|李音|梨寿夢|梨津夢|梨澄|玲澄|理史夢|理夢|理寿夢|理津夢|理澄|理珠夢|瑠澄|璃寿夢|璃澄|立夢|莉津夢|莉澄|裡須夢|里住|里寿夢|里寿霧|里月夢|里澄|里純|里逗夢|鈴夢|音|音夢|音舞|音色|響|鼓動	given-name-dictionary
あきゆき	亮之|亮行|哲之|哲幸|彬之|彰之|彰幸|彰志|彰行|揚行|明之|明幸|明志|明行|映幸|映行|昭之|昭如|昭幸|昭志|昭行|晃之|晃幸|晃征|晶之|晶幸|晶行|暁之|曉幸|朗幸|祥之|秋幸|章之|章幸|章行|聡之|誠之|輝之|陽之|顕之|顕至|顕行	given-name-dictionary
ふみあき	典明|典昭|史光|史哲|史彬|史彰|史成|史招|史文|史旭|史昌|史明|史昭|史晃|史晶|史暁|史朗|史瑛|史礼|史章|史聴|史諒|史輝|史陽|史顕|富昭|文亮|文彬|文彰|文揚|文明|文昭|文晃|文晶|文朗|文炳|文秋|文章|文顕|郁光|郁明|郁章	given-name-dictionary
げんのすけ	元之丞|元之亮|元之介|元之佑|元之助|元之甫|元之祐|元之輔|厳之丞|厳之亮|厳之介|厳之佑|厳之助|厳之甫|厳之祐|厳之輔|弦之丞|弦之亮|弦之介|弦之佑|弦之助|弦之甫|弦之祐|弦之輔|愿之助|源之丞|源之亮|源之介|源之佑|源之助|源之甫|源之祐|源之輔|玄之丞|玄之亮|玄之介|玄之佑|玄之助|玄之甫|玄之祐|玄之輔|現之助	given-name-dictionary
しょうざぶろう	匠三朗|匠三郎|奘三郎|奨三朗|奨三郎|将三朗|将三郎|尚三朗|尚三郎|庄三郎|床三郎|彰三郎|捷三郎|敞三郎|昇三朗|昇三郎|昌三朗|昌三郎|昌囲|昭三朗|昭三郎|晶三朗|晶三郎|松三郎|梢三朗|梢三郎|正三朗|正三郎|璋三郎|省三郎|祥三朗|祥三郎|章三郎|翔三朗|翔三郎|荘三郎|薔三朗|薔三郎|鉦三郎|鐘三郎|頌三朗|頌三郎	given-name-dictionary
りく	りく|凛久|凛来|凛玖|利久|吏紅|大陸|悧朽|李琥|李紅|梨久|梨玖|梨空|梨紅|梨郁|梨駆|理久|理公|理来|理玖|琉玖|璃久|璃咲|璃来|璃玖|璃空|璃紅|璃郁|莉久|莉弓|莉来|莉玖|莉空|莉紅|里久|里矩|里空|里紅|陵久|陸|麗玖	given-name-dictionary
いとえ	いとえ|いと江|イトエ|以都江|委都枝|弦恵|弦慧|弦枝|弦絵|愛恵|愛映|愛枝|愛絵|糸影|糸恵|糸惠|糸慧|糸映|糸枝|糸栄|糸榮|糸永|糸江|糸絵|糸英|糸衛|糸重|絃恵|絃愛|絃慧|絃枝|絃江|絃絵|絃衣|維都江|綸恵|綸慧|綸枝|綸江|綸絵|衣斗枝	given-name-dictionary
せれな	せれな|世令奈|世玲奈|世玲菜|世礼奈|世麗和|世麗菜|夜月姫|小夜|星令那|星冷奈|星怜奈|星怜菜|星恋花|星玲奈|星礼奈|星麗七|星麗奈|星麗菜|汐玲菜|瀬令奈|瀬怜奈|瀬恋奈|瀬玲奈|瀬礼奈|瀬礼菜|瀬礼那|瀬麗奈|瀬麗菜|聖怜名|聖恋奈|聖玲奈|聖玲菜|聖玲那|聖那|聖麗南|聖麗名|聖麗奈|芹怜菜|芹玲奈|青玲奈	given-name-dictionary
てるえ	てるえ|テルエ|享枝|光恵|光枝|光江|光重|央江|彰恵|映恵|映江|映英|映衣|昭恵|昭江|晃依|晃恵|晃枝|晃江|暉江|曜愛|照恵|照惠|照枝|照栄|照江|照瑩|照笑|照絵|瑛江|耀江|英枝|輝会|輝恵|輝惠|輝映|輝枝|輝栄|輝永|輝江|輝絵	given-name-dictionary
ともじ	丈士|伴治|佑二|偕爾|共司|共自|其治|友二|友司|友士|友志|友次|友治|友路|外茂二|外茂次|外茂治|大嗣|寅治|智二|智児|智司|智士|智慈|智次|智治|智路|朋二|朋司|朋嗣|朝二|朝嗣|朝治|知二|知仁|知史|知司|知地|知治|知至|知路	given-name-dictionary
もなみ	もなみ|もな実|もな美|望奈実|望奈美|望波|望海南|望納実|望菜美|望那実|望那美|桃名美|母奈未|百奈実|百奈美|若奈実|若奈美|茂名実|茂名美|茂奈美|茂波|茂那実|茂那美|萌南|萌南美|萌奈実|萌奈未|萌奈海|萌奈美|萌実|萌成実|萌波|萌菜実|萌菜海|萌菜美|萌那実|萌那美|藻並|藻奈美|藻那美|面波	given-name-dictionary
きみひろ	仁博|仁啓|仁大|仁宏|仁寛|仁泰|仁浩|仁裕|侯宏|公|公仁|公博|公啓|公大|公央|公宏|公寛|公尋|公広|公廣|公弘|公敬|公比呂|公泰|公洋|公浩|公祥|公紘|公裕|君宏|君尋|君弘|君裕|喜美博|喜美広|希巳浩|樹美洋|正博|王宏|皇宏|記見浩	given-name-dictionary
ひでひろ	日出拡|栄博|栄宇|栄宏|栄広|栄弘|栄洋|秀博|秀啓|秀大|秀宏|秀寛|秀岳|秀広|秀弘|秀拓|秀洋|秀浩|秀煕|秀紘|秀裕|英公|英博|英史|英大|英宏|英寛|英尋|英広|英廣|英弘|英敬|英比呂|英洋|英浩|英煕|英玄|英皓|英紘|英裕|豪洋	given-name-dictionary
けんしろう	健史朗|健史郎|健四郎|健士朗|健士郎|健志朗|健志郎|健旨郎|兼四郎|剣志郎|堅四郎|堅志郎|建四朗|建四郎|建志郎|憲之朗|憲史郎|憲四郎|憲志朗|憲志郎|拳四郎|拳志朗|拳志郎|權四郎|研史郎|研司郎|研志郎|謙史朗|謙司朗|謙四郎|謙士朗|謙志朗|謙志郎|賢之朗|賢史朗|賢史郎|賢司朗|賢四郎|賢士郎|賢志郎|顕史郎	given-name-dictionary
こと	こと|コト|事|光桐|古都|呼都|好登|子登|小兎|小冬|小桃|小燈|小琴|小都|心灯|心都|心音|恋十|湖冬|湖斗|湖登|湖都|湖音|琴|琴十|琴都|瑚乙|瑚登|瑚都|瑚音|紀|胡都|胡音|言|香十|香桃|香都|鼓統|鼓都|鼓音	given-name-dictionary
とも	とも|トモ|伴|倫|兎萌|具|冬萌|十望|十茂|十萌|友|友萌|塘|委|斗望|智|朋|朋楓|朝|杜望|杜桃|杜茂|東萌|桃望|桃羽|氏|灯|登茂|登萌|睦|知|節|翔望|翔萌|藤望|都茂|都萌|鞆|飛萌|鵬	given-name-dictionary
りの	りの|リノ|凛乃|凜乃|凜音|利乃|利登|利能|利野|吏希|李乃|李埜|李野|梨乃|梨之|梨伸|梨埜|梨暖|梨望|梨濃|梨穏|梨能|梨野|涼乃|涼音|理乃|琳乃|琳埜|璃乃|璃埜|璃暖|璃野|莉乃|莉乗|莉望|里乃|里野|里音|鯉乃|麗乃	given-name-dictionary
ありみ	ありみ|アリミ|亜梨実|亜梨美|亜理実|亜理美|亜里実|亜里未|亜里美|亜鈴実|亜鈴美|在実|在海|在美|在美美|存実|有実|有己|有巳|有未|有梨美|有海|有深|有珠|有理実|有理美|有美|有美美|有見|有里三|有里実|有里己|有里巳|有里未|有里美|有里見|朱美|葵梨翠|阿梨実|阿梨美	given-name-dictionary
かつお	一男|且夫|佳津男|佳都夫|佳都男|克夫|克央|克朗|克生|克男|克郎|克雄|功夫|功雄|加津夫|加津生|加津雄|勝夫|勝央|勝朗|勝生|勝男|勝緒|勝郎|勝雄|嘉葎雄|好夫|捷夫|捷男|捷雄|活夫|活男|活郎|活雄|渇雄|賀津男|賀津雄|運雄|雄央|雄生	given-name-dictionary
かよみ	かよみ|かよ実|カヨ美|伽世実|伽世美|伽代実|伽代美|佳世実|佳世美|佳代実|佳代美|佳余実|佳余巳|佳余美|佳美|加世実|加世美|加予美|加代実|加代美|加容実|加容美|可代美|嘉代実|嘉代美|夏代美|桂世美|桂代実|桂代美|花与実|華世実|華世美|華代実|華代美|賀代美|香代実|香代美|香余美|香美|香葉美	given-name-dictionary
きずな	きずな|創生|創直|喜寿奈|喜沙|喜砂|姫沙|姫珠生|姫砂|季珠奈|希寿奈|希心愛|希瑞奈|希砂|希純|心宝結|心愛|心結宝|愛|愛沙|木砂|来寿奈|気寿成|気絆|生朱愛|祈寿菜|祈沙|祈珠菜|紀珠奈|純望|紲|絆|絆奈|絆心|絆菜|結|結友|輝寿奈|輝沙|響絆	given-name-dictionary
さとよ	さとよ|仁世|仁代|佐年世|佐登代|叡代|吏世|幸豊|怜代|恵代|恵陽|悟与|悟世|慧世|敏代|早徒代|智世|智代|理世|理代|知世|知代|聖代|聡予|聡代|聡誉|訓世|訓代|諭世|諭代|賢世|賢代|郷世|郷代|里与|里世|里予|里代|里容|鋭代	given-name-dictionary
さりな	さりな|さり奈|サリナ|佐梨奈|佐里奈|叉梨那|咲梨奈|咲梨菜|小鈴奈|左梨那|彩李渚|彩梨奈|彩理奈|彩理菜|彩里奈|早莉奈|早里奈|早里菜|沙利菜|沙吏奈|沙梨奈|沙梨菜|沙理奈|沙璃奈|沙莉奈|沙莉那|沙里奈|沙里菜|沙里那|砂里奈|紗利奈|紗利那|紗吏奈|紗梨菜|紗理奈|紗理那|紗里奈|紗里愛|紗里菜|颯鈴奈	given-name-dictionary
ちはや	ちはや|千奔|千巴弥|千巴耶|千早|千映弥|千波弥|千波矢|千波耶|千流|千羽|千羽優|千羽弥|千羽矢|千羽耶|千華耶|千迅|千速|千隼|千颯|地早|地隼|智捷|智早|智波矢|智颯|智駿|知勇|知巴冶|知早|知派|知準|知逸|知颯|知飛|秩早|稚早|稚羽矢|稚葉弥|茅早	given-name-dictionary
ひふみ	ひふみ|ひふ実|ひふ美|ヒフミ|一二三|一二実|一二美|一扶美|一文|一文美|妃二実|妃二美|妃史|妃富美|妃布美|妃文|妃楓箕|妃郁|斐文|日冨美|日婦美|日布美|日文|日歩実|比夫実|比夫美|比婦美|比富美|比布美|比扶美|比文|比符美|比芙美|灯文|秀布実|秀布美|緋文|肥富美|陽文|陽郁	given-name-dictionary
ひろの	ひろの|ひろ野|光乃|博の|博乃|厚乃|啓乃|嘉乃|妃呂乃|宏乃|宙乃|宥乃|容乃|寛乃|寛之|寛野|尋乃|広乃|広野|廣乃|弘乃|弥乃|敬乃|日蕗乃|昿野|比呂乃|泰乃|洋乃|洸野|浩乃|浩野|皓乃|礼乃|祐乃|紘乃|絢乃|緩乃|裕乃|裕之|裕野	given-name-dictionary
まきよ	まき代|万亀代|万喜代|万季代|万希代|万清|万紀代|万聖|万起代|万輝代|卷代|末生代|槙代|満希代|満紀代|牧代|眞代|眞喜世|眞喜代|眞紀代|真喜代|真季代|真己代|真希世|真希代|真樹代|真清|真紀世|真紀代|真記世|真記代|真貴代|磨紀代|茉樹代|茉清|麻季世|麻季代|麻希代|麻紀代|麻起代	given-name-dictionary
みねこ	みね子|み祢こ|ミネコ|ミネ子|三子雄|三年子|三根子|三音子|壬宇子|実嶂子|実年子|実根子|実猫|実禰子|岑子|峯子|峰子|峰湖|峰鼓|嶺子|嶺湖|巳年子|弥根子|未年子|未稲子|未音子|棟子|美寧子|美年子|美弥子|美根子|美涅子|美猫|美祢子|美禰子|美稔子|美稲子|美音子|鋒子|魅音子	given-name-dictionary
みゆり	みゆり|みゆ里|ミユリ|光友里|実佑莉|実佑里|実優利|実優梨|実夢里|実宥利|実有里|実由里|実百合|実裕里|心優莉|心百合|心結鈴|未悠里|未有梨|未有里|未由璃|珠揺|美佑莉|美優利|美優梨|美優莉|美夕吏|美夕梨|美夢梨|美夢璃|美悠里|美有里|美由利|美由里|美百合|美祐里|翠友里|翠由理|魅夕凛|魅結里	given-name-dictionary
もえこ	もえこ|もえ子|望恵子|望笑子|桃依子|桃恵子|桃愛子|桃江子|炎子|燃湖|百望子|百枝子|百江子|百笑子|百笑来|百笑虹|百絵子|百萌子|百衣子|紋恵子|紋笑子|若依子|茂恵子|茂枝子|茂栄子|茂笑子|茂英子|萌子|萌恋|萌恵子|萌愛子|萌枝子|萌永子|萌江子|萌瑚|萌笑子|萌絵子|萌衣子|萌香|萠子	given-name-dictionary
れいみ	れい美|レイミ|令美|伶実|伶望|伶美|励実|励美|怜実|怜己|怜弥|怜未|怜美|澪未|玲実|玲巳|玲弓|玲弥|玲未|玲海|玲美|玲衣実|玲衣美|玲見|礼実|礼弥|礼美|礼魅|虹美|虹魅|鈴実|鈴美|零美|麗史|麗実|麗未|麗珠|麗美|麗衣実|麗衣美	given-name-dictionary
つねのり	倫紀|典則|典徳|凡徳|常典|常則|常宣|常徳|常憲|常法|常矩|常紀|常規|庸仁|庸徳|庸敬|庸礼|庸紀|庸訓|恒典|恒則|恒徳|恒憲|恒救|恒教|恒智|恒範|恒紀|恒経|恒至|恒規|曽益|秩典|経乗|経典|経度|経教|経範|経紀|経規	given-name-dictionary
としみつ	俊三|俊允|俊充|俊光|俊恭|俊慶|俊満|利三|利之|利允|利充|利光|利実|利満|利蜜|利通|壽光|寿光|寿満|年充|年光|敏充|敏光|敏満|智三|智充|智計|淑光|理充|登史光|登志光|稔光|紀充|紀光|聡允|聡充|聡光|銛光|鋭充|駿光	given-name-dictionary
としやす	仁康|俊保|俊安|俊康|俊恭|俊泰|俊靖|利保|利安|利康|利恭|利泰|利祥|寿保|寿安|寿康|寿恭|年保|年康|年泰|幸泰|憲能|捷泰|敏保|敏安|敏康|敏恭|敏泰|敏靖|敦靖|智尉|智靖|歳康|淑安|祚保|稔康|稔泰|稔育|聡恭|衡育	given-name-dictionary
ひさゆき	久之|久幸|久征|久敬|久礼|久行|久遍|仙幸|修之|剛征|喜之|壽幸|央之|央幸|央征|央恭|央行|学千|富之|富行|寿之|寿介|寿倖|寿幸|寿祐|寿行|尚之|尚亨|尚千|尚幸|尚志|尚敬|尚行|尚通|恒幸|桐亨|比早之|永行|脩幸|長之	given-name-dictionary
わさぶろう	倭三朗|倭三郎|倭佐朗|倭左朗|倭砂朗|吾三朗|吾三郎|吾佐朗|吾左朗|吾砂朗|和三朗|和三郎|和佐朗|和左朗|和砂朗|我三朗|我三郎|我佐朗|我左朗|我砂朗|環三朗|環三郎|環佐朗|環左朗|環砂朗|羽三朗|羽三郎|羽佐朗|羽左朗|羽砂朗|話三朗|話三郎|話佐朗|話左朗|話砂朗|輪三朗|輪三郎|輪佐朗|輪左朗|輪砂朗	given-name-dictionary
けいいちろう	京一郎|佳一朗|佳一郎|勁一郎|啓一朗|啓一郎|啓市郎|圭一朗|圭一郎|圭市郎|奎一郎|契一郎|径一郎|恵一朗|恵一郎|惠一朗|惠一郎|慧一郎|慶一朗|慶一郎|慶市郎|敬一朗|敬一郎|敬市郎|景一朗|景一郎|桂一朗|桂一郎|桂一部|桂市郎|渓一郎|珪一郎|系一郎|経一郎|継一郎|芥一朗|計一郎|郷一郎|馨一郎|鶏一郎	given-name-dictionary
さわ	さわ|サワ|三和|三環|五和|佐和|佐杷|佐環|咲和|咲羽|咲輪|小和|小羽|小葉|左和|希和|彩和|彩羽|抄和|早和|早羽|桜和|桜環|桜羽|沙和|沙環|沙羽|沙葉|爽|爽和|爽羽|砂和|砂羽|砂輪|紗和|紗琶|紗環|紗羽|茶和	given-name-dictionary
しず	しず|シズ|之都|倭|史津|史珠|司寿|司津|和|四珠|士鶴|寧|志ず|志つ|志壽|志寿|志律|志津|志珠|志瑞|志都|梓寿|沙文|真珠|糸珠|紫寿|紫津|紫珠|紫都|至寿|至都|詞集|詩寿|詩朱|詩都|詩集|閑|静|靜	given-name-dictionary
せい	セイ|世|世依|世唯|倩|勢|勢井|声|征|惺|成|政|整|斉|旌|星|星衣|晴|晴衣|正|清|清衣|済|瀬衣|生|盛|省|精|聖|聖恵|聖衣|菁|誓|誠|誠生|青|青威|靖|静	given-name-dictionary
ひろ	ひろ|ヒロ|優|博|啓|央|妃呂|妃露|宇宙|宏|宙|寛|尋|帆絽|広|弘|弥|斐禄|日呂|景|比呂|比路|泰|浩|灯蕗|燈路|皓|祐|禮|紘|緋絽|緋色|緋露|菲路|裕|陽呂|飛呂|飛路|鴻	given-name-dictionary
ありこ	アリコ|アリ子|亜利子|亜吏子|亜李子|亜梨子|亜理子|亜璃子|亜莉子|亜里子|亞理子|作子|在子|存子|安利子|安吏子|安李子|安梨子|安理子|安璃子|安莉子|安里子|愛利子|愛理子|愛里子|有利子|有子|有理子|有里子|現子|綾梨子|阿利子|阿吏子|阿李子|阿梨子|阿理子|阿璃子|阿莉子|阿里子	given-name-dictionary
きさら	きさら|妃更|姫咲来|姫咲蘭|姫更|姫沙来|姫竹|姫紗蘭|嬉咲良|季|季咲良|季咲蘭|季更|季紗|希咲|希咲来|希咲良|希更|希沙来|希沙羅|希沙良|希紗羅|希紗良|稀瑳羅|稀紗来|紀更|紀颯蘭|紅空|綺更|綺沙羅|綺紗羅|葵沙良|葵紗良|葵裟等|貴新|貴更|貴紗蘭|起彩羅|輝更	given-name-dictionary
きょう	きょう|亨|享|京|今日|侠|僥謳|匡|卉緒|協|叶|叶羽|喬|喬羽|夾|巨宇|巨有|巨羽|希有|強|強羽|彊|恭|恭羽|挟|教|暁|杏|杏羽|経|郷|鏡|響|響巴|饗|香|香宇|馨|驍	given-name-dictionary
たみえ	たみえ|たみ恵|たみ枝|たみ江|他美江|多三枝|多実恵|多実江|多実笑|多巳江|多未江|多未絵|多美依|多美恵|多美惠|多美枝|多美栄|多美江|多美笑|多美絵|多美衣|多美重|多見恵|太実恵|太美恵|彩恵|彩江|民味恵|民恵|民惠|民枝|民栄|民江|民絵|民苗|民衛|田実江|田美江|萌恵	given-name-dictionary
とよみ	とよ実|とよ美|トヨミ|利代実|利代美|十与美|富世美|富代実|富代美|富美|寿陽美|当代美|斗代美|斗余美|東代美|東夜美|東葉実|東葉美|登与美|登世実|登世美|登代実|登代美|登代路|豊代実|豊代美|豊実|豊實|豊己|豊巳|豊弥|豊水|豊海|豊美|豊見|都世美|都代実|都代美|鳴響美	given-name-dictionary
まなえ	まなえ|まな詠|万南恵|万奈依|万渚絵|万苗|学絵|愛恵|愛惠|愛慧|愛枝|愛永|愛江|愛絵|愛苗|愛萌|愛重|満奈栄|痲茄荏|真南恵|真名枝|真夏栄|真奈依|真奈恵|真奈江|真愛|真枝|真絵|真苗|茉南恵|茉名恵|茉奈依|茉苗|蒔苗|麻南恵|麻奈依|麻奈絵|麻苗|麻那依	given-name-dictionary
まりさ	まりさ|まり沙|万梨沙|万梨紗|万里沙|毬沙|毬紗|真梨沙|真梨紗|真理妙|真理彩|真理沙|真理紗|真里沙|真里紗|真麗沙|磨理紗|茉梨沙|茉莉沙|茉莉紗|茉里咲|茉里紗|茉鈴早|鞠咲|鞠左|鞠彩|魔理沙|麻利沙|麻梨沙|麻梨紗|麻理沙|麻理紗|麻璃紗|麻莉|麻莉彩|麻莉紗|麻里佐|麻里沙|麻里紗	given-name-dictionary
みずえ	みずえ|みず恵|みず惠|みず江|三寿江|壬江|実壽枝|実梢|水宴|水恵|水枝|水江|水瑛|水絵|水苗|泉枝|泉絵|泉衣|湖恵|瑞|瑞恵|瑞惠|瑞愛|瑞枝|瑞栄|瑞江|瑞穂|瑞笑|瑞絵|瑞衣|稔恵|美壽枝|美寿恵|美寿江|美梢|美津江|美都恵|美鈴江|美陶	given-name-dictionary
いのすけ	井之丞|井之介|井之佑|井之助|井之祐|井之輔|亥之丞|亥之介|亥之佑|亥之助|亥之祐|亥之輔|亥助|伊之丞|伊之介|伊之佑|伊之助|伊之祐|伊之輔|偉之介|威之介|断圭|断景|断珪|断畦|断群|猪之丞|猪之介|猪之佑|猪之助|猪之祐|猪之輔|衣之丞|衣之介|衣之佑|衣之助|衣之祐|衣之輔|遺之助	given-name-dictionary
かおりこ	伽燭子|佳燭子|佳織子|加燭子|可燭子|夏燭子|果燭子|歌燭子|歌織子|花燭子|花織子|芳利子|芳子|芳梨子|芳理子|芳莉子|芳里子|華燭子|華織子|薫利子|薫子|薫梨子|薫理子|薫莉子|薫里子|香利子|香子|香梨子|香燭子|香理子|香織子|香莉子|香里子|馨利子|馨子|馨梨子|馨理子|馨莉子|馨里子	given-name-dictionary
きよあき	喜代明|喜代昭|喜代秋|廉明|恭章|清亮|清在|清壮|清彬|清彰|清揚|清旭|清明|清昭|清晃|清晶|清暁|清暉|清朗|清照|清爽|清相|清秋|清章|清輝|清顕|潔明|潔昭|澄明|精亮|精晃|聖明|聖晃|聖暁|聖章|規代明|陽章|靖章|静章	given-name-dictionary
きよのり	喜代徳|喜代範|清代|清伯|清典|清則|清功|清宣|清寛|清徳|清憲|清教|清文|清智|清法|清矩|清礼|清範|清紀|清統|清義|清規|清訓|清軌|潔則|潔法|潔範|潔紀|澄憲|精紀|聖了|聖典|聖宜|聖宣|聖徳|聖準|聖範|起代則|静徳	given-name-dictionary
しげまさ	恵正|成優|成公|成将|成尚|成幹|成政|成昌|成正|成真|成賢|栄正|滋将|滋正|滋雅|盛雅|篤道|繁政|繁昌|繁正|繁雅|至眞|至真|茂将|茂政|茂昌|茂正|茂雅|薫正|裕雅|誉昌|誠政|重勝|重政|重昌|重正|重真|重誠|重雅	given-name-dictionary
てるまさ	光正|央昌|央聖|映眞|昭正|晃匡|晃和|晃将|晃成|晃政|晃昌|晃正|暁正|暉雅|照将|照政|照昌|照正|照済|照真|照薫|照雅|皓昌|皓正|英匡|英正|輝公|輝匡|輝将|輝將|輝当|輝成|輝政|輝昌|輝正|輝眞|輝真|輝聖|輝雅	given-name-dictionary
としみち	俊倫|俊充|俊成|俊理|俊路|俊通|俊道|利倫|利充|利康|利満|利経|利路|利通|利道|叔径|和道|季通|寿倫|寿迪|寿道|峻理|平通|才道|敏倫|敏充|敏途|敏通|敏道|明道|智通|智道|淑道|登志道|稔真|稔統|紀道|聖進|都志道	given-name-dictionary
のりしげ	仁茂|伯成|伯重|典成|典茂|典重|利茂|則成|則茂|則重|周重|宣成|工盛|徳志芸|徳成|徳盛|徳臣|徳茂|徳重|慎恵|慶重|憲樹|憲茂|憲重|敬包|敬重|昇成|法重|礼成|祝成|範繁|範茂|範重|紀成|紀茂|紀重|規成|規茂|記成	given-name-dictionary
まさくに	允邦|全邦|公之|匡邦|哲州|唱都|将城|将邦|將國|將邦|巨邦|成邦|政国|政圀|政國|政邦|方邦|昌国|昌訓|昌邦|暢邦|栄邦|正久日|正国|正圀|正國|正城|正州|正訓|正邦|理州|真邦|誠邦|雅国|雅國|雅州|雅有|雅洲|雅邦	given-name-dictionary
いさぶろう	伊三朗|伊三郎|伊佐朗|伊佐郎|伊左朗|伊左郎|伊砂朗|伊砂郎|位三郎|偉三朗|偉三郎|偉佐朗|偉佐郎|偉左朗|偉左郎|偉砂朗|偉砂郎|卯三郎|威三朗|威三郎|威佐朗|威佐郎|威左朗|威左郎|威砂朗|威砂郎|炭枯|炭熟|炭艦|猪三朗|猪三郎|猪佐朗|猪佐郎|猪左朗|猪左郎|猪砂朗|猪砂郎|畏三郎|短囲	given-name-dictionary
けんしょう	健勝|健匠|健将|健昌|健昭|健生|健祥|健章|健翔|兼将|兼生|兼章|兼翔|堅正|堅清|堅祥|憲尚|憲彰|憲昌|憲昭|憲正|憲生|憲章|献璋|研章|耕碩|謙翔|賢勝|賢昭|賢松|賢正|賢照|賢生|賢祥|顕彰|顕正|顕照|顕精|顯正	given-name-dictionary
いほ	一歩|五穂|以保|以帆|以歩|以甫|以穂|伊保|伊歩|伊甫|伊穂|委保|委帆|委歩|委甫|委穂|惟保|惟帆|惟歩|惟甫|惟穂|意保|意帆|意歩|意甫|為帆|生穂|維保|維帆|維歩|維甫|維穂|衣保|衣布|衣帆|衣歩|衣甫|衣穂	given-name-dictionary
かず	カズ|一|一壽|一寿|佳実|佳寿|佳寿子|佳津|佳珠|佳瑞|佳都|加壽|加寿|加津|加都|可寿|和|和寿|和津|和珠|員|嘉寿|数|春|禦|花寿|花瑞|華寿|華都|賀寿|賀津|運|順|香寿|香州|香朱|香珠|香都	given-name-dictionary
のぶ	のぶ|ノブ|乃ぶ|乃婦|乃布|乃扶|乃文|乃生|乃蒲|伸|信|允|及文|叙|存|宜|宣|将|將|展|布|庸|延|惣|暢|更|照|発|矗|緩|能生|誠|農夫|野富|野武|野歩|野生|靖	given-name-dictionary
ゆあ	ゆあ|佑亜|侑愛|侑杏|優亜|優彩|優愛|優明|優有|優杏|優歩|友愛|唯愛|夕愛|夕杏|夕海|夢愛|夢歩|幸愛|弓明|悠杏|悠空|悠綾|有亜|有彩|柚亜|柚愛|汐海|由亜|由彩|由愛|由有|癒亜|結亜|結愛|結晶|遊空|邑愛	given-name-dictionary
るみ	るみ|る実|る美|ルミ|六水|月光|月海|月風|流未|流水|流海|流美|琉実|琉水|琉海|琉美|瑠光|瑠実|瑠巳|瑠弥|瑠心|瑠望|瑠未|瑠水|瑠海|瑠珠|瑠美|瑠見|留実|留巳|留未|留果|留水|留海|留珠|留美|留見|美海	given-name-dictionary
かやの	かやの|かや乃|カヤノ|伽夜乃|佳也乃|佳哉乃|佳弥乃|佳矢乃|佳耶乃|佳野乃|加也乃|加弥乃|加耶乃|加野乃|可也乃|嘉也乃|嘉弥乃|嘉矢乃|夏也野|夏夜乃|歌耶乃|火夜乃|花弥乃|花谷乃|芽乃|芽野|茅乃|茅野|草乃|華矢乃|華耶乃|風谷乃|香乃|香也乃|香夜乃|香弥乃|香矢乃|香耶乃	given-name-dictionary
きりか	きりか|キリカ|妃莉香|姫莉香|季里加|季里花|季里香|希理加|希理果|希理香|希莉香|希里歌|希里花|希里香|桐佳|桐可|桐夏|桐歌|桐花|桐華|桐香|稀梨華|紀李佳|紀梨花|紀里香|葵梨華|葵梨香|葵莉香|貴梨花|貴里加|貴里香|霧可|霧夏|霧日|霧花|霧華|霧霞|霧香	given-name-dictionary
さゆか	さゆか|サユカ|佐由香|優耶|咲優花|咲夢花|咲結華|小悠夏|小由加|小由香|幸結花|彩友佳|彩由花|早夕佳|早有香|早由香|早百香|早祐佳|沙友香|沙憂華|沙有佳|沙有花|沙由佳|沙由加|沙由可|沙由花|沙由香|沙雪華|紗友香|紗幸香|紗悠香|紗有香|紗由佳|紗由加|紗由花|紗由香|紗結香|霜雪花	given-name-dictionary
なつか	なつか|なつ香|七緑|夏々|夏佳|夏加|夏夏|夏日|夏果|夏架|夏樺|夏歌|夏河|夏空|夏翔|夏花|夏華|夏輝|夏風|夏香|奈司香|奈津佳|奈津加|奈津香|奈都花|奈都香|懐加|捺加|捺夏|捺華|渚月華|花束|菜月香|菜津夏|菜津香|菜都花|菜香|長束	given-name-dictionary
ゆめか	ゆめか|優芽果|優芽花|友萌香|夕芽香|夢か|夢佳|夢加|夢可|夢叶|夢夏|夢描|夢果|夢架|夢梨|夢楓|夢歌|夢絵|夢翔|夢花|夢華|夢雅|夢香|幸芽花|弓女果|恋伽|有愛香|有芽果|未来翔|由愛花|由愛香|由芽佳|由芽果|由芽香|結女香|結愛花|結愛華|裕女也	given-name-dictionary
りおな	りおな|リオナ|千夏奈|李桜奈|李緒奈|梨央南|梨央奈|梨於奈|梨桜菜|梨沙奈|梨生奈|梨穂奈|梨緒奈|涼乙菜|涼那|理央奈|理央菜|理愛奈|理桜奈|理緒奈|理緒菜|璃乙奈|璃央菜|璃央那|璃旺菜|璃緒奈|璃緒菜|莉乙奈|莉乙那|莉央奈|莉桜那|莉緒奈|莉緒菜|里央菜|里緒奈|里緒菜|里緒那|里織菜	given-name-dictionary
つねよし	久佳|典良|常佳|常可|常吉|常喜|常好|常由|常睦|常祥|常義|常能|常良|庸吉|庸義|式慶|恒仁|恒儀|恒允|恒吉|恒善|恒喜|恒好|恒徳|恒慶|恒由|恒純|恒美|恒義|恒良|恒芳|経美|経義|経芳|統祥|統義|英祥|雅美	given-name-dictionary
みつのり	三典|三則|三徳|三憲|三教|三登|三紀|三記|充典|充則|充徳|充憲|充教|充法|充紀|光乗|光了|光仙|光倫|光儀|光典|光則|光功|光徳|光憲|光教|光昇|光格|光範|光糊|光紀|光規|光訓|光記|満則|満範|満紀|満里	given-name-dictionary
きんたろう	きん太郎|キンタロウ|均多朗|均多郎|均太朗|均太郎|巾多朗|巾多郎|巾太朗|巾太郎|斤多朗|斤多郎|斤太朗|斤太郎|欣多朗|欣多郎|欣太朗|欣太郎|欽多朗|欽多郎|欽太朗|欽太郎|琴多朗|琴多郎|琴太朗|琴太郎|謹多朗|謹多郎|謹太朗|謹太郎|金多朗|金多郎|金太朗|金太郎|錦多朗|錦多郎|錦太朗|錦太郎	given-name-dictionary
ようじろう	容二郎|庸二郎|庸次郎|庸治郎|洋二朗|洋二郎|洋史郎|洋次朗|洋次郎|洋治郎|洋赦|涌二朗|用二郎|祥治郎|羊二郎|羊次郎|羊治郎|葉二郎|蓉二郎|要二良|要二郎|要次郎|要治郎|要赦|陽二朗|陽二郎|陽児郎|陽司郎|陽士朗|陽志郎|陽次朗|陽次郎|陽治朗|陽治郎|陽赦|養二郎|養次郎|養治郎	given-name-dictionary
こうざぶろう	亘三郎|光三郎|公三朗|公三郎|功三郎|垢三郎|好三郎|孝三郎|孝二郎|宏三郎|巧三郎|幸三朗|幸三郎|広三郎|康三朗|康三郎|弘三良|弘三郎|恒三郎|昂三郎|晃三郎|江三郎|洸三郎|浩三郎|皓三郎|紅三郎|紘三郎|羔三郎|考三郎|耕三朗|耕三郎|興三郎|航三郎|講三郎|貢三郎|鉱三郎|鋼三郎|鴻三郎	given-name-dictionary
いと	いと|イト|乙娘|以斗|以杜|以都|伊乙|伊斗|伊杜|伊登|伊都|依都|唯都|威斗|弦|弦統|惟斗|意斗|意杜|意登|意都|愛|愛灯|愛都|糸|純|絃|絲|綸|緒|衣斗|衣杜|衣桐|衣登|衣統|衣都|音都	given-name-dictionary
のえ	のえ|乃会|乃依|乃咲|乃恵|乃愛|乃慧|乃映|乃枝|乃瑛|乃笑|乃絵|乃英|乃衛|乃衣|乃詠|之江|伸恵|希咲|希愛|希枝|延笑|暖愛|暖笑|暖衣|望恵|望愛|望笑|能恵|野依|野恵|野映|野枝|野江|野生|野絵|野衣	given-name-dictionary
まさ	まさ|マサ|万瑳|万茶|全|匡|政|昌|柾|正|満佐|眞砂|真佐|真咲|真左|真彩|真早|真沙|真瑳|真砂|真紗|真茶|真麻|磨磋|茉瑳|茉茶|雅|麻佐|麻左|麻彩|麻早|麻沙|麻瑳|麻砂|麻紗|麻茶|麻裟	given-name-dictionary
あすな	あすな|あす奈|あす菜|アスナ|亜寿奈|亜沙|亜珠奈|亜珠菜|亜砂|亜素菜|亜須奈|安沙|愛沙|愛純菜|明寿奈|明寿菜|明日南|明日和|明日夏|明日奈|明日成|明日菜|明日那|明日魚|明春菜|明素直|明菜|明須菜|暁沙|有沙|朝菜|杏純奈|杏純菜|翌波|逢沙|阿須那|飛来	given-name-dictionary
あつか	あつ佳|あつ香|亜津佳|亜津香|亜都香|京佳|京加|京香|充佳|充華|充香|厚果|厚香|惇佳|惇花|扱|敦佳|敦加|敦夏|敦歌|敦花|敦華|敦香|淳佳|淳加|淳夏|淳歌|淳華|淳香|温加|温花|温香|篤可|篤翔|篤花|貴香|醇香	given-name-dictionary
あゆさ	あゆ紗|亜侑咲|亜優彩|亜友紗|亜夕咲|亜悠菜|亜柚紗|亜由咲|亜由砂|亜諭早|会結咲|安優茶|彩優咲|彩由沙|愛沙|愛由咲|愛由彩|愛結咲|愛結紗|明優咲|明夢咲|明有咲|明柚紗|明由咲|杏優咲|歩咲|歩彩|歩早|歩楓|歩紗|歩里|葵由紗|藍由咲|逢由咲|阿由沙|鮎沙|鮎紗	given-name-dictionary
いりな	以利菜|伊里奈|伊里菜|依莉南|依里奈|入奈|維吏名|維吏奈|維吏菜|維吏那|維李名|維李奈|維李菜|維李那|維梨名|維梨奈|維梨菜|維梨那|維理名|維理奈|維理菜|維理那|維璃名|維璃奈|維璃菜|維璃那|維莉名|維莉奈|維莉菜|維莉那|維里名|維里奈|維里菜|維里那|衣理奈|衣里奈|衣里菜	given-name-dictionary
かほこ	かほ子|佳保子|佳帆子|佳穂子|佳芳子|佳補子|佳輔子|加保子|加朋子|加穂子|加誉子|可帆子|可歩子|可秀子|可穂子|可芳子|嘉保子|嘉穂子|夏帆子|果帆子|果歩子|果穂子|河浦子|海帆子|火甫子|翔保子|花穂子|花縫子|華穂子|薫子|賀保子|郁保子|香保子|香峰子|香帆子|香穂子|香補子	given-name-dictionary
さとき	仁紀|仁規|佐都紀|哲樹|哲生|彗樹|悟己|悟毅|悟貴|慧希|慧樹|智姫|智季|智己|智樹|智紀|智規|理喜|理憙|理貴|理輝|知樹|聖樹|聡基|聡樹|聡紀|聡貴|聰樹|諭喜|諭紀|識樹|賢紀|里喜|里寿|里樹|里輝|鋭	given-name-dictionary
すずな	すずな|すず菜|すず那|スズナ|寿々七|寿々奈|朱々奈|涼七|涼凪|涼南|涼夏|涼奈|涼梨|涼渚|涼茄|涼菜|涼那|涼采|涼雪|珠々奈|珠寿奈|珠沙|珠洲菜|紗奈|紗菜|紗那|素寿南|菘|鈴南|鈴夏|鈴奈|鈴於|鈴梨|鈴苗|鈴菜|鈴音|鈴鳴	given-name-dictionary
そのか	その叶|園佳|園加|園夏|園果|園花|園華|園香|奏乃花|奏野歌|奏音花|想乃佳|想乃香|想叶|想野香|爽乃果|爽乃香|爽野風|爽野香|窓乃香|笙乃香|粧乃香|素乃加|素乃香|苑伽|苑佳|苑加|苑嘉|苑夏|苑果|苑花|苑荷|苑華|苑雅|苑香|蒼乃夏|蒼乃香	given-name-dictionary
ちふみ	ちふみ|ちふ実|ちふ美|千典|千冊|千冨美|千史|千富|千富実|千富美|千布美|千文|千文実|千文美|千普美|千紋|千美|千芙実|千芙美|千郁|千風見|智史|智富美|智布実|智布美|智文|智美|智芙実|智芙美|智郁|知史|知富実|知富美|知扶美|知芙実|知芙珠|知芙美	given-name-dictionary
てるよ	てるよ|てる代|テルヨ|テル代|光世|光代|光余|光葉|央代|彰代|映世|映予|映代|昭世|昭予|昭代|晃世|晃代|晃預|晶代|智代|曜代|照与|照世|照予|照代|照佳|照夜|照好|瑛世|瑛代|英代|華代|輝世|輝代|輝洋|輝葉	given-name-dictionary
ひとえ	ひとえ|一会|一恵|一愛|一慧|一枝|一江|一笑|一絵|一英|一薫|一衣|一重|人恵|人枝|仁恵|仁惠|仁愛|仁慧|仁映|仁枝|仁栄|仁江|仁絵|仁英|仁重|単絵|史恵|史枝|史江|史絵|單|壱絵|瞳恵|瞳絵|瞳衣|陽十絵	given-name-dictionary
ふさよ	ふさ代|フサヨ|二三代|二幸代|二早代|富佐代|富砂世|富砂代|富紗世|布早代|布矢世|成世|房世|房代|扶佐世|扶佐代|普佐世|普佐代|滋世|滋代|総代|総美|総誉|聡予|聡代|興代|芙沙代|芙砂代|芙紗代|芝代|芳世|芳代|英代|薫世|薫代|記世|重代	given-name-dictionary
まゆう	まゆう|万優|万夕|万木綿|満優|眞優|真侑|真優|真夕|真悠|真有|真木綿|真由|真裕|真邑|繭友|舞夕|舞結冬|舞裕|茉優|茉夕|茉有|茉木綿|茉裕|茉邑|蒔結|麻佑|麻優|麻友|麻夕|麻悠|麻木綿|麻由|麻祐|麻遊|麻邑|麻雄	given-name-dictionary
りよこ	りよこ|りよ子|リヨ子|利世子|利予子|利代子|利佳子|利容子|吏世子|吏予子|吏葉子|吏要子|李世胡|李四子|梨予子|梨代子|燐夜呼|理与子|理世子|理予子|理代子|理依子|理容子|理良子|理葉子|理陽子|琳代子|璃与子|莉代子|里世子|里予子|里代子|里余子|里容子|里葉子|里蓉子|里陽子	given-name-dictionary
さだのり	完訓|定伯|定典|定則|定功|定徳|定忠|定憲|定教|定法|定監|定矩|定範|定紀|定記|定謙|定頼|必典|為章|禎典|禎則|禎宜|禎徳|禎紀|禎規|貞典|貞則|貞剛|貞哲|貞律|貞徳|貞憲|貞成|貞稔|貞範|貞紀|貞規	given-name-dictionary
しゅうか	しゅうか|修佳|修加|修歌|修香|周花|崇華|州花|志結果|愁華|柊景|柊楓|柊歌|柊花|柊華|秀佳|秀可|秀嘉|秀夏|秀歌|秀花|秀華|秀香|秋家|秋果|秋歌|秋花|秋荷|秋華|秋葭|秋霞|秋香|純由佳|萩花|萩香|衆香|集香	given-name-dictionary
たつあき	健明|健晃|多津明|樹明|樹聡|立明|立朗|立章|竜昇|竜明|竜昭|竜暁|竜朗|竜聡|起彰|起明|辰昌|辰明|辰昭|辰晃|辰秋|辰章|辰聡|辰顕|達亮|達彬|達彰|達明|達昭|達晃|達朗|達章|龍彬|龍明|龍昭|龍聡|龍陽	given-name-dictionary
としひさ	仁久|俊久|俊壽|俊寿|俊尚|利久|利剛|利寿|利尚|季久|宗央|寿久|寿尚|年久|憲久|憲能|敏久|敏壽|敏央|敏寿|敏尚|敏長|智久|智央|智寿|歳久|登志久|知央|稔久|稔学|稔尚|紀久|紀尚|聡久|聡尚|資久|順久	given-name-dictionary
ひろはる	博晴|博治|博青|啓晴|啓温|坦治|大晴|大治|宏春|宏晴|宏治|宏浩|宏陽|寛治|實春|尋晴|広晴|広治|広陽|廣晴|廣治|弘春|弘晴|弘治|弘玄|泰治|洋晴|洋治|浩春|浩晴|浩治|紘明|薄治|裕春|裕晴|裕治|裕陽	given-name-dictionary
まさちか	全哉|全央|利親|将睦|将親|征近|成親|政愛|政真|政親|政近|昌史|昌央|昌親|昌近|晶睦|正允|正周|正央|正愛|正爾|正知|正親|正近|理史|直哉|真周|睦親|祐規|誠実|雅允|雅力|雅務|雅周|雅親|雅近|雅隣	given-name-dictionary
うい	うい|優生|兎衣|初|初伊|初生|初糸|初衣|初風|卯莞|卯衣|右伊|宇意|宇生|宇衣|宇逸|愛|愛衣|憂|憂衣|有以|有為|有生|海彩|美依|羽伊|羽依|羽唯|羽意|羽慰|羽生|羽衣|詩衣|雨依|雨衣|雲唯	given-name-dictionary
えい	えい|ゑ以|エイ|依衣|叡|央|影|恵以|恵李|恵衣|愛依|慧衣|映|映依|暎|栄|榮|永|永依|江以|泳|瀛|瑛|瑛衣|瑩|穎|絵渚|絵衣|纓|英|衛|衛衣|詠|鋭|頴|頴娃	given-name-dictionary
きり	きり|キリ|喜利|喜理|妃里|姫梨|姫理|姫莉|姫里|季利|季梨|季理|季莉|季里|希利|希梨|希理|希里|希鯉|幾里|桐|棋理|樹梨|樹理|樹里|稀莉|紀里|綺理|綺莉|綺里|葵梨|記理|貴理|貴里|輝里|霧	given-name-dictionary
すず	すず|スズ|主々|凉|壽々|寿|寿々|寿ず|寿久|寿子|寿珠|数々|朱々|朱寿|朱珠|沙瑞|洲々|涼|涼杏|澄寿|澄洲|澄珠|玲|珠々|珠奏|珠子|珠寿|珠水|珠洲|珠鶴|紗|紗未|翠珠|鈴|鈴篠|須寿	given-name-dictionary
たえ	たえ|タエ|多依|多妙|多延|多恵|多惠|多愛|多慧|多映|多枝|多栄|多永|多江|多瑛|多笑|多絵|多英|多衣|多重|太重|妙|妙恵|妙慧|妙枝|妙栄|妙江|妙紅|妙絵|妙英|妙重|妥江|民衣|泰|田恵|耐	given-name-dictionary
とあ	とあ|乙愛|冬聖|十彩|十愛|友愛|叶亜|叶愛|叶海|和亜|土亜|斗亜|斗吾|斗愛|斗有|杜亜|桃亜|桃愛|桃杏|歩愛|永久|永愛|永遠|渡青|登亜|統和|翔亜|翔彩|翔愛|翔空|翔葵|透聖|都亜|都愛|音矢|飛陽	given-name-dictionary
わか	わか|ワカ|倭佳|倭加|倭歌|倭香|和何|和佳|和加|和可|和嘉|和夏|和春|和果|和架|和歌|和花|和華|和賀|和赤|和郁|和香|嫩|環果|環花|稚|羽叶|羽夏|羽花|羽華|羽香|若|若楓|若歌|若華|話花	given-name-dictionary
あげは	あげは|あげ波|アゲハ|一葉|上蝶|亜夏波|亜夏玻|亜夏羽|亜夏葉|亜聖葉|亜華々|亜華羽|亜華葉|亜蝶|天羽|愛桂葉|愛華羽|揚羽|揚華|揚葉|明夏波|明羽|有華羽|朱夏羽|朱羽|朱葉|杏芽葉|碧波|紅葉|緋芭|舞蝶|藍夏羽|藍夏葉|蝶羽|鳳|鳳羽	given-name-dictionary
えみな	えみ菜|エミナ|咲名|咲奈|咲菜|恵三奈|恵実奈|恵海菜|恵美名|恵美奈|恵美菜|惠美奈|映幹菜|映未奈|映美奈|枝未奈|江実奈|江巳奈|江巳菜|江美奈|甘奈|笑南|笑和|笑奈|笑愛|笑菜|笑那|絵実名|絵海奈|絵深菜|絵美名|絵美奈|絵美菜|英実奈|英美奈|衣美奈	given-name-dictionary
かつよ	かつよ|かつ代|か津よ|カツヨ|カツ代|佳月代|佳津世|佳津予|佳津代|佳都世|健代|克世|克予|克代|克余|克月代|功代|加津世|加津代|勉与|勝与|勝世|勝代|勝余|勝誉|和代|嘉津代|夏津代|尅代|捷代|桂代|活世|豪世|雅津代|香津代|香都代	given-name-dictionary
かなり	かなり|伽奈里|佳也|佳奈利|佳奈理|佳奈里|佳成|佳菜里|加奈利|加奈梨|加奈理|加奈里|可成|叶愛|叶理|夏奏|奏璃|奏莉|奏里|架奈梨|歌鳴里|花成|花生|花菜里|花鳴|華成|華生|華菜里|華鳴|霞拿梨|風也|香奈利|香奈梨|香奈理|香奈里|香成	given-name-dictionary
けいな	けいな|京奈|佳奈|佳那|啓菜|圭南|圭奈|圭菜|圭那|奎奈|奎那|径菜|恵奈|恵菜|恵那|惠七|慧南|慧奈|慧生|慧菜|慧那|慶奈|慶菜|敬奈|景奈|景市奈|景菜|桂南|桂奈|桂那|渓凪|渓南|渓奈|渓菜|蛍奈|蛍那	given-name-dictionary
げんじ	元二|元司|元士|元慈|元次|元氏|元治|元滋|元至|原二|原児|原兒|原次|幻児|幻樹|弦司|弦志|愿二|愿治|源二|源司|源嗣|源次|源氏|源治|源爾|玄二|玄司|玄次|玄治|玄爾|玄耳|現慈|皖司|絃じ|絃司	given-name-dictionary
さりい	さりい|サリイ|佐理衣|咲理以|咲璃以|咲莉|咲里衣|小里衣|彩里衣|早梨以|早理|沙利伊|沙梨依|沙理伊|沙莉衣|沙里|沙里伊|沙里依|沙里衣|沙麗衣|砂莉伊|紗吏依|紗李|紗李衣|紗梨衣|紗理|紗理衣|紗璃衣|紗莉依|紗莉衣|紗里依|紗里衣|紗麗衣|莎麗|裟璃依|裟里衣	given-name-dictionary
そうこ	そうこ|創子|壮子|奏子|宗古|宗子|宗瓠|崇子|庄子|惣子|想子|操子|早卯子|早子|曹子|桑子|桑弧|淙子|漱子|爽子|相子|窓湖|笙子|綜子|総子|總子|繰子|聡子|聰子|草子|荘子|蒼子|装子|鎗子|霜子|颯子	given-name-dictionary
たけき	丈樹|健喜|健城|健樹|健機|健毅|健生|健紀|健貴|健起|剛己|剛希|剛樹|剛毅|剛規|剛輝|岳樹|岳毅|建樹|彪|武喜|武城|武基|武己|武希|武樹|武毅|武生|武貴|武輝|毅樹|猛|猛己|猛樹|雄己|雄樹	given-name-dictionary
たまよ	たまよ|たま代|タマヨ|丸代|保麻容|圭世|圭代|圭由|多万予|多満代|多麻予|朱代|殊代|玉世|玉代|玉佳|玉葉|玉陽|玲代|珠与|珠世|珠予|珠代|珠夜|珠男|珠誉|球世|球代|瑞世|瑞代|環世|環代|田麻代|田麻誉|賜代|麗代	given-name-dictionary
てるこ	てるこ|てる子|テル子|光子|史子|天瑠子|天留子|天龍子|央子|彰子|明子|映子|映湖|昭子|晃子|晢子|晴子|晶子|暁子|暉子|曜|曜子|煕子|照|照子|瑛子|璋子|皓子|皓湖|禎子|耀子|耿子|英子|貞瑠子|輝子|輝虎	given-name-dictionary
ひでこ	ひで子|ヒデ子|之子|任子|俶子|偉子|光子|千英子|嗣子|妃出子|季子|寿子|尚禎子|希子|幸子|康子|成子|日出子|日出香|未子|杰子|東子|栄子|比出子|比禎子|淑子|淑胡|秀子|秀虎|翡出子|聖子|英子|英湖|行子|豪子|陽出子	given-name-dictionary
まみえ	まみえ|万実恵|万美恵|万美枝|万美江|万美絵|万見衣|満美恵|満美愛|満美江|眞実恵|眞実江|眞美恵|眞美枝|眞美江|真実恵|真実枝|真実栄|真実江|真美恵|真美惠|真美愛|真美枝|真美栄|真美江|真美絵|磨美恵|磨美絵|茉美恵|見|麻未枝|麻未絵|麻美恵|麻美江|麻美絵|麻美衣	given-name-dictionary
もりお	モリオ|保雄|守|守夫|守央|守峯|守巨|守生|守男|守緒|守郎|守雄|旺夫|杜夫|杜生|杜男|杜雄|森大|森夫|森生|森男|森緒|森雄|森魚|盛夫|盛生|盛男|盛郎|盛雄|茂利夫|茂里夫|衛夫|衛生|衛雄|護夫|護緒	given-name-dictionary
ゆみな	ユミナ|佑美奈|侑美奈|優実奈|優海菜|優美奈|友実菜|友水|友美奈|友美菜|夕水那|夕海夏|夕美夏|宥美奈|弓奈|弓心名|弓菜|悠南|悠水南|有己奈|有海奈|有美南|有美奈|柚実南|柚実奈|由允菜|由実奈|由実菜|由巳奈|由美菜|由見名|結実奈|結美奈|結美那|裕美奈|遊美奈	given-name-dictionary
しゅうこ	しゅう子|修子|収子|収香|史有子|司佑子|司優子|周子|宗子|就子|州子|志有子|愁子|朱子|朱羽子|柊子|殊子|珠子|珠羽子|祝子|秀子|秀湖|秀香|秋子|秋湖|終子|緝子|習子|脩子|舟子|萩子|萩瑚|衆子|醜子|集子|集心	given-name-dictionary
しんぞう	伸三|伸蔵|伸造|信三|信蔵|信藏|信造|審三|慎三|慎蔵|慎造|新三|新蔵|新造|晋三|晋造|森三|森蔵|津三|深三|深蔵|深造|申三|眞三|眞造|真三|真蔵|真造|秦三|紳三|親蔵|辰三|進三|進造|針三|震三	given-name-dictionary
てつひろ	哲丈|哲博|哲大|哲宏|哲寛|哲尋|哲広|哲廣|哲弘|哲弥|哲彦|哲拡|哲洋|哲浩|哲煕|哲裕|徹博|徹大|徹宏|徹容|徹寛|徹広|徹弘|徹栄|徹洋|徹浩|徹航|徹裕|晢實|鉄博|鉄大|鉄宏|鉄弘|鉄洋|鉄浩|鉄裕	given-name-dictionary
よしとし	佳俊|佳利|佳季|吉俊|吉利|善俊|善利|善敏|喜俊|喜寿|喜惇|嘉|嘉俊|嘉利|嘉寿|嘉年|嘉敏|好利|好敏|悦利|敬寿|淑敏|禎利|美利|義俊|義利|義勇|義年|義敏|良利|良敏|芳俊|芳年|芳敏|芳稔|順俊	given-name-dictionary
じんいちろう	仁一朗|仁一郎|仁壱朗|仁壱郎|仁市朗|仁市郎|刃一朗|刃一郎|刃壱朗|刃壱郎|刃市朗|刃市郎|甚一朗|甚一郎|甚壱朗|甚壱郎|甚市朗|甚市郎|神一朗|神一郎|神壱朗|神壱郎|神市朗|神市郎|稔一朗|稔一郎|稔壱朗|稔壱郎|稔市朗|稔市郎|陣一朗|陣一郎|陣壱朗|陣壱郎|陣市朗|陣市郎	given-name-dictionary
かん	かん|乾|侃|冠|勘|和|完|寛|幹|康|悍|感|換|敢|柑|桓|歓|浣|渙|漢|潅|瀚|環|皖|神|緩|翰|艦|莞|菅|観|貫|鑑|閑|間	given-name-dictionary
さゆ	佐友|佐祐|偲宥|冴宥|冴揺|咲優|咲友|咲夢|咲有|咲結|咲裕|幸優|彩友|彩由|彩祐|思柔|早柚|早由|桜悠|桜雪|沙優|沙愈|沙愉|沙有|白湯|皐友|粧裕|紗夕|紗悠|紗有|紗由|紗結|莎優|裟結|采宥	given-name-dictionary
しん	しん|シン|伸|信|大|審|心|志ん|志夢|悳|愼|慎|新|晋|晨|普|森|榛|沈|津|深|申|眞|真|神|紳|臣|臻|芯|蓁|詩夢|軫|辰|進|震	given-name-dictionary
ちよ	ちよ|ち代|チヨ|千与|千世|千予|千代|千佳|千夜|千容|千昌|千節|千耀|千芳|千蓉|千誉|千陽|小代|智与|智世|智予|智代|智誉|池陽|知与|知世|知予|知代|知余|知依|知洋|知葉|稚世|稚代|血夜	given-name-dictionary
ひさ	ひさ|ヒサ|久|久紗|壽|央|妃佐|妃咲|妃彩|妃沙|妃紗|寿|尚|恒|日彩|桐|桧佐|桧叉|比佐|比沙|比紗|火佐|燈叉|秀咲|緋佐|緋彩|緋沙|緋砂|緋紗|陽佐|陽唆|陽彩|陽早|飛左|飛早	given-name-dictionary
もも	もも|彩桃|文萌|望々|望桃|望紋|李|李桃|杏|杏萌|桃|桃々|桃子|桃望|桃杏|桃河|桃百|桃花|桃萌|百|百々|百宇|百望|百杏|百桃|百花|百萌|紋々|萌々|萌季|萌望|萌李|萌百|萌真|萌萌	given-name-dictionary
よう	よう|代宇|妖|姚|容|容羽|庸|揚|揺|擁|曄|曜|楊|榕|様|洋|燿|瑛|瑤|瑶|窈|羊|耀|葉|葉羽|蓉|要|謡|踊|遙|遥|陽|雍|養|鷹	given-name-dictionary
りき	りき|リキ|凜気|利喜|利器|利季|利樹|利紀|力|力樹|吏基|吏己|吏貴|吏輝|李樹|李紀|梨希|梨樹|梨紀|梨輝|理喜|理希|理樹|理稀|理紀|理記|理貴|理輝|莉樹|里妃|里季|里木|里樹|里生|鯉己	given-name-dictionary
りん	りん|リン|倫|凛|凛音|凜|厘|懍|李|李音|林|梨|梨恋|梨音|涼音|淋|燐|琳|璃音|稟|綸|綸音|綾|臨|莉音|藺|輪|釐|鈴|鈴音|隣|霖|風音|鱗|麟	given-name-dictionary
あきや	あきや|亜希也|亮哉|光哉|哲哉|彬也|彰也|旭哉|明也|明哉|明季哉|明弥|昭也|昭哉|昭弥|晃也|晟矢|晶也|暁也|暁哉|暁弥|朗也|燿也|祥也|秋也|秋八|秋哉|秋弥|秋耶|空夜|章也|章哉|章弥|詳也|誠也	given-name-dictionary
かねお	佳年雄|兼夫|兼央|兼朗|兼生|兼男|兼雄|加年雄|加根夫|包夫|周大|周夫|周男|周郎|周雄|家子夫|庚子生|甲子男|甲子雄|申子男|謙雄|金夫|金子郎|金生|金男|金郎|金雄|鉦夫|鉦雄|鐘夫|鐘男|鐘郎|鐘雄|鑑夫|香根夫	given-name-dictionary
たかじ	剛二|剛史|哲二|喬次|喬爾|多加次|多嘉二|多嘉治|多賀治|孝二|孝司|孝慈|孝時|孝次|孝治|孝爾|尭司|尭治|尭爾|敬得|敬治|誉治|貴次|隆二|隆児|隆司|隆弐|隆次|隆治|高司|高次|高治|高路|鷹二|鷹治	given-name-dictionary
たけじ	たけじ|タケジ|丈二|丈司|丈慈|健自|剛二|剛嗣|剛治|威二|孟二|孟次|孟爾|岳二|岳児|岳志|岳樹|岳次|岳治|彪二|武二|武司|武次|武治|武爾|毅治|猛二|猛司|猛治|竹二|竹司|竹次|竹治|竹路|雄二	given-name-dictionary
たつえ	たつえ|たつ恵|たつ枝|たつ江|タツエ|タツ江|多津恵|多津栄|多津江|多津衛|多都枝|多鶴恵|幸恵|建江|立恵|立映|立枝|立江|竜恵|竜江|竜絵|辰恵|辰枝|辰栄|辰江|辰絵|達恵|達枝|達榮|達江|達絵|龍枝|龍栄|龍江|龍絵	given-name-dictionary
ちづこ	ちづこ|ちづ子|チヅ子|千づ子|千壽子|千寿子|千尋|千律子|千津子|千珠子|千瑞子|千純子|千都子|千鶴子|地図子|地津子|小都子|智寿子|智律子|智月子|智津子|智瑞子|智都子|智鶴子|池鶴子|知寿子|知月子|知朱子|知津子|知珠子|知都子|知鶴子|秩子|稚津子|茅津子	given-name-dictionary
まみか	万実伽|万実加|万実香|万海花|万美加|万美香|摩美花|真実佳|真実加|真実花|真実香|真巳香|真心香|真未香|真湖香|真珠花|真美佳|真美加|真美花|真美香|茉実加|茉実香|茉美佳|茉美加|麻実佳|麻実加|麻実歌|麻実香|麻巳佳|麻巳香|麻未佳|麻美佳|麻美夏|麻美花|麻美香	given-name-dictionary
まりお	まり緒|マリオ|万理央|万理於|万理緒|万里夫|万里央|万里雄|毬夫|毬央|毬生|毬緒|眞理夫|真理夫|真理央|真理男|真理緒|真理雄|真里緒|茉理央|茉理緒|萬里夫|萬里男|萬里雄|鞠央|鞠生|鞠緒|麻利夫|麻利央|麻理央|麻理緒|麻莉桜|麻里央|麻里生|麻里緒	given-name-dictionary
ゆりの	ゆりの|ゆり乃|侑李乃|優凛望|優理乃|優莉乃|友利乃|友梨乃|友理乃|友莉乃|友里乃|友里之|夕梨乃|夕璃乃|夕莉乃|夕里乃|悠梨乃|悠理乃|悠里乃|憂里乃|有利乃|有梨乃|有里乃|柚莉乃|由合乃|由梨乃|由莉乃|由里乃|百利乃|百合乃|百合野|百里乃|祐莉乃|祐里乃|裕莉乃	given-name-dictionary
よりえ	より江|ヨリエ|代利惠|依咲|依恵|依枝|依栄|依江|依絵|依重|善里永|夜梨恵|夜梨絵|容莉子|容莉恵|容莉惠|容莉枝|容里枝|寄絵|洋里江|衣恵|資江|賢恵|遥里恵|選江|陽里江|順恵|順枝|順江|順絵|順衣|頼恵|頼枝|頼江|頼絵	given-name-dictionary
のりちか	仁力|典愛|典親|典近|則近|勤恭|哲史|宜哉|宜尋|宣親|寛慈|徳元|徳親|悳鄰|憲史|憲周|憲央|憲睦|憲親|教慎|教親|敬允|敬近|格央|永親|法哉|法央|法爾|範史|範周|範真|範親|紀力|紀親|訓史	given-name-dictionary
ふみたか	冨隆|史享|史剛|史卓|史孝|史宜|史尊|史尚|史崇|史恭|史敬|史昂|史生|史考|史貴|史隆|文剛|文博|文孝|文宝|文峰|文崇|文彪|文敬|文昂|文貴|文隆|文高|文鷹|章孝|章生|章貴|踏孝|郁貴|郁隆	given-name-dictionary
よしなお	亮直|佳尚|佳直|可尚|可直|吉尚|吉直|善尚|善直|喜直|嘉尚|嘉直|圭尚|好尚|好直|宜尚|巧尚|慶尚|慶直|敬有|敬直|文直|由尚|由直|禎直|美尚|美直|義尚|義直|義真|能直|良尚|良直|芳尚|芳直	given-name-dictionary
けいしょう	冏紹|啓彰|啓昇|啓祥|啓章|啓翔|啓聖|啓象|圭将|圭昇|圭璋|圭賞|契勝|恵勝|恵昭|恵正|恵章|恵粧|惠證|慧丞|慧将|慶松|慶生|敬勝|敬尚|敬正|敬章|敬翔|景昭|景晶|景祥|景章|景翔|渓霄|継昌	given-name-dictionary
あえ	あえ|亜依|亜恵|亜慧|亜映|亜枝|亜栄|亜江|亜絵|亜英|亜衣|安恵|安慧|安映|安枝|安栄|安永|安江|安絵|安英|安衣|愛恵|愛映|愛枝|愛笑|阿恵|阿慧|阿映|阿枝|阿栄|阿永|阿江|阿絵|阿英	given-name-dictionary
さく	さく|サク|佐久|佐公|作|冴宮|咲|咲久|咲玖|咲矩|咲空|咲紅|小玖|彩玖|彩空|彩紅|早玖|朔|朝丘|桜|桜紅|櫻紅|沙空|沙紅|爽玖|爽空|瑳久|瑳玖|紗久|紗宮|紗来|紗空|索|颯空	given-name-dictionary
れお	れお|レオ|令於|令桜|伶央|嶺緒|怜央|怜桜|怜王|怜生|流央|澪央|澪於|玲央|玲於|玲桜|玲欧|玲緒|玲織|玲英|玲音|礼保|礼夫|礼央|礼於|礼緒|莉生|蓮桜|零央|零生|麗央|麗桜|麗緒|黎於	given-name-dictionary
あかな	あかな|アカナ|亜加奈|亜香奈|亜香菜|奏|安佳奈|安佳那|彩加奈|愛佳菜|愛加那|愛奏|愛香奈|明名|明奈|明菜|明那|明香奈|暁|有奏|朱名|朱夏|朱奈|朱菜|朱那|灯夏|紅奈|紅菜|紅那|緋奈|芙叶|茜奈|茜菜|赤菜	given-name-dictionary
えみる	えみる|依未留|依楼|彗実流|彗美流|恵実瑠|恵未瑠|恵美瑠|恵美留|惠観瑠|愛実|愛深瑠|愛視|慧未留|慧美流|永実留|永美留|江実留|江美瑠|江美留|瑛実留|瑛美留|笑実瑠|笑琉|笑瑠|笑留|笑瞳|絵実留|絵美瑠|絵美留|英実留|英未琉|英美留|萌枝留	given-name-dictionary
かずほ	かずほ|かず歩|かず穂|一保|一帆|一星|一歩|一穂|一葉|一誉|一鳳|一鵬|佳寿保|佳朱穂|加津穂|千穂|和保|和布|和帆|和歩|和甫|和穂|和穗|壱保|壱歩|夏寿帆|多穂|数穂|春帆|歌寿穂|穂|紀歩|香久穂|香寿保	given-name-dictionary
かつし	伽津士|健史|克|克之|克史|克司|克嗣|克士|克師|克志|克支|克至|勉史|勝|勝之|勝史|勝司|勝嗣|勝士|勝市|勝志|勝示|勝祉|勝至|堅|括史|捷史|桂史|桂志|活史|活志|賀津志|雄士|鹿連士	given-name-dictionary
かづえ	かづえ|かづ枝|カヅエ|一恵|一枝|一江|一絵|佳江津|佳津恵|佳津枝|佳津栄|佳津江|佳津絵|佳都恵|佳都枝|佳鶴惠|加津恵|加津枝|加津江|加都枝|加都江|和恵|和枝|和江|和津江|嘉津恵|嘉津枝|嘉津江|果津枝|歌津江|活笑|賀津江|香津恵|香津枝	given-name-dictionary
きわこ	きわ子|キワ子|僖和子|公和子|吉和子|喜和子|喜環子|喜輪子|基和子|妃和子|姫輪子|季和子|希和子|幾和子|暉和子|木和子|来和子|極子|樹和子|爽子|生和子|祈環子|紀和子|葵和子|規和子|記和子|貴和子|貴環子|貴羽子|貴輪子|起和子|起環子|際子|黄和子	given-name-dictionary
くりこ	くり子|クリ子|久利子|久吏子|久梨子|久理子|久璃子|久莉子|久里子|久里湖|久鯉子|九理子|九里子|具理子|孔璃子|恭梨子|栗子|求理子|玖利子|玖梨子|玖理子|玖璃子|玖莉子|玖里子|玖麗子|球理子|矩理子|究理子|空里子|紅莉子|紅里子|薫琳子|薫立子|貢理子	given-name-dictionary
たいこ	たいこ|たい子|た以子|タイ子|代子|兌子|堆子|多井子|多以子|多伊子|多位子|多依子|多惟子|多意子|多衣子|大子|大湖|太子|太衣子|奈子|対子|岱子|平子|戦行子|戴子|泰子|為莞子|田井子|田以子|耐子|臺子|鯛子|鯛瑚|黛子	given-name-dictionary
たまこ	たま子|タマコ|タマ子|圭子|多摩子|多満子|多真子|多磨子|多麻子|太眞子|太麻子|宝珠子|晶子|毬子|玉子|玖子|珠古|珠子|珠己|珠湖|珠真子|球子|球磨子|琳子|瑞こ|瑞子|瑶子|瑶胡|環子|真珠子|碧子|賜子|霊子|響子	given-name-dictionary
ちやこ	ちやこ|ちや子|チヤコ|チヤ子|千也子|千八子|千哉子|千夜子|千弥子|千彩子|千矢子|千耶子|千谷子|千野子|千陽子|地谷子|地野子|智也子|智也香|智哉子|智弥子|智矢子|智耶子|治弥子|知世子|知也子|知哉子|知弥子|知愛子|知矢子|知耶子|稚也子|稚夜子|茅耶子	given-name-dictionary
なごみ	なごみ|なご実|なご美|七五三|七倖実|凪瑚美|南香深|和|和み|和光|和実|和巳|和心|和心美|和望|和未|和水|和海|和深|和珠|和美|和胡美|和魅|奈后美|奈恋美|奈紅美|奈胡実|奈護未|奈護美|成湖美|菜香実|菜鼓実|那光美|那香実	given-name-dictionary
のぶみ	のぶみ|乃文|亘美|伸実|伸未|伸海|伸美|信実|信巳|信美|允美|喜実|宜実|宣美|宣見|展巳|展美|展見|延実|延生|延美|忍美|惟美|文美|暢美|永望|能文美|薫実|薫美|誠美|身文|陳美|頌弥|頌未	given-name-dictionary
みそら	みそら|ミソラ|光空|南天|天天天|実そら|実宇|実宙|実空|己空|巳空|弥空|明空|未宙|未空|海天|海空|深宇宙|深空|珠宙|珠空|真空|美そら|美天|美宇|美宇宙|美宙|美想来|美早来|美爽空|美碧|美空|美薔薇|魅空	given-name-dictionary
わかえ	わか枝|ワカエ|ワカ江|和佳恵|和佳枝|和佳江|和佳絵|和加恵|和加枝|和加江|和加重|和可恵|和可枝|和嘉恵|和歌恵|和歌枝|和歌絵|和花絵|和賀江|和香恵|和香枝|和香江|稚恵|稚枝|稚栄|羽佳恵|若恵|若枝|若栄|若榮|若永|若江|若絵|若衛	given-name-dictionary
ひろただ	代忠|博匡|博唯|博忠|博正|厚忠|啓忠|央忠|央達|宏匡|宏忠|宏斉|宏理|宏禎|寛任|寛忠|尋唯|広忠|弘匡|弘宰|弘忠|弘禎|敬忠|敬理|敬直|洋匡|洋忠|洋正|浩唯|浩忠|裕任|裕唯|裕忠|裕貞	given-name-dictionary
きょういち	亨一|亨市|享一|享壱|京一|京市|侠一|共一|匡一|匡乙|協一|喬一|喬市|境一|嬌一|強一|強市|彊一|恭一|恭壱|恭市|教一|暁一|杏一|矯一|競一|経一|経市|肇一|郷一|鍄一|響一|饗一|驍一	given-name-dictionary
しょうさく	将作|将策|尚作|庄作|彰作|承策|昇佐久|昇作|昇朔|昌三九|昌作|昭三久|昭作|昭朔|昭策|晶策|樵作|正三久|正作|正朔|正策|清男爵|省作|省策|祥作|祥朔|祥策|章作|章朔|荘作|荘策|象策|鉦作|鐘作	given-name-dictionary
せいしろう	征史朗|征史郎|征司郎|征四郎|征士郎|征志郎|成四郎|政四郎|整史朗|星四朗|晴四郎|正四郎|清司郎|清四郎|清志郎|生史朗|盛司郎|盛四郎|精四郎|精志郎|聖四郎|聖志郎|誓史郎|誠之郎|誠史郎|誠四郎|誠士郎|誠志朗|誠志郎|鉦四郎|青士郎|青志郎|静四郎|静志朗	given-name-dictionary
よしじろう	佳司郎|佳次郎|儀次郎|吉二郎|吉次郎|吉治郎|吉赦|善二郎|善次郎|善治郎|喜二郎|喜次郎|喜治郎|嘉二郎|嘉司郎|嘉次郎|寛治郎|慶次郎|昌次郎|由二郎|由次郎|由治郎|美次郎|美治郎|義二郎|義次郎|義治郎|脩治郎|良次郎|良治郎|芳二郎|芳次郎|芳治郎|芳赦	given-name-dictionary
げんいちろう	元一朗|元一郎|元壱朗|元壱郎|元市朗|元市郎|厳一朗|厳一郎|厳壱朗|厳壱郎|厳市朗|厳市郎|弦一朗|弦一郎|弦壱朗|弦壱郎|弦市朗|弦市郎|彦一郎|愿一郎|源一朗|源一郎|源壱朗|源壱郎|源市朗|源市郎|玄一朗|玄一郎|玄壱朗|玄壱郎|玄市朗|玄市郎|絃一郎|鉉一郎	given-name-dictionary
しゅうごろう	修五朗|修五郎|修伍朗|修伍郎|修吾朗|修吾郎|周五朗|周五郎|周伍朗|周伍郎|周吾朗|周吾郎|秀五朗|秀五郎|秀伍朗|秀伍郎|秀吾朗|秀吾郎|秋五朗|秋五郎|秋伍朗|秋伍郎|秋吾朗|秋吾郎|脩五郎|萩五朗|萩五郎|萩伍朗|萩伍郎|萩吾朗|萩吾郎|集渭|集猩|集穗	given-name-dictionary
せいざぶろう	制三朗|制三郎|勢三朗|勢三郎|征三朗|征三郎|成三朗|成三郎|政三郎|星三朗|星三郎|晴三朗|晴三郎|正三朗|正三郎|清三朗|清三郎|済三郎|盛三朗|盛三郎|省三朗|省三郎|精三朗|精三郎|聖三朗|聖三郎|誓三朗|誓三郎|誠三朗|誠三郎|靖三朗|靖三郎|静三朗|静三郎	given-name-dictionary
しょうさぶろう	匠三朗|匠三郎|奨三朗|奨三郎|将三朗|将三郎|尚三朗|尚三郎|庄三郎|昇三朗|昇三郎|昌三朗|昌三郎|昌囲|昭三朗|昭三郎|晶三朗|晶三郎|松三郎|梢三朗|梢三郎|正三朗|正三郎|省三郎|祥三朗|祥三郎|章三郎|翔三朗|翔三郎|薔三朗|薔三郎|鐘三郎|頌三朗|頌三郎	given-name-dictionary
せり	せり|セリ|世李|世梨|世理|世莉|世里|勢利|勢梨|勢里|千莉|妹里|星利|星吏|星李|星璃|星莉|晴凜|晴莉|清里|瀬凛|瀬利|瀬理|瀬璃|瀬莉|瀬里|聖梨|聖理|脊梨|芹|芹理|青里|静莉	given-name-dictionary
いくか	いくか|侑花|依紅花|幾何|幾佳|幾夏|幾歌|幾華|幾香|生何|生佳|生夏|生歌|生華|生香|育佳|育加|育夏|育果|育歌|育花|育華|育香|行夏|衣久加|郁何|郁佳|郁夏|郁果|郁歌|郁花|郁華|郁香	given-name-dictionary
かなよ	佳七与|佳奈世|佳奈代|佳菜代|佳那代|假奈代|加名世|加名代|加奈世|加奈代|加女代|可和世|可奈世|可奈代|叶世|叶代|叶陽|哉代|奏世|奏代|歌奈代|華奈世|華那代|要代|賀奈世|賀奈予|賀奈代|郁名代|香奈代|香菜世|香菜代|香那代|鹿奈代	given-name-dictionary
さほり	さほり|佐保理|佐保里|佐穂里|咲保里|咲穂里|小帆里|小穂理|左保里|彩帆里|早帆里|早歩里|早穂理|早穂里|沙ほり|沙保利|沙保里|沙帆梨|沙帆里|沙穂利|沙穂梨|沙穂理|沙穂里|爽保理|爽帆里|砂帆里|祥穂里|紗保有|紗保里|紗帆里|紗歩里|紗甫里|紗穂里	given-name-dictionary
さよみ	さよみ|サヨミ|佐世美|佐代実|佐代美|佐夜美|佐洋実|佐洋美|佐良美|咲世美|小与美|小世美|小代実|小代美|小夜実|小夜美|小誉美|左世美|左容実|左容美|早与美|早代美|早容美|桜与美|沙代美|沙依実|沙依美|紗与実|紗世美|紗代美|紗陽実|紗陽美|西洋美	given-name-dictionary
しづこ	しづこ|しづ子|シヅ子|伎津子|倭文子|史津子|史都子|司津子|司都子|四鶴子|士津子|委文子|委津子|姿津子|志づ子|志律子|志津子|志通子|志都子|志鶴子|思津子|支津子|支都子|梓津子|紫津子|紫都子|茂津子|詞津子|詞都子|詩津子|誌都子|静子|靜子	given-name-dictionary
たけと	丈人|偉斗|健人|健仁|健太|健斗|健登|剛人|剛斗|剛渡|勇人|勇登|壮人|壮登|威人|岳人|岳登|岳都|岳門|建人|武人|武仁|武門|毅人|洸翔|猛人|猛斗|盛外|竹人|豪人|豪仁|貴年|雄人	given-name-dictionary
としよ	としよ|仁代|俊世|俊代|利与|利世|利予|利代|利志代|季世|季代|富志世|寿与|寿世|寿予|寿代|年世|年代|敏世|敏予|敏代|敏余|斗志代|智世|淑世|淑予|淑代|登志代|登識代|稔世|稔予|稔代|要代	given-name-dictionary
のぶか	のぶ香|乃芙花|亘香|伸佳|伸可|伸果|伸花|伸遥|伸香|信佳|信加|信華|信香|修佳|宣佳|宣香|展佳|展香|布佳|布香|庸加|延佳|延香|惟花|暢佳|暢加|暢花|暢華|更芳|紳佳|緩香|頌佳|頌加	given-name-dictionary
ひなみ	ひなみ|ひな美|ヒナミ|妃南|妃南海|妃波|姫南海|日南|日奈実|日奈海|日奈深|日奈美|日菜実|日菜海|日菜美|日那実|比奈三|比奈実|翔成美|陽七海|陽南実|陽南美|陽実|陽海|陽美|陽菜実|陽菜未|陽菜水|陽菜美|雛実|雛心|雛美|飛奈美	given-name-dictionary
ふゆき	ふゆき|ふゆ妃|二幸|二有希|冬姫|冬季|冬希|冬星|冬来|冬樹|冬生|冬紀|冬貴|冬輝|冬雪|双由紀|双雪|吹雪|夫有希|布幸|布柚紀|楓雪|歩倖|歩結姫|歩雪|芙介|芙千|芙幸|芙雪|賦幸|風悠来|風柚希|風薫	given-name-dictionary
まちえ	まち絵|マチエ|万千恵|万智江|万知会|万知栄|抹智恵|町恵|町枝|町江|眞智恵|眞知恵|眞知枝|真千恵|真千枝|真千絵|真智恵|真智枝|真智江|真知会|真知恵|真知枝|真知江|真知絵|真稚枝|磨千恵|茉知会|萬知江|都恵|麻智恵|麻知会|麻知江|麻知絵	given-name-dictionary
まやか	まやか|マヤ加|万弥佳|万弥華|剣|摩耶花|満野花|真也佳|真也香|真哉香|真夜夏|真夜花|真弥佳|真弥華|真矢佳|真矢香|真耶加|茉也華|茉弥佳|茉弥華|茉矢可|茉耶茄|魔夜香|麻也佳|麻也華|麻也香|麻優香|麻弥佳|麻弥華|麻耶佳|麻耶加|麻耶香|黛華	given-name-dictionary
みかり	みかり|三佳里|三花里|光狩|実佳里|実加理|実果里|実歌吏|実花里|実賀里|実香利|実香梨|実香里|未佳梨|未光|未果莉|深光|美佳里|美加梨|美加理|美加莉|美加里|美夏里|美歌吏|美花理|美華理|美華璃|美賀里|美風鈴|美香利|美香梨|美香理|美香里	given-name-dictionary
もえか	もえか|桃愛香|桃笑花|百映華|百笑佳|萌|萌会香|萌佳|萌加|萌可|萌夏|萌奏|萌愛花|萌日|萌果|萌楓|萌歌|萌江花|萌瑛香|萌科|萌絵|萌絵加|萌翔|萌花|萌芳|萌華|萌薫|萌衣花|萌衣香|萌霞|萌風|萌香|萠華	given-name-dictionary
ゆうが	侑河|優向|優楽|優河|優牙|優芽|優雅|勇冴|勇我|勇雅|友河|友雅|夕賀|夕雅|宥芽|幽雅|悠冴|悠我|悠河|悠雅|愉有我|憂花|憂雅|有我|有雅|柚香|湧芽|結楽|裕雅|遊雅|雄河|雄芽|雄雅	given-name-dictionary
りいな	りいな|利維菜|利衣奈|吏鮪楠|夢七|季衣那|律惟奈|李伊菜|李衣梨|梨以菜|梨依奈|梨李奈|梨衣奈|梨衣菜|理也|理伊奈|理依奈|理衣奈|璃衣奈|莉伊奈|莉唯菜|莉維奈|莉衣奈|莉衣菜|里依奈|里唯奈|里惟奈|里維奈|里衣菜|里衣那|鈴奈|鈴音鳴|麗衣樹	given-name-dictionary
かんいち	于一|侃一|侃市|冠一|勘一|勘市|完一|完市|官一|寛一|寛市|幹一|幹市|幹逸|敢一|敢市|款一|歓一|皖一|管一|簡一|翫一|艦一|莞一|菅一|貫一|貫市|貫弌|還一|鑑一|閑一|関一|韓一	given-name-dictionary
けんせい	健成|健正|健生|健盛|健精|健誠|剣正|剣西|堅正|建成|建誠|憲成|憲正|憲生|憲聖|研世|研勢|研成|研晴|研盛|研精|研誠|賢世|賢成|賢星|賢正|賢生|賢聖|賢誠|顕正|顕清|顕生|顕誠	given-name-dictionary
ただすけ	一修|匡亮|匡佑|匡家|匡祐|唯介|唯助|唯祐|唯輔|尹祐|忠亮|忠介|忠佐|忠佑|忠典|忠助|忠友|忠右|忠相|忠祐|忠臣|忠輔|惟助|正将|正相|正祐|直輔|督介|禎介|維右|規介|貞資|賢哉	given-name-dictionary
としかつ	俊克|俊勝|俊和|俊彰|健功|利且|利克|利功|利勝|季克|寿|寿克|寿勉|寿勝|年克|年功|年勝|徹勝|敏且|敏克|敏功|敏勝|敏尅|敏捷|敏活|稔勝|章克|等勝|紀克|紀勝|聡克|聡勉|要勝	given-name-dictionary
ひろくに	亘国|博国|博邦|啓州|啓邦|大邦|太邦|完国|宏圀|宏州|宏有|宏邦|寛国|寛晋|広国|広訓|広邦|弘国|弘洲|弘邦|拓邦|汎邦|洋州|浩国|浩國|浩州|浩邦|淳邦|紘州|紘邦|裕国|裕國|裕邦	given-name-dictionary
ひろひこ	公彦|博彦|博比古|周彦|啓彦|大彦|央彦|宏彦|寛彦|寿彦|広彦|弘彦|弥彦|恕彦|拓彦|比呂彦|泰彦|洋彦|洋比古|洪彦|浩彦|潤彦|煕彦|熙彦|皓彦|碩彦|祐彦|紘彦|緋朗彦|衡彦|裕彦|飛呂彦|鴻彦	given-name-dictionary
もとよし	元厳|元喜|元嘉|元宜|元愛|元敬|元昌|元淑|元祥|元禧|元美|元義|元良|元芳|原敬|固功|基吉|基善|基嘉|基好|基由|基義|基良|基芳|宗由|府吉|志至|本義|求吉|源嘉|素祥|素義|素良	given-name-dictionary
りょういち	リョウ一|両一|了一|了壱|亨一|亮一|亮市|令一|僚一|凉一|凌一|寮一|寮弌|嶺一|怜一|掠一|涼一|瞭一|稜一|竜一|簗一|綾一|良一|良市|諒一|遼一|量一|量壱|鐐一|陵一|領一|領壱|龍一	given-name-dictionary
しづ	しづ|シヅ|倭|偲津|偲都|史津|史珠|史都|司津|四津|垂|姿津|姿都|志づ|志寿|志徒|志津|志珠|志通|志都|梓津|梓都|稚寿|稚珠|糸津|紫津|紫都|至都|詩津|詩都|詩鶴|誌津	given-name-dictionary
ちな	ちな|千南|千名|千奈|千愛|千菜|千那|地名|智凪|智名|智奈|智茄|智菜|智那|珍夏|知南|知名|知奈|知愛|知菜|知那|稚奈|稚菜|竹那|築永|紫葵|茅南|茅名|茅奈|茅愛|茅菜|茅那	given-name-dictionary
なえ	ナエ|七江|七重|凪恵|南枝|名恵|名絵|奈依|奈恵|奈愛|奈枝|奈栄|奈江|奈絵|奈英|奈重|愛依|早苗|渚絵|秧|綯恵|苗|苗絵|菜恵|菜江|菜絵|菜衣|那依|那恵|那江|那絵|那衣	given-name-dictionary
りみ	りみ|凜美|利実|利美|合未|吏美|季未|李実|李美|李観|梨実|梨弥|梨未|梨深|梨美|浬海|理仁|理実|理己|理美|璃未|璃海|璃深|璃美|莉実|莉未|莉美|里望|里水|里深|里美|里観	given-name-dictionary
あえこ	あえこ|あえ子|あゑ子|あ江子|アエ子|亜恵子|亜映子|亜枝子|亜栄子|亜永子|亜江子|亜絵子|亜英子|亜衣子|安咲子|安恵子|安映子|安栄子|安永子|安江子|安絵子|安英子|安重子|敢子|明恵子|阿恵子|阿映子|阿栄子|阿永子|阿江子|阿絵子|阿英子	given-name-dictionary
いほこ	いほこ|いほ子|一百子|一穂子|五保子|五百子|五穂子|以保子|以帆子|以歩子|以穂子|伊保子|伊帆子|伊方子|伊穂子|委保子|委帆子|委穂子|惟保子|惟帆子|惟穂子|意保子|意帆子|意穂子|為穂子|維保子|維帆子|維穂子|衣保子|衣帆子|衣穂子|飯穂子	given-name-dictionary
かずな	一七|一夏|一奈|一女|一楠|一菜|一那|万奈|佳寿菜|加寿奈|千奈|千菜|可寿奈|和凪|和南|和名|和奈|和愛|和沙茄|和菜|和那|壱奈|夏砂|寿奈|数奈|良夏|花寿奈|華寿奈|華津奈|華津那|香沙|麗奈	given-name-dictionary
くみか	久光香|久実果|久実花|久巳華|久未佳|久未香|久美加|久美歌|久美花|久美賀|久美香|久観香|九美香|公巳佳|公美賀|孔美佳|来海夏|来海香|来深香|求示加|空実香|空海夏|空海花|空深香|空美夏|空美香|空見花|紅弥香|紅水香|紅美加|紅美歌|薫美香	given-name-dictionary
さちほ	さちほ|さち穂|サチホ|佐千穂|佐智帆|佐知保|佐知帆|倖歩|咲知穂|幸保|幸帆|幸歩|幸甫|幸穂|彩知歩|早千帆|早知歩|早知穂|沙千穂|沙智穂|沙知穂|玲穂|砂千帆|祐穂|祥保|祥宝|祥帆|祥歩|祥穂|禄穂|紗千穂|紗知歩	given-name-dictionary
さらさ	さらさ|さら沙|咲来沙|咲楽紗|咲良紗|咲蘭彩|四季歌|少良小|彩来咲|彩良沙|早良彩|早良沙|更咲|更彩|更早|更沙|更砂|更紗|更颯|桜咲|桜良咲|沙羅沙|沙羅瑳|沙羅紗|紗|紗羅咲|紗羅彩|紗良咲|紗良彩|花布|静流紗|颯沙	given-name-dictionary
せんじ	仙二|仙司|仙次|仙治|千之|千二|千侍|千嗣|千次|千治|宣司|宣慈|宣次|宣治|専二|専司|専次|専治|専爾|扇治|撰二|暹治|泉二|泉児|泉次|洗二|洗耳|煎次|鉄治|銑二|銑治|鮮二	given-name-dictionary
たきお	他喜男|他喜雄|多喜夫|多喜央|多喜生|多喜男|多喜郎|多喜雄|多希男|多旗夫|多旗生|多旗男|多旗緒|多旗雄|多樹朗|多気夫|多紀雄|大喜男|太喜夫|太喜男|太喜雄|太生男|太生緒|太紀夫|太紀生|滝夫|滝生|滝男|滝緒|滝雄|瀧雄|田紀夫	given-name-dictionary
ていこ	ていこ|てい子|テイ子|丁子|亭子|停子|呈子|壬子|天意子|天衣子|定子|寧子|帝子|帯子|庭子|廷子|悌子|提子|汀子|禎子|禎香|程子|締子|訂子|貞|貞固|貞子|邸子|醍子|頂子|鼎子|鼎湖	given-name-dictionary
まきの	まきの|まき乃|万喜乃|万季乃|万希乃|万暉乃|万生乃|万軌濃|万黄乃|槙乃|槙野|満喜乃|牧乃|真喜乃|真季乃|真希乃|真樹乃|真生乃|真紀乃|真綺乃|真貴乃|真黄乃|茉季乃|茉希乃|茉生乃|茉黄乃|蒔乃|麻季乃|麻希乃|麻生乃|麻起野|麻黄乃	given-name-dictionary
やすき	保喜|保城|保幾|保木|保材|保樹|保輝|八鍬|安喜|安紀|安規|安記|康喜|康如|康己|康希|康樹|康毅|康記|康起|恭毅|晏希|泰喜|泰基|泰来|泰樹|泰記|泰起|靖城|靖樹|靖生|靖記	given-name-dictionary
りんな	りんな|倫奈|倫生|倫菜|凛|凛凪|凛夏|凛奈|凛愛|凛菜|凛那|凛雫|凛音|凜奈|凜菜|林奈|林菜|梨乃|梨奈|梨菜|燐菜|琳奈|琳為|琳那|琳雫|綾奈|鈴名|鈴夏|鈴奈|鈴菜|霖雫|麟奈	given-name-dictionary
あきなり	亮宜|亮成|哲也|彰也|揚也|明也|明成|明稔|昭也|昭成|晃也|晃成|晃誠|晶也|晶成|暁勢|暁就|暁誠|朗也|朗誠|現成|秋也|秋成|章也|章成|郷成|陽哉|陽成|陽誠|顕也|顕成|顕生	given-name-dictionary
きょうみ	きょう美|亨美|享実|享美|京実|京巳|京未|京海|京美|京見|今日実|今日美|匡実|匡美|喬実|喬美|巨海|強実|強美|恭実|恭美|教実|教美|杏実|杏美|経実|経美|郷実|郷美|鏡都|響美|香美	given-name-dictionary
こうゆう	亘祐|光佑|光裕|公佑|公猷|公雄|好雄|孔友|孝祐|宏裕|宏雄|幸勇|幸有|幸祐|幸裕|幸酉|幸雄|広祐|康祐|晃祐|晃融|晃雄|晧有|浩祐|甲雄|紘雄|興祐|興雄|行佑|行祐|香融|鴻有	given-name-dictionary
しょうか	丞香|宵火|小崋|憧佳|憧歌|承香|抄華|昇加|昌花|昌華|星華|星輝|晶霞|松花|松華|梢花|椒果|正華|渉佳|湘夏|照華|祥華|祥霞|粧香|紫陽香|翔加|翔夏|翔花|翔華|翔香|菖花|青花	given-name-dictionary
ふみひろ	典博|典宏|典弘|史博|史啓|史宏|史寛|史尋|史弘|史拓|史洋|史浩|史裕|文博|文啓|文堂|文大|文宏|文寛|文尋|文展|文広|文弘|文泰|文洋|文浩|文稔|文紘|文裕|章弘|章洋|阜三博	given-name-dictionary
ゆきよし	之徽|之芳|幸令|幸佳|幸吉|幸善|幸好|幸宜|幸慶|幸持|幸滋|幸由|幸美|幸義|幸良|幸芳|志吉|志祥|敬義|祐喜義|章悦|章新|致義|行善|行嘉|行好|行彬|行慶|行美|行義|行良|順良	given-name-dictionary
けいしろう	佳司郎|啓史郎|啓司郎|啓四郎|啓士朗|啓士郎|啓志郎|圭史朗|圭史郎|圭司郎|圭四郎|圭士郎|圭志朗|奎司郎|恵史郎|恵司朗|恵司郎|恵四郎|恵誌郎|慧四郎|慶史郎|慶四郎|慶士郎|敬仕郎|敬史郎|敬四郎|敬志朗|敬志郎|景士郎|景思郎|桂史郎|計史朗	given-name-dictionary
しゅうこう	修光|修孝|修康|修晃|修興|収宏|周行|周鴻|宗厚|宗孝|楸江|秀光|秀好|秀孝|秀幸|秀弘|秀晃|秀洪|秀興|秀行|秀高|秋光|秋江|秋皐|秋篁|秋航|秋虹|秋郊|秋香|脩光|舟行|鍬江	given-name-dictionary
いぶ	イブ|五舞|今生|以歩|以舞|伊歩|伊舞|依歩|依舞|偉武|唯歩|唯舞|夕|惟歩|愛舞|星吹|泉歩|泉舞|生歩|祈歩|祈舞|絵舞|聖|聖夜|聖女|衣歩|衣生|衣羽|衣舞|逸舞|麗星夜	given-name-dictionary
けん	けん|ケン|乾|件|倹|健|兼|剣|堅|妍|娟|建|愃|憲|拳|挙|権|献|眷|研|絢|腱|虔|見|謙|賢|鍵|鎌|顕|顯|騫	given-name-dictionary
ひめ	ひめ|ヒメ|一女|一愛|妃|妃女|妃明|妃芽|妃萌|姫|姫愛|姫瞳|姫芽|媛|日女|日姫|日芽|比瑪|比芽|氷刃|氷女|灯愛|緋女|緋姫|緋芽|陽女|陽姫|陽愛|陽瞳|陽芽|飛芽	given-name-dictionary
みい	みい|ミイ|三井|光衣|実亥|実依|実衣|心怡|智衣|未伊|未依|未倭|未唯|未衣|海唯|海衣|深緋|瑞依|美|美亥|美以|美伊|美位|美依|美唯|美惟|美愛|美衣|身依|身衣|魅衣	given-name-dictionary
ゆず	ゆず|侑珠|優寿|優星|優珠|友津|友瑞|友鈴|夕朱|夢子|子甘|悠寿|悠珠|惟珠|有主|有珠|柚|柚子|柚寿|柚鈴|由好|由子|由寿|由珠|由都|結壽|結寿|結涼|結珠|結鈴|遊子	given-name-dictionary
るり	るり|る里|ルリ|光里|流梨|流理|流璃|流里|琉利|琉李|琉梨|琉璃|琉莉|琉里|瑠|瑠利|瑠吏|瑠李|瑠梨|瑠理|瑠璃|瑠莉|瑠里|瑠麗|璃|留利|留梨|留理|留莉|留里|翠雀	given-name-dictionary
あおみ	亜央美|亜生美|明歩|明百美|明緒実|碧実|碧巳|碧水|碧洋|碧海|碧深|碧美|碧魅|粟生実|翠美|葵巳|葵海|蒼実|蒼巳|蒼弥|蒼望|蒼未|蒼海|蒼深|蒼美|蒼魅|藍海|藍美|青実|青海|青美	given-name-dictionary
あさと	あさと|亜佐人|亜佐登|亜沙人|亜沙都|亜砂土|亜紗土|亜聡|亜郷|亜里|亞里|元人|安里|彩里|愛里|日人|晨史|有里|朝人|朝登|朝都|朝里|朝飛|浅人|阿智|阿里|麻人|麻斗|麻登|麻都|麻里	given-name-dictionary
かねこ	かね子|カネコ|カネ子|佳嶺子|佳念子|佳根子|兼子|加年子|加根子|加音子|包子|可根子|周子|瑞子|矩子|華根子|該子|謙子|賀年子|金子|鉦子|鉱子|銀子|錦子|鐘子|鑑子|香峯子|香峰子|香根子|香音子|香韻子	given-name-dictionary
きしお	喜司夫|喜司生|喜司男|喜司雄|喜四夫|喜四男|喜志夫|喜志男|喜志雄|基四夫|岸夫|岸生|岸男|岸雄|木志雄|甲子夫|癸巳男|簣史雄|紀志夫|紀志男|葵男|記史雄|記糸夫|貴司男|貴四男|貴志夫|貴志男|貴志雄|鬼子夫|鬼子郎|鬼子雄	given-name-dictionary
くにか	くにか|一佳|一花|久ニ花|久ニ華|久仁佳|久仁花|久仁香|公仁佳|国佳|国嘉|国香|國果|晋加|有香|玖ニ花|玖仁香|空虹華|紅ニ香|紅仁夏|紅仁香|薫佳|那香|邦佳|邦加|邦花|邦芳|邦華|邦香|都加|都香	given-name-dictionary
しずき	しずき|倭葵|寧葵|志月|志珠希|志都姫|獅月|祈月|穏姫|紫月|翠月|鎮希|鎮輝|閑來|雫妃|雫姫|雫樹|静喜|静姫|静季|静希|静月|静樹|静琴|静生|静祈|静稀|静紀|静葵|静規|静輝	given-name-dictionary
たくお	卓夫|卓央|卓朗|卓生|卓男|卓郎|卓雄|啄郎|多久男|多久雄|宅雄|拓勇|拓大|拓夫|拓央|拓朗|拓生|拓男|拓郎|拓雄|沢央|琢勇|琢夫|琢央|琢朗|琢生|琢男|琢郎|琢雄|託男|託緒	given-name-dictionary
まいみ	マイミ|万依未|万生美|妹実|妹未|妹美|毎実|毎美|真以美|真依未|真依美|真生実|真生美|真衣実|真衣美|米実|米美|舞実|舞海|舞珠|舞美|舞衣実|茉依未|茉生美|茉衣実|麻依実|麻依未|麻生美|麻衣実|麻衣未|麻衣美	given-name-dictionary
みふゆ	みふゆ|三冬|光冬|実冬|実扶佑|実楓由|実歩優|実芙夕|実芙有|御冬|望冬|未冬|未布夕|未芙優|水風祐|海芙優|深冬|珠冬|生冬|真冬|美冬|美布佑|美扶佑|美楓由|美歩由|美芙優|美芙夕|美芙由|美風優|翠冬|魅冬	given-name-dictionary
ゆづき	ゆづき|佑月|侑月|優月|優月記|優月輝|優築|優都季|勇月|友月|唯月|夕月|夕槻|夢月|夢月記|夢見月|弓月|弓月姫|悠月|有津紀|柚姫|柚月|柚月希|湧月|由月|祐月|結月|裕月|遊月|釉月|雪月	given-name-dictionary
よしほ	よし穂|世詩保|佳畝|佳穂|可穂|吉保|吉甫|吉穂|吉補|善穂|喜穂|嘉圃|嘉歩|嘉穂|好帆|好穂|淑保|淑甫|淑穂|由穂|禎帆|禎穂|紀基|美穂|義穂|良穂|芳帆|芳畝|芳穂|葭穂|誉志穂	given-name-dictionary
こうえい	光栄|光永|光瑛|光瑩|光英|光衛|公栄|公英|厚栄|向栄|孝栄|孝英|宏英|幸栄|幸衛|広栄|康栄|康永|康衛|弘映|晃慧|浩栄|浩英|皓永|紅英|耕栄|興栄|興英|行栄|貢英|香英	given-name-dictionary
そういち	倉一|創一|十男一|双一|壮一|壮市|壯一|奏一|宋一|宗一|宗市|崇市|左右一|惣一|惣市|操一|曹一|爽一|相一|綜一|総一|聡一|聰一|草一|荘一|荘已池|荘市|蒼一|象一|走一|鎗一	given-name-dictionary
としつぐ	俊二|俊嗣|俊次|俊継|俊胤|倫嗣|刀志嗣|利丞|利嗣|利承|利次|利継|利譜|哉亜|壽二|寿嗣|寿次|寿継|寿貢|年次|才二|敏嗣|敏次|敏継|敏貢|斗志二|智次|歳嗣|登史嗣|登志次|稔次	given-name-dictionary
としひと	了仁|俊人|俊仁|利一|利人|利仁|利公|利史|国分|壽人|壽仁|宗人|寿人|寿仁|年均|愛仁|敏人|敏仁|敬人|智人|智仁|智史|淑人|登志人|稔人|稔仁|紀人|聡人|聡仁|要人|駿人	given-name-dictionary
ひろもと	博元|博基|博太|博資|啓元|啓基|大元|大宗|大幹|宏元|宏幹|宏要|寛元|寛基|寛征|尋源|広元|広基|弘元|弘基|弘幹|弘資|泰基|泰大|浩基|浩幹|浩意|浩統|祐元|祐基|裕大	given-name-dictionary
かつさぶろう	克三朗|克三郎|克佐朗|克佐郎|克左朗|克左郎|克砂朗|克砂郎|剋三朗|剋三郎|剋佐朗|剋佐郎|剋左朗|剋左郎|剋砂朗|剋砂郎|勝三朗|勝三郎|捷三郎|昇枯|昇熟|昇艦|昌囲|活三朗|活三郎|活佐朗|活佐郎|活左朗|活左郎|活砂朗|活砂郎	given-name-dictionary
しゅんたろう	俊多朗|俊多郎|俊太朗|俊太郎|尚多朗|尚多郎|尚太朗|尚太郎|峻多朗|峻多郎|峻太朗|峻太郎|旬多朗|旬多郎|旬太朗|旬太郎|春太郎|瞬多朗|瞬多郎|瞬太朗|瞬太郎|竣太郎|舜多朗|舜多郎|舜太朗|舜太郎|隼太郎|駿多朗|駿多郎|駿太朗|駿太郎	given-name-dictionary
ゆういちろう	佑一朗|佑一郎|侑一朗|侑一郎|優一朗|優一郎|勇一朗|勇一良|勇一郎|勇市朗|勇市郎|友一朗|友一郎|宥一郎|幽一郎|悠一朗|悠一郎|有一朗|有一郎|由一朗|由一郎|祐一朗|祐一良|祐一郎|裕一朗|裕一郎|裕市郎|酉一郎|雄一朗|雄一郎|雄市郎	given-name-dictionary
さい	さい|サイ|佐惟|佐為|咲|咲衣|宰|彩|彩生|彩郁|才|斎|最|歳|沙伊|沙依|沙生|沙衣|済|紗伊|紗唯|紗威|紗衣|菜|西|颯以|颯依|颯威|颯意|颯衣	given-name-dictionary
とみ	とみ|と美|トミ|冨|冨美|十三|十実|十美|外実|外美|富|富実|富美|当実|当美|智美|東実|東海|東美|桃美|渡未|留美|登実|登水|登美|通美|都実|都海|都益|都美	given-name-dictionary
いせこ	いせこ|イセ子|以世子|以勢子|以瀬子|伊世子|伊勢子|伊瀬子|依世子|依勢子|依瀬子|依畝子|委世子|委勢子|委瀬子|惟世子|惟勢子|惟瀬子|意世子|意勢子|意瀬子|為世子|維世子|維勢子|維瀬子|衣世子|衣勢子|衣瀬子|衣畝子|逸世子	given-name-dictionary
おさみ	おさみ|乙早美|伯美|修|修三|修実|修己|修巳|修未|修水|修生|修美|修臣|修身|修道|制海|収実|収美|吏美|小砂海|治美|統美|脩己|脩巳|脩美|長史|長己|長巳|長生|長美	given-name-dictionary
かなん	かなん|一南|佳南|佳杏|佳楠|加南|加暖|可南|可楠|叶南|嘩喃|圭南|夏南|果南|架楠|樺南|海南|翔南|花南|花喃|花安|華南|華楠|華生|郁南|霞南|風南|風楠|香南|香楠	given-name-dictionary
かよう	佳容|佳曄|佳洋|佳瑤|佳葉|佳蓉|佳要|佳陽|加容|加葉|加陽|夏葉|夏陽|柯葉|歌要|珂葉|科曄|花耀|花葉|花陽|荷葉|華楊|華洋|華耀|華葉|華陽|香洋|香瑶|香耀|香葉	given-name-dictionary
きいこ	きい子|キイ子|喜以子|喜伊子|喜慰子|基伊子|妃生子|季井子|季意子|季衣子|希以子|希伊子|希依子|希委子|希衣子|紀井子|紀以子|紀伊子|紀位子|紀衣子|葵以子|規井子|規伊子|規倭子|規衣子|貴一子|貴以子|貴伊子|貴容子|貴衣子	given-name-dictionary
きぬえ	きぬえ|きぬ恵|きぬ江|きぬ絵|キヌエ|キヌ江|紗英|紗衣|絹依|絹恵|絹惠|絹映|絹枝|絹栄|絹永|絹江|絹絵|絹英|絹衣|絹詠|衣恵|衣惠|衣映|衣枝|衣栄|衣永|衣江|衣絵|衣英|衣重	given-name-dictionary
きりえ	キリエ|喜利枝|姫理恵|希梨絵|希里恵|希里江|桐恵|桐映|桐枝|桐江|桐絵|樹理江|樹里恵|樹里枝|樹里絵|祈李恵|祈里恵|祈里絵|紀理恵|葵理絵|貴梨絵|貴理絵|貴里恵|錐恵|雰恵|雰枝|霧依|霧栄|霧江|霧絵	given-name-dictionary
さくみ	さくみ|佐久実|佐久美|作実|作巳|作美|咲久実|咲久美|咲実|咲巳|咲心|咲未|咲空美|咲美|左久美|幸久実|幸久未|幸久美|彩空美|早久実|早久美|早玖美|朔実|朔海|朔美|桜海|桜美|沙久実|沙久美|策美	given-name-dictionary
さゆこ	さゆこ|さゆ子|佐弓子|佐斎子|佐有子|佐由子|佐裕子|冴子|咲柚子|咲由子|小有子|小祐子|幸友子|幸由子|彩優子|彩友子|早佑子|早有子|早由子|早祐子|早裕子|更有子|沙佑子|沙友子|沙夕子|沙由子|沙裕子|砂由子|紗優子|紗由子	given-name-dictionary
しげよ	しげ代|シゲヨ|始景代|志げ代|恵世|恵代|成世|成代|成葉|木世|栄代|滋世|滋代|滋葉|秀代|繁世|繁代|繁葉|繁誉|茂世|茂予|茂代|茂葉|草代|薫代|薫葉|重世|重予|重代|重帯	given-name-dictionary
そのみ	そのみ|その実|その美|園|園実|園己|園巳|園望|園未|園水|園海|園珠|園美|奏乃実|奏乃美|想乃実|想乃未|清乃子|素乃美|素野美|聡乃美|苑光|苑実|苑巳|苑弓|苑弥|苑心|苑未|苑海|苑美	given-name-dictionary
だいじ	代二|代司|代次|代治|大之|大二|大仁|大侍|大児|大史|大司|大嗣|大地|大士|大寿|大志|大慈|大支|大時|大樹|大次|大治|大爾|大示|大自|大貮|大路|太士|太志|太治	given-name-dictionary
ちさえ	チサエ|千佐恵|千佐江|千咲絵|千早恵|千桜絵|千沙依|千沙恵|千沙絵|千紗惠|千草枝|智佐恵|智佐枝|智佐江|智佐衣|智小恵|智彩|智早恵|智砂江|智紗恵|智紗衣|知佐恵|知佐江|知冴|知咲枝|知左恵|知沙恵|知紗枝|稚佐衣|茅冴	given-name-dictionary
とくこ	とくこ|とく子|トク子|冨久子|匿子|十久子|十九子|土久子|外久子|富久|富久子|富公子|度久子|当久子|得子|徳子|悳子|戸久子|玉子|登久子|登功子|督子|篤子|統久子|翔空子|訓子|読子|都久子|都功子|都玖子	given-name-dictionary
ななせ	ななせ|なな星|七々星|七世|七奈世|七岩|七彩|七星|七晴|七瀬|七生|七聖|七風|南々瀬|名々瀬|夏七星|天川|奈々世|奈々瀬|奈々聖|奈菜瀬|渚々世|菜々世|菜々瀬|菜乃瀬|虹星|那々瀬|那南星|那奈星|那菜瀬	given-name-dictionary
ひでか	ひで佳|一花|寿佳|幸花|幸香|日出加|日出香|映香|求佳|秀佳|秀加|秀可|秀嘉|秀夏|秀果|秀歌|秀花|秀苗|秀華|秀香|英何|英佳|英加|英可|英果|英花|英芳|英華|英香|薫加	given-name-dictionary
ほずみ	ほずみ|ほず美|保住|保寿実|保寿美|保澄|保瑞実|保瑞美|保積|八月朔|八朔|宝珠美|歩純|溥積|秀実|秀心|秀純|穂住|穂出美|穂実|穂寿実|穂寿美|穂泉|穂澄|穂瑞|穂瑞見|穂積|穂端|穂純|穂美	given-name-dictionary
みゆな	みゆな|光優凪|光夢奈|実優菜|実由奈|実結菜|弥唯那|心佑奈|心優凪|心優奈|心優菜|心悠奈|心結菜|望由奈|水優奈|海夕波|海由菜|海結奈|深幸菜|澪那|瑞優菜|美優奈|美優菜|美友菜|美幸奈|美弓奈|美柚奈|美由奈|美祐那|美結菜	given-name-dictionary
えいこう	映虹|栄光|栄功|栄好|栄孝|栄江|栄洪|栄耕|榮光|永光|永好|永孝|永康|永弘|永晃|永紅|永鎬|泳鎬|英光|英公|英孝|英幸|英弘|英江|英洸|英浩|英考|英耕|英行|詠光	given-name-dictionary
ききょう	キキョウ|喜今|喜叶|妃鏡|姫杏|姫鏡|姫香|季郷|季響|希京|希今日|希叶|希教|希鏡|希香|桔梗|樹京|樹杏|祈叶|稀響|紀恭|葵京|葵杏|葵郷|葵響|記杏|記響|貴享|輝京|輝叶	given-name-dictionary
こうどう	光堂|光道|公堂|公道|功洞|好道|孝堂|孝道|宏堂|宏道|岡堂|幸道|広道|弘道|晃堂|晃道|江道|浩堂|浩洞|浩道|皓堂|紅童|耕堂|耕道|興道|鋼道|香堂|香童|香道|鴻堂	given-name-dictionary
てるひろ	光啓|光宏|彰宏|旭洋|映寛|昭博|晃啓|晃大|晃宏|晃弘|晃洋|暉浩|照博|照啓|照寛|照広|照弘|照浩|照裕|瑛浩|皓大|英彦|輝博|輝啓|輝大|輝宏|輝寛|輝弘|輝洋|輝浩	given-name-dictionary
ひでまさ	愛正|日出正|栄成|栄昌|秀優|秀全|秀匡|秀多|秀将|秀征|秀政|秀方|秀昌|秀正|秀真|秀真佐|秀雅|英優|英剛|英匡|英将|英征|英政|英昌|英晶|英正|英真|英督|英賢|英雅	given-name-dictionary
ゆうせい	侑星|侑生|優成|優政|優聖|優誠|勇星|勇正|友声|右成|夕聖|悠成|悠生|有成|有生|祐政|祐清|祐生|祐聖|結星|裕生|遊星|邑青|雄成|雄星|雄晴|雄正|雄生|雄誠|雄靖	given-name-dictionary
よししげ	佳成|佳茂|吉繁|吉茂|吉重|善成|善繁|善茂|善重|喜成|喜重|嘉成|嘉茂|嘉重|好茂|好重|慶茂|慶重|栄重|由重|義慈|義成|義繁|義茂|義重|能成|良成|良重|芳茂|芳重	given-name-dictionary
あいのすけ	会之丞|会之介|会之佑|会之助|会之祐|会之輔|合之丞|合之介|合之佑|合之助|合之祐|合之輔|愛之丞|愛之介|愛之佑|愛之助|愛之祐|愛之輔|相之丞|相之介|相之佑|相之助|相之祐|相之輔|藍之丞|藍之介|藍之佑|藍之助|藍之祐|藍之輔	given-name-dictionary
じゅんいち	六月市|准一|凖一|循一|恂一|惇一|旬一|洵一|洵市|淳一|淳市|淳智|淳至|淳逸|準一|準市|潤一|潤市|潤逸|盾一|純一|純市|純溢|純逸|諄一|遵一|醇一|隼一|順一|順市	given-name-dictionary
ゆうたろう	佑太朗|佑太郎|侑太郎|優多郎|優太朗|優太郎|勇太朗|勇太郎|友太朗|友太郎|悠太朗|悠太郎|有太朗|有太郎|湧太郎|熊太郎|由太郎|祐大朗|祐太朗|祐太郎|裕多郎|裕大朗|裕太朗|裕太郎|遊太郎|酉太郎|雄大朗|雄大郎|雄太朗|雄太郎	given-name-dictionary
りょうへい	両平|了平|亨平|亮兵|亮平|僚平|凌平|崚平|怜平|涼平|燎平|瞭平|稜平|竜平|糧平|綾兵|綾平|良兵|良平|良柄|諒兵|諒平|諒陛|遼平|量平|鐐平|陵平|領兵|領平|龍平	given-name-dictionary
りょうたろう	両太朗|了太郎|亮太朗|亮太郎|僚太郎|凌太朗|凌太郎|崚大郎|崚太郎|嶺太郎|涼太郎|燎太郎|玲太郎|稜太郎|竜太郎|綾太郎|良太朗|良太郎|諒太朗|諒太郎|遼多郎|遼大朗|遼太朗|遼太郎|量太郎|鐐太郎|陵太郎|領太郎|龍太朗|龍太郎	given-name-dictionary
さお	佐保|佐桜|佐緒|倖桜|咲愛|咲桜|咲生|咲緒|咲翁|嵯央|嵯生|彩桜|彩緒|早桜|早緒|桜於|桜生|沙於|沙桜|沙生|沙皇|沙穂|沙緒|燦桜|紗央|紗桜|紗櫻|紗緒|颯生	given-name-dictionary
ちせ	ちせ|千世|千勢|千征|千成|千星|千泉|千清|千瀬|千生|千畝|千聖|千静|小星|智世|智勢|智施|智星|智生|智盛|智聖|知世|知勢|知星|知瀬|知聖|稚世|稚雪|茅瀬	given-name-dictionary
にな	に奈|ニナ|丹南|丹奈|丹菜|丹那|二奈|二菜|二那|人菜|仁南|仁和|仁奈|仁愛|仁梨|仁茄|仁菜|仁那|似奈|似菜|似那|児奈|新菜|日夏|爾奈|肖奈|虹南|虹奈|虹那	given-name-dictionary
まち	まち|マチ|万千|万地|万智|万治|万知|摩智|満千|満智|満知|町|眞知|真千|真地|真智|真治|真知|磨智|磨知|稚智|茉地|茉治|茉知|茉稚|街|麻智|麻治|麻知	given-name-dictionary
らい	來|來生|來要|徠|来|来依|来威|来衣|楽生|楽衣|磊|礼|礼偉|礼已|礼意|等以|羅為|羅生|羅衣|良伊|良唯|良維|良衣|莱|螺慰|雷|頼|頼威|頼生	given-name-dictionary
らな	らな|ラナ|來音|優花|愛菜|来夏|来奈|来彩|来愛|来渚|桜奈|楽七|楽夏|楽菜|礼菜|羅南|羅名|羅奈|羅那|良奈|良苗|良菜|良那|蘭亜|蘭名|蘭奈|裸汝|頼菜|麗夏	given-name-dictionary
りい	りい|リイ|凛衣|凜衣|利威|利維|利衣|吏惟|李依|李委|梨以|梨依|梨愛|梨衣|理伊|理依|理衣|璃|璃依|璃生|璃衣|莉依|莉唯|莉惟|莉衣|里以|里伊|里依|里衣	given-name-dictionary
うたよ	うた代|兎多世|卯太代|右太世|唄世|唄代|唱世|唱代|宇多世|宇太世|宴代|有多世|歌世|歌代|歌容|歌誉|烏多世|烏太世|烏太代|羽多代|羽太代|詠世|詠代|詩世|詩予|詩代|鵜多世|鵜多代|鵜太世	given-name-dictionary
えいき	叡輝|映希|映樹|栄喜|栄基|栄姫|栄樹|栄貴|栄輝|永城|永基|永樹|永機|永煕|永紀|永貴|永起|永輝|瑛貴|英企|英喜|英器|英樹|英機|英気|英紀|英記|英貴|鋭気	given-name-dictionary
きくよ	きく代|キクヨ|亀久代|喜久世|喜久代|喜公代|基久良|季久代|希久世|希久代|希公代|幾久世|木久代|樹久世|樹久代|生久代|紀久世|紀久代|紀孔代|聞世|菊世|菊久代|菊代|規久代|記久代|貴久世|貴久代|起久世|起久代	given-name-dictionary
きんや	公也|公哉|勤也|勤哉|均也|欣也|欣哉|欣弥|欣彌|欣矢|欽也|欽哉|欽家|欽弥|欽矢|琴也|矜也|磬也|謹也|謹哉|謹弥|金也|金哉|金弥|金矢|錦也|錦哉|錦弥|錦矢	given-name-dictionary
さくや	さくや|サクヤ|佐久夜|作也|作哉|作弥|叉玖耶|叉紅耶|咲也|咲優|咲哉|咲夜|咲弥|咲椰|咲耶|咲野|小久夜|朔也|朔夜|朔弥|朔矢|朝久耶|桜久夜|桜夜|桜弥|沙玖耶|策也|策哉|開耶	given-name-dictionary
しんこ	しん子|シン子|伸子|信子|四夢湖|岑子|心子|志ん子|思子|愼子|慎子|振子|新子|晋子|晨子|普子|津子|津孫|深紅|眞子|真子|神子|秦子|紳子|臣子|親子|進子|鎮子|震子	given-name-dictionary
そのこ	そのこ|その子|ソノ子|其子|初乃子|則之子|園呼|園子|壮乃子|奏乃子|奏王子|奏能子|宗の子|宗ノ子|宗乃|尊乃子|崇乃子|想乃子|素乃子|素之子|素能子|素野子|花子|苑乃子|苑子|若幸|荘能子|薗子|颯乃子	given-name-dictionary
ちゆき	ちゆき|千之|千優季|千夕起|千幸|千征|千志|千有紀|千由|千由季|千由希|千由紀|千由貴|千由起|千結希|千雪|智千|智幸|智由喜|智由希|智由紀|智雪|知由季|知祐希|祐|祐千|稚幸|稚雪|茅雪	given-name-dictionary
とうか	冬架|冬歌|冬花|冬華|冬香|刀華|十華|十香|東華|東香|柊花|桃果|桃花|桃華|桐花|桐華|濤夏|灯伽|灯歌|灯華|瞳花|瞳華|藤夏|藤花|藤香|訪花|豆花|透夏|透花	given-name-dictionary
とくじ	十九二|得二|得史|得司|得治|得路|徳二|徳児|徳司|徳士|徳寿|徳志|徳時|徳次|徳治|徳爾|悳二|登久二|督二|督次|督治|篤二|篤司|篤士|篤次|篤治|篤示|篤路|釈治	given-name-dictionary
としか	としか|俊加|利嘉|利香|利鬯|壽華|壽香|季佳|季夏|季果|寿佳|寿花|寿香|年香|才加|敏佳|敏加|敏歌|敏花|敏香|智架|杜詩花|淑香|登史佳|稔花|稔香|聡華|都史佳|都志佳	given-name-dictionary
はつこ	はつこ|はつ子|ハツコ|ハツ子|八ツ子|八千子|八子|初子|初瑚|初香|始子|客胡|巴都子|幡津子|春告子|波津子|波都子|発子|箸子|羽津子|羽鶴子|肇子|芳津子|華津子|華都子|華鶴子|葉杜子|葉津子|葉通子	given-name-dictionary
はなみ	ハナミ|早波|春七珠|羽奈心|羽菜美|花実|花心|花海|花深|花珠|花瑞|花美|花見|花観|英実|英弥|英珠|英美|華宮|華巳|華望|華未|華果|華海|華美|華菜美|華魅|葉奈妙|葉波	given-name-dictionary
ふじえ	ふじ恵|ふじ枝|ふじ江|フジエ|フジ江|不二恵|不二江|不二絵|冨士惠|冨士枝|冨士江|夫士恵|婦志枝|婦志江|富二恵|富司江|富士恵|富士枝|富士江|富士衣|富枝|富知恵|普示枝|藤恵|藤枝|藤江|藤絵|藤英|藤遠	given-name-dictionary
まちか	まちか|万千香|万智香|万知香|妹愛|待愛|摩周|町華|町香|真千佳|真千加|真央|真実愛|真愛|真智香|真知香|真祐佳|舞千翔|舞智花|茉央|茉智香|茉知花|茉知香|茉香|街香|麻央|麻智花|麻智香|麻知香	given-name-dictionary
まなこ	まなこ|万名子|万奈子|万尚子|愛子|愛湖|最愛子|満奈子|目|眞名子|眞子|眞直子|真名子|真奈子|真子|真尚子|真菜子|真那子|眼|茉名子|茉奈子|茉尚子|茉菜子|茉那子|麻名子|麻奈子|麻尚子|麻菜子|麻那子	given-name-dictionary
みかん	みかん|実幹|実柑|実栞|実歓|実甘|実神|実菅|実貫|未寒|未栞|未莞|美侃|美冠|美寛|美幹|美柑|美栞|美歓|美環|美甘|美神|美花|美華杏|美観|美貫|美輪|蜜柑|魅姦	given-name-dictionary
みきな	三紀奈|光岐奈|光輝奈|実希奈|実樹奈|実綺奈|実輝奈|巳希奈|幹奈|幹菜|心祈奈|操紀奈|未季南|未希那|未来和|未来奈|未輝奈|樹菜|海来奈|神黄南|美季菜|美岐奈|美希奈|美樹奈|美祈菜|美紀奈|美紀菜|美貴奈|美輝奈	given-name-dictionary
やすは	也珠葉|侃葉|保葉|和葉|安葉|容葉|寧葉|康羽|康葉|庸保|弥朱華|恭羽|恭葉|恵羽|愛羽|愛葉|晏羽|椰子波|泰巴|泰波|泰羽|泰葉|温葉|育葉|要葉|靖巴|靖葉|順葉|養葉	given-name-dictionary
らいか	らいか|ライカ|來夏|來歌|來華|来佳|来叶|来夏|来架|来花|来華|来香|梨伽|瀬架|礼佳|羅依嘉|莉花|莱伽|莱夏|莱珂|莱華|莱迦|雷花|雷華|頼加|頼叶|頼架|頼香|麗華	given-name-dictionary
いっこう	イッコウ|一光|一公|一剛|一功|一向|一孔|一孝|一宏|一幸|一広|一康|一弘|一晃|一浩|一港|一甲|一紅|一考|一耕|一興|一航|一行|一香|一高|一鴻|一鵠|一黄|逸巧	given-name-dictionary
さだひろ	定博|定大|定完|定宏|定宗|定寛|定広|定弘|定浩|定裕|真拓|禎啓|禎宏|禎寛|禎廣|禎弘|禎泰|禎洋|貞啓|貞大|貞宏|貞寛|貞広|貞弘|貞洋|貞浩|貞祐|貞紘|貞裕	given-name-dictionary
てるたか	光孝|光崇|光貴|央敬|彰孝|映孝|晃孝|晃崇|晃生|暉高|曜教|照剛|照孝|照尊|照恭|照敬|照星|照隆|照高|輝圭|輝好|輝孝|輝敬|輝行|輝誉|輝貴|輝隆|輝雄|輝高	given-name-dictionary
としなり	俊也|俊哉|俊就|俊徳|俊成|俊生|利成|利準|利為|利誠|寿也|寿成|寿生|峻成|年成|敏也|敏哉|敏巧|敏成|敏斉|敏生|敏誠|敬生|登志成|知克|稔也|稔成|稔生|鏡友	given-name-dictionary
のりかつ	乗克|乗勝|倫克|典克|典巧|則克|則勝|勘勝|宣勝|師勝|律克|徳克|徳勝|悟克|慶勝|憲克|憲功|憲勝|教克|敬勝|法克|法勝|範勝|紀勝|経勝|規克|規勝|詔勝|識勝	given-name-dictionary
ひさとし	久俊|久利|久季|久宗|久寿|久敏|久稔|久聡|久肇|仁俊|古寿|壽俊|寿仁|寿俊|寿利|寿年|寿敏|寿登司|寿章|寿聡|尚俊|尚利|尚寿|尚敏|尚稔|昌寿|永壽|永灯至|翔俊	given-name-dictionary
もとのり	一徳|元典|元則|元徳|元憲|元教|元朝|元法|元章|元紀|元規|基典|基則|基孝|基徳|基教|基範|基紀|基規|幹典|意徳|有記|株徳|真典|素典|素徳|素紀|要教|規矩	given-name-dictionary
えいしろう	影四朗|影四郎|映四朗|映四郎|映紫楼|栄司郎|栄四朗|栄四郎|栄志郎|榮四朗|榮四郎|永四朗|永四郎|瑛四朗|瑛四郎|英司郎|英四朗|英四郎|英士朗|英志郎|衛四朗|衛四郎|衞士郎|詠四朗|詠四郎|鋭司郎|鋭四朗|鋭四郎|鋭志郎	given-name-dictionary
りょうぞう	了三|了蔵|亮三|亮蔵|亮造|令三|僚三|凌三|涼造|潦三|瞭三|稜三|竜三|良三|良蔵|良象|良造|諒三|諒蔵|貞三|遼三|量三|量造|鐐三|鐐蔵|鐐造|領三|龍三|龍造	given-name-dictionary
じゅうじろう	中二朗|中二郎|中赦|充二朗|充二郎|充赦|十二朗|十二楼|十二郎|十字郎|十次郎|十治郎|十赦|寿次郎|寿治郎|従二朗|従二郎|従赦|柔二朗|柔二郎|柔赦|重二良|重二郎|重次郎|重治郎|重赦|銃二朗|銃二郎|銃赦	given-name-dictionary
あお	あお|亜央|亜生|亜緒|大空|安央|愛央|愛桜|愛生|明青|杏央|碧|碧央|碧生|碧穂|秋桜|空緒|葵|葵央|蒼|蒼乙|蒼央|蒼桜|蒼緒|藍|青|青央|麻央	given-name-dictionary
みね	みね|み祢|ミネ|ミ子|三子|実根|実祢|実稔|実音|実韻|峯|峰|嶺|巳子|望音|水音|海音|深音|美子|美峯|美峰|美嶺|美弥|美根|美祢|美音|美韻|観音	given-name-dictionary
あいさ	亜依沙|亜衣紗|会彩|彩衣咲|心紗|愛佐|愛作|愛咲|愛左|愛彩|愛桜|愛沙|愛砂|愛紗|愛總|愛里|明勇|有希|碧沙|秋沙|舞子|葵沙|藍幸|藍桜|藍沙|藍爽|藍砂|藍紗	given-name-dictionary
あかし	あかし|丹|丹史|亜佳枝|明|明史|明士|明子|明志|明石|明糸|明紫|昭|晶|朱|朱史|朱子|朱志|灯|照石|燈|紅|紅紫|証|証史|証志|證|赫	given-name-dictionary
いとみ	いと実|いと美|一十三|一十実|一十美|五十実|五十美|井登美|伊戸美|伊都実|伊都美|弦弥|意富|愛卯|愛実|愛美|糸実|糸弥|糸美|糸見|絃実|絃弥|絃美|綸実|綸弥|綸水|綸海|綸美	given-name-dictionary
かくみ	かくみ|伽久実|伽久美|伽玖実|伽玖未|伽玖美|佳久実|佳久美|佳久見|佳玖実|佳玖美|加久美|加玖実|加玖美|夏久実|夏久美|歌玖実|歌玖美|覚実|覚未|賀久美|郭未|香久三|香久実|香実|鶴実|鶴未|鶴美	given-name-dictionary
さきな	さきな|さき奈|五月菜|咲南|咲名|咲奈|咲姫奈|咲季奈|咲季菜|咲生奈|咲菜|咲那|幸來|早奈|早季菜|早紀名|早紀奈|早菜|早那|朝希菜|桜姫奈|沙希奈|沙希菜|沙紀奈|沙貴奈|紗妃奈|紗季奈|紗貴菜	given-name-dictionary
さくこ	さく子|サク子|三貢子|佐久子|佐公子|佐具子|佐玖子|佐矩子|佐貢子|作子|咲久子|咲子|咲紅子|左久子|左玖子|早久子|早玖子|朔子|沙久子|沙句子|沙来子|沙玖子|砂久子|砂玖子|紗久子|紗玖子|采功子|采紅子	given-name-dictionary
さなこ	さなこ|さな子|佐奈子|佐菜子|佐那子|咲南子|咲奈子|咲己子|咲渚子|咲菜子|咲那子|小奈子|小那子|左奈子|彩名子|彩奈子|早奈子|早菜子|沙南子|沙名子|沙奈子|沙納子|沙那子|真子|真恋|紗奈子|紗菜子|紗那子	given-name-dictionary
しおこ	しほ子|伎王子|史王子|史生こ|史生子|史緒子|司央子|塩子|始保子|志保子|志央子|志帆子|志生子|志穂子|志緒子|志雄子|思央子|汐古|汐子|潮子|矢央子|矢生子|糸桜子|紫王子|紫緒子|至央子|詩央子|詩穏子	given-name-dictionary
たけや	丈也|丈弥|丈矢|健也|健哉|健弥|健矢|剛也|剛弥|勇哉|壮陽|孟也|岳也|岳哉|岳弥|武也|武哉|武弥|武矢|毅也|烈也|猛也|猛弥|竹也|竹哉|竹弥|豪也|豪哉	given-name-dictionary
たつこ	たつこ|たつ子|タツ子|作子|多寿子|多津子|多都子|多鶴子|夛津子|太津子|姐子|建子|忠津子|桂子|樹子|田子|田津子|田鶴子|祝子|立子|竜子|竜湖|貴子|起子|辰娘|辰子|達子|龍子	given-name-dictionary
ちぐさ	ちぐさ|ちぐ沙|千久佐|千久沙|千久紗|千句紗|千宮沙|千宮紗|千彩|千枝|千種|千紅咲|千艸|千草|地草|小種|智久紗|智求沙|智種|智草|知久佐|知久紗|知具沙|知玖佐|知草|稚種|稚草|竹草	given-name-dictionary
とわこ	とわこ|とわ子|冬和子|利和子|十八子|十合子|十和子|十環子|十葉子|友和子|叶和子|土和子|常和子|常環子|得和子|斗和子|杜和子|杜若子|東和子|桃和子|永久子|永遠子|渡和子|登和子|等和子|聡和子|透和子|都和子	given-name-dictionary
のりき	乗樹|倫己|典城|典希|典樹|典輝|則基|則希|則揮|則樹|宜記|式希|徳樹|憲城|憲樹|憲機|憲生|憲紀|教記|法希|法樹|法機|矩揮|範樹|紀樹|紀輝|緑樹|識紀	given-name-dictionary
まおり	まおり|万桜里|万織|万音鈴|和央里|愛織|真央梨|真央莉|真央里|真折|真桜里|真緒梨|真織|真麻理|真麻里|舞央理|舞桜里|舞織|舞音鈴|茉央里|茉緒里|茉音里|麻央里|麻穂利|麻穂里|麻緒里|麻織|麻織美	given-name-dictionary
まさの	まさの|まさ乃|マサノ|万乃|優乃|全乃|匡乃|政乃|政野|昌乃|正乃|正律|理乃|真の|真乃|真佐乃|真彩乃|真野|絹乃|聖乃|誠野|雅乃|雅能|雅野|麻左乃|麻彩乃|麻紗乃|麻裟乃	given-name-dictionary
まふゆ	まふゆ|万冬|万布柚|万布由|万扶有|万芙侑|真冬|真布有|真布柚|真布由|真楓佑|真芙侑|真芙由|真風優|舞冬|舞風優|舞風冬|舞風友|茉冬|茉布柚|茉布由|茉芙侑|麻冬|麻布柚|麻布由|麻芙侑|麻芙悠|麻芙由	given-name-dictionary
みおん	みおん|光音|実桜|実穏|実音|弥恩|心穏|未穏|未音|水音|海温|海苑|海音|海響|深音|満音|澪音|珠温|珠穏|珠音|瑞苑|美女|美音|美響|翠音|観音|魅穏|魅音	given-name-dictionary
みかえ	みかえ|ミカエ|三佳恵|三佳江|三香恵|三香江|三香絵|味佳枝|実加江|実加絵|実花枝|未加江|未華江|美佳枝|美佳江|美加恵|美加枝|美加江|美加英|美夏江|美果恵|美花枝|美華恵|美香恵|美香枝|美香江|美香絵|身加栄	given-name-dictionary
みつみ	みつみ|みつ実|みつ美|ミツミ|三省|三美|充子|充実|充美|光三|光実|光心|光未|光海|光美|円美|密水|未架|温実|満実|満美|瑞美|省三|睦未|美慎|美摘|美水|蜜美	given-name-dictionary
むつき	むつき|一月|六城|六月|六槻|務月|夢希|夢月|夢津来|夢津記|夢都希|無月|眸月|睦|睦包|睦喜|睦基|睦姫|睦季|睦希|睦月|睦紀|睦葵|睦貴|紫春|襁|陸月|霧都季	given-name-dictionary
もにか	もにか|モニカ|文花|望丹果|望二香|望仁加|望仁花|望仁香|木夏|桃仁花|母仁香|百仁香|笛|茂丹花|茂仁香|萌丹花|萌丹華|萌丹香|萌二花|萌仁歌|萌仁花|萌仁香|萌日香|萌翔|萌花|萌虹架|萌香|藻丹花	given-name-dictionary
ゆめみ	ゆめみ|ゆめ美|ゆめ見|佑芽美|優明美|優芽実|優芽美|夢光|夢実|夢弓|夢弥|夢心|夢望|夢海|夢満|夢珠|夢生|夢真|夢美|夢芽実|夢芽美|夢見|夢魅|悠芽実|悠芽美|由芽美|結女実|結女美	given-name-dictionary
あきやす	彰保|彰康|彰恭|彰泰|昌泰|明保|明康|明恭|明易|明泰|昭保|昭安|昭泰|晃保|晃康|晃靖|晶康|暁康|炳康|秋保|秋泰|章保|章安|章恭|章泰|陽安|顕安|顕康	given-name-dictionary
かねよし	光克|兼|兼佳|兼吉|兼善|兼嘉|兼敬|兼由|兼義|兼良|兼芳|兼誼|包義|周可|周新|周良|金吉|金嘉|金垢|金好|金由|金美|金義|金良|金芳|銀能|鐘善|鐘義	given-name-dictionary
かんぞう	侃三|勘三|勘蔵|勘造|喚三|完三|完蔵|完造|官蔵|寒三|寛三|寛蔵|寛造|干三|幹三|幹造|歓三|歓蔵|玩象|甘蔵|翫蔵|莞三|観三|観蔵|貫三|鑑三|関造|韓三	given-name-dictionary
けいせい	啓世|啓成|啓生|啓誠|圭成|圭生|恵晴|恵生|恵聖|慧性|慧聖|慶征|慶成|慶生|敬星|敬生|景星|景晴|景正|桂世|桂生|桂誓|渓声|渓生|系生|経世|計成|馨生	given-name-dictionary
たけふみ	丈史|丈文|偉文|健史|健文|剛史|剛文|勇文|壮史|壮文|威史|威文|孟史|岳史|岳文|崇文|建典|武史|武文|武章|毅文|猛史|豪史|豪文|賦文|雄史|雄文|雄章	given-name-dictionary
ただのぶ	中庸|公信|公延|公靖|匡伸|匡信|匡敦|唯信|唯敦|唯照|忠伸|忠信|忠允|忠史|忠喜|忠宣|忠延|忠忱|忠恒|忠房|忠睦|忠言|忠誠|忠靖|正伸|理誠|禎展|紀之	given-name-dictionary
ともたけ	具丈|具壮|友丈|友健|友剛|友岳|友武|大岳|幸毅|智丈|智健|智剛|智勇|智岳|智建|智武|智雄|朋丈|朋健|朋岳|朝健|朝武|知丈|知健|知剛|知威|知岳|知武	given-name-dictionary
ともふみ	丈史|伴文|倫史|倫文|備史|共史|具史|友史|友文|奉史|奉文|寅文|智史|智文|智章|智郁|有誌|朋典|朋史|朋文|朋郁|朝史|朝文|知史|知文|知郁|紀史|誠文	given-name-dictionary
ひろひと	仁人|博人|博仁|啓人|啓仁|大仁|宏人|宏仁|宏斉|寛人|寛仁|広仁|廣仁|弘人|弘仁|悠人|比呂人|洋人|洋仁|浩人|浩仁|煕人|礼人|祐人|祥仁|裕人|裕仁|郭人	given-name-dictionary
ふみのり	史典|史則|史寛|史徳|史憲|史教|史敬|史法|史範|史紀|史規|史訓|史記|史詞|史識|史雅|文典|文則|文宣|文徳|文憲|文教|文範|文紀|文規|章範|虔徳|郁則	given-name-dictionary
まさひさ	仁久|允久|勝久|将久|将寿|將久|政久|政尚|方久|昌久|昌央|昌寿|昌尚|暢久|正久|正寿|正尚|眞久|真久|真央|維久|聖久|聖寿|賢央|雅久|雅古|雅央|雅尚	given-name-dictionary
みちひこ	三千彦|三智彦|亨彦|伯彦|信彦|倫彦|充彦|導彦|岐彦|巳千彦|廸彦|弥彦|徹彦|未知彦|満彦|満智彦|理彦|紀彦|美千彦|美智彦|美知彦|路彦|迪彦|通彦|道彦|道比古|道火児|達彦	given-name-dictionary
あいじろう	会二朗|会二郎|会次朗|会次郎|会赦|合二朗|合二郎|合次朗|合次郎|合赦|愛二朗|愛二郎|愛慈郎|愛次朗|愛次郎|愛治郎|愛赦|相二朗|相二郎|相次朗|相次良|相次郎|相赦|藍二朗|藍二郎|藍次朗|藍次郎|藍赦	given-name-dictionary
しゅうぞう	修三|修蔵|修造|収三|収蔵|収造|周三|周曹|周蔵|周造|宗三|州三|柊三|秀三|秀蔵|秀造|秋三|終三|脩三|脩蔵|脩造|舟三|衆三|衆蔵|週三|集三|集蔵|集造	given-name-dictionary
しょうせい	勝正|勝生|尚省|彰誠|承世|承聖|昇成|昇清|昌征|昌清|昌生|松声|松生|照星|祥正|祥生|章成|章正|章生|精生|翔征|翔星|証生|象成|象聲|鍾正|鐘成|鐘生	given-name-dictionary
せいしょう	征捷|成昌|成章|政尚|政正|政章|正勝|正昭|正照|清尚|清昇|清昌|清松|清正|盛昌|盛昭|精照|聖将|聖照|聖章|誠正|誠祥|青尚|青嶂|青松|青紹|靖彰|静蕉	given-name-dictionary
ゆうのすけ	佑之介|佑之助|佑之輔|侑之介|優之介|優之助|勇之介|勇之助|友之助|友之輔|夕之介|悠之介|悠之輔|猶之助|祐乃介|祐之亮|祐之介|祐之助|祐之輔|裕之介|裕之助|裕之輔|遊之介|雄之|雄之亮|雄之介|雄之助|雄之輔	given-name-dictionary
きゅういちろう	丘一朗|丘一郎|丘壱朗|丘壱郎|丘市朗|丘市郎|久一朗|久一郎|久壱朗|久壱郎|久市朗|久市郎|九一郎|宮一朗|宮一郎|宮壱朗|宮壱郎|宮市朗|宮市郎|弓一朗|弓一郎|弓壱朗|弓壱郎|弓市朗|弓市郎|求一朗|求一郎|究一郎	given-name-dictionary
きょうざぶろう	享三朗|享三郎|京三朗|京三郎|叫三朗|叫三郎|叶三朗|叶三郎|喬三朗|喬三郎|強三朗|強三郎|恭三朗|恭三郎|教三朗|教三郎|杏三朗|杏三郎|橋三朗|橋三郎|郷三朗|郷三郎|鏡三朗|鏡三郎|響三朗|響三郎|香三朗|香三郎	given-name-dictionary
きく	きく|キク|亀久|喜久|喜玖|妃矩|姫空|季久|希久|希公|希空|幾久|掬|樹久|気久|紀久|綺久|綺来|菊|規矩|貴久|貴句|貴玖|貴紅|貴薫|輝久|鞠	given-name-dictionary
らら	らら|ララ|來良|幸幸|愛々|愛來|星星|星来|来来|来楽|来蘭|楽々|楽来|楽楽|楽良|樂々|歌姫|羅々|羅来|羅良|羅螺|良々|花歌|藍来|蘭々|蘭羅|麗々	given-name-dictionary
りら	りら|リラ|凛怜|凛愛|利羅|利良|吏羅|吏良|季来|律楽|梨来|梨羅|梨良|理良|璃来|璃羅|綾羅|莉来|莉楽|莉羅|莉羅亜|莉良|莉蘿|里来|里良|鈴浦|鈴蘭	given-name-dictionary
あきじ	あきじ|亜樹治|亮二|安芸路|彰士|昌二|明二|明史|明司|明嗣|明士|明慈|明星|昭二|昭治|晃治|晶路|暁児|朗路|照慈|秋二|秋司|秋次|秋治|秋路|章二|章司	given-name-dictionary
あさぎ	あさぎ|アサギ|亜沙来|亜沙樹|彩咲|愛紗儀|旦紗李|旭儀|旭葵|明彩儀|朝妓|朝木|朝葵|朝霧|朝黄|浅葱|浅黄|翠|諒希|麻伎|麻希|麻木|麻樹|麻祁|麻祇|麻葵|麻黄	given-name-dictionary
あつな	亜津奈|厚名|厚奈|厚菜|厚那|孝奈|惇奈|惇菜|惇那|抄奈|敦奈|敦菜|淳名|淳奈|淳菜|淳那|渥名|渥菜|温和|温奈|温那|篤名|篤奈|篤菜|篤那|純奈|貴菜	given-name-dictionary
いちえ	いちえ|いち江|イチエ|イチ江|一会|一千恵|一恵|一愛|一慧|一技|一枝|一栄|一江|一絵|一衛|一重|伊千恵|似智恵|市恵|市慧|市枝|市江|市絵|市衛|市衣|衣千枝|衣知絵	given-name-dictionary
えちこ	エチ子|恵千子|恵智子|恵直子|恵知子|恵道子|悦智子|惠智子|愛千子|愛智子|愛知子|枝千子|枝智子|枝知子|永智子|江千子|江智子|江知子|穫智子|絵千子|絵智子|絵知子|繪値子|英智子|英直子|重智子|重知子	given-name-dictionary
きりん	きりん|キリン|基凛|嬉林|季倫|季凜|季林|希倫|希凜|希林|希鈴|希麟|榎林|樹凜|樹林|樹鈴|煕麟|琴綸|祈凛|祈鈴|綺凛|綺琳|綺綾|葵凛|貴麗夢|鬼凛|麒麟	given-name-dictionary
ことこ	ことこ|こと子|コト子|公都子|功子|古都子|壽子|宜子|寿子|小桃子|小登子|小都子|幹子|思子|承子|来冬子|琴好|琴子|琴心|琴湖|琴瑚|琴都子|琴鼓|節子|紀子|言子|采子	given-name-dictionary
さきよ	さきよ|さき代|佐季代|佐己代|佐貴世|佐貴代|先代|咲世|咲予|咲代|咲余|咲四|咲好|小記代|左起代|幸代|早代|早希代|早陽|沙喜代|沙清|沙貴代|砂記世|紗季代|紗清|紗紀代|綾清	given-name-dictionary
さほこ	さほ子|佐保子|佐帆子|佐歩子|佐穂子|佐芳子|作芳子|咲芳子|小保子|小浦子|左保子|彩穂子|才帆子|才穂子|早保子|早帆子|早穂子|沙保子|沙帆子|沙歩子|沙穂子|沙誉子|瑳保子|皐帆子|紗保子|紗朋子|紗穂子	given-name-dictionary
しえこ	シエ子|伎咲子|偲英子|只愛子|史恵香|史絵子|史輝子|姿絵子|志咲子|志恵子|志枝子|志栄子|志永子|志江子|思恵子|思慧子|思笑子|思重子|智恵子|矢絵湖|石瑛子|紫惠子|蒔重子|詩恵子|詩映子|詩枝子|資重子	given-name-dictionary
しづえ	しづえ|しづ枝|しづ江|シヅエ|史津絵|史都恵|司津恵|司津江|師津枝|志づえ|志づ枝|志津恵|志津慧|志津枝|志津栄|志津江|志津絵|志都枝|志都江|静恵|静枝|静江|静絵|靜恵|靜枝|靜江|靜絵	given-name-dictionary
すがこ	すが子|スガ子|主雅子|住賀子|壽佳子|壽賀子|姿子|姿賀子|寸賀子|寿佳子|寿加子|寿賀子|寿雅子|崇賀子|朱雅子|杉香子|清子|澄賀子|珠花子|珠雅子|素加子|素賀子|素雅子|菅子|須賀子|須雅子|須香子	given-name-dictionary
てるじ	光治|光路|央司|昭二|昭滋|晃二|晃司|晃治|晃爾|晃至|暉二|暉次|暉治|暎二|照二|照仁|照司|照慈|照次|照治|照璽|照路|輝二|輝司|輝次|輝治|輝路	given-name-dictionary
としじ	世治|俊二|俊司|俊次|俊治|利二|利次|利治|土師二|寿二|寿治|年司|年示|才二|敏二|敏史|敏司|敏次|敏治|歳二|歳司|甫治|登志二|稔侍|稔治|聡二|鋭治	given-name-dictionary
はすみ	はすみ|はす実|八澄|波澄|波純|羽寿未|羽寿美|羽澄|羽純|羽純美|羽須実|羽須美|翔純|芙弥|芙美|葉済|葉澄|葉純|葉素実|蓉美|蓮実|蓮實|蓮未|蓮水|蓮海|蓮美|蓮見	given-name-dictionary
はつえ	はつえ|はつ恵|はつ枝|はつ江|は津江|ハツエ|一恵|一栄|八枝|八津江|初彗|初恵|初惠|初映|初枝|初栄|初江|初津枝|初絵|初重|始枝|波津江|波都恵|肇恵|肇江|葉杖|釟江	given-name-dictionary
ひさの	ひさの|ヒサノ|久乃|久能|久野|仙乃|壽乃|央乃|妃乃|妃佐乃|妃咲乃|妃沙乃|寿乃|寿之|寿野|尚乃|尚野|恒乃|悠乃|比佐乃|比左乃|比砂乃|永乃|火早野|聖乃|陽咲乃|飛咲乃	given-name-dictionary
ますよ	ますよ|マスヨ|マス代|万す代|万寸世|万寿代|万春代|万珠代|倍代|圭世|培世|培代|増代|多代|尚代|弥代|満す代|満寿代|満彗世|珠代|益世|益代|真寿代|真素代|祐代|茉寿代|麻寿代	given-name-dictionary
まりよ	まりよ|まり代|万利代|万理代|万里世|万里代|天利代|毬世|毬代|満代|眞理代|眞里代|真利代|真利依|真梨代|真理世|真理代|真璃代|真里世|真里代|磨利代|茉理代|鞠世|鞠夜|麻利世|麻利代|麻里代	given-name-dictionary
みねお	三子男|三子雄|三根夫|三輔雄|岑夫|岑生|岑男|岑雄|峯夫|峯生|峯男|峯郎|峯雄|峰夫|峰央|峰生|峰男|峰郎|峰雄|峻尾|嶺夫|嶺生|嶺男|嶺雄|巳子雄|巳年生|巳年雄	given-name-dictionary
みゆこ	みゆ子|三優子|三愉子|三祐子|実佑子|実優子|実友子|実由子|実由湖|実結子|彌有子|心優子|未諭子|水由子|深優子|美佑子|美優子|美友子|美唯子|美夢子|美悠子|美有子|美由子|美由湖|美祐子|美結香|美裕子	given-name-dictionary
ゆうあ	侑愛|優亜|優愛|優明|優有|優温|優綾|優羽愛|優葵|友亜|友愛|夕愛|宥亜|悠亜|悠愛|悠明|有杏|杏優杏|柚亜|由愛|祐亜|祐愛|祐綾|結彩|結愛|結空|裕亜	given-name-dictionary
りんこ	りんこ|りん子|リンコ|リン子|倫子|凛呼|凛子|凛湖|凛瑚|凛虹|凜子|利舞子|林子|梨瑚|琳子|琳胡|琳鼓|臨子|蛾子|輪子|輪湖|里ん子|鈴子|鈴湖|隣子|麟子|龍子	given-name-dictionary
くにゆき	一之|一徹|之幸|国之|国幸|国行|圀順|國之|國行|城之|城幸|晋之|晋由|朗幸|訓之|訓幸|訓由|邑之|邦之|邦元|邦幸|邦征|邦由紀|邦行|邦雪|都之|都幸	given-name-dictionary
こうじゅ	光壽|光寿|光樹|公樹|公珠|功樹|孝壽|孝寿|孝樹|宏寿|宏樹|幸寿|幸樹|幸珠|広樹|康寿|晃寿|晃樹|皇樹|紅樹|耕寿|虹寿|輝樹|鏗寿|香樹|高寿|高樹	given-name-dictionary
てるひこ	侊彦|光彦|光比古|天留彦|天鏤彦|央光|央彦|彰彦|映彦|昭彦|晃彦|晄彦|晴彦|暉弘|暉彦|曜彦|煕彦|照彦|照日子|瑛彦|皓彦|耀彦|英彦|輝彦|輝比古|陽光|顕彦	given-name-dictionary
のぶかず	亘一|伝一|伸一|伸司|伸和|伸説|信一|信和|信憲|信教|修一|修和|喜雄|宣一|宣和|展一|展和|庸効|延一|延和|忍和|慶和|敦一|暢一|永和|申和|順和	given-name-dictionary
のりとも	仙丈|則友|学呂|師友|徳智|徳朝|慶知|憲友|憲智|憲誠|教友|教朝|教等|敬友|敬智|格知|法友|範倫|範智|範朋|範知|紀友|紀知|規友|規智|記朋|謙知	given-name-dictionary
まさずみ	優澄|剛純|勝積|勝純|匡純|将純|征純|政澄|政純|方清|昌澄|昌純|正済|正澂|正澄|正純|正速|直澄|眞澄|眞純|真澄|真純|祐紀|聖純|董純|雅澄|雅純	given-name-dictionary
ようぞう	容三|庸三|庸蔵|庸造|揚三|暘三|暢三|洋三|洋蔵|洋造|溶三|燿三|用三|祥蔵|羊三|耀三|耀蔵|葉蔵|要三|要蔵|要造|遥三|陽三|陽蔵|陽造|養三|養造	given-name-dictionary
よしなが	佳永|佳長|吉良|善永|善良|善長|喜長|嘉祥|嘉長|好脩|宜永|慶永|慶長|敬長|由永|祥長|美永|義修|義寿|義永|義脩|義良|義長|能永|良永|芳永|芳長	given-name-dictionary
かつのすけ	克之丞|克之介|克之佑|克之助|克之祐|克之輔|剋之丞|剋之介|剋之佑|剋之助|剋之祐|剋之輔|勝之介|勝之助|勝之祐|勝之輔|活之丞|活之介|活之佑|活之助|活之祐|活之輔|焦圭|焦景|焦珪|焦畦|焦群	given-name-dictionary
しゅういち	修一|修市|収一|周一|周市|周弌|守一|宗一|就一|崇一|州一|愁一|收一|柊一|洲一|秀一|秀伊知|秀逸|秋一|秋市|脩一|蒐一|衆一|衆統|透一|週一|集一	given-name-dictionary
じゅんぞう	准三|准象|凖造|恂三|惇三|淳三|淳蔵|淳造|準三|準蔵|準造|潤三|潤蔵|潤造|盾三|筍三|純三|純蔵|純造|諄三|醇三|醇造|隼三|順三|順蔵|順造|鶉三	given-name-dictionary
せいしゅう	世舟|征洲|成宗|成秀|政修|政秀|政秋|星愁|晴州|栖集|正修|正周|正州|正洲|正衆|清周|清秀|清秋|精秀|聖修|聖宗|青愁|青洲|青秋|青舟|静秋|静舟	given-name-dictionary
じゅうたろう	中多朗|中多郎|中太朗|中太郎|充多朗|充多郎|充太朗|充太郎|十多朗|十多郎|十太朗|十太郎|寿太郎|従多朗|従多郎|従太朗|従太郎|柔多朗|柔多郎|柔太朗|柔太郎|重太朗|重太郎|銃多朗|銃多郎|銃太朗|銃太郎	given-name-dictionary
える	える|エル|依瑠|依留|恵流|恵瑠|恵留|愛流|愛瑠|映瑠|枝流|永薫|江瑠|江留|瑛瑠|笑涙|笑留|絵流|絵琉|絵瑠|絵留|絵衣|英留|衣琉|衣瑠|衣留	given-name-dictionary
きお	喜夫|喜桜|喜生|妃旺|妃桜|季央|季生|希央|希桜|希生|希緒|木雄|杏緒|樹夫|求央|紀保|紀央|紀緒|綺桜|葵央|記生|記緒|貴央|貴緒|起桜|輝音	given-name-dictionary
ちず	ち寿|チズ|千司|千図|千壽|千奏|千寿|千尋|千殊|千津|千涛|千珠|千瑞|千透|千都|千須|千頭|千鶴|智寿|智津|智珠|知寿|知朱|知津|知珠|知瑞	given-name-dictionary
いくな	いくな|依久菜|幾名|幾奈|幾菜|幾那|惟玖那|意公奈|活菜|生奈|育名|育奈|育己|育菜|育那|行名|行奈|行菜|行那|衣久奈|衣玖名|郁名|郁奈|郁空奈|郁菜|郁那	given-name-dictionary
いくま	以久馬|伊久真|伊久磨|伊久麻|伊玖磨|偉久真|威久馬|幾久真|幾馬|惟久磨|生真|生磨|生馬|生麻|生麿|維久磨|育真|育磨|育馬|行馬|郁万|郁摩|郁真|郁磨|郁馬|郁麻	given-name-dictionary
いまり	いまり|いま里|イマリ|一万里|今凜|今梨|今莉|今里|以万里|以茉莉|以鞠|以麻理|伊万利|伊万里|伊満里|伊麻里|依麻里|威茉莉|惟真莉|未里|衣万里|衣真莉|衣真里|衣茉里|衣莉|衣麻里	given-name-dictionary
えつお	恵津男|悦夫|悦央|悦恩|悦朗|悦王|悦生|悦男|悦緒|悦良|悦郎|悦雄|江津雄|謁夫|越夫|越生|越男|越郎|越雄|鉞夫|鉞男|鋭夫|鋭郎|鋭雄|閲夫|閲男	given-name-dictionary
かくじ	加久二|加来二|加来司|加来治|嘉久次|嘉久治|恪司|格二|格司|格次|格治|確二|確次|確治|覚二|覚司|覚次|覚治|覚爾|角二|角司|角次|角治|賀来二|賀来司|賀来治	given-name-dictionary
きよな	きよ奈|喜与菜|希世奈|希世菜|希世那|幾代奈|汐奈|汐菜|汐那|清名|清夏|清奈|清納|清菜|清那|漬菜|潔奈|潔那|精菜|精那|紀代奈|綺波|聖命|聖奈|聖菜|聖那	given-name-dictionary
こうみ	倖美|光心|光未|光海|光瞳|光美|公美|功三|功美|小海|幸心|幸深|幸美|康美|湖宇美|神海|紅珠|紅美|絋美|興美|航実|航美|虹海|香水|香海未|香美	given-name-dictionary
さやな	さやな|叉耶那|咲也菜|咲弥奈|彩凪|彩夏|彩矢奈|彩耶奈|早耶菜|沙也奈|沙夜菜|沙弥奈|沙矢奈|沙耶奈|沙耶菜|清奈|爽菜|爽那|真夜中|紗也菜|紗矢奈|紗矢菜|紗耶奈|紗耶菜|莢奈|采也南	given-name-dictionary
せしる	せしる|セシル|世姿留|世知|世紫瑠|世紫留|千絹|施|星史留|星清琉|星知|星絹|星詩|星詩流|星詩瑠|星誌|瀬偲流|瀬志流|瀬詩瑠|瀬詩留|生史流|畝梓瑠|聖志瑠|聖知|聖絹|聖詩瑠	given-name-dictionary
となみ	となみ|十七三|十七実|十七美|十奈美|十波|十那海|唱未|唱美|外内実|富奈実|富奈美|斗南|渡南海|渡波|登那実|登那美|砺波|透奈実|透奈美|透那実|透那美|都南海|都奈美|都波|音泉	given-name-dictionary
ともな	伴|伴奈|倫奈|倫菜|共那|兼奈|友奈|友菜|友萌奈|友那|宝名|巴菜|智奈|智菜|朋奈|朋菜|朋那|朝奈|朝那|灯奈|知南|知奈|知菜|知那|那名|那奈	given-name-dictionary
なつめ	なつめ|なつ芽|ナツメ|七月芽|夏女|夏愛|夏明|夏梅|夏目|夏眸|夏芽|夏萌|夏雅|奈つめ|奈津女|奈津愛|奈津芽|奈都召|奈都目|棗|納女|菜摘女|菜摘芽|菜津女|那月女|那津芽	given-name-dictionary
はやみ	はやみ|巴矢美|敬美|早実|早己|早未|早水|早海|早生|早矢美|早美|波矢美|湍水|羽弥美|迅実|迅水|迅美|速実|速水|速美|速躬|逸美|隼美|颯実|颯海|颯美	given-name-dictionary
ふくみ	ふくみ|ふく実|ふく美|フクミ|二九美|冨久美|吹実|吹美|富久実|富久美|富久見|富公美|富未|富空美|布久美|扶久実|扶久美|楓紅美|福久美|福実|福美|笑久未|芙久美|風久実|風久美|馥美	given-name-dictionary
みらの	みらの|みら乃|ミラノ|光来望|実ら乃|実来乃|実礼乃|実羅乃|実良乃|望蘭乃|未来乃|未来希|未来望|未来海|未来音|未欄乃|未羅乃|未蘭野|美来乃|美礼乃|美羅乃|美良乃|美良野|美藍|美蘭|美蘭乃	given-name-dictionary
めいか	名笳|名花|命華|女以華|明佳|明加|明夏|明日|明河|明海|明生香|明花|明衣香|明香|盟佳|盟華|瞑嘩|芽以華|芽佳|芽依香|芽叶|芽歌|芽生花|芽衣花|芽衣香|萌果	given-name-dictionary
ゆうら	ゆうら|ユウラ|佑羅|侑來|優来|優楽|優羅|優良|友楽|友良|右螺|夕空|夕羅|悠楽|悠良|悠蘭|由楽|祐楽|祐良|結羅|結良|結蘭|遊|遊楽|遊羅|遊良	given-name-dictionary
るりか	るりか|るり香|流里架|琉梨香|琉璃香|瑠利佳|瑠奏|瑠李香|瑠玲香|瑠理加|瑠璃佳|瑠璃夏|瑠璃花|瑠璃華|瑠璃香|瑠莉佳|瑠莉夏|瑠莉香|瑠里佳|瑠里香|瑠香|留梨香|留理佳|留理香|留里佳|留里果	given-name-dictionary
きみのり	仁教|仁紀|公伯|公典|公制|公則|公勅|公宣|公律|公徳|公憲|公教|公文|公法|公範|公紀|公芸|公規|公雅|公順|匡徳|后律|君典|君憲|皇紀|紀美史	given-name-dictionary
なおのり	修功|尚典|尚則|尚功|尚威|尚孝|尚宣|尚寛|尚徳|尚慶|尚憲|尚敬|尚範|尚紀|巨紀|直典|直則|直宣|直徳|直憲|直知|直矩|直範|直紀|直芸|直規	given-name-dictionary
のぶたけ	伸丈|伸剛|伸岳|伸建|伸武|伸竹|伸豪|信丈|信健|信剛|信勇|信威|信武|信毅|信竹|修武|修豪|宣威|宣武|尚威|展丈|恒丈|敦丈|暢丈|暢剛|暢威	given-name-dictionary
のりたけ	乃武|乗武|典丈|典剛|典毅|則武|則豪|功剛|宣武|徳岳|徳武|憲丈|憲健|憲威|憲武|教武|法丈|法剛|登武|範丈|範武|経武|規威|規武|訓丈|論武	given-name-dictionary
みちよし	倫義|康能|理吉|真佳|路義|迪孝|迪義|通吉|通善|通好|通敬|通義|通良|通芳|道与志|道吉|道善|道喜|道好|道悦|道愛|道由|道祥|道美|道義|道至	given-name-dictionary
しょうどう	勝道|奨堂|尚洞|尚道|彰堂|彰道|敞道|昌道|昭堂|昭道|晃道|松堂|松童|松道|正導|正道|湘堂|照道|祥堂|祥道|章童|章道|笙堂|聖道|菖堂|象堂	given-name-dictionary
じゅんすけ	惇亮|惇介|旬右|殉輔|淳亮|淳介|淳佑|淳助|淳祐|淳輔|準佑|潤介|潤甫|純亮|純介|純价|純祐|純輔|諄亮|順亮|順介|順佑|順助|順右|順将|順輔	given-name-dictionary
せんいちろう	仙一朗|仙一郎|仙壱朗|仙壱郎|仙市朗|仙市郎|千一朗|千一郎|千壱朗|千壱郎|千市朗|千市郎|宣一朗|宣一郎|宣壱朗|宣壱郎|宣市朗|宣市郎|専一郎|泉一朗|泉一郎|泉壱朗|泉壱郎|泉市朗|泉市郎|鮮一郎	given-name-dictionary
よういちろう	容一郎|幼一郎|庸一朗|庸一郎|揚一郎|暢一郎|曜一郎|楊一郎|洋一朗|洋一郎|洋市郎|瑶一郎|用一郎|羊一郎|耀一朗|耀一郎|葉一郎|要一郎|遙一郎|遥一朗|遥一郎|陽一朗|陽一郎|雍一郎|養一郎|鷹一郎	given-name-dictionary
きわ	きわ|キワ|企和|喜和|喜羽|妃和|姫倭|嬉和|嬉環|季和|己和|希和|希羽|希輪|枝和|樹和|生和|祈和|稀羽|紀和|綺窪|規和|貴和|貴輪|起和	given-name-dictionary
せん	せん|セン|亘|仙|仟|僊|千|宣|専|扇|暹|泉|浅|湶|潛|潜|煎|膽|茜|跣|遷|選|銑|閃|鮮	given-name-dictionary
なか	なか|ナカ|七佳|中|仲|南香|名加|央|奈佳|奈加|奈可|奈夏|奈果|奈歌|奈花|奈華|奈香|心|菜加|菜花|菜華|那伽|那夏|那花|那茄	given-name-dictionary
なつ	なつ|ナツ|七月|七都|冬|初夏|南津|南都|名津|夏|夏津|夏海|夏都|奈就|奈津|奈都|捺|朱夏|杏都|菜摘|菜月|菜津|菜都|那津|那都	given-name-dictionary
のの	のの|ノ乃|乃々|乃紀|叶希|埜々|埜乃|希々|希乃|希望|暖々|暖乃|暖埜|暖野|望乃|楽|稀乃|紀々|紀乃|能乃|野々|野乃|野濃|音乃|音暖	given-name-dictionary
れあ	れあ|レア|令亜|怜亜|怜彩|怜愛|怜有|怜杏|恋愛|玲亜|玲彩|玲愛|玲葵|礼亜|礼杏|稀|莉愛|莉有|蓮杏|鈴愛|麗亜|麗安|麗愛|麗有|麗空	given-name-dictionary
あぐり	あぐり|あぐ里|亜久凛|亜久凜|亜久梨|亜久理|亜久莉|亜久里|亜周|亜栗|亜紅梨|亜紅里|和久璃|安久理|安久里|彩久里|有栗利|杏空璃|杏紅里|歩繰|逢凛|逢鈴|阿久利|阿久里|阿宮梨	given-name-dictionary
あさの	あさの|あさ乃|アサノ|亜佐乃|亜冴乃|亜沙乃|亜砂の|亜紗乃|安佐乃|安沙乃|旦乃|旦野|旭乃|晨乃|晨野|朝乃|朝之|朝希|朝野|梓乃|浅乃|浅之|浅野|麻乃|麻野	given-name-dictionary
いおな	いおな|イオナ|一央奈|一女|一零七|以央奈|伊央奈|伊央菜|伊緒奈|伊緒菜|依央奈|依緒奈|依緒菜|依麻奈|唯央奈|惟央菜|意緒名|李緒那|枠女|粋女|衣於奈|衣緒菜|郁央奈|陽凪|魚那	given-name-dictionary
かなた	かなた|カナタ|伽那多|伽那汰|加那多|可南多|叶多|叶大|叶太|哉太|哉汰|夏向|大空|奏多|奏大|奏太|奏汰|宇宙|彷徨|彼方|心葵|空|遼|金汰|香	given-name-dictionary
さりあ	さりあ|咲梨杏|咲理彩|桜吏愛|沙哩明|沙律亜|沙李亜|沙梨愛|沙理亜|沙璃亜|沙莉亜|沙里亜|砂里明|紗李亜|紗李愛|紗梨亜|紗梨空|紗理亜|紗璃亜|紗莉亜|紗莉愛|紗莉明|紗里亜|紗里愛|茶梨亜	given-name-dictionary
しえる	しえる|伸慧瑠|信慧瑠|偲愛累|士瑛留|天空|幸恵瑠|志恵留|志永琉|志江留|志英瑠|思慧瑠|支映璃|枝絵留|知得留|空|空映|紫依琉|紫絵瑠|詩依琉|詩愛瑠|詩流|詩絵瑠|詩絵留|青昴流	given-name-dictionary
しげじ	しげじ|志げ路|恵次|成二|成司|滋二|滋司|滋治|繁二|繁司|繁次|繁治|茂二|茂司|茂嗣|茂志|茂次|茂治|茂至|重二|重児|重司|重弐|重次|重治	given-name-dictionary
しゅり	主理|守理|寿音|朱凛|朱凜|朱利|朱吏|朱李|朱梨|朱理|朱璃|朱莉|朱里|棕理|珠凛|珠李|珠梨|珠理|珠璃|珠莉|珠里|秋里|種里|趣莉|趣里	given-name-dictionary
たけこ	たけ子|タケコ|タケ子|丈子|偉子|健子|剛子|多佳子|多希子|多恵子|多慶子|多計子|威子|孟子|岳子|建子|武子|毅子|猛子|竹圭公|竹子|竹甲|長子|長希子|雄子	given-name-dictionary
ちずえ	ちずえ|千寿恵|千寿枝|千寿栄|千寿江|千寿絵|千津恵|千津枝|千津江|千津絵|千瑞江|千鶴恵|千鶴栄|千鶴江|智寿恵|智津恵|智津枝|智津江|智都江|知寿恵|知津枝|知津江|知津衣|知瑞恵|知都江	given-name-dictionary
ちよえ	ちよえ|ちよ江|チヨエ|千与江|千世恵|千予恵|千代恵|千代枝|千代栄|千代江|千代絵|千代衛|智世恵|智世枝|智世江|智代枝|智代江|知世恵|知世枝|知世江|知世英|知代恵|知代枝|知代江|知余栄	given-name-dictionary
つぎお	二夫|二朗|二生|二男|二百|二雄|亜夫|仲夫|嗣夫|嗣男|嗣雄|存男|承生|更生|次夫|次生|次男|次郎|次雄|紹夫|継夫|継男|継雄|衝夫|詞生	given-name-dictionary
ときよ	ときよ|とき代|勅代|十希世|十起代|外喜代|外貴代|太政|季代|宗代|常代|旬世|時世|時代|時余|登喜与|登喜代|登季代|祝世|秋代|聡世|解代|辰予|都季代|都紀代	given-name-dictionary
なのか	なのか|なの花|七夏|七日|南花|奈乃花|奈乃香|水乃花|茄乃華|菜の花|菜ノ華|菜乃佳|菜乃夏|菜乃果|菜乃花|菜乃華|菜乃香|菜之香|菜夏|菜暖風|菜果|菜花|菜風|菜香|那帆	given-name-dictionary
にちか	丹知佳|二千佳|二千夏|二千翔|二千花|二千華|二千香|二智花|二智華|二茅香|仁智翔|仁智花|仁智華|仁智香|仁知華|夢愛|忍媛歌|新千加|新智花|日千華|日歌|日翔|日花|日華|日香	given-name-dictionary
のりと	伯人|典人|則人|宜人|巨人|式人|律人|徳人|徳登|徳翔|憲人|憲土|教人|昭人|智士|法人|祝詞|範人|紀人|紀仁|紀斗|紀登|義人|規人|記人	given-name-dictionary
ふうき	ふうき|二祈|富樹|富紀|富貴|富輝|扶希|扶輝|楓喜|楓姫|楓季|楓希|楓来|楓葵|芙季|風姫|風季|風希|風来|風祈|風葵|風貴|風起|風軌|風鬼	given-name-dictionary
ふみの	ふみの|フミノ|史乃|史野|央乃|奎乃|婦美乃|富美乃|富美野|布実乃|布美乃|扶実乃|扶美乃|扶美野|文乃|文未乃|文美乃|文野|楓美乃|章乃|芙巳乃|芙美乃|詩乃|郁乃|風実	given-name-dictionary
もとか	もとか|元日|元賀|元香|初佳|初夏|初果|初香|原加|基嘉|基花|基華|幹佳|幹海|心香|望東風|楽夏|求加|素可|素嘉|素歌|素花|素香|芳香|許華	given-name-dictionary
もりえ	守恵|守枝|守江|守絵|守衛|杜恵|森恵|森映|森枝|森江|森理絵|森絵|森英|毛利栄|百利恵|盛恵|盛枝|盛永|盛衛|茂鈴恵|萌利絵|萌梨枝|萌里絵|護英|豊画	given-name-dictionary
やすな	やすな|保名|保奈|保菜|妥奈|安名|安奈|安菜|安那|康名|康奈|恭奈|恭菜|恭那|恵奈|愛奈|求魚|泰名|泰奈|泰菜|泰那|育菜|靖奈|靖菜|静那	given-name-dictionary
りいこ	りいこ|りい子|リイ子|利伊子|利委子|利維子|利衣子|律妃子|李依子|李子|理井子|理以子|理伊子|理依子|理委子|理意子|理維子|理衣子|璃以子|莉衣子|里一子|里依子|里惟子|里維子|里衣子	given-name-dictionary
りなこ	倫凪子|利奈子|利菜子|律和子|李夏子|李奈子|梨南子|梨奈子|梨菜子|梨那子|理南子|理名子|理奈子|理波子|理菜子|理那子|璃奈子|璃菜子|璃那子|璃鳴子|莉奈子|莉菜子|里奈子|里菜子|里那子	given-name-dictionary
きよひこ	きよ彦|冽彦|喜与彦|喜世彦|喜代彦|圭彦|希代彦|廉彦|斎彦|洌彦|浄彦|淳彦|清彦|清比古|潔彦|澄彦|精彦|紀世彦|紀代彦|聖彦|聖日己|虚彦|規余彦|貴与彦|雪彦	given-name-dictionary
くにたか	公之|公仁孝|公崇|国孝|国宝|国貴|国隆|國孝|國尊|國貴|國隆|城誉|州崇|有孝|訓孝|邦孝|邦尚|邦崇|邦嵩|邦幸|邦敬|邦誉|邦貴|邦隆|邦高	given-name-dictionary
こうけん	交賢|光健|光賢|光顕|公献|剛賢|功兼|好憲|孝健|孝憲|孝謙|孝顕|宏賢|幸建|幸謙|広建|広賢|弘賢|晃广|晃顕|浩賢|篁軒|考建|耕憲|黄謙	given-name-dictionary
たかかず	享一|剛一|卓一|和重|喬一|孝一|孝和|孝員|尊一|尊和|尚一|尭一|尹一|恭一|敬和|考和|貴一|貴和|隆一|隆三|隆和|高一|高和|高量|鷹一	given-name-dictionary
ちょうじ	兆二|兆司|兆治|寵児|暢児|朝司|朝次|朝治|潮二|潮児|潮兒|澄治|聴治|蝶二|蝶次|超爾|超自|跳自|長二|長史|長司|長嗣|長次|長治|長爾	given-name-dictionary
ていぞう	丁三|亭三|停蔵|偵造|定三|定蔵|定造|廷蔵|弟三|悌三|悌蔵|悌造|抵三|挺蔵|掟三|禎三|禎蔵|禎造|程三|諦三|貞三|貞蔵|貞造|逞三|鼎三	given-name-dictionary
としたけ	俊丈|俊健|俊剛|俊武|俊毅|俊豪|利健|利全|利剛|利壮|利威|利建|利武|寿丈|寿剛|寿武|年猛|振武|敏丈|敏剛|敏武|智猛|稔健|聡威|駿剛	given-name-dictionary
はるのり	大尋|張徳|明徳|春律|春徳|晴典|晴則|晴律|晴徳|晴憲|晴紀|晴規|晴謙|治倫|治典|治則|治宣|治徳|治憲|治範|玄則|玄徳|美至|陽準|陽紀	given-name-dictionary
はるひろ	修博|春代|春博|春宏|春広|春洋|晴啓|晴宏|晴寛|晴広|晴弘|晴明|晴洋|晴洪|晴浩|晴裕|治宏|治広|治廣|治弘|治浩|治裕|温大|陽啓|陽弘	given-name-dictionary
ひろひで	公秀|公英|博秀|博英|啓秀|宏秀|宏英|寛秀|寛英|広秀|広英|廣秀|弘秀|弘英|汎英|洋日出|洋秀|洋英|浩秀|浩英|皓秀|祐秀|紘幸|裕秀|裕英	given-name-dictionary
まさもと	大元|将基|將元|政元|政基|政幹|方幹|昌元|昌基|昌幹|暢一|正元|正基|正幹|正旧|正甫|理智|理本|真基|真幹|紀元|聖基|雅元|雅基|雅幹	given-name-dictionary
みつのぶ	三伸|三信|三宣|三展|三羨|允伸|充伸|充信|充常|充延|光伸|光信|光修|光史|光宣|光展|光庸|光延|光涛|光進|実信|満伸|満信|盈延|益与	given-name-dictionary
よしずみ	令純|佳純|克純|吉澄|吉純|善瑞|善積|善純|嘉純|嘉績|圭純|好若|悦純|由純|祥澄|美澄|義澄|義純|義角|良澄|良積|良純|芳澄|芳純|賢澄	given-name-dictionary
げんたろう	元多朗|元多郎|元太朗|元太郎|厳多朗|厳多郎|厳太朗|厳太郎|巌太郎|弦多朗|弦多郎|弦太朗|弦太郎|拳太郎|源多朗|源多郎|源太朗|源太良|源太郎|玄多朗|玄多郎|玄太朗|玄太郎|現太郎|言太郎	given-name-dictionary
しょうえい	勝英|匠永|尚栄|尚衛|庄栄|庄衛|庄衞|彰英|昇栄|昇永|昌英|昭栄|昭英|松栄|正栄|正瑛|正英|正衛|正詠|照栄|照英|祥栄|紹英|翔栄|頌詠	given-name-dictionary
よしのすけ	佳乃介|佳之介|吉之介|吉之助|吉之輔|善之介|善之助|喜之助|嘉之助|嘉之輔|慶之介|慶之助|由乃介|由之亮|由之介|由之助|由之輔|禧之助|義之介|義之佑|義之助|良之介|良之助|芳之介|芳之助	given-name-dictionary
そう	そう|創|双|双憂|壮|奏|宗|惣|想|慥|操|楚雨|漱|爽|総|總|聡|聰|草|荘|蒼|蘇宇|装|颯	given-name-dictionary
なる	なる|ナル|七琉|七瑠|凪流|南流|南琉|南瑠|夏瑠|奈月|奈瑠|奈留|愛|成|成留|生|茄流|菜琉|菜瑠|菜留|那流|那瑠|那璃|鳴留	given-name-dictionary
ひみ	ひみ|一美|妃実|妃微|妃未|妃美|妃見|姫光|姫実|日光|日実|日美|比実|比美|氷美|灯深|緋実|緋深|緋美|輝美|陽実|陽未|陽美|飛光	given-name-dictionary
みる	みる|ミル|三瑠|味瑠|実流|実瑠|心愛|未来|未流|未琉|未瑠|未留|水松|海松|海流|海瑠|海留|美流|美瑠|美留|見|観|鑑|魅粒	given-name-dictionary
りと	りと|凛斗|凛時|利音|栗東|梨斗|梨登|梨都|理図|理心|理都|璃冬|莉冬|莉十|莉斗|莉桃|莉灯|莉登|莉透|莉都|莉里|里堵|里都|鯉登	given-name-dictionary
あいき	あいき|会貴|愛來|愛其|愛喜|愛器|愛妃|愛姫|愛季|愛希|愛樹|愛生|愛祈|愛紀|愛葵|愛貴|愛起|愛輝|藍妃|藍季|藍希|藍生|藍貴|逢希	given-name-dictionary
あきひ	アキヒ|亜希妃|亜稀妃|愛妃|明姫|明日|明陽|明飛|映日|晶姫|暁妃|暁陽|煌姫|瞭飛|秋妃|秋姫|秋緋|秋陽|空姫|空陽|空飛|耀姫|耀日|陽日	given-name-dictionary
あさお	亜佐夫|安佐雄|愛作雄|日出生|旭男|晁生|晨夫|朝夫|朝生|朝男|朝緒|朝郎|朝雄|浅夫|浅男|浅雄|阿佐男|阿佐緒|麻夫|麻央|麻生|麻男|麻緒|麻雄	given-name-dictionary
あよこ	あよこ|あよ子|亜与子|亜世子|亜代子|亜夜子|亜誉子|吾与子|吾世子|吾代子|吾夜子|吾誉子|天陽子|安与子|安世子|安代子|安夜子|安誉子|阿与子|阿世子|阿代子|阿夜子|阿由子|阿誉子	given-name-dictionary
いさな	いさな|いさ奈|伊咲魚|伊左奈|伊舎那|依沙奈|功名|功奈|功菜|功那|勇凪|勇南|勇名|勇奈|勇菜|勇那|勇魚|勲那|威真|惟沙那|洸奈|湧和|義名|鯨	given-name-dictionary
かさね	かさね|かさ音|伽さね|佳実|佳紗音|加愛|可実|可紗音|嘉仁|塁|果沙音|累|花咲音|花実|花紗音|華彩音|華早音|襲|賀重|重|重音|香実|香沙音|香紗音	given-name-dictionary
きくの	きく乃|きく野|キクノ|キク乃|喜久乃|喜久野|基久乃|姫久乃|嬉久乃|季久乃|希久乃|枝久乃|欣久之|紀久乃|菊乃|菊濃|菊野|葵久乃|記久乃|貴久乃|貴久野|輝久乃|輝玖乃|鞠乃	given-name-dictionary
きさき	后|喜咲|如姫|妃|妃さき|妃咲|妃希|姫咲|嬉咲|季咲|希咲|希未来|木咲|来咲|樹咲|生咲|祈咲|紀咲|綺咲|綺咲姫|葵咲|葵妃|貴咲|輝咲	given-name-dictionary
くにみ	くに美|クニミ|久仁実|久仁美|公二美|公仁実|公仁美|国巳|国美|國実|國美|州見|弘仁美|晋未|薫美|邦実|邦己|邦水|邦海|邦省|邦美|邦見|邦観|都美	given-name-dictionary
こまき	こまき|コマキ|小万希|小万紀|小巻|小槇|小槙|小牧|小真姫|小真希|小真紀|小茉希|小茉紀|小蒔|小麻紀|小麻記|巨摩紀|心巻|胡牧|香真希|香薪|駒|駒基|鼓女記	given-name-dictionary
さりか	さりか|サリカ|佐里可|叉梨珂|咲リ香|咲吏香|咲里花|小理花|幸利花|幸梨香|早里香|沙利華|沙吏果|沙李香|沙梨花|沙里香|瑳里花|砂里加|紗梨華|紗理夏|紗里佳|紗里花|紗里香|裟莉夏	given-name-dictionary
すいか	すいか|彗佳|彗華|恵果|水夏|水歌|水華|穂佳|穂和|穂夏|粋華|翠伽|翠佳|翠加|翠夏|翠果|翠歌|翠花|翠華|翠蘭|翠香|萃香|西瓜|須李加	given-name-dictionary
ただす	侃|匡|吉|廷|律|忠|政|校|格|正|治|理|皇|直|督|矩|端|糾|紀|董|薫|規|貞|道	given-name-dictionary
ちより	ちより|一愛|千世理|千世里|千代利|千代里|千依|千和|千好里|千寄|千尚|千縁|千陽里|千順|千頼|千麗|智世里|智代理|智代里|智容理|智愛|知以|知依|知由	given-name-dictionary
とおこ	とおこ|とお子|仁緒子|冬桜子|十央子|十子|堂桜子|常子|桐央子|深湖|登桜子|瞳子|童子|統子|翔於子|藤子|透子|透鼓|通子|遠子|都桜子|都緒子|都麻子|陶子	given-name-dictionary
なつよ	なつよ|なつ代|ナツ代|七月代|名津代|夏与|夏世|夏代|夏夜|夏津代|夏葉|夏陽|奈つ予|奈つ代|奈津世|奈津代|奈都世|奈都代|捺世|捺予|捺代|納津与|菜津代|那津代	given-name-dictionary
はつき	はつき|八希|八生|初喜|初姫|初季|初希|初月|初来|初生|初礎|初紀|初華|初香|巴月|捌輝|晴月|発樹|発輝|羽津希|羽良|肇貴|花月|葉月	given-name-dictionary
はるや	元也|日哉|明也|明哉|春也|春哉|春弥|晴也|晴哉|暖也|暖矢|東也|治也|治哉|治弥|波瑠夜|温哉|玄也|脩矢|遥也|遥哉|陽也|陽哉|陽弥	given-name-dictionary
まいな	万稲|万衣菜|妹奈|妹菜|未奈|真以奈|真稲|真衣奈|真衣菜|舞南|舞名|舞夏|舞奈|舞波|舞菜|舞衣奈|舞那|茉依奈|茉稲|茉衣奈|茉衣菜|麻稲|麻衣奈|麻衣菜	given-name-dictionary
まほこ	万帆子|万秀子|万穂子|万豊子|満帆子|眞帆子|真保子|真峰子|真帆子|真方子|真歩子|真秀子|真穂子|真豊子|茉歩子|茉秀子|茉豊子|雅保子|麻保子|麻帆子|麻歩子|麻秀子|麻穂子|麻豊子	given-name-dictionary
みいこ	みいこ|みい子|ミイ子|三一子|実一子|実以子|実依子|実偉子|実唯子|巳子|未以子|深意子|美一子|美以子|美伊子|美似子|美依子|美偉子|美唯子|美子|美怡子|美惟子|美意子|美衣子	given-name-dictionary
めいな	メイな|冥那|名菜|愛唯菜|愛衣菜|明奈|明菜|明衣菜|盟奈|盟菜|芽以菜|芽依菜|芽奈|芽月|芽生奈|芽稲|芽衣南|芽衣奈|芽衣捺|芽衣菜|苺雫|萌以那|萌南|萌衣奈	given-name-dictionary
ゆいり	唯梨|唯理|唯莉|唯里|悠依理|惟里|柚依梨|柚依莉|由依李|由比理|由莉|結入|結凜|結吏|結李|結梨|結理|結琳|結璃|結莉|結衣里|結里|結麗|維里	given-name-dictionary
ゆずか	ゆずか|ゆず香|友寿香|夕瑞香|有好花|柚々香|柚伽|柚佳|柚圭|柚夏|柚子夏|柚子華|柚子香|柚月香|柚朱香|柚歌|柚津香|柚澄香|柚珠香|柚花|柚華|柚香|由寿香|雪静	given-name-dictionary
ようか	ようか|庸加|庸可|楊花|洋果|洋花|洋香|耀華|葉歌|葉珂|葉花|葉華|葉香|蓉歌|蓉花|蓉霞|要花|踊花|踊華|遥花|陽歌|陽花|陽華|陽香	given-name-dictionary
るみか	るみ花|るみ香|ルミカ|婁実果|流魅華|瑠実佳|瑠実加|瑠実夏|瑠実花|瑠実香|瑠海夏|瑠美佳|瑠美加|瑠美夏|瑠美花|瑠美香|瑠魅華|留実香|留未華|留美加|留美架|留美香|路実香|路美香	given-name-dictionary
れいり	れいり|令莉|伶莉|怜悧|怜理|怜莉|怜里|澪李|玲梨|玲理|玲璃|玲莉|玲里|礼莉|鈴理|零李|零里|麗吏|麗李|麗理|麗璃|麗莉|麗里|黎利	given-name-dictionary
あきかず	彰一|彰和|明一|明和|昭一|昭和|晃一|晃和|暁一|暁万|暁和|淳一|照和|璃一|璃和|秋一|秋千|秋和|章一|章和|聡一|陽和|顕一|顕和	given-name-dictionary
あんじゅ	あん樹|あん珠|夢寿|天使|安寿|安樹|安珠|庵濡|愛珠|明珠|晏寿|晏朱|晏樹|杏寿|杏朱|杏杏寿|杏樹|杏濡|杏珠|杏純|行寿|闇呪|闇樹|阿珠	given-name-dictionary
きみよし	仁彦|公佳|公吉|公善|公喜|公宜|公慶|公敬|公欣|公由|公祥|公美|公義|公良|公芳|公訓|公詳|公賀|公達|君宜|君美|王良|皇功|輝実吉	given-name-dictionary
くにとし	一美|久仁俊|久仁寿|匡敏|国俊|国利|国寿|国年|国敏|国稔|國俊|城利|州利|有利|訓稔|邦俊|邦利|邦季|邦寿|邦年|邦敏|邦稔|邦紀|邦聡	given-name-dictionary
こうしん	光真|光辰|光進|功伸|功真|孝信|孝親|孝身|幸伸|幸信|幸真|幸親|幸進|広真|広進|弘心|弘真|恒新|晃信|浩信|甲臣|興真|行真|高信	given-name-dictionary
さたろう	佐多朗|佐多郎|佐太朗|佐太郎|左多朗|左多郎|左太朗|左太郎|早多朗|早多郎|早太朗|早太郎|沙多朗|沙多郎|沙太朗|沙太郎|砂多朗|砂多郎|砂太朗|砂太郎|紗多朗|紗多郎|紗太朗|紗太郎	given-name-dictionary
ただつぐ	允嗣|公諭|匡嗣|唯嗣|士継|尹承|忠告|忠嗣|忠承|忠次|忠経|忠継|忠続|忠貢|忠韶|正嗣|直嗣|直次|直紹|直継|真嗣|精二|糾次|維紹	given-name-dictionary
てるやす	光尉|光康|光快|央泰|彰康|晃安|晃康|晃弥|晃育|晃靖|曜靖|煕康|照保|照康|照恭|照泰|照靖|輝保|輝和|輝康|輝泰|輝耕|輝行|輝靖	given-name-dictionary
ひさたか	久剛|久喬|久孝|久尊|久尚|久崇|久嵩|久恭|久敬|久臣|久誉|久貴|久隆|久高|壽貴|央隆|寿孝|寿隆|寿高|尚孝|尚敬|尚隆|永尚|永高	given-name-dictionary
まさただ	允任|匡忠|応忠|政任|政帝|政忠|政直|方正|昌匡|昌尹|昌忠|昌質|正匡|正唯|正尹|正忠|正董|正貞|正質|正雅|真唯|誠忠|雅忠|雅恭	given-name-dictionary
まさつね	将英|將恒|応恒|政常|政恒|政經|昌庸|昌恒|昌英|正倫|正典|正常|正庸|正径|正恒|正経|正統|正鎮|真砂常|真経|雅庸|雅経|順庸|順英	given-name-dictionary
みちはる	三千春|三千治|亨治|充晴|充治|康玄|徳治|法晴|美千晴|美智春|美智晴|美知春|迪春|通明|通春|通晴|通治|通温|通陽|道春|道晴|道治|達晴|達治	given-name-dictionary
やすひさ	保久|保之|保寿|安久|寧寿|康久|康寿|康尚|康長|廉久|恭久|恭壽|恭寿|易久|晏久|泰久|泰宏|泰寿|泰永|裕久|裕英|鎮久|靖久|靖尚	given-name-dictionary
かんたろう	乾太郎|勘多朗|勘多郎|勘太朗|勘太郎|完太郎|官太郎|寒太郎|寛大郎|寛太朗|寛太郎|幹太郎|敢太郎|柑太郎|漢太郎|監太朗|莞太郎|菅太郎|観太郎|貫多朗|貫多郎|貫大郎|貫太朗|貫太郎	given-name-dictionary
きょうへい	亨平|享兵|享平|京兵|京平|今日平|共平|匡平|協平|喬兵|喬平|強平|恭丙|恭兵|恭坪|恭平|恭柄|慶平|教平|暁平|杏平|興平|郷平|響平	given-name-dictionary
こうしゅう	光修|光洲|光秀|光秋|幸舟|広修|康修|康州|弘修|弘収|弘秋|恒舟|晧州|江秋|江舟|浩州|篁舟|紅舟|紅袖|耕秋|興宗|香州|香秋|鴻秀	given-name-dictionary
ごうたろう	剛多朗|剛多郎|剛太朗|剛太郎|宏多朗|宏多郎|宏太朗|宏太郎|強多朗|強多郎|強太朗|強太郎|浩多朗|浩多郎|浩太朗|浩太郎|豪多朗|豪多郎|豪太朗|豪太郎|郷多朗|郷多郎|郷太朗|郷太郎	given-name-dictionary
しょうけん	勝憲|将建|将監|将賢|小剣|尚憲|尚謙|彰謙|彰顕|承賢|昌権|昌賢|昭見|昭顕|正堅|正憲|正拳|正見|正賢|生建|章健|紹憲|聖見|鐘健	given-name-dictionary
じんたろう	仁多朗|仁多郎|仁太朗|仁太郎|刃多朗|刃多郎|刃太朗|刃太郎|甚多朗|甚多郎|甚太朗|甚太郎|神多朗|神多郎|神太朗|神太郎|稔多朗|稔多郎|稔太朗|稔太郎|陣多朗|陣多郎|陣太朗|陣太郎	given-name-dictionary
せんたろう	亘太郎|仙多朗|仙多郎|仙太朗|仙太郎|千太郎|宣多朗|宣多郎|宣太朗|宣太郎|専太郎|專太郎|戦太郎|扇太郎|泉多朗|泉多郎|泉太朗|泉太郎|潜太郎|蝉太郎|詮太郎|銑太郎|銓太郎|銭太郎	given-name-dictionary
ようのすけ	容之介|庸之丞|庸之介|庸之助|揚之助|暘之介|曜之助|洋之介|洋之助|洋之輔|用之助|羊之助|羊之輔|耀之介|葉之介|要之介|要之助|陽ノ介|陽之亮|陽之介|陽之助|陽之輔|養之助|養之輔	given-name-dictionary
えこ	えこ|エコ|会子|依子|咲心|恵仔|恵好|恵子|恵心|恵虹|愛姫|慧子|枝子|江子|江湖|瑛子|笑子|笑心|笑瑚|絵唱|絵子|衣子|響	given-name-dictionary
かり	佳利|佳李|佳理|佳璃|佳莉|佳里|加梨|可梨|可里|果梨|果理|歌梨|翔梨|花莉|花里|華梨|華理|華里|香利|香梨|香理|香織|香里	given-name-dictionary
しな	しな|シナ|史名|史奈|四奈|志な|志和|志奈|志那|思奈|支菜|支那|枝菜|柴奈|梓凪|梓那|梨|渚夏|紫乃|紫奈|紫女|詩奈|詩菜	given-name-dictionary
せら	せら|世楽|世羅|世良|世裸|千愛|星来|星空|星良|晟良|晴來|晴愛|晴来|晴楽|晴羅|汐羅|清羅|瀬羅|瀬良|聖來|聖楽|聖良|雪奈	given-name-dictionary
もね	もね|愛音|文音|望根|望音|李音|杜音|桃寧|桃希|桃音|百寧|百峰|百根|百音|素音|聖音|茂音|萌寧|萌愛|萌音|藻響|雲寧|音	given-name-dictionary
あつほ	あつ帆|京穂|厚帆|厚歩|惇保|惇歩|惇穂|敦帆|敦穂|淳帆|淳穂|温帆|温穂|睦保|睦帆|睦歩|睦甫|睦穂|篤歩|諄帆|諄歩|諄甫|諄穂	given-name-dictionary
あやと	あやと|亜耶人|亜耶斗|史人|彩人|彩仁|彩登|彩翔|彩都|文人|文登|斌人|理人|礼人|礼門|絢人|絢斗|絹人|綾乙|綾人|綾斗|郁人|采人	given-name-dictionary
いつよ	いつよ|いつ世|いつ代|イツヨ|一代|一葉|乙代|五世|五代|五月代|五津代|伊津代|伊都代|依津代|偉津代|厳与|厳世|稜代|聿代|衣津代|逸世|逸代|郁予	given-name-dictionary
いとか	いとか|愛佳|愛可|愛夏|愛歌|愛花|愛華|愛香|糸佳|糸加|糸華|純香|絃佳|絃加|絃嘉|絃果|絃花|綸佳|綸夏|綸歌|綸花|綸華|綸香	given-name-dictionary
いねこ	いねこ|いね子|イネ子|ヰネ子|以根子|以音子|伊寧子|伊根子|伊直子|伊音子|委根子|委音子|尉根子|惟希子|惟根子|惟音子|意根子|意音子|稲子|維根子|維音子|衣根子|衣音子	given-name-dictionary
えいか	えいか|依以香|叡香|恵衣佳|映加|栄華|栄香|榮花|永可|永華|泳花|瑛加|瑛花|瑛香|英佳|英加|英可|英華|英衣佳|英香|衛花|詠華|誉佳	given-name-dictionary
きせい	喜星|喜盛|喜精|喜誠|基星|季星|岐星|己星|揮星|樹星|毅星|気清|生星|祈星|綺星|規世|貴星|起星|起盛|軌星|輝星|輝生|騎星	given-name-dictionary
きよら	きよら|希与良|希世楽|希世良|汐羅|汐良|浄|浄羅|清|清來|清流|清礼|清羅|清良|生世良|聖|聖愛|聖来|聖流|聖礼|聖羅|聖良|貞女	given-name-dictionary
くによ	くに代|久仁世|久仁代|久仁葉|乙代|国世|国代|圀世|國代|州世|州代|晋世|晋代|晋葉|求仁代|紅仁代|訓世|訓代|訓余|邦世|邦予|邦代|都代	given-name-dictionary
こづえ	こづえ|こづ枝|こづ江|倖津絵|古津恵|古津絵|古都恵|子津江|小づえ|小津恵|小津枝|小津江|小津絵|小都恵|小都江|己津乃|枯津恵|梢|湖津恵|湖津江|香津枝|香鶴恵|鼓津恵	given-name-dictionary
ことね	ことね|倖十音|古杜音|古都音|寿音|小刀祢|小刀稱|小都音|心都音|心音|思音|朱音|歌斗音|琴祢|琴音|琴韻|瑚斗寧|瑚都音|言子|言音|詞音|響音|鼓十音	given-name-dictionary
さわか	さわか|佐和佳|佐和花|佐和香|咲和香|咲環花|小和香|左和加|彩和香|早和香|沙和佳|沙和花|沙和香|沙羽花|沢香|爽|爽加|爽和香|爽花|爽香|紗和佳|紗和香|紗若	given-name-dictionary
しずよ	しずよ|しず代|叔代|寧代|志司代|志寿予|志寿代|志州代|志津世|志津代|志都代|浄世|淑澄世|紫寿代|紫津夜|鎭世|鎮代|閑代|静与|静世|静代|静葉|靜代	given-name-dictionary
たきえ	たきえ|多喜恵|多喜枝|多喜栄|多喜江|多基江|多岐恵|多岐枝|多希恵|多木枝|多樹枝|多樹重|多紀枝|多紀絵|多規枝|太希恵|滝恵|滝枝|滝江|滝絵|瀧恵|瀧江|英恵	given-name-dictionary
ちえか	チエカ|千恵佳|千恵加|千恵香|千惠香|千支佳|千枝華|千江花|千瑛香|千笑花|千絵佳|千衣香|智恵加|智恵香|智慧果|智栄佳|智英香|知恵香|知英佳|知衣香|稚徳佳|稚悦郁|茅恵香	given-name-dictionary
ちかみ	京美|千佳美|千加美|千歌美|千賀味|千賀美|千雅美|千香美|史美|地花実|地花美|央美|尋美|愛美|智佳美|智加美|智加見|智花美|睦美|知佳美|知加美|親美|近美	given-name-dictionary
ちづる	ちづる|チヅル|千づる|千寿|千寿瑠|千尋|千弦|千敦|千津瑠|千津留|千都留|千鶴|千鶴留|智弦|智津瑠|智津留|智鶴|池鶴|知寿留|知津留|知都琉|知鶴|稚鶴	given-name-dictionary
つねみ	つねみ|つね実|つね美|亘実|亘美|常三|常水|常海|常美|常見|恒実|恒己|恒巳|恒弥|恒心|恒水|恒美|恒覧|恒身|毎美|法美|津音実|津音美	given-name-dictionary
てつし	哲史|哲司|哲嗣|哲士|哲志|哲思|哲洙|哲至|哲視|哲詩|垤志|徹之|徹史|徹司|徹四|徹士|徹志|徹至|誓志|鉄史|鉄司|鉄士|鉄志	given-name-dictionary
なおし	七生史|侃|尚|尚史|尚司|尚吏|尚士|尚志|是|有志|正|直|直之|直史|直司|直嗣|直士|直師|直志|直誌|真吏|良|道	given-name-dictionary
ながこ	ながこ|なが子|久子|亨子|修子|壽子|夏雅子|央子|奈賀子|奈雅子|寿子|延子|暢子|永子|温子|祥女|祥子|良子|詠子|誠子|那伽子|長子|陽子	given-name-dictionary
なちか	なちか|七千夏|南千花|南愛|夏千佳|夏愛|夏知香|奈京|奈千加|奈千香|奈智花|奈智香|奈知香|捺千香|桜愛|知千加|菜千歌|菜千花|菜愛|菜知花|那信|那悠|那愛	given-name-dictionary
ふくえ	ふくえ|ふく枝|ふく江|フクエ|冨久枝|吹恵|吹枝|吹江|夫久枝|富久恵|富久枝|富久江|房久枝|福久江|福恵|福映|福枝|福栄|福榮|福江|福絵|福衛|芙久恵	given-name-dictionary
まなほ	万夏帆|万奈穂|万菜帆|学穂|愛帆|愛星|愛歩|愛穂|愛萌|真夏帆|真夏穂|真奈帆|真奈歩|真奈穂|真帆|真那穂|茉南穂|茉夏帆|茉奈歩|茉奈穂|麻夏帆|麻奈穂|麻菜穂	given-name-dictionary
まほみ	万保美|万帆美|万秀未|万秀美|万穂味|万穂実|万穂美|真保美|真帆実|真帆美|真秀実|真秀未|真秀美|真穂実|真穂美|茉帆美|茉秀未|茉秀美|茉穂実|麻帆美|麻秀未|麻秀美|麻穂美	given-name-dictionary
みその	みその|みそ乃|三園|弥園|弥苑|御園|心想乃|未園|未想乃|未苑|海苑|海鼠乃|深園|珠園|珠苑|美園|美塑乃|美想乃|美綜乃|美苑|美蒼乃|美薗|美颯乃	given-name-dictionary
むつお	ムツオ|六夫|六生|六男|六郎|六雄|宗夫|武津夫|睦夫|睦央|睦朗|睦生|睦男|睦郎|睦雄|陸夫|陸奥夫|陸奥男|陸奥雄|陸生|陸男|陸郎|陸雄	given-name-dictionary
ゆうの	ゆうの|佑乃|佑布乃|優乃|友乃|友望|友野|夕乃|宥乃|悠乃|憂乃|有乃|有布|柔乃|柚乃|由乃|由宇乃|祐乃|祐愛乃|結乃|結音|裕乃|邑乃	given-name-dictionary
ゆうゆ	ゆうゆ|侑由|侑祐|優侑|優友|優唯|優夢|優有|優由|優癒|優結|夕優|夕夢|悠優|悠友|悠由|有由|結佑|結友|結悠|結有由|結由|裕友	given-name-dictionary
ゆりみ	ゆりみ|ゆり美|ユリミ|佑理美|侑利美|優理美|友利美|友理実|友理美|友里美|夕璃美|由利実|由利美|由梨実|由梨美|由里美|百合実|百合美|祐利実|祐李美|裕吏美|裕梨美|裕理美	given-name-dictionary
るいこ	るいこ|るい子|ルイコ|ルイ子|塁子|壘依子|泪子|流依子|流衣子|涙子|潤子|瑠以子|瑠依子|瑠偉子|瑠糸子|瑠衣子|留以子|留依子|留衣子|累子|誄子|路易子|類子	given-name-dictionary
かつひと	一仁|且人|健仁|克一|克人|克仁|克士|克比人|功士|勉士|勝人|勝仁|勝史|勝士|和仁|士|強仁|捷仁|活人|竜一|雄人|雄仁|雄史	given-name-dictionary
くにのり	久仁則|久迩典|国典|国則|国功|国徳|国範|国紀|国規|国順|國功|國法|邑憲|邦仁|邦典|邦則|邦宣|邦憲|邦法|邦知|邦範|邦紀|邦訓	given-name-dictionary
こうめい	交明|亨明|光明|公明|孔明|孝明|宏明|幸明|広明|康明|弘名|弘明|恒明|昂明|昊明|晃明|浩明|考明|耕明|貢明|香明|高明|鴻明	given-name-dictionary
しょうき	勝毅|勝貴|将生|小机|尚煕|尚紀|彰己|彰揮|彰紀|旭輝|昇希|昌熹|昭喜|正気|正煕|渉希|湘宜|章喜|章鬼|笑喜|翔己|翔紀|翔貴	given-name-dictionary
せいけん	成賢|政憲|政賢|晴虔|正健|正憲|正献|正謙|正賢|清見|清賢|清軒|清顕|生健|生建|省軒|聖憲|聖賢|誠健|青研|青硯|青軒|静軒	given-name-dictionary
せんぞう	仙三|仙蔵|仙造|千三|千蔵|千造|善三|宣三|宣造|専三|専蔵|専造|扇三|扇蔵|泉三|泉蔵|潜蔵|詮三|詮造|選三|釧三|銑三|阡蔵	given-name-dictionary
てつのり	哲令|哲典|哲利|哲則|哲宣|哲律|哲徳|哲憲|哲成|哲教|哲法|哲理|哲範|哲紀|哲規|徹典|徹徳|徹範|徹紀|徹規|徹議|鉄則|鉄徳	given-name-dictionary
てるひさ	光久|央久|央永|彰久|日久|旭寿|映久|昭久|晃久|晃央|晃寿|晃尚|晃永|晶久|暉久|暉尚|照久|照尚|瑛久|輝久|輝之|輝寿|輝尚	given-name-dictionary
のぶしげ	伸成|伸樹|伸繁|伸茂|伸重|信成|信繁|信茂|信重|僖重|允茂|喜茂|喜重|宣成|展成|展重|庸成|延臣|暢成|暢茂|暢重|陳重|順重	given-name-dictionary
のりすけ	乗佑|典介|典佑|典輔|式輔|得輔|徳介|徳助|徳祐|慶亮|憲祐|教介|硯介|祝典|章輔|範佐|紀典|紀祐|紀輔|統介|規介|規祐|謙佑	given-name-dictionary
はるたか	悠天|明孝|春孝|春隆|春高|晴任|晴堂|晴孝|晴崇|晴敬|晴耕|晴誉|晴貴|晴資|晴隆|東生|治孝|治尊|治巨|治貴|治隆|玄崇|陽崇	given-name-dictionary
ほうせい	峰生|抱星|抱臍|放生|方成|方正|方静|朋生|法世|法正|芳成|芳星|芳正|芳清|芳生|萌生|萠生|蓬生|邦世|邦正|邦生|鳳声|鵬生	given-name-dictionary
ゆきとし	之俊|之利|之敏|交紀|侑俊|倖俊|千俊|千聡|幸世|幸俊|幸利|幸寿|幸年|幸敏|幸稔|幸辰|征捷|由紀敏|至利|行俊|行利|遊亀寿|雪敏	given-name-dictionary
よしもと	善元|善基|喜元|喜楽|嘉元|嘉基|悦基|慶幹|敬基|由倫|祥元|美元|義元|義基|義幹|義質|良元|良基|良幹|芳幹|芳源|貴元|賀太	given-name-dictionary
いくたろう	幾多朗|幾多郎|幾太朗|幾太郎|毓太郎|澗刃|澗析|粥多朗|粥多郎|粥太朗|粥太郎|育多朗|育多郎|育太朗|育太郎|行多朗|行多郎|行太朗|行太郎|郁多朗|郁多郎|郁太朗|郁太郎	given-name-dictionary
かくたろう	恪太郎|愨太郎|格太朗|格太郎|確太郎|覚多朗|覚多郎|覚太朗|覚太郎|角多朗|角多郎|角太朗|角太郎|赫太郎|郭多朗|郭多郎|郭太朗|郭太郎|革太郎|鶴多朗|鶴多郎|鶴太朗|鶴太郎	given-name-dictionary
げんしょう	元升|元昌|元昭|元照|元璋|元章|元鍾|彦承|源尚|源松|源正|源祥|源章|玄勝|玄承|玄昭|玄正|玄照|玄祥|玄章|玄翔|玄聖|現照	given-name-dictionary
せんのすけ	仙之丞|仙之介|仙之佑|仙之助|仙之祐|仙之輔|千之丞|千之介|千之佑|千之助|千之祐|宣之丞|宣之介|宣之佑|宣之助|宣之祐|専之助|扇之助|泉之丞|泉之介|泉之佑|泉之助|泉之祐	given-name-dictionary
あつ	アツ|亜司|亜津|亜都|亜鶴|厚|安津|安都|安鶴|惇|敦|暑|淳|淳都|温|煦|積|篤|篤津|阿津|阿都|阿鶴	given-name-dictionary
あむ	あむ|亜夢|亜生|亞夢|天夢|彩夢|彩舞|恋人|愛夢|愛睦|愛結|明夢|有夢|杏夢|杏睦|歩夢|海霧|海露|編|逢夢|阿夢|麻夢	given-name-dictionary
きゆ	きゆ|喜愉|喜結|姫優|季優|季柚|季結|季遊|希夢|希由|希結|希遊|来優|祈優|祈結|稀由|結柚|葵由|記百|貴優|貴悠|輝結	given-name-dictionary
さみ	さみ|佐美|咲海|彩実|早実|早美|最実|最美|沙実|沙弥|沙望|沙未|沙海|沙美|爽実|爽海|砂海|砂美|紗実|紗弥|紗未|紗美	given-name-dictionary
たみ	たみ|タミ|丹美|他美|侘美|卓満|多実|多弥|多望|多未|多海|多美|多見|太美|妙海|妙美|民|民美|田実|田美|蒼生|黎	given-name-dictionary
なこ	な子|ナコ|ナ子|七教|南児|南心|名呼|名子|奈古|奈子|奈瑚|奈鼓|寧子|楠子|茄子|菜子|菜湖|菜生|那古|那子|那己|那枯	given-name-dictionary
らむ	らむ|ら夢|ラム|乱夢|愛夢|星夢|来夢|林|果夢|楽夢|楽舞|涼夢|等夢|糖酒|羅夢|良夢|莉夢|蘭夢|蘭舞|虹|裸夢|麗結	given-name-dictionary
ろみ	ロミ|呂実|呂美|朗実|朗美|浪海|璐美|絽未|絽美|芦美|蕗美|路実|路望|路海|路生|路美|露実|露巳|露水|露深|露美|露路	given-name-dictionary
あおば	あおば|あお羽|あお葉|亜央葉|亜緒葉|愛桜葉|梧葉|碧波|碧羽|碧葉|緑葉|葵羽|葵葉|蒼巴|蒼波|蒼羽|蒼葉|藍羽|藍葉|青巴|青波|青葉	given-name-dictionary
あみな	アミナ|亜南|亜実奈|亜実菜|亜巳名|亜巳奈|亜美奈|亜美菜|亜魅菜|光実夏|光美夏|天美菜|彩美南|愛実菜|愛美菜|憧心夏|明未奈|編永|羅奈|羅菜|藍深奈|阿未菜	given-name-dictionary
いえこ	いえこ|いえ子|イエ子|イヱ子|五栄子|以恵子|伊依子|伊映子|伊枝子|伊栄子|伊江子|位江子|依恵子|偉恵子|宅子|宮子|家子|意悦子|捨子|為恵子|為悦子|衣悦子	given-name-dictionary
いくほ	いくほ|いく帆|いく穂|幾保|幾帆|幾歩|幾甫|幾穂|活穂|生宝|生帆|生穂|育保|育帆|育歩|育甫|育穂|郁保|郁帆|郁歩|郁甫|郁穂	given-name-dictionary
いくや	幾也|幾哉|幾弥|征也|征哉|征矢|生也|生哉|育|育也|育哉|育弥|育朗|育矢|行哉|行弥|郁乎|郁也|郁冶|郁哉|郁弥|郁矢	given-name-dictionary
いたる	いたる|イタル|之|到|周|徹|押|昶|暢|格|止|泰|至|至格|致|臻|行|諄|迪|造|達|達暢	given-name-dictionary
えみい	えみい|恵光衣|恵実衣|恵宮郁|恵美|恵美衣|映美衣|永美衣|江美依|瑛美依|瑛美衣|笑以|笑依|笑衣|絵実依|絵実衣|絵弥生|絵未以|絵美依|絵美衣|英美以|衣未以	given-name-dictionary
かえで	かえで|カエデ|佳えで|加枝手|夏枝花|夏楓|果楓|栞枝|椛|楓|楓季|楓汀|楓花|楓葉|歌楓|海笑出|秋楓|紅葉|花楓|華楓|風英|香依兌	given-name-dictionary
かんこ	かん子|侃子|冠子|完子|寒子|寛子|實子|柑子|歓子|涵子|漢子|甘子|皖子|監子|緩子|莞子|観子|貫古|鑑子|閑古|閑子|韓子	given-name-dictionary
ここみ	ここみ|ここ美|九美|孝々深|小紅実|小香実|小香美|心々美|心実|心未|心泉|心海|心美|恋夢|湖々美|瑚々美|茲美|虹々美|虹々見|香々美|鼓々実|鼓々美	given-name-dictionary
さみこ	さみこ|さみ子|サミ子|佐己子|佐美子|咲実子|小実子|小美子|彩幹子|彩瞳子|彩美子|沙実子|沙深子|沙美子|真光子|真海子|砂美子|祥瞳子|紗未子|紗美子|紗見子|采位子	given-name-dictionary
しえり	しえり|史えり|史恵理|心枝梨|志恵里|志江里|志絵理|支愛莉|梓恵利|梓衣利|滋衣利|眞愛凜|紫え里|紫映利|詞永里|詩恵理|詩愛里|詩瑛莉|詩絵理|詩絵莉|詩絵里|詩衣梨	given-name-dictionary
せつな	せつな|世都那|切奈|切那|刹那|摂那|星都奈|殺生|瞬|節奈|節菜|節那|紲菜|雪凪|雪南|雪名|雪和|雪奈|雪楠|雪菜|雪那|雪鳴	given-name-dictionary
たかな	卓奈|多香菜|天奈|天奏|孝名|孝奈|孝菜|崇愛|梢南|梢菜|泰香緒|皐奈|皐菜|皐那|節那|貴奈|貴菜|貴鈴|隆奈|香奈|高奈|高菜	given-name-dictionary
たから	たから|タカラ|多会絡|多佳良|多加良|多嘉良|天來|天来|天空|宝|宝良|尊羅|尊良|嵩羅|空楽|空羅|米|聖|貴羅|貴良|隆楽|高良	given-name-dictionary
たくし	匠司|卓之|卓史|卓司|卓士|卓志|多久志|宅史|宅志|拓史|拓司|拓吏|拓士|拓志|沢岻|澤岻|琢史|琢司|琢士|琢志|琢氏|託士	given-name-dictionary
ただみ	ただみ|伸美|匡実|匡美|只深|唯実|唯巳|唯美|多々見|尹巳|忠三|忠実|忠己|忠巳|忠海|忠温|忠美|忠見|忠躬|田二見|直己|賢美	given-name-dictionary
たみお	他見男|多三男|多美夫|多美生|多美男|多美雄|太実雄|太美生|太美男|太美雄|愍雄|民夫|民朗|民生|民男|民郎|民雄|萌生|蒼生|蒼生雄|貴生|辰己雄	given-name-dictionary
ちあり	ちあり|千亜梨|千亜理|千亜里|千娃吏|千愛里|千愛鈴|千有|千有里|千順|夢海|智亜里|智存|智愛里|智有|知也|知亜理|知亜莉|知亜里|知愛里|知有|知阿里	given-name-dictionary
ちかほ	ちかほ|千佳穂|千加保|千果穂|千花歩|千花穂|千芳|千華保|千華穂|千賀穂|千香穂|史穂|央歩|実穂|恭歩|悠帆|愛歩|智香穂|真帆|知佳保|知華歩|知香穂	given-name-dictionary
ちほこ	ちほ子|千保子|千宝子|千峰子|千帆子|千歩子|千浦子|千火子|千畝子|千百子|千穂子|千芳子|千訪子|智保子|智穂子|智芳子|知保子|知峰子|知帆子|知歩子|知穂子|稚穂子	given-name-dictionary
ちまき	千万亀|千万喜|千万城|千万季|千万希|千万樹|千万騎|千巻|千牧|千真季|千真希|千真樹|千茉季|千茉希|千茉樹|千茉紀|千馬木|千麻季|千麻希|千麻樹|千麻紀|知槙	given-name-dictionary
てるか	てる香|光加|光夏|光香|央佳|昭花|昭香|晃加|晃歌|晶香|照佳|照加|照夏|照日|照花|照華|照香|皓哉|英佳|輝花|輝華|輝香	given-name-dictionary
とくお	十久男|十九男|十九雄|得夫|得朗|得生|得男|得郎|得雄|徳夫|徳生|徳男|徳郎|徳雄|東九男|登久男|登久雄|督夫|督雄|篤夫|篤男|篤雄	given-name-dictionary
とらお	乕男|乕雄|刀良意|寅夫|寅央|寅生|寅男|寅緒|寅郎|寅雄|徳良夫|登良夫|登良雄|虎士|虎大|虎夫|虎央|虎尾|虎生|虎男|虎郎|虎雄	given-name-dictionary
なえこ	なえ子|南咲子|南江子|名依子|名映子|和恵子|奈咲子|奈恵子|奈江子|奈絵子|奈重子|尚子|直子|苗子|菜恵子|菜映子|菜枝子|菜絵子|菜衣子|那咲子|那恵子|那絵子	given-name-dictionary
なみお	七三男|並夫|並青|南夫|南海士|南海夫|南海王|南海男|南海雄|南見夫|南雄|双男|次雄|汎夫|波夫|波男|波雄|洋夫|浪夫|浪男|浪雄|涛雄	given-name-dictionary
ひすい	ひすい|ヒスイ|一翠|七彗|光翠|妃水|妃粋|妃翠|姫水|斐水|日翠|氷翠|灯翠|燈穂|緋水|緋翠|翠|翡翠|陽翠|非水|飛吹|飛彗	given-name-dictionary
まみな	まみな|万実菜|万心菜|万美奈|真実奈|真実菜|真心菜|真未菜|真美奈|真美菜|舞未菜|舞美奈|茉実菜|茉心菜|茉美奈|麻実奈|麻実菜|麻心菜|麻未奈|麻美奈|麻美菜|麻美那	given-name-dictionary
まりみ	まり実|まり美|万理美|万里海|万里美|毬実|毬水|毬美|毬見|真利美|真梨巳|真理実|真理美|真里海|茉理美|茉莉珠|茉莉美|茉里海|茉里美|鞠実|麻理美|麻里海	given-name-dictionary
まるみ	まるみ|まる美|マルミ|マル美|万留実|万留美|丸実|丸生|丸美|円実|円水|円美|満留美|真瑠美|真留実|真留美|舞流実|舞流美|茉留実|茉留美|麻瑠美|麻留実	given-name-dictionary
みさよ	みさよ|三佐代|三佐誉|三沙代|実咲代|実早代|実砂代|巳佐代|巳早代|操代|未菜世|美佐世|美佐代|美咲代|美小夜|美彩代|美沙世|美沙代|美瑳代|美砂代|美紗世|美紗代	given-name-dictionary
みちの	みちの|三千乃|実千乃|径乃|心茅仍|慶乃|教乃|未知乃|満乃|理乃|紀乃|美千乃|美智能|美智野|行乃|路乃|路野|通乃|通野|道乃|道野|陸乃	given-name-dictionary
みつほ	みつほ|三保|三星|三穂|允保|充保|充峰|充穂|光保|光宝|光歩|光穂|光萌|実津保|実津穂|満保|満帆|満穂|瑞穂|美津保|美津穂|美都穂	given-name-dictionary
みなほ	みなほ|三奈穂|南帆|南穂|実奈穂|実己穂|実成歩|実菜穂|心南歩|未奈穂|未那甫|水帆|美南帆|美名保|美奈保|美奈帆|美奈穂|美海穂|美苗穂|美菜帆|美菜穂|美那穂	given-name-dictionary
ゆきね	亨音|倖寧|倖音|優千音|優季音|優希音|優紀音|勇起峰|千寧|千音|友姫音|夕紀音|如音|幸音|有紀寧|結季音|薫音|透音|銀音|雪寧|雪猫|雪音	given-name-dictionary
ゆめこ	ゆめこ|ユメコ|佑芽子|優芽子|夕愛子|夢仔|夢呼|夢子|夢湖|夢芽子|夢虎|有命子|有芽子|柚芽子|由愛子|由瞳香|由芽子|結愛子|結芽子|自由子|裕芽子|裕萌子	given-name-dictionary
あきみち	亮径|亮道|哲理|哲路|安芸道|彰路|彰道|明倫|明通|明道|映道|昭道|晃充|晃道|朗徹|秋道|章成|章通|章道|章達|顕真|顕道	given-name-dictionary
あつとし	丁俊|充俊|厚俊|厚利|厚寿|厚敏|厚聡|孝俊|惇俊|敦俊|敦利|淳利|淳敏|淳智|温敏|篤俊|篤利|篤敏|貴敏|貴智|貴紀|重毅	given-name-dictionary
きしょう	其湘|喜昭|喜正|喜照|喜翔|基燮|希昌|希渉|希翔|毅正|汽章|紀昭|紀祥|紀章|貴勝|貴松|貴祥|起匠|起昇|起祥|輝匠|輝昇	given-name-dictionary
くにひと	一人|一仁|久二仁|公人|勅仁|国人|国仁|国史|国士|國人|國仁|國士|地史|州史|洲人|漢仁|訓人|訓史|訓士|邦人|邦仁|郡仁	given-name-dictionary
けんきち	乾吉|健|健吉|健喜智|兼吉|剣吉|堅吉|巻吉|建吉|憲吉|憲橘|権吉|涓吉|献吉|眷吉|研吉|虔吉|謙吉|賢吉|鍵吉|鎌吉|顕吉	given-name-dictionary
けんこう	健光|健孝|健康|健弘|兼好|兼行|堅宏|憲幸|憲曠|憲浩|憲行|憲香|謙幸|謙浩|謙綱|賢公|賢功|賢孝|賢康|賢抗|顕光|顕弘	given-name-dictionary
けんゆう	健勇|健祐|健雄|兼勇|兼祐|剣友|建佑|憲佑|憲勇|憲右|憲由|憲祐|憲雄|研悠|謙有|謙祐|賢勇|賢有|賢祐|賢裕|賢雄|顕雄	given-name-dictionary
さだゆき	信章|偵之|勘亨|完幸|完政|定之|定亨|定幸|定征|定行|為章|禎之|禎元|禎幸|禎行|貞之|貞幸|貞志|貞敬|貞至|貞行|貞雪	given-name-dictionary
しょうま	匠真|奨真|将真|将馬|尚真|庄真|庄馬|彰馬|昇真|昌磨|正磨|渉馬|照万|相魔|祥馬|翔夢|翔実|翔真|翔馬|翔麻|聖真|頌真	given-name-dictionary
せいゆう	世雄|征勇|征雄|成侑|政雄|斉勇|星優|星邑|正由|正融|正雄|清優|清有|清祐|清雄|盛友|聖友|聖雄|誠悠|靖雄|静幽|静由	given-name-dictionary
たかなお	位直|公直|剛巨|剛直|卓修|卓直|和修|孝尚|孝直|孝真|崇尚|崇直|恭直|敬直|毅尚|貴尚|貴直|隆尚|隆直|隆真|高尚|高直	given-name-dictionary
てるのぶ	伸|光伸|光信|光宣|光将|光申|央所|映亘|昭信|晃伸|晃宣|晃庸|曜正|煕延|照信|輝亘|輝伸|輝信|輝宣|輝展|輝慶|輝暢	given-name-dictionary
とくひろ	得博|得広|得祐|徳博|徳大|徳宏|徳寛|徳広|徳弘|徳洋|徳洪|徳浩|徳裕|督大|督弘|督浩|督裕|篤博|篤宏|篤広|篤弘|篤敬	given-name-dictionary
のぶすけ	之輔|亘典|亘祐|伸介|伸輔|信介|信助|信右|信祐|信資|信輔|修右|宣介|宣祐|展甫|展輔|延介|延祐|慶祐|暢介|暢輔|誠祐	given-name-dictionary
はるとし	啓聖|明利|春俊|春寿|春年|春敏|晴俊|晴利|晴年|晴敏|晴淑|治俊|治利|治年|治敏|治稔|治紀|温鋭|開俊|陽俊|陽敏|陽稔	given-name-dictionary
まさすけ	健資|公脩|政介|政佑|政助|政資|政輔|昌介|昌佑|昌助|昌祐|昌輔|正亮|正介|正佐|正典|正祐|正輔|賢右|雅亮|雅介|雅助	given-name-dictionary
やすたけ	保武|安健|安剛|安威|安武|康丈|康岳|康武|康毅|康豪|康長|慈猛|泰丈|泰健|泰剛|泰威|泰建|泰武|泰毅|靖丈|靖健|靖武	given-name-dictionary
よしもり	儀守|吉盛|善司|善守|善盛|喜守|喜森|喜盛|嘉守|嘉盛|幸盛|彬司|栄守|由盛|美守|美盛|義守|義盛|良守|良盛|芳守|芳盛	given-name-dictionary
きはちろう	亀八郎|喜八朗|喜八郎|基八郎|季八朗|季八郎|希八朗|希八郎|木八朗|木八郎|木鉢郎|樹八朗|樹八郎|毅八郎|禧八郎|紀八朗|紀八郎|記八朗|記八郎|貴八朗|貴八郎|黄蜂郎	given-name-dictionary
しゅうせい	修成|修生|収正|周成|周星|愁星|柊靖|秀世|秀声|秀征|秀成|秀政|秀星|秀清|秀生|秀誠|秋声|秋成|秋星|秋生|脩成|脩正	given-name-dictionary
しゅうじろう	修二朗|修二郎|修司郎|修次朗|修次郎|修治郎|十二郎|収二郎|周二郎|周次朗|周次郎|守二郎|秀二朗|秀二郎|秀慈郎|秀次朗|秀次郎|秀治郎|脩二郎|脩司朗|脩次郎|脩治郎	given-name-dictionary
せつ	せつ|せ津|セツ|世津|刹|勢津|勢都|拙|摂|摂津|摂節|攝|攝津|晢|楔|瀬つ|瀬津|節|紲|説|雪	given-name-dictionary
もあ	もあ|主愛|最愛|望亜|望彩|望愛|望空|望綾|望葵|桃亜|桃彩|桃愛|桃杏|桃永|百愛|百葵|茂亜|萌亜|萌彩|萌愛|萌杏	given-name-dictionary
やこ	やこ|ヤコ|八子|哉子|夜子|夜湖|妖子|弥子|弥幸|弥恋|弥湖|弥紅|椰子|椰琴|矢子|矢湖|箭子|耶子|耶己|耶湖|躍子	given-name-dictionary
ゆの	ゆの|佑乃|優乃|友乃|唯乃|夕望|夢乃|夢望|夢歩|弓能|悠乃|悠音|有乃|柚乃|柚野|柚音|由乃|祐乃|結乃|裕乃|遊乃	given-name-dictionary
あつむ	五|亜摘|伍|侑|劭|崇|愛紬|撰|敦務|湊|積|総|聚|萃|蔟|貴武|遒|鍾|鐘|集|集夢	given-name-dictionary
いちご	いちご|イチご|イチゴ|一吾|一恋|一悟|一期|一檎|一胡|一護|一黄|唯智子|唯茅子|壱胡|苺|苺后|苺実|苺花|莓|衣知子|衣稚瑚	given-name-dictionary
いのり	いのり|い乃り|一愛|依乃里|依律|偉能莉|十字架|唯祝|惟乃理|愛紀|祈|祈り|祈履|祈李|祈梨|祈莉|祈里|祈願|祷履|衣乃里|衣紀	given-name-dictionary
いりあ	いりあ|イリア|以里亜|伊利亜|伊梨亜|伊理亜|伊里亜|依李唖|依梨阿|依里亜|依里阿|入愛|入綾|唯梨亜|唯里亜|彩亜|彩理愛|惟梨愛|惟莉亜|衣梨亜|衣里亜	given-name-dictionary
かおん	佳恩|佳音|可恩|夏温|夏穏|夏音|家恩|架穏|楓温|樺穏|樺音|歌温|歌音|海音|花温|花音|華温|華音|薫音|郁音|香温	given-name-dictionary
かみこ	かみ子|カミ子|上子|乾子|介美子|佳美子|佳見子|加美子|可允子|可真子|嘉実子|嘉美子|夏美子|神子|紙子|華実子|郁実子|郁海子|郁美子|頂子|香美子	given-name-dictionary
かんご	冠吾|勘吾|勘悟|勧吾|完五|完剛|完吾|完梧|寛五|寛伍|寛吾|寛悟|寛梧|幹吾|皖護|翰護|莞吾|貫五|貫吾|貫梧|貫護	given-name-dictionary
こうか	光|光華|光香|功香|孝香|広果|康華|昂嘉|晃華|江花|滉花|紅果|紅花|紅華|紅霞|紅香|耕花|興華|虹花|香果|香花	given-name-dictionary
ここね	ここね|ここ寧|九寧|幸虹音|心々音|心夢|心子|心寧|心愛|心祢|心羽|心音|心響|恋々音|木々音|木木音|湖々音|瑚々希|瑚々音|虹々音|香々音	given-name-dictionary
さきほ	さきほ|佐希帆|咲保|咲帆|咲星|咲歩|咲穂|咲萌|咲葵穂|咲誇|岬帆|幸歩|彩希帆|早季穂|早穂|沙樹穂|沙紀帆|沙紀穂|祥帆|祥穂|紗希帆	given-name-dictionary
さだこ	さだ子|サダコ|サダ子|佐多子|佐忠子|偵子|完子|定子|尊子|康子|成子|早泰子|晏胡|沙田子|禎子|究子|節子|紗祇子|覚子|貞子|錠子	given-name-dictionary
しげし	彬|成志|栄四|滋|滋史|稠|紫芥子|繁|繁史|繁司|繁士|繁志|茂司|茂士|茂市|茂志|茂思|重史|重司|重志|重思	given-name-dictionary
せんこ	せん子|セン子|亘子|仙子|全子|千古|千子|千湖|千虎|宣子|専子|扇子|染子|泉子|浅子|茜子|詮子|賎子|釧子|銭子|鮮子	given-name-dictionary
せんり	センリ|仙璃|仙莉|仙里|千凜|千利|千理|千璃|千莉|千里|宣理|川梨|旋律|染莉|泉吏|泉里|茜李|茜莉|茜里|釧璃|閃里	given-name-dictionary
そのえ	そのえ|その恵|その枝|その江|その絵|ソノエ|ソノ江|其枝|其絵|園|園恵|園枝|園江|園生|園絵|苑上|苑恵|苑枝|苑江|苑絵|薗枝	given-name-dictionary
ちづえ	ちづえ|ちづ枝|千壽恵|千寿恵|千寿江|千津恵|千津枝|千津江|千津絵|千都絵|千鶴恵|千鶴枝|千鶴栄|千鶴江|千鶴絵|智津恵|智津枝|知津恵|知津枝|知津江|知津衣	given-name-dictionary
ちづか	ちづか|千月歌|千月香|千束|千津佳|千津香|千都加|千都夏|千都香|千鶴佳|千鶴架|千鶴歌|千鶴花|千鶴華|千鶴香|智柄|智津夏|智津香|知寿佳|知寿香|知津香	given-name-dictionary
ときみ	勅美|外喜実|外喜美|季実|富喜美|斎水|時人|時実|時巳|時未|時美|時見|朗美|登喜実|登喜美|登紀美|登貴実|登貴美|登起美|秋水|都紀美	given-name-dictionary
ともい	トモイ|伴維|共維|友偉|友生|智以|智伊|智位|智威|智生|朋以|朋唯|朋生|朋維|朋衣|朝依|杜望衣|桃望衣|知以|知威|知衣	given-name-dictionary
なゆみ	なゆみ|七夕実|七夕美|奈佑美|奈侑美|奈友美|奈弓|奈有実|奈有美|奈由実|奈由己|奈由未|奈由美|奈由視|菜友美|菜弓|菜由美|菜結実|菜結美|菜裕美|那悠美	given-name-dictionary
なよこ	なよ子|南洋子|南葉子|南陽子|名代子|名良子|名葉子|名誉子|奈与子|奈世子|奈予子|奈代子|奈吉子|奈瑶子|奈誉子|寧容子|菜代子|菜余子|菜葉子|那誉呼|那陽子	given-name-dictionary
はなか	七華|七香|巴菜夏|瑛華|花佳|花優|花果|花華|花香|英果|英華|英香|華々|華佳|華加|華歌|華花|華華|華香|葉菜花|話花	given-name-dictionary
ひさや	久世|久也|久哉|久家|久屋|久弥|久彌|久矢|壽也|央也|寿也|寿哉|寿弥|尚也|尚哉|尚弥|恒也|比紗也|火咲夜|緋彩|長也	given-name-dictionary
ふくこ	ふく子|フク子|冨久子|夫玖子|婦久子|富久子|富薫子|布久子|布句子|復子|扶久子|扶公子|文公子|普久子|服子|甫久子|福久子|福子|芙久子|芙功子|芙弘子	given-name-dictionary
ふさお	二三生|夫佐男|寅夫|富三男|富佐夫|富佐雄|房夫|房朗|房生|房男|房郎|房雄|扶桑雄|総夫|総尾|総男|総雄|聡雄|芙沙夫|英夫|英雄	given-name-dictionary
ふみな	史名|史和|史奈|史捺|史菜|富美奈|富美菜|布美那|扶実那|文奈|文納|文菜|楓美奈|歩弥那|芙未奈|芙美奈|郁名|郁奈|郁苗|郁菜|風美那	given-name-dictionary
まきな	万希奈|槙奈|槙菜|槙那|牧奈|牧菜|真季奈|真希奈|真希菜|真紀奈|真絹奈|真貴奈|真輝奈|茉希奈|蒔奈|蒔菜|薪那|麻希奈|麻樹奈|麻紀那|麻義成	given-name-dictionary
みおな	みお奈|みお菜|実央奈|実緒奈|未央奈|未央菜|未桜奈|海桜奈|澪凪|澪天|澪奈|澪永|澪菜|澪那|緑音奏|美央奈|美桜奈|美桜那|美緒奈|美音奈|萌菜	given-name-dictionary
みかよ	三佳代|実佳世|実佳代|実加代|実夏代|実夏夜|実花世|実香世|実香代|海香与|深佳世|美佳世|美佳代|美加代|美夏代|美夏夜|美花世|美花代|美香世|美香代|美鶴代	given-name-dictionary
みずか	みずか|実水香|水夏|水奏|水花|水華|水風|水香|泉香|瑞佳|瑞可|瑞夏|瑞奏|瑞果|瑞歌|瑞花|瑞華|瑞香|美寿華|美水香|美須加	given-name-dictionary
みちや	三千也|三千哉|三智也|三知也|倫矢|典弥|実千夜|未知也|美千也|美智也|路也|路哉|迪也|迪弥|途也|通也|通哉|道也|道哉|道弥|順哉	given-name-dictionary
みづほ	みづほ|みづ保|みづ帆|みづ穂|三津穂|光星|実づ穂|実津穂|実都保|架星|水穂|満穂|瑞|瑞帆|瑞歩|瑞穂|美づ穂|美津穂|美都保|美都穂|美鶴穂	given-name-dictionary
れいあ	れいあ|令愛|伶亜|伶愛|嶺綾|怜亜|怜愛|玲亜|玲亞|玲愛|玲杏|礼依亜|礼愛|莉愛|鈴愛|麗亜|麗愛|麗有|麗衣歩|麗雅|黎彩	given-name-dictionary
あつひこ	充彦|厚彦|安津彦|宏彦|忠彦|惇彦|敦彦|敦比古|昌彦|暖彦|淳光|淳彦|淳比古|温彦|睦彦|穆彦|篤彦|純彦|貴彦|重光|重彦	given-name-dictionary
あつひと	アツヒト|充人|厚一|厚人|厚仁|敦一|敦人|敦仁|昌士|淳一|淳人|淳仁|温一|睦人|睦仁|篤一|篤人|篤仁|篤史|豊人|重人	given-name-dictionary
えいぞう	叡三|営三|営造|暎三|栄三|栄蔵|栄藏|栄造|榮三|永三|永造|泳三|穎三|英三|英蔵|英藏|英造|衛三|詠三|詠蔵|鋭蔵	given-name-dictionary
おうすけ	央介|央典|央祐|央輔|往介|応助|応輔|旺佑|旺甫|旺輔|櫻涼|欧介|欧輔|汪介|汪助|王介|翁介|翁助|翁甫|翁輔|蓊助	given-name-dictionary
くにやす	一徳|国安|国康|国泰|国祥|国鎮|国靖|國安|國康|國恭|國泰|晋康|訓康|訓靖|邦保|邦安|邦康|邦恭|邦泰|邦靖|郷泰	given-name-dictionary
こうさい	光哉|光彩|光歳|公済|孝哉|幸哉|幸斎|広済|康哉|弘斎|弘済|昴采|晃彩|洪才|甲才|皓哉|紘斉|耕才|虹西|香斎|鴻斎	given-name-dictionary
こうじん	光人|光仁|公人|厚仁|宏靭|岬人|広人|康人|弘人|弘仭|恒人|晧人|洸人|港人|甲人|皓人|耕人|興人|行人|郊人|鴻人	given-name-dictionary
ちかのり	元謙|千華徳|史典|史則|周矩|周紀|周記|恕卿|慶則|睦典|見典|親典|親則|親徳|親憲|親範|親紀|親載|誓慎|近典|近憲	given-name-dictionary
つねゆき	典幸|剛幸|常之|常幸|常行|庸之|庸幸|庸敬|庸行|恆之|恒之|恒如|恒幸|恒志|恒行|矩幸|素之|経之|経幸|経行|雅如	given-name-dictionary
ていすけ	定典|定助|定祐|定輔|帝介|弟助|悌介|悌助|悌輔|汀翠|禎亮|禎介|禎佑|禎助|禎輔|諦輔|貞介|貞助|貞資|貞輔|鼎輔	given-name-dictionary
としぞう	俊三|俊蔵|俊造|利三|利蔵|利造|十四三|壽造|寿三|寿蔵|寿造|捷三|敏三|敏蔵|敏造|智三|歳三|登志三|稔三|都志三|順三	given-name-dictionary
ながよし	永吉|永好|永幹|永欣|永能|永芳|直良|良喜|良義|良能|長健|長可|長吉|長善|長幹|長慶|長敬|長祥|長義|長良|長芳	given-name-dictionary
みつとし	三俊|三利|三十四|三敏|三登志|三紀|允俊|充俊|充利|充敏|光俊|光利|光寿|光年|光敏|光祚|光稔|光紀|十稔|満俊|満年	given-name-dictionary
やすひと	保人|保仁|妥仁|安人|安仁|容仁|尉公|康人|康仁|康史|康民|恭人|恭仁|愛仁|慶人|泰人|泰仁|雍仁|雍史|靖人|靖仁	given-name-dictionary
ゆきまさ	之公|元政|幸将|幸政|幸昌|幸正|幸甫|幸真|幸賢|幸雅|志昌|志正|恭政|行将|行政|行昌|行正|行真|行雅|雪正|靫正	given-name-dictionary
ようこう	庸浩|揺光|杳香|洋孝|洋幸|洋康|洋弘|洋行|洋香|燿|用高|誉高|陽光|陽孝|陽康|陽江|陽洸|陽耕|陽行|雍晃|養浩	given-name-dictionary
よしさだ	俶完|吉定|吉禎|吉貞|善定|善禎|喜貞|嘉定|嘉禎|嘉貞|好貞|幸完|祥禎|穀定|美貞|義定|義貞|良定|良貞|芳定|芳貞	given-name-dictionary
よしたね	佳材|佳胤|吉胤|吉苗|善種|善胤|喜種|喜胤|嘉種|嘉胤|慶胤|美種|美胤|義稙|義種|義胤|能材|良種|良胤|芳胤|賀胤	given-name-dictionary
こうじゅん	光巡|光淳|光純|光順|公淳|公潤|公純|公順|功順|孝純|孝順|宏純|幸順|康順|弘純|弘順|浩淳|浩準|浩純|耀淳|高順	given-name-dictionary
しゅうほう	周奉|周峰|周邦|宗峯|宗法|宗邦|崇峯|朱峰|秀|秀峯|秀峰|秀抱|秀法|秀芳|秀豊|秀邦|秋峰|秋放|秋方|秋豊|秋邦	given-name-dictionary
しょうきち	勝吉|将吉|尚吉|庄吉|彰吉|昇吉|昌吉|昭吉|晶吉|正吉|湘吉|璋吉|省吉|祥吉|称吉|章吉|荘吉|象吉|鉦吉|鍾吉|鐘吉	given-name-dictionary
せんじろう	仙二朗|仙二郎|仙次郎|仙治郎|仙赦|千二朗|千二郎|千次郎|千赦|宣二朗|宣二郎|宣次郎|宣赦|専二郎|専次郎|扇次郎|泉二朗|泉二郎|泉赦|潜次郎|銓二朗	given-name-dictionary
ともじろう	友二朗|友二郎|友次朗|友次良|友次郎|友治朗|友治郎|友赦|智二朗|智二郎|智次郎|智治郎|智赦|朋二朗|朋二郎|朋次郎|朋治郎|知二郎|知次朗|知次郎|知治郎	given-name-dictionary
えいざぶろう	影三朗|影三郎|映三朗|映三郎|栄三朗|栄三良|栄三郎|榮三朗|榮三郎|永三朗|永三郎|瑛三朗|瑛三郎|英三朗|英三郎|衛三朗|衛三郎|詠三朗|詠三郎|鋭三朗|鋭三郎	given-name-dictionary
うた	うた|ウタ|卯楽|吟|和歌|唄|宇多|悠詩|有楽|樂|欧|歌|海大|生楽|羽音|詩|詩多|謡|雅楽|雅樂	given-name-dictionary
おと	乙|乙冬|乙翔|乙都|和音|央乙|央桃|央渡|想人|於莵|於菟|桜乙|桜時|桜都|桜音|緒杜|音|音斗|音柊|音都	given-name-dictionary
きか	きか|吉可|喜花|季可|季夏|季果|季樺|季花|己佳|希佳|希夏|希香|樹果|紀佳|虹夏|貴夏|貴花|貴華|輝花|輝賀	given-name-dictionary
きな	喜菜|如奈|姫奈|姫菜|季夏|季菜|季那|岐奈|希和|希奈|希菜|希那|樹奈|祈那|稀那|紀奈|貴奈|起奈|騎菜|黄菜	given-name-dictionary
そな	そな|仙亜|初生|創奈|奏奈|宙奈|宙菜|想南|想夏|想那|楚菜|爽凪|爽菜|空南|空夏|空菜|素直|蒼南|蒼菜|衣南	given-name-dictionary
ちこ	ちこ|チコ|千古|千子|千己|千幸|千湖|千琴|千瑚|千胡|千虹|千香|千鼓|智子|智己|智心|治子|知子|知湖|稚子	given-name-dictionary
ちづ	ちづ|チヅ|千寿|千尋|千月|千津|千珠|千瑞|千都|千静|千鶴|智津|智迪|智鶴|知寿|知津|知瑞|知都|知鶴|茅津	given-name-dictionary
もな	もな|最奈|朋奈|望南|望奈|望那|李奈|桃奈|桃愛|桃菜|桃那|百奈|茂奈|萌七|萌名|萌奈|萌水|萌波|萌菜|萌那	given-name-dictionary
りず	りず|俐珠|凛寿|李朱|梨瑞|梨雛|梨鶴|涼珠|理寿|璃珠|璃瑞|莉寿|莉珠|莉瑞|莉鈴|里寿|里朱|里珠|里鶴|鈴珠	given-name-dictionary
りつ	りつ|リツ|凛通|凛都|利津|律|梨律|梨都|理津|理都|璃津|璃都|立|立津|織都|莉津|莉都|葎|里津|里都	given-name-dictionary
あおえ	あおえ|安生恵|碧恵|碧慧|碧枝|碧江|碧絵|蒼恵|蒼愛|蒼慧|蒼枝|蒼江|蒼絵|蔡江|藍衣|青恵|青慧|青枝|青江|青絵	given-name-dictionary
あみる	あみる|亜実瑠|亜実留|亜弥瑠|亜海琉|亜海瑠|亜美瑠|亜美留|彩実琉|彩実瑠|彩美琉|彩美瑠|愛実|愛海琉|愛深琉|愛瞳|愛緑月|愛観|杏実留|杏美琉	given-name-dictionary
かせい	佳静|可靖|嘉成|嘉生|嘉誠|夏星|夏生|夏静|家成|日清|瑕生|禾生|花星|花生|華倩|華勢井|華声|華盛|華精|華菁	given-name-dictionary
かづよ	かづよ|カヅヨ|一世|一代|佳津代|利予|加津代|千世|可津代|可都世|和世|和代|嘉司代|夏月葉|知代|賀津代|香津世|香津代|香素代|香鶴代	given-name-dictionary
きほこ	公保子|喜保子|喜穂子|姫保子|季穂子|希保子|希帆子|希歩子|希穂子|希芳子|樹保子|紀保子|紀穂子|貴保子|貴宝子|貴帆子|貴穂子|起歩子|起法子|黄穂子	given-name-dictionary
きよじ	亀代治|喜与次|喜世治|喜代二|喜代司|喜代次|喜代治|幾代治|恭就|木代次|清二|清司|清次|清治|清路|禧代二|紀代二|紀代治|記代慈|起代二	given-name-dictionary
きんこ	きん子|キン子|今子|公子|勤子|匠子|均子|巾子|斤子|欣子|欽子|琴子|瑾子|禁子|菫子|謹子|金子|金庫|鈞子|錦子	given-name-dictionary
ことか	古都華|古都香|寿冬花|寿冬華|寿夏|心都耶|思佳|思花|恩香|殊華|琴佳|琴叶|琴奏|琴楓|琴樺|琴花|琴華|琴郁|琴香|言嘉	given-name-dictionary
こりん	こりん|冴琳|功凛|小凛|小凜|小琳|小稟|小里ん|小鈴|心凛|心輪|恋鈴|湖林|湖琳|琴綸|瑚凛|胡鈴|虎鈴|鼓琳|鼓鈴	given-name-dictionary
さきお	佐喜夫|佐喜男|佐喜雄|佐紀夫|兄生|先男|先雄|咲夫|山輝夫|崎雄|左木夫|左木男|幸夫|幸生|幸男|幸雄|晶桜|碕夫|穂生|興雄	given-name-dictionary
しかこ	しか子|只香子|史和子|司佳子|司圭子|四華子|姿華子|志佳子|志加子|志夏子|思香子|時花子|椎香子|紫花子|紫鹿子|至香子|蒔香子|詩佳子|詩加子|鹿子	given-name-dictionary
しゆう	史邑|司有|士侑|子游|心優|志優|志友|志悠|志有|志由|志雄|思佑|思優|梓柚憂|糸優|糸游|純有|紫夕|詩優|詩夕	given-name-dictionary
すえお	壽惠雄|季夫|季生|季男|季穂|季郎|季雄|寿恵夫|寿恵男|寿恵雄|寿栄男|寿衛男|末夫|末尾|末生|末男|末郎|末雄|陶夫|須恵男	given-name-dictionary
すずみ	すずみ|凉美|寿々実|寿々美|寿津美|寿瑞実|寿瑞美|寿純|涼|涼心|涼泉|涼生|涼美|涼苗|涼見|珠々実|珠々海|納涼|鈴生|鈴美	given-name-dictionary
せつお	セツ夫|勢津夫|摂夫|摂津男|摂生|摂男|摂雄|晢夫|晢郎|節夫|節朗|節生|節男|節郎|節雄|設夫|設男|説夫|雪男|雪雄	given-name-dictionary
そうか	双果|奏加|奏歌|奏香|宗加|想夏|想香|桑花|爽可|爽歌|爽花|爽香|艸果|草佳|草家|草火|草花|蒼果|蒼花|蒼香	given-name-dictionary
そうご	創吾|創悟|双吾|壮互|壮伍|壮吾|壮悟|宗五|宗吾|宗悟|想吾|総五|総吾|聡亘|聡吾|聡悟|聰互|荘五|蒼梧|錚吾	given-name-dictionary
たずこ	たず子|た津子|タズコ|タズ子|他津子|多壽子|多寿子|多津子|多珠子|多瑞子|多都子|多須子|多鶴子|太津子|妥千子|沢寿子|温子|田寿子|田津子|田鶴子	given-name-dictionary
たづこ	たづ子|タヅ子|丹津子|他津子|多図子|多壽子|多寿子|多津子|多都子|多鶴子|夛鶴子|太津子|温子|珠津子|田津子|田都子|田鶴子|畔津子|起都子|鶴子	given-name-dictionary
ちほみ	千保実|千保美|千宝美|千帆実|千帆水|千帆海|千帆美|千穂実|千穂巳|千穂未|千穂美|智保実|智保美|智穂実|智穂美|智萌美|真歩美|知穂美|知穂見|茅穂実	given-name-dictionary
とえこ	とえ子|十重子|土咲子|外枝子|常愛子|斗愛子|斗永子|杜恵子|杜永子|東栄子|渡永子|灯映子|登恵子|登栄子|登江子|等恵子|聡咲子|聡愛子|都恵子|都愛子	given-name-dictionary
とくえ	トクエ|トク枝|十久恵|十久枝|得乃|得恵|得枝|得江|徳恵|徳慧|徳枝|徳栄|徳江|徳絵|徳衛|斗久枝|登久恵|登久江|篤恵|都久絵	given-name-dictionary
なりさ	令紗|南莉咲|夏緑彩|奈紗|奈莉沙|奈里佐|奈里咲|奈里嵯|奈里沙|奈里紗|尚沙|尚紗|成佐|成咲|成梓|成沙|成理沙|成紗|菜里沙|音沙	given-name-dictionary
はるほ	張帆|春帆|春歩|春穂|春萌|晴保|晴帆|晴穂|治保|治帆|波瑠帆|温星|温歩|羽瑠歩|華穂|遥星|遥歩|遥穂|陽穂|青帆	given-name-dictionary
ひなえ	ひなえ|ひな栄|一奈江|妃奈恵|妃奈笑|妃菜絵|日奈江|日苗|日菜江|日菜絵|日那江|比奈江|比奈詠|陽菜笑|雛依|雛恵|雛惠|雛映|雛絵|雛衣	given-name-dictionary
ひめこ	ひめ子|ヒメ子|一女子|久姫子|妃女子|妃子|姫子|姫皇|姫華|姫虎|姫香|媛子|日女子|日米子|日芽子|比売子|比目古|比芽子|緋芽子|陽芽子	given-name-dictionary
ふみき	ふみき|史城|史基|史季|史己|史希|史樹|史記|史貴|史起|富美樹|文喜|文季|文希|文樹|文紀|文芸|文規|章記|章貴	given-name-dictionary
まえみ	万恵実|万恵美|万笑|満笑|眞栄美|眞衣美|真恵実|真恵美|真笑|真絵美|茉恵美|茉笑|麻恵美|麻江味|麻絵実|麻絵美|麻英実|麻英美|麻衣実|麻衣美	given-name-dictionary
まつこ	まつ子|マツ子|万津子|万粒子|俟子|待子|末子|松子|満津子|眞津子|真津子|真通子|真都子|祀子|舞鶴子|茉子|茉津子|雅津子|須子|麻津子	given-name-dictionary
みおう	光桜|姫桜|実央|実応|実扇|実桜|実王|心桜|未央|未扇|未桜|未生|海桜|美凰|美応|美扇|美桜|美王|美緒|魅桜	given-name-dictionary
みさほ	みさほ|みさ穂|ミサホ|三咲保|実佐保|実佐穂|実冴穂|実咲穂|実沙保|実沙帆|節歩|美佐保|美佐穂|美冴穂|美咲穂|美早保|美沙保|美沙帆|美沙穂|美砂保	given-name-dictionary
みつか	三束|三香|充香|光佳|光夏|光子|光花|光華|光雅|光香|十夏|恭加|満香|潤香|美津佳|美津香|美都香|蜜花|蜜華|蜜香	given-name-dictionary
みなお	三七男|三七雄|凡郎|南雄|咸生|実奈央|実奈緒|実直|実菜緒|巳奈夫|未名央|未直|男女重|皆夫|皆雄|美奈夫|美奈央|美奈男|美奈緒|美直	given-name-dictionary
みらん	みらん|三蘭|実蘭|弥蘭|心蘭|未来音|未藍|未蘭|海楽音|海藍|海蘭|深藍|深蘭|爾蘭|生藍|美爛|美藍|美蘭|魅藍|魅蘭	given-name-dictionary
ももみ	李光|李桃美|李美|桃々美|桃后|桃実|桃心|桃海|桃珠|桃美|百々実|百々心|百々望|百々美|百実|百望|百海|百美|萌々美|萌奈々	given-name-dictionary
よしな	佳奈|佳菜|吉奈|啓名|善奈|喜奈|好奈|嬉奈|愛奈|淑奈|由奈|由茄|祥奈|祥菜|禎菜|美奈|美菜|良菜|芳奈|芳菜	given-name-dictionary
よりか	世利香|代吏香|依伽|依佳|依加|依果|依芳|依雅|依香|和果|和華|夜里火|由香|誉里花|順果|順花|順香|頼佳|頼花|頼香	given-name-dictionary
らいら	らいら|來羅|来羅|来良|来蘭|梨良|瀬良|礼来|礼楽|礼羅|礼良|礼蘭|良衣羅|莱来|莱裸|雷来|雷羅|頼羅|頼良|麗良	given-name-dictionary
りやこ	りやこ|りや子|利也子|利弥子|利矢子|李也子|李弥子|梨夜鼓|梨弥子|梨矢子|理也子|理哉子|理弥子|理矢子|理耶子|璃也子|里也子|里弥子|里矢子|麗矢子	given-name-dictionary
いつろう	一朗|一郎|乙朗|乙郎|五朗|五郎|伊津朗|伊津郎|伊都朗|伊都郎|伍朗|伍郎|厳朗|壱朗|壱郎|弌郎|聿朗|逸朗|逸楼|逸郎	given-name-dictionary
かずもと	一元|一基|一太|一幹|一本|一源|一甫|一素|一芳|主基|和元|和基|和宗|和寿|和志|和扶|和源|量元|量基|量資	given-name-dictionary
かねひろ	兼寛|兼広|兼廣|兼弘|兼明|兼洋|兼浩|兼裕|包博|周宏|周広|周弘|庸浩|謙弘|金宏|金広|金弘|金洋|金浩|鐘浩	given-name-dictionary
きみたか	仁孝|仁敬|仁隆|公威|公孝|公尊|公尚|公尭|公崇|公敬|公毅|公考|公貴|公隆|公飛|公高|君昂|帝孝|王崇|王隆	given-name-dictionary
きようこ	亨子|享子|京子|今日子|共子|匡子|協子|喜洋子|喬子|基容子|希陽子|恭子|教子|暁子|杏子|経子|郷子|鏡子|響子|香子	given-name-dictionary
ちかよし	周和|周喜|周義|哉勝|実彬|智由|親善|親慶|親敬|親祥|親義|親能|親良|親謙|近善|近好|近義|近良|近芳|近説	given-name-dictionary
てるみち	光伯|光理|光生|光通|明路|昭道|晃康|晃透|晃通|晃道|暉通|照真|照路|照通|照道|輝紀|輝通|輝運|輝道|陽典	given-name-dictionary
ともすけ	倫介|友介|友佐|友佑|友助|友右|友左|友輔|智介|智祐|智輔|有佑|朋亮|朋介|朋資|朋輔|知佑|知甫|知祐|資亮	given-name-dictionary
なおすけ	尚亮|尚介|尚佐|尚佑|尚典|尚右|尚祐|尚輔|巨輔|直亮|直介|直佑|直典|直助|直右|直弼|直甫|直祐|直資|直輔	given-name-dictionary
のぶみち	亘倫|伸美知|伸通|伸道|信倫|信充|信徹|信路|信通|信道|修道|宣通|宣道|展道|常道|暢典|暢統|暢道|暢達|葉岐	given-name-dictionary
はるひさ	修久|大剛|大悠|始寿|悠久|春久|春寿|春尚|晴久|晴央|晴寿|東久|治久|治壽|治寿|治尚|治永|温尚|陽久|陽恒	given-name-dictionary
ひでとも	偉友|栄友|栄大|栄智|秀丈|秀价|秀伴|秀具|秀友|秀大|秀智|秀朋|秀朝|秀知|英伴|英友|英智|英朋|英知|豪友	given-name-dictionary
ふみよし	二三良|史剛|史吉|史義|史芳|文佳|文儀|文命|文喜|文嘉|文好|文宜|文徳|文省|文祥|文美|文義|文良|文芳|文芸	given-name-dictionary
まさおみ	仁臣|優臣|公臣|匡臣|宜臣|将臣|將臣|征臣|政臣|昌臣|正意|正温|正臣|理臣|眞臣|真左臣|真臣|聖臣|誠臣|雅臣	given-name-dictionary
よしきよ	佳清|佳聖|厳清|吉清|善清|善貴世|喜清|嘉清|好清|恵清|由清|禎清|純清|美清|義浄|義清|良清|良精|芳清|賢喜代	given-name-dictionary
しょうよう	将洋|小葉|尚陽|昇暘|昇陽|昌洋|昭陽|松洋|松葉|松陽|梢陽|樵榕|正暘|照葉|照陽|笑葉|紫陽|翔陽|逍遙|逍遥	given-name-dictionary
だいじろう	代二郎|代次郎|代治郎|大二朗|大二郎|大仁朗|大仁郎|大地郎|大志朗|大次朗|大次郎|大治朗|大治郎|大滋郎|大赦|太二朗|太二郎|太司郎|第二朗|第二郎	given-name-dictionary
とうじろう	十二郎|十次郎|塔次郎|寛治郎|当次郎|東二郎|東次郎|東治郎|桃次郎|桐仕郎|當次郎|稲二郎|統二郎|統治朗|藤二郎|藤次郎|藤治郎|藤詞郎|藤赦|通志郎	given-name-dictionary
よしたろう	佳太郎|儀太郎|吉太郎|善多朗|善太郎|喜太郎|嘉太郎|好太朗|好太郎|昌太郎|由太郎|美太郎|義太朗|義太郎|能太郎|良太郎|芳太朗|芳太良|芳太郎|葭太郎	given-name-dictionary
りゅうすけ	柳介|琉亮|竜亮|竜介|竜佑|竜助|竜祐|竜輔|隆介|隆佑|隆典|隆助|隆祐|隆輔|龍介|龍佑|龍典|龍助|龍祐|龍輔	given-name-dictionary
りんたろう	倫太朗|倫太郎|凛太朗|凛太郎|凜太朗|凜太郎|彬太郎|林太朗|林太郎|燐太郎|琳太郎|琳汰朗|綸太郎|臨太郎|輪太郎|鈴太郎|霖太郎|鱗太郎|麟太朗|麟太郎	given-name-dictionary
しゅうたろう	修太朗|修太郎|周大郎|周太朗|周太郎|宗太郎|崇太郎|州太郎|昇太郎|柊太朗|柊太郎|秀太朗|秀太郎|秋太郎|終太郎|習太郎|脩太郎|週太郎|鍬太郎|鷲太郎	given-name-dictionary
あず	あず|亜寿|亜朱|亜津|亜珠|亜都|亜鶴|安寿|彩珠|愛津|愛純|明珠|明素|有珠|杏|杏樹|杏瑞|東|梓	given-name-dictionary
きの	きの|き乃|基乃|季乃|希乃|希代|木乃|木野|樹乃|樹埜|生乃|稀乃|紀|紀乃|葵乃|規乃|記野|貴乃|貴野	given-name-dictionary
ささ	ササ|咲々|小彩|小竹|彩彩|早咲|桜々|桜咲|楽|沙々|沙茶|砂沙|笹|紗々|紗佐|紗沙|紗砂|茶咲|颯々	given-name-dictionary
みつ	みつ|ミツ|三|三津|充|光|光津|円|実津|密|弥|才|未津|未都|盈|美津|美都|蜜|魅津	given-name-dictionary
みら	みら|ミラ|実羅|実良|弥良|心楽|未来|未羅|未良|海空|湊良|皆楽|美来|美楽|美羅|美良|美裸|鏡|魅羅	given-name-dictionary
める	める|メル|冥瑠|天晴|愛流|愛琉|愛瑠|明来|明瑠|梅流|痲瑠|瞳瑠|瞳留|芽桜|芽琉|芽瑠|芽留|萌琉|萌瑠	given-name-dictionary
るる	るる|ルル|屡琉|月琉|桃々|流々|流留|琉月|琉瑠|瑠々|瑠流|瑠琉|瑠瑠|留々|留流|縷々|羽琉|麗々|龍月	given-name-dictionary
れん	れん|レン|廉|怜|怜夢|恋|憐|斂|漣|瀲|煉|礼音|簾|蓮|蓮華|連|錬|零舞|麗夢	given-name-dictionary
あがさ	あがさ|亜加沙|亜加紗|亜芽沙|亜賀佐|亜賀嵯|亜賀沙|亜賀瑳|亜賀紗|亜雅沙|亜雅紗|吾紗|安賀沙|安雅紗|愛雅沙|有芽沙|朱咲|朱草|紅咲	given-name-dictionary
あつじ	充治|厚久|厚二|厚司|厚次|厚至|敦久|敦二|敦嗣|敦次|淳久|淳二|温久|温司|温次|篤久|篤二|篤志|篤次	given-name-dictionary
あやよ	亜矢世|亜矢代|史代|彩世|彩予|彩代|彰誉|恵代|朱世|朱葉|朱陽|紋世|紋代|純世|純代|絢代|綺世|采世|采代	given-name-dictionary
いそこ	いそ子|イソ子|五三子|五十子|以そ子|以徂子|以素子|伊則子|伊曽子|伊楚子|伊素子|伊衣子|偉礎子|勤子|勲子|磯子|礒子|絲十子|衣双子	given-name-dictionary
いちお	一夫|一尾|一帆|一治男|一生|一男|一緒|一苧|一雄|五千男|井知夫|以智雄|以知夫|壱水|市夫|市生|市男|市雄|意知男	given-name-dictionary
いなみ	いなみ|一七実|一七美|一名美|一菜美|以奈海|以奈美|伊南|伊奈海|伊波|依奈実|依奈美|稲実|稲幹|稲望|稲波|稲深|稲美|稲菜実	given-name-dictionary
おうか	央夏|桜佳|桜叶|桜日|桜歌|桜花|桜華|桜蘭|桜詩|桜風|桜香|櫻花|櫻華|櫻香|欧佳|欧夏|王香|皇花|鳳花	given-name-dictionary
おうき	央基|央姫|央己|央樹|央生|央紀|央貴|央騎|応吉|応樹|桜喜|桜姫|桜希|桜樹|桜輝|欧樹|王樹|王稀|王輝	given-name-dictionary
かぐや	かぐや|かぐ耶|伽夜|加久矢|夏宮弥|曜|月姫|月美|燿夜|神久夜|神楽夜|神矢|聖月|芳弥|華紅夜|輝夜|香倶耶|香玖耶|香耶	given-name-dictionary
かなか	伽那華|佳奈加|佳寿|加奈佳|加奈香|加納香|叶華|哉佳|哉香|奏伽|奏歌|奏香|珂那夏|珂那華|珂那香|華菜花|風南花|香南佳|香奈花	given-name-dictionary
きさえ	きさえ|きさ江|亀栄|喜佐恵|喜佐枝|季佐恵|季彩恵|季沙恵|季沙江|季紗恵|希冴|木紗絵|記佐枝|記佐江|貴佐恵|貴佐絵|貴沙恵|貴砂恵|貴紗恵	given-name-dictionary
きたこ	きた子|企太子|喜多子|喜太子|季多子|季太子|希多子|希太子|木多子|木太子|樹多子|樹太子|生大子|紀多子|紀太子|記多子|記太子|貴多子|貴太子	given-name-dictionary
けいひ	けいひ|佳日|恵光|恵灯|恵陽|慧灯|慧緋|慶姫|慶飛|景日|景灯|景緋|渓緋|蛍日|蛍灯|蛍緋|蛍陽|蛍飛|馨緋	given-name-dictionary
さぎり	さぎり|佐季利|冴桐|冴霧|咲桐|小季里|小桐|小霧|早桐|早霧|沙岐里|沙桐|沙梧|沙霧|狭霧|砂霧|紗季理|紗樹里|紗霧	given-name-dictionary
しまえ	しまえ|シマ枝|司万恵|島恵|島枝|島江|志まへ|志万恵|志万江|志万絵|志満恵|志真江|志真絵|志磨枝|志磨江|志茉枝|志茉江|志茉絵|志麻江	given-name-dictionary
すやこ	すや子|周也子|周陽子|守弥子|寿代子|寿弥子|寿耶子|州也子|朱陽子|珠矢子|珠耶子|秀也子|素也子|素耶子|陶冶子|須也子|須哉子|須弥子|須耶子	given-name-dictionary
せいほ	成甫|政保|星帆|星歩|栖圃|正保|清帆|清穂|盛保|省歩|精保|精穂|誠保|誠穂|青圃|青歩|青甫|青畝|静歩	given-name-dictionary
ただこ	ただ子|タダコ|タダ子|侃子|匡子|只子|唯子|尹子|忠子|正子|真子|祥子|肇子|能子|董子|薫子|規子|資子|質子	given-name-dictionary
たてお	健夫|健生|健男|健郎|健雄|干夫|干雄|建夫|建生|建男|建郎|建雄|楯夫|楯雄|盾夫|盾男|立夫|経郎|館	given-name-dictionary
ちかな	ちかな|千加奈|千叶|千夏奈|千奏|千花菜|央奈|愛凪|愛奈|愛菜|慎奈|智加奈|智奏|直和|真菜|睦奈|知佳奈|知加奈|知香菜	given-name-dictionary
てるや	旭哉|昭也|晃也|晃弥|暉弥|照也|照八|照哉|照家|照弥|熙弥|瑛也|璋哉|耀也|輝也|輝冶|輝哉|輝弥|輝矢	given-name-dictionary
とうじ	冬児|冬至|塔二|寛爾|東二|東児|東司|東時|東治|桃二|登二|稲司|稲治|統治|藤二|藤司|藤次|藤治|陶治	given-name-dictionary
ともね	共寧|具寧|具音|友寧|友音|和音|智寧|智音|朋寧|朋稔|朋音|朝寧|灯音|点音|燈音|知寧|知音|規称|鞆音	given-name-dictionary
ひでし	傑之|日出志|栄志|秀|秀之|秀史|秀司|秀嗣|秀士|秀志|英之|英史|英司|英嗣|英士|英師|英志|英滋|英資	given-name-dictionary
ひでよ	ひでよ|ヒデヨ|俶代|妃出世|日出世|日出代|日昇代|栄世|秀世|秀予|秀代|緋出代|英与|英世|英代|英好|英宇|英與|英誉	given-name-dictionary
ふうり	富里|楓凛|楓凜|楓利|楓李|楓梨|楓理|楓璃|楓里|風凛|風利|風吏|風李|風梨|風璃|風莉|風里|風鈴|風陸	given-name-dictionary
まえこ	マエ子|万恵子|万映子|万絵子|万英子|前子|眞恵子|真恵子|真栄子|真江子|真絵子|真英子|茉恵子|茉英子|麻恵子|麻枝子|麻絵子|麻英子|麻衣子	given-name-dictionary
まおこ	万央子|万桜子|万百子|万音子|真和子|真央子|真於子|真暢子|真生子|真緒子|真邦子|真魚子|舞桜子|茉央子|茉生子|茉緒子|麻央子|麻緒子|麻音子	given-name-dictionary
まさな	優菜|匡那|幹奈|征菜|昌奈|晶奈|柾名|柾那|正名|正声|正奈|真奈|祐奈|稚菜|茉沙奈|雅名|雅奈|雅紗奈|雅菜	given-name-dictionary
みにい	みにい|実仁伊|実仁唯|実仁衣|実以|実似|実新|望似衣|未仁唯|未以衣|未新|美仁依|美仁唯|美以|美似|美似衣|美新|美笑|舞二位	given-name-dictionary
ゆいみ	佑未|優衣実|唯実|唯愛|唯未|唯海|唯美|悠生海|悠衣美|由実|由衣実|由衣美|由音美|結以美|結実|結心|結珠|結美|結衣美	given-name-dictionary
ゆとり	ゆとり|ゆと里|優斗里|優杜里|優灯莉|優鳥|友人里|友都里|夕都莉|容|悠杜里|悠登里|悠途里|悠鳥|由戸利|由鳥|緑里|遊|遊鳥	given-name-dictionary
らいむ	らいむ|來夢|來霧|来夢|来睦|梨夢|瀬夢|瀬霧|礼夢|羅伊霧|羅維夢|羅美夢|羅衣夢|良衣夢|莱無|雷夢|頼夢|麗夢|麗睦	given-name-dictionary
りおこ	りお子|リオコ|利央子|梨王子|梨緒子|梨織子|理央子|理桜子|理生子|理緒子|理織子|璃和子|璃央子|璃桜子|立央子|莉緒子|莉音子|里桜子|里緒子	given-name-dictionary
りりな	凛璃那|凜々菜|利里奈|李梨奈|梨々菜|梨里奈|理々菜|理梨南|琳里奈|璃々奈|璃奈|璃里奈|莉々奈|莉々菜|莉里奈|莉里菜|莉里那|里々奈|鈴々菜	given-name-dictionary
えいせい	恵誠|慧生|栄世|栄政|栄正|栄清|榮清|永世|永晟|永清|永誠|瑩誠|英世|英成|英正|英生|英聖|英誠|衛青	given-name-dictionary
たかずみ	充純|太紀|孝純|宇澄|尚澄|尚純|峰澄|崇澄|崇純|嵩純|敬済|敬純|昂純|登玄|貴純|資純|隆純|高住|高純	given-name-dictionary
ちかひろ	主寛|允博|元弘|充宏|周弥|哉浩|実啓|知加裕|知大|知紘|稚圭弘|親博|親宏|親広|親弘|親拡|親裕|近博|近広	given-name-dictionary
ちゅうじ	ちゅうじ|丑二|中二|中児|中治|仲二|仲児|仲治|宙二|宙児|宙士|宙次|忠二|忠児|忠司|忠弐|忠次|忠治|註二	given-name-dictionary
ていいち	亭一|呈一|堤一|定一|定市|帝一|悌一|悌市|梯一|汀一|禎一|第一|締一|諦一|貞一|貞市|逞一|錠一|鼎一	given-name-dictionary
としくに	俊匡|俊国|俊圀|俊邦|公邦|利国|利圀|利地|利州|利邦|叔邦|寿訓|寿邦|年邦|敏之|敏有|敏邦|樹邦|準訓	given-name-dictionary
ひさひろ	久公|久博|久大|久寛|久尋|久広|久弘|久洋|久浩|久紘|久裕|富大|寿宏|寿広|尚宏|尚広|尚弘|恒光|恒浩	given-name-dictionary
ひでひと	季仁|愛人|日出人|栄人|栄仁|秀人|秀仁|秀史|秀士|秀飛人|穎人|英人|英仁|英史|英士|英民|豪人|豪仁|豪史	given-name-dictionary
ひろぶみ	博史|博文|博章|啓文|宏史|宏文|寛文|広文|廣文|弘文|弘記|泰史|洋史|洋文|浩史|浩文|碩文|裕史|裕文	given-name-dictionary
まりりん	万理鈴|万里鈴|毬倫|毬林|満里鈴|真李鈴|真梨鈴|真理鈴|真里鈴|茉理鈴|茉莉鈴|茉里鈴|鞠林|鞠鈴|麻梨厘|麻理鈴|麻莉璃|麻里凜|麻里鈴	given-name-dictionary
かんじろう	侃二郎|勘二郎|勘次郎|勘治郎|勘赦|完二郎|完次郎|完治郎|寛二郎|寛次良|寛次郎|寛治郎|幹二朗|幹二郎|幹次郎|観二郎|観次郎|貫次郎|鑑次郎	given-name-dictionary
かんざぶろう	勘三朗|勘三郎|完三朗|完三郎|寛三朗|寛三郎|幹三朗|幹三郎|柑三朗|柑三郎|歓三郎|環三朗|環三郎|艦三朗|艦三郎|莞三朗|莞三郎|貫三朗|貫三郎	given-name-dictionary
きんざぶろう	均三朗|均三郎|巾三朗|巾三郎|斤三朗|斤三郎|欣三朗|欣三郎|欽三朗|欽三郎|琴三朗|琴三郎|謹三朗|謹三郎|近三郎|金三朗|金三郎|錦三朗|錦三郎	given-name-dictionary
りょういちろう	了一朗|亮一朗|亮一郎|僚一朗|僚一郎|凌一郎|崚一郎|涼一郎|稜一郎|綾一郎|良一朗|良一郎|諒一郎|遼一朗|遼一郎|量一郎|陵一郎|領一郎|龍一郎	given-name-dictionary
いこ	いこ|イコ|イ子|井子|以子|伊子|位子|依子|偉子|委子|威子|惟子|慰子|斐子|猪子|維子|蔚子|衣子	given-name-dictionary
えむ	えむ|依夢|咲|恵夢|恵眸|愛夢|慧夢|慧眸|映夢|枝夢|江夢|笑|笑々|笑夢|絵夢|絵霧|英武|詠夢	given-name-dictionary
かつ	かつ|か津|カツ|且|佳津|克|加津|加都|勝|哥津|嘉津|将|括|捷|活|豁|香津|香都	given-name-dictionary
かづ	かづ|伽都|佳寿|佳津|加津|加都|可津|和|和津|嘉津|果津|花都|華津|華都|賀津|香朱|香津|香都	given-name-dictionary
きい	きい|キイ|姫以|季依|季意|希|希威|希維|希衣|樹依|祈依|祈生|紀伊|紀衣|記偉|貴尉|輝依|黄	given-name-dictionary
たか	たか|タカ|多伽|多佳|多加|多嘉|多茄|多賀|多香|孝|宇|尭|幟|教|貴|隆|高|鷹	given-name-dictionary
たき	タキ|多伎|多喜|多季|多岐|多希|多来|多樹|多生|多紀|多綺|多起|多輝|太希|太木|汰樹|田姫|田己	given-name-dictionary
ちま	ちま|千万|千満|千真|千磨|千舞|千茉|千萬|千麻|智万|智満|智真|智麻|知万|知眞|知真|知磨|稚麻	given-name-dictionary
ちり	ちり|チリ|千凛|千凜|千史|千梨|千理|千璃|千莉|千里|千麗|知李|知梨|知理|知莉|知里|稚梨|芽莉	given-name-dictionary
なち	なち|ナチ|七茅|南地|南智|名智|奈千|奈智|奈知|尚千|楠知|渚智|苗知|菜智|菜知|那地|那智|那知	given-name-dictionary
なり	也|南梨|南璃|南莉|名梨|奈利|奈梨|奈理|奈莉|奈里|成|成里|為|菜梨|菜浬|菜里|調|那梨	given-name-dictionary
ゆこ	ユ子|侑子|優子|友子|友心誇|夢呼|悠子|有子|柚古|柚子|由子|由湖|由瑚|癒子|結子|結虹|裕子|裕心	given-name-dictionary
あさり	あさり|亜佐里|亜沙梨|亜沙里|亜紗里|朝梨|朝莉|朝里|浅理|淺里|諒璃|麻利|麻李|麻梨|麻沙里|麻理|麻莉|麻里	given-name-dictionary
あずき	あずき|あず煕|亜寿季|亜月|亜月記|亜珠季|八月|安寿紀|小豆|愛月|晏月|杏月|杏樹|梓喜|梓季|梓希|梓生|美月記	given-name-dictionary
あせい	亜世|亜成|亜星|亜晴|亜生|亜精|亜聖|亜誠|亜青|亞聖|唖声|安星|安聖|愛聖|明星|蛙声|阿星|阿聖	given-name-dictionary
あやい	あやい|亜弥衣|彩以|彩依|彩愛|彩生|彩緯|彩衣|彪衣|文衣|斐衣|礼衣|紋衣|絢衣|綺衣|綾衣|采緯|采衣	given-name-dictionary
ありえ	ありえ|亜理恵|亜莉絵|亜里恵|亜里江|在恵|在枝|在江|在絵|愛理恵|有恵|有愛|有映|有枝|有江|有理恵|有絵|歩栄	given-name-dictionary
いおこ	いお子|いを子|五生子|五百子|以可子|伊保子|伊穂子|伊緒子|依意子|壱緒子|委央子|意寛子|為央子|為穂子|為緒子|祝子|維緒子|衣音子	given-name-dictionary
いそえ	いそえ|いそ江|五十恵|五十枝|五十江|五十絵|五百枝|勤恵|幾江|磯恵|磯慧|磯枝|磯江|磯絵|礒恵|礒枝|礒江|礒絵	given-name-dictionary
えなみ	えなみ|恵奈美|恵成美|恵波|恵菜美|恵那美|愛奈巳|枝並|枝菜海|江奈実|江奈美|江浪|江菜美|江那未|絵名美|絵奈美|絵波|英奈美	given-name-dictionary
えりす	エリス|依梨須|恵李寿|恵理須|恵里寿|恵里沙|映里朱|江里須|瑛梨寿|笑里素|絵里子|絵里寿|英理子|英理寿|衿朱|衿須|襟朱|詠梨栖	given-name-dictionary
えりの	えりの|依利乃|依里乃|恵梨乃|恵理乃|恵理野|恵里乃|悦理乃|愛梨乃|永里乃|江里乃|絵利野|絵梨乃|絵梨野|絵里乃|絵里野|英梨乃|英里乃	given-name-dictionary
えりみ	えりみ|恵利実|恵利美|恵理美|恵里美|惠里美|枝莉美|栄理美|永倫美|江令美|江利美|江里美|絵利美|絵梨美|絵里美|英利美|英莉実|英莉美	given-name-dictionary
えりん	ヱ凛|依鈴|恵凛|恵琳|恵鈴|愛凛|慧林|慧琳|慧輪|慧麟|栄凜|江倫|笑凛|笑鈴|絵凛|絵林|絵鈴|衣鈴	given-name-dictionary
おとえ	乙恵|乙惠|乙枝|乙江|乙笑|乙絵|吟依|吟恵|吟江|音恵|音慧|音映|音枝|音栄|音江|音絵|音衣|頌恵	given-name-dictionary
かいじ	亥児|介二|价司|快児|快治|快示|戒自|海二|海司|海士|海次|界二|皆二|開司|開次|開治|魁児|魁司	given-name-dictionary
かざみ	かざ美|佳紗美|加佐美|風光|風味|風夢|風実|風未|風水|風海|風深|風美|風見|風雅|風魅|飾実|香水|香沙美	given-name-dictionary
かしこ	かしこ|かし子|カシ子|佳至子|佳詩子|嘉志子|日梓子|樫子|歌志子|歌詞子|歌詩子|花心呼|芳史子|賀志子|賢|賢子|香志子|香椎子	given-name-dictionary
かずか	かずか|一佳|一加|一夏|一花|一華|一香|和加|和可|和夏|和歌|和花|和華|和香|寿日|数花|春香|枝香	given-name-dictionary
かずね	一子|一嶺|一祢|一禰|一音|主峰|加寿音|千音|和根|和祢|和禰|和音|夏主峰|数祢|数禰|数音|果朱音|花純音	given-name-dictionary
かちこ	かち子|カチ子|何千子|佳智子|克子|克知子|凱子|加智子|加知子|勝子|嘉智子|嘉知子|徒子|捷子|日路子|歌知子|賀千子|香智子	given-name-dictionary
きくじ	亀久治|僖久二|喜久二|喜久司|喜久次|喜久治|幾久次|幾久治|紀久二|菊二|菊司|菊嗣|菊次|菊治|規久治|規矩二|規矩治|貴久二	given-name-dictionary
けいみ	佳美|勁実|啓美|圭実|圭美|奎美|恵美|慧美|慶実|慶美|敬美|景恵|景美|桂実|桂美|渓美|蛍実|蛍美	given-name-dictionary
ことの	こと乃|古都乃|寿乃|小都乃|己登乃|木斗乃|殊乃|琴の|琴乃|琴之|琴野|紀乃|言乃|言暖|詞乃|詩乃|香十乃|香朋慶	given-name-dictionary
さいじ	哉治|宰司|宰士|宰次|宰治|宰至|彩二|彩児|彩慈|才二|才司|才次|才治|斉次|斎治|済治|菜路|財司	given-name-dictionary
さきか	咲佳|咲夏|咲希花|咲果|咲紀花|咲花|咲華|咲香|早季花|早希華|早紀華|早紀香|早花|沙季夏|沙紀香|沙葵加|紗喜花|紗貴香	given-name-dictionary
さきの	さきの|后乃|咲乃|咲喜乃|咲姫乃|咲季野|咲紀野|咲記乃|咲野|彩樹野|彩稀乃|彩紀乃|早紀乃|沙稀乃|沙貴乃|紗喜乃|紗季乃|紗季野	given-name-dictionary
さだえ	さだ枝|さだ江|サダエ|完江|定恵|定枝|定栄|定江|禎恵|禎枝|節枝|覚詠|貞恵|貞枝|貞栄|貞江|貞衛|貞衣	given-name-dictionary
さつこ	さつ子|サツコ|サツ子|佐津子|佐都子|咲津子|左津子|撒子|札子|殺子|沙月子|沙津子|沙都子|砂津子|祭津子|紗津子|颪子|颯子	given-name-dictionary
さとい	さとい|叡|怜|怜依|怜衣|慧|慧衣|敏恵|智|智伊|暁生|聖|聖衣|聡|聡惟|聡衣|里意|里衣	given-name-dictionary
さやみ	さやみ|冴未|咲也美|彩美|早也実|沙矢巳|沙綾美|沙耶未|沙耶美|清美|爽心|爽見|祐矢美|紗弥美|紗美|紗耶子|紗耶未|莢弥	given-name-dictionary
すけお	亮雄|佐夫|佐雄|佑夫|佑郎|典夫|助夫|助生|助男|助雄|祐夫|祐生|祐男|祐雄|資夫|資生|輔男|輔雄	given-name-dictionary
すわこ	すわ子|住和子|周和子|周波子|壽和子|守和子|寿和子|寿波子|寿環子|寿訪子|朱和子|珠和子|秀芳子|素和子|諏訪子|順和子|須和子|須訪子	given-name-dictionary
ぜんじ	全二|全司|全治|前治|善二|善仁|善児|善司|善志|善次|善止|善治|善爾|善自|然自|禅二|禅師|禅路	given-name-dictionary
たかの	たかの|多佳乃|天乃|孝乃|尊乃|尭乃|峻乃|崇乃|敬乃|梢乃|梢野|皐乃|空乃|貴乃|隆乃|高の|高乃|鷹乃	given-name-dictionary
たかほ	卓穂|多霞保|多香穂|孝穂|孝輔|尊歩|尚穂|崇穂|嵩穂|皐穂|空穂|貴穂|隆保|隆穂|高帆|高歩|高穂|鷹穂	given-name-dictionary
ちおり	ちおり|千央里|千折|千桜里|千緒梨|千緒里|千織|千織子|千織里|千音鈴|智央里|智緒里|智織|知桜里|知緒里|知織|知織里|稚織	given-name-dictionary
つたえ	つたえ|つた枝|ツタ江|伝|伝恵|伝栄|伝江|傳衛|拙枝|津多恵|津多枝|津多栄|津多江|津妙|蔦恵|蔦枝|蔦永|蔦江	given-name-dictionary
ななは	なな羽|七羽|七葉|七遥|和々華|奈々羽|奈々花|奈々葉|奈名葉|奈菜葉|菜々巴|菜々波|菜奈葉|菜花|菜那羽|虹羽|虹花|那奈葉	given-name-dictionary
なみよ	なみよ|七美代|並代|凡予|奈三代|奈美世|奈美代|奈美佳|波世|波代|波葉|浪代|菜三代|菜実世|菜実代|菜美代|那未世|那未代	given-name-dictionary
のぶじ	亘司|伸二|伸次|伸自|信二|信司|信次|信治|宣二|宣士|展士|延二|延司|延次|暢二|暢治|申二|農夫次	given-name-dictionary
のりや	典也|典哉|則哉|功也|徳也|憲也|憲哉|憲弥|敬哉|法也|知也|礼也|範弥|紀也|紀哉|紀矢|記也|雅也	given-name-dictionary
はなよ	はな代|ハナヨ|八七四|巴菜世|巴那世|波奈代|瑛代|花世|花代|花生|花葉|英世|英代|華世|華代|華誉|葉奈代|葉那世	given-name-dictionary
ふかし	不可止|宏|泓|洋|洸|浚|淑|深|深之|深史|深志|深思|淵|湛|濬|玄|睿|窈	given-name-dictionary
まつみ	まつみ|万摘|優三|奈津美|末美|松三|松味|松実|松己|松美|真摘|真津美|真都美|茉実|茉摘|茉美|麻摘|麻津美	given-name-dictionary
みおか	実桜花|実穂香|実緒花|実緒香|未央香|海緒花|澪佳|澪夏|澪華|澪香|真央花|美央作|美央佳|美桜花|美桜香|美生夏|美生花|美緒香	given-name-dictionary
みづえ	みづえ|みづ枝|みづ江|充津恵|実津恵|実津栄|実津江|実都愛|水枝|瑞恵|瑞枝|瑞江|瑞絵|美津恵|美津枝|美津栄|美津江|美都愛	given-name-dictionary
みなつ	みなつ|三夏|光夏|実夏|実奈津|実都|巳捺|心夏|未夏|水都|海夏|海捺|深夏|珠夏|生夏|美夏|美菜津|麻夏	given-name-dictionary
みもり	みもり|みも璃|ミモリ|三桃里|実守|実森|実萌里|心森|未森|水守|水森|海森|深森|美守|美杜|美森|美萌里|美藻里	given-name-dictionary
みんと	みんと|ミント|弥都|明兎|明扉|明桃|明歩|明都|明音|未夢戸|民斗|民都|海音|眠兎|碧音|美音|香草|香葉	given-name-dictionary
めあり	メアリ|夢亜理|明愛鈴|明有里|梅安璃|瞳彩凛|芽亜利|芽亜理|芽亜里|芽安李|芽安理|芽安里|芽有|芽有理|芽生|萌亜里|萌李|萌杏里	given-name-dictionary
もとし	元|元仕|元史|元司|元志|基|基史|基司|基嗣|基志|源史|源司|素史|素司|素志|素思|茂寿|誉士	given-name-dictionary
もとじ	元二|元伺|元司|元次|元治|元資|基二|基司|基次|基治|基路|幹二|本次|本治|素二|素慈|素治|茂渡司	given-name-dictionary
もとむ	もとむ|モトム|亘|元武|希求|干|探|欣|正|求|祈|素夢|索|要|覓|貴|需|須	given-name-dictionary
ゆりさ	ゆりさ|ゆり沙|ユリサ|佑莉彩|侑吏彩|弓璃彩|悠莉彩|悠里彩|有凜咲|有梨紗|有理沙|有里咲|柚李彩|由梨沙|由梨紗|由理紗|百合彩|結梨彩	given-name-dictionary
るみな	るみな|るみ奈|月美奈|流水奈|流魅那|琉実菜|琉美奈|琉美菜|瑠実奈|瑠美夏|瑠美奈|瑠美成|瑠魅那|留実奈|留実菜|留美奈|留美菜|輝月	given-name-dictionary
あいりん	あいりん|アイリン|愛伶|愛依林|愛倫|愛凛|愛凜|愛姫|愛林|愛玲|愛琳|愛生鈴|愛臨|愛輪|愛鈴|愛隣|朱鈴|藍琳	given-name-dictionary
あきてる	彰晃|彰輝|旭輝|明光|明晃|明照|明輝|晃照|晃輝|晶輝|暁晃|暁照|曉輝|秋輝|章照|章輝|聡顕|顕輝	given-name-dictionary
あきろう	彰朗|彰郎|明朗|明郎|昭朗|昭郎|晃朗|晃郎|晶朗|晶郎|暁郎|璋郎|秋朗|秋郎|章朗|章郎|耿郎|輝郎	given-name-dictionary
かずちか	一力|一史|一哉|一央|一慶|一睦|一親|千睦|和允|和恭|和愛|和真|和睦|和見|和親|和近|教義|数元	given-name-dictionary
かつたか	且貴|且高|克孝|克敬|克栄|克知|克貴|克隆|功卓|勝任|勝孝|勝嵩|勝敬|勝貴|勝隆|勝高|豪峰|雄孝	given-name-dictionary
くにまさ	一公|久仁昌|公正|国政|国昌|国正|圀昌|國将|訓正|訓象|邦全|邦匡|邦将|邦政|邦昌|邦正|邦真|邦雅	given-name-dictionary
けいじゅ	主壽|京樹|啓寿|啓樹|圭寿|圭樹|奎樹|恵壽|恵寿|恵樹|恵珠|慶寿|慶樹|敬寿|敬樹|景樹|桂崇|桂樹	given-name-dictionary
けいゆう	啓佑|啓右|啓祐|圭佑|圭右|圭祐|恵祐|恵裕|恵雄|慧佑|慶祐|慶裕|敬友|敬祐|敬雄|渓遊|睦祐|継佑	given-name-dictionary
すけひろ	介啓|佑弘|典弘|助博|助弘|助裕|祐博|祐啓|祐広|祐廣|祐弘|祐弥|祐泰|祐洋|脩博|裕弘|資博|輔胖	given-name-dictionary
たけひで	丈英|健秀|健英|健豪|剛秀|剛英|壮秀|壮英|威秀|岳秀|彪秀|武秀|武英|毅英|猛秀|竹秀|長秀|雄英	given-name-dictionary
ただふみ	伊史|匡史|匡文|唯史|唯文|宰史|忠史|忠文|忠郁|惟史|格史|正史|理史|直史|禎史|禎文|賢史|質文	given-name-dictionary
ただやす	公康|匡康|匡泰|唯之|唯泰|平康|忠保|忠安|忠寧|忠康|忠恭|忠泰|忠能|忠靖|忠養|敕靖|正康|維保	given-name-dictionary
としすけ	俊介|俊典|俊弼|俊資|俊輔|利亮|利介|利典|利祐|利翼|利輔|寿介|敏介|敏右|敏祐|敏資|紀典|馮介	given-name-dictionary
なおたけ	尚丈|尚兵|尚剛|尚威|尚建|尚武|有健|直丈|直健|直剛|直壮|直大|直威|直岳|直武|直毅|直竹|直長	given-name-dictionary
のぶてる	亘輝|伸光|伸映|伸晃|伸輝|信光|信照|信輝|修照|修輝|史照|宣照|宣輝|展輝|延光|恒光|昇輝|矗昶	given-name-dictionary
ひでみち	栄通|栄道|秀享|秀倫|秀導|秀径|秀法|秀誠|秀路|秀通|秀道|英倫|英理|英路|英迪|英通|英道|豪迪	given-name-dictionary
ひろおみ	博臣|啓臣|大臣|央臣|宏臣|寛臣|尋臣|広臣|廣臣|弘臣|明臣|泰臣|洋臣|浩臣|祐臣|紘臣|裕臣|鴻臣	given-name-dictionary
まさおき	仁興|元震|将興|当起|征興|成卿|政興|昌意|昌沖|昌興|昌起|正意|正興|正起|真宙|真興|雅典|雅興	given-name-dictionary
みちろう	ミチロウ|三千朗|三千郎|三治郎|三知郎|倫朗|実千郎|廸郎|理郎|美千郎|美智朗|融郎|路郎|迪郎|通朗|通郎|道朗|道郎	given-name-dictionary
よしたつ	佳辰|利達|勝龍|吉辰|善達|嘉辰|好達|好龍|義竜|義辰|義達|義龍|良竜|良辰|良龍|芳辰|芳達|芳龍	given-name-dictionary
きょうぞう	亨三|享三|享造|京三|共三|匡蔵|協三|喬三|尭三|強三|強造|恭三|恭造|教三|教造|杏三|興三|鏡三	given-name-dictionary
しょうしん	勝信|唱進|将真|彰真|昌信|昌進|正信|正真|正進|澄真|照信|章信|章真|笙川|聖真|菖真|証信|証真	given-name-dictionary
じょうすけ	丈介|丈助|丈輔|仗祐|城介|常介|常助|條亮|浄介|烝佑|穣介|穣助|穣輔|誠介|譲介|譲輔|錠助|錠輔	given-name-dictionary
ていじろう	乕次郎|亭二郎|定二郎|定次郎|定治郎|定赦|弟次郎|悌二朗|悌二郎|悌次郎|悌治郎|禎二郎|禎次郎|貞久郎|貞二郎|貞次郎|貞治郎|貞赦	given-name-dictionary
やすじろう	保二郎|保次郎|保治郎|保赦|八州次良|安二良|安二郎|安次郎|安治郎|安赦|寧次郎|康二朗|康二郎|康次郎|易二郎|泰次郎|泰治郎|靖二郎	given-name-dictionary
れいじろう	令二朗|令二郎|令次郎|伶二郎|嶺次郎|玲二郎|玲次郎|礼二郎|礼次朗|礼次郎|礼治郎|礼赦|禮二郎|禮次朗|禮次郎|禮赦|鈴次郎|黎二郎	given-name-dictionary
きゅうたろう	丘多朗|丘多郎|丘太朗|丘太郎|久多朗|久多郎|久太朗|久太郎|九太郎|宮多朗|宮多郎|宮太朗|宮太郎|弓多朗|弓多郎|弓太朗|弓太郎|求太郎	given-name-dictionary
くにいちろう	国一朗|国一郎|国壱朗|国壱郎|国市朗|国市郎|國一朗|國一郎|國壱朗|國壱郎|國市朗|國市郎|邦一朗|邦一郎|邦壱朗|邦壱郎|邦市朗|邦市郎	given-name-dictionary
りゅうのすけ	柳之介|柳之助|琉之介|竜乃介|竜之介|竜之佑|竜之助|竜之輔|隆乃介|隆之介|隆之助|隆之輔|龍ノ介|龍之丞|龍之介|龍之佑|龍之助|龍之輔	given-name-dictionary
いえ	いえ|い江|伊恵|伊江|依恵|依愛|依慧|依枝|依江|依絵|允江|惟江|衣恵|衣慧|衣枝|衣江|衣絵	given-name-dictionary
えつ	えつ|エツ|会津|恵律|恵津|恵都|悦|愛津|栄津|永津|江つ|江津|江都|絵津|絵都|越|鉞	given-name-dictionary
すえ	す江|スエ|季|寿恵|寿枝|寿栄|寿江|寿衛|末|末江|梢|素愛|須依|須得|須恵|須惠|須江	given-name-dictionary
ちお	ちお|千央|千尾|千桜|千緒|千芳|千青|地穏|智央|智桜|智緒|知央|知於|知桜|知緒|稚麻|芽於	given-name-dictionary
らぶ	らぶ|ラブ|乱歩|恋愛|愛|愛心|愛生|来歩|来舞|楽歩|楽舞|羅生|羅舞|良舞|良部|蘭舞|裸舞	given-name-dictionary
らん	らん|ラン|乱|卵|嵐|然|爛|籃|羅夢|華|藍|蘭|蘭夢|蘭子|覧|走|雷音	given-name-dictionary
りる	りる|利流|梨流|梨瑠|理瑠|理留|璃流|璃瑠|璃留|莅留|莉月|莉琉|莉瑠|里流|里琉|里瑠|麗瑠	given-name-dictionary
あさじ	あさじ|あさ路|朝久|朝二|朝地|朝次|朝治|朝路|浅久|浅慈|浅次|浅茅|浅路|麻久|麻二|麻司|麻路	given-name-dictionary
あゆは	あゆは|あゆ葉|アユハ|亜由羽|亜由葉|安由葉|安裕葉|愛唯巴|愛唯羽|愛唯葉|愛由羽|愛由葉|愛結春|愛邑葉|歩葉|阿由葉|阿裕葉	given-name-dictionary
いつほ	いつほ|いつ保|一保|一帆|一歩|一甫|一穂|乙歩|五穂|壱星|威穂|慈歩|逸保|逸帆|逸歩|逸甫|逸穂	given-name-dictionary
ういこ	うい子|ウイコ|優為子|初子|初琴|初衣子|可愛子|始子|宇依子|宇意子|有以子|有似子|有為子|有衣子|生衣子|羽生子|羽衣子	given-name-dictionary
うたえ	卯多恵|吟江|唱江|歌恵|歌枝|歌江|歌絵|詠恵|詩恵|詩慧|詩枝|詩栄|詩江|詩笑|詩絵|詩衣|頌恵	given-name-dictionary
うめこ	うめこ|うめ子|ウメ子|卯女子|卯芽子|右芽子|宇太子|宇女子|宇梅子|宇萌子|有米子|有萌子|梅子|梅香|楳子|生芽子|羽女子	given-name-dictionary
えなこ	えな子|恵名子|恵奈子|恵納子|恵菜子|恵那子|惠菜子|枝名子|枝奈子|枝菜子|江名子|江奈子|江菜子|笑和子|絵名子|絵奈子|絵菜子	given-name-dictionary
えるな	えるな|彗流那|恵月|恵瑠奈|恵留奈|恵留菜|愛月|愛来夏|慧流那|映月|映留菜|瑛月|瑛留凪|絵月|絵月奈|絵瑠奈|絵瑠菜	given-name-dictionary
かくお	嘉久男|嘉久雄|拡夫|格夫|格生|格雄|確生|穫雄|茅久生|覚夫|覚男|覚雄|角夫|角男|角雄|賀久夫|赫雄	given-name-dictionary
かるな	かるな|カルナ|佳瑠奈|佳留奈|可留奈|叶月愛|夏月|大悲|果瑠奈|海月|薙渚|賀瑠那|迦楼奈|迦楼那|香月|香留奈|香留菜	given-name-dictionary
かんし	完之|寒子|寛之|寛司|寛四|寛子|干支|干柿|幹士|幹止|柑子|翫之|観司|貫之|貫思|鑑司|閑子	given-name-dictionary
がくじ	学之|学二|学司|学志|学治|学爾|学而|学自|岳二|岳児|岳司|岳志|岳次|岳治|岳而|楽爾|覚治	given-name-dictionary
きしえ	喜志枝|喜志江|喜志絵|喜志重|季支恵|岸恵|岸枝|岸江|岸衛|希志杖|滸英|記示江|貴史枝|貴志恵|貴志枝|貴志栄|貴志江	given-name-dictionary
きぬこ	きぬこ|きぬ子|キヌコ|キヌ子|喜布子|姫妙子|季布子|希衣子|帛子|木綿子|紗子|絹子|衣子|衣都|衣香|貴奴子|錦子	given-name-dictionary
きぬよ	きぬよ|きぬ代|キヌヨ|医代|布代|絹与|絹世|絹予|絹代|絹葉|衣世|衣代|衣余|衣子|衣生|貴衣世|錦代	given-name-dictionary
さおこ	佐保子|佐応子|佐穂子|佐緒子|咲桜子|山桜子|彩央子|彩緒子|早寛子|早穂子|沙央子|沙緒子|瑳保子|真寛子|真麻子|砂丘子|紗寛子	given-name-dictionary
さだむ	サダム|制|完|定|定務|定夢|定武|格|毅|決|法|理|禎|莫|論|貞|貞武	given-name-dictionary
さちな	佐千奈|佐千那|佐知奈|佐知菜|佐知那|幸夏|幸奈|幸来|幸菜|早智奈|早知奈|祥奈|祥渚|祥菜|祥那|紗知菜|裟千那	given-name-dictionary
さちみ	さちみ|さち実|さち美|佐智美|佐知美|左千美|幸実|幸巳|幸弓|幸心|幸美|幸躬|早千水|早千美|早智美|爽知実|祥美	given-name-dictionary
さとな	仁那|利凪|恵和|敏奈|敏那|智菜|李凪|聖奈|聡名|聡奈|郷菜|都奈|里凪|里南|里奈|里菜|里那	given-name-dictionary
しづき	しづき|偲月|史月|四槻|士月|姿月|師月|志月|志津季|志築|白月|真珠月|紫月|詞月|詩月|詩月記|静月	given-name-dictionary
しゅか	しゅか|朱伽|朱佳|朱加|朱可|朱夏|朱架|朱珂|朱花|朱華|朱霞|珠伽|珠佳|珠夏|珠果|珠歌|珠花	given-name-dictionary
たけよ	タケヨ|丈世|健世|健予|健代|全代|多計代|岳世|岳代|建依|武世|武代|毅代|竹代|竹節|虎代|長代	given-name-dictionary
てつみ	テツミ|哲三|哲実|哲己|哲巳|哲微|哲美|哲臣|哲見|徹三|徹実|徹己|徹美|鉄三|鉄実|鉄巳|鉄美	given-name-dictionary
とみよ	とみ代|トミヨ|一三夜|冨予|冨代|利美代|十三四|友美代|富与|富世|富代|富美世|富美代|富誉|登美代|登見代|都己代	given-name-dictionary
なおり	なおり|七織|七音鈴|凪織|名織|名織里|夏織|多魚里|奈織|奈青理|奈音鈴|尚理|尚里|有里|治梨|直里|菜織	given-name-dictionary
なつの	なつの|なつ野|ナツノ|南都乃|夏乃|夏之|夏野|奈つ乃|奈津乃|奈都乃|捺乃|納都乃|菜津乃|菜津野|菜都乃|菜都野|那都乃	given-name-dictionary
はまこ	はま子|ハマコ|ハマ子|八末子|巴舞子|波満子|波磨子|浜子|濱子|破魔子|羽摩子|羽舞子|羽麻子|芳満子|芳真子|葉万子|葉舞子	given-name-dictionary
はるじ	張二|明司|春二|春次|春治|春爾|春蒔|春路|晴二|晴次|晴治|晴路|治二|治司|治次|波留次|美治	given-name-dictionary
ひおり	ひおり|光央理|光央里|妃緒梨|妃織|姫桜璃|姫織|日桜里|日緒理|日葵梨|燈織|百織|秀織|緋織|陽織|陽音鈴|飛織	given-name-dictionary
ひめな	妃奈|妃明菜|妃芽奈|妃那|姫凪|姫南|姫名|姫奈|姫愛|姫菜|姫雫|媛南|媛奈|媛己|日芽菜|緋芽菜|陽萌菜	given-name-dictionary
ふきえ	ふきえ|ふき栄|フキエ|二貴慧|吹栄|富喜恵|富紀枝|富規恵|富貴恵|富貴枝|富貴江|布貴江|扶規瑛|扶貴恵|文騎笑|風季江|風規栄	given-name-dictionary
ほのみ	ほのみ|保美|帆乃実|帆乃未|帆乃美|歩乃美|歩海|穂|穂乃実|穂乃美|穂実|穂巳|穂望|穂泉|穂海|穂美|萌海	given-name-dictionary
まあみ	万亜美|万空美|万編|愛美|真亜実|真亜未|真亜美|真空実|真空美|真編|茉亜美|茉空美|茉編|蒔麻心|麻亜美|麻空美|麻編	given-name-dictionary
まきほ	マキホ|万希帆|将来帆|槙歩|模畝|満希穂|牧穂|真希帆|真希穂|真木穂|真紀帆|真紀穂|真輝帆|舞希帆|茉希帆|茉貴穂|麻希帆	given-name-dictionary
まきみ	まきみ|万希美|槙実|槙美|牧実|牧美|真希実|真希美|真樹美|真甲充|真紀美|真貴美|麻季美|麻希美|麻木実|麻木美|麻樹実	given-name-dictionary
まみや	マミヤ|万未耶|愛宮|摩弥耶|真弥也|真未耶|真美也|真美雅|茉未耶|茉都|魔魅夜|麻実弥|麻実耶|麻巳矢|麻未耶|麻美弥|麻美耶	given-name-dictionary
まれい	万怜|万玲|希|希衣|摩鈴|真冷|真怜|真澪|真礼|真零|真麗|磨麗|稀衣|舞礼|舞麗|麻怜|麻麗衣	given-name-dictionary
みほり	みほり|みほ里|光保梨|実保梨|実保莉|実保里|実穂莉|実穂里|未穂梨|未穂里|美保梨|美保里|美帆浬|美歩梨|美歩里|美穂莉|美穂里	given-name-dictionary
めぐる	めぐる|一再|円|周|周琉|巡|廻|恵|愛来|愛瑠|旋|月|環|舞|萌来|輪回|還	given-name-dictionary
ももな	ももな|李奈|李梨|桃名|桃奈|桃百奈|桃菜|桃那|百々奈|百南|百奈|百茄|百菜|百萌奈|百那|萌々奈|萌々菜	given-name-dictionary
やすほ	保帆|保穂|安甫|安穂|康歩|康甫|康穂|恭保|恭畝|恭穂|恵歩|泰保|泰帆|泰歩|泰穂|温穂|育穂	given-name-dictionary
ゆずみ	ゆずみ|優澄|優純|友寿美|夕純|有寿実|有純|柚実|柚心|柚純|柚美|由子実|由子美|由寿美|由純|結澄|譲美	given-name-dictionary
りほこ	凜穂子|利保子|利帆子|利穂子|李甫子|梨帆子|梨穂子|理保子|理峰子|理穂子|璃帆子|璃歩子|莉帆子|莉穂子|里帆子|里穂子|麗保子	given-name-dictionary
りりい	凛|凛々衣|利里伊|李里依|梨々衣|梨李衣|梨里以|梨里衣|理梨維|璃梨依|璃梨衣|璃莉|莉々依|莉利衣|莉理|莉里以|莉里依	given-name-dictionary
りんご	りんご|凛檎|凛瑚|凜吾|林檎|林胡|玲果|琳呉|琳檎|琳湖|琳瑚|稟瑚|苹果|鈴子|鈴梧|鈴瑚|鈴黄	given-name-dictionary
れいし	冷史|嶺子|嶺志|怜史|怜士|怜思|犂子|玲史|玲士|礼之|礼史|礼士|礼志|茘枝|麗史|黎史|黎志	given-name-dictionary
れもん	れもん|レモン|伶紋|伶門|姫|怜門|恋文|恋桃|文|檸檬|澪紋|玲紋|玲門|礼文|鈴森|麗文|麗紋	given-name-dictionary
あきちか	亮親|彰親|彰近|明史|昭史|昭見|晶親|淳允|秋章|秋親|章允|章恒|章愛|章近|翠允|誠慎|顕比	given-name-dictionary
あきはる	亮晴|亮治|明大|明春|明晴|明治|昭春|昭晴|昭治|晃治|暁春|暁治|秋春|章晴|章治|陽開|顕治	given-name-dictionary
かずひで	一日出|一栄|一次|一秀|一穎|一英|一衡|一豪|万英|千英|和幸|和秀|和英|寿成|数秀|数英|計英	given-name-dictionary
かつすけ	一介|且典|克亮|克介|克典|克甫|克祐|克輔|勝亮|勝介|勝佑|勝典|勝助|勝右|勝祐|勝輔|捷祐	given-name-dictionary
きょうし	享史|京司|京市|京志|京紫|侠子|協史|協士|峡史|恭二|恭史|恭司|恭資|恭賜|教之|杏史|杏子	given-name-dictionary
きんぞう	公三|勤三|均三|欣三|欣造|欽三|欽造|緊三|謹三|謹左右|謹造|金三|金左右|金蔵|金造|錦三|錦蔵	given-name-dictionary
けいこう	啓興|圭宏|恵光|恵広|恵康|恵弘|恵行|慧光|慶光|慶孝|慶行|敬孝|敬香|景行|桂弘|桂虹|螢光	given-name-dictionary
すけのり	佐矩|佑敬|典徳|典謙|祐典|祐則|祐徳|祐慶|祐準|祐範|資則|資孝|資紀|資訓|輔典|輔弼|輔矩	given-name-dictionary
せいえい	成衛|政英|正栄|正瑛|正英|清栄|清永|清英|清衛|盛栄|盛永|盛英|聖英|聖裔|誠英|青纓|静栄	given-name-dictionary
たけつぐ	丈嗣|丈承|丈次|健嗣|剛継|勇倫|壮嗣|孟次|岳嗣|武嗣|武次|武継|武胤|毅次|猛継|竹継|雄健	given-name-dictionary
ただひさ	匡久|匡央|匡宣|匡寿|唯央|子久|完久|宰久|忠久|忠寿|忠尚|忠永|正久|由久|直久|禎久|禎桐	given-name-dictionary
ただみち	唯至|宰進|忠利|忠吾|忠宝|忠裕|忠迪|忠通|忠道|惟行|惟通|正倫|淳道|直道|薫道|規理|誠通	given-name-dictionary
つぐのり	世徳|二徳|嗣典|嗣則|嗣功|嗣憲|嗣教|嗣規|従徳|次則|継程|継範|継顕|緒謙|胤徳|譜憲|貢功	given-name-dictionary
てるとし	光章|明知|昭年|晃利|晃年|晃敏|晃甫|照俊|照敏|照智|皓年|輝俊|輝年|輝敏|輝星|輝智|輝歳	given-name-dictionary
てるのり	光紀|晃令|晃功|晃式|晃規|暎典|照典|照徳|照憲|輝典|輝徳|輝憲|輝智|輝法|輝範|輝紀|輝記	given-name-dictionary
なおとし	尚俊|尚利|尚和|尚寿|尚年|尚敏|尚稔|悳|直俊|直利|直功|直寿|直敏|直稔|直紀|直駿|良利	given-name-dictionary
のぶかつ	伸克|伸勝|伸和|信克|信勝|信雄|修克|允克|宣克|宣勝|将一|尚克|延克|延勝|能克|順克|順勝	given-name-dictionary
のりただ	倫忠|典忠|則忠|則旦|宣正|徳忠|憲忠|憲義|敬止|智禎|礼忠|範規|紀匡|紀忠|能正|記忠|雅理	given-name-dictionary
のりはる	乗晴|典治|則春|則治|徳春|徳治|恵治|憲春|憲晴|憲治|教晴|法治|範晴|範治|紀春|紀治|規晴	given-name-dictionary
はるみち	悠倫|悠貢|悠道|春充|春径|春道|晴康|晴路|晴通|晴道|治通|治道|治達|温通|玄道|陽通|陽道	given-name-dictionary
ひでたけ	日出武|栄武|秀健|秀剛|秀勇|秀威|秀岳|秀武|秀猛|秀竹|英丈|英剛|英善|英威|英岳|英武|豪剛	given-name-dictionary
ひろあつ	博充|博厚|博篤|央篤|宏篤|容淳|寛厚|寛豊|展淳|広篤|弘敦|弘昌|弘篤|浩厚|浩敦|浩淳|裕厚	given-name-dictionary
ひろずみ	博住|博純|啓純|大純|宏純|寛純|寛角|広住|広純|弘済|弘純|洋純|浩澄|浩純|裕澄|裕積|裕純	given-name-dictionary
ひろてる	ヒロテル|博晃|博照|博輝|啓晃|大晃|宏照|宏輝|寛晃|広光|広照|広輝|弘輝|普照|洋輝|浩光|裕照	given-name-dictionary
ふみたけ	史丈|史健|史剛|史岳|史武|史毅|扶美武|文丈|文健|文剛|文威|文岳|文建|文武|文毅|文猛|浮美竹	given-name-dictionary
みつゆき	三之|三幸|充之|充幸|充行|光之|光亨|光幸|光志|光行|実之|弥幸|恭之|満之|満幸|満行|豊行	given-name-dictionary
もりゆき	司行|壮幸|壮行|守之|守幸|守征|守行|森幸|森行|百利行|盛之|盛亨|盛幸|盛征|盛行|衛之|護幸	given-name-dictionary
ようせい	庸生|揚正|曜生|洋成|洋晴|洋正|洋生|耀生|葉生|葉静|陽世|陽成|陽斉|陽星|陽正|陽生|養正	given-name-dictionary
よしかね	佳周|吉兼|善兼|善謙|嘉兼|嘉金|好兼|慶兼|由金|義兼|義金|義鐘|良兼|良金|芳包|芳謙|芳鐘	given-name-dictionary
よしふさ	佳英|佶房|吉房|吉英|啓房|喜房|巧房|慶房|慶総|泰生|義房|義芳|義英|能房|良房|良英|芳房	given-name-dictionary
ろくろう	六久郎|六朗|六良|六郎|碌朗|禄朗|禄郎|緑朗|緑楼|緑郎|録朗|録良|録郎|陸朗|陸良|陸郎|鹿郎	given-name-dictionary
えいしょう	叡祥|栄昇|栄昌|栄昭|栄松|栄照|栄象|榮松|永昭|英勝|英升|英尚|英昭|英照|英生|英祥|英韶	given-name-dictionary
かつじろう	克二朗|克二郎|克次朗|克次郎|克赦|剋二朗|剋二郎|剋赦|勝二郎|勝次郎|勝治郎|昭朗|昭郎|活二朗|活二郎|活赦|焼麩	given-name-dictionary
かつたろう	克多朗|克多郎|克太朗|克太郎|剋多朗|剋多郎|剋太朗|剋太郎|勝太朗|勝太郎|沼刃|沼析|活多朗|活多郎|活大郎|活太朗|活太郎	given-name-dictionary
けいしゅう	啓修|啓秋|圭秀|圭舟|境秀|恵秀|恵舟|慶秀|慶秋|慶舟|敬秋|桂州|桂秋|桂舟|瓊州|継舟|馨舟	given-name-dictionary
こうしゅん	光俊|光春|功俊|宏春|幸駿|広俊|廣俊|弘峻|恒俊|恒春|晃舜|江春|洪俊|耕俊|耕春|香春|鴻春	given-name-dictionary
しゅうさく	修作|修策|収作|周作|周策|宗作|宗朔|就作|州作|秀作|秀朔|秀策|秀索|秋作|脩策|衆策|集作	given-name-dictionary
ぜんのすけ	全之丞|全之亮|全之介|全之佑|全之助|全之甫|全之祐|全之輔|善之丞|善之亮|善之介|善之佑|善之助|善之甫|善之祐|善之輔|禅之介	given-name-dictionary
たけじろう	丈二郎|健志郎|剛二郎|多計二郎|威二郎|岳二郎|岳次朗|岳次郎|武二郎|武次郎|武治郎|武赦|竹二郎|竹次郎|竹治郎|竹赦|震二朗	given-name-dictionary
いき	いき|イキ|伊岐|伊希|伊紀|依紀|壱岐|息|惟希|意喜|意希|活|生季|維喜|衣姫|衣希	given-name-dictionary
いみ	いみ|イミ|井実|井美|以美|伊実|伊美|位望|依巳|偉美|委実|由美|維実|維美|衣実|衣美	given-name-dictionary
かく	かく|佳久|加久|恪|拡|格|確|覚|覚和|角|賀久|赫|郭|革|香君|鶴	given-name-dictionary
かみ	佳己|佳美|加味|加未|加美|可美|哉実|哉美|嘉巳|嘉美|紙|華美|賀実|賀美|香実|香美	given-name-dictionary
しか	しか|シカ|志佳|志加|志嘉|志樺|志華|志賀|志香|枝加|柿花|止禍|紫花|紫香|詩化|詩夏	given-name-dictionary
とよ	とよ|トヨ|十代|外代|外夜|外輿|杜代|東洋|渡世|登世|登代|登陽|豊|豊代|都世|都代	given-name-dictionary
ねお	ねお|寧央|寧桜|寧緒|寧音|峰央|愛桜|泳碧|然央|祢緒|禰緒|音和|音央|音桜|音生|音緒	given-name-dictionary
はく	はく|伯|伯空|博|拍|柏|泊|波玖|白|白空|百|穿|羽久|舶|葉空|葉紅	given-name-dictionary
めり	めり|夢里|女里|愛里|明梨|明理|明莉|明里|瑪莉|芽李|芽梨|芽理|芽璃|芽莉|芽里|萌里	given-name-dictionary
もと	もと|モト|一|元|元子|基|幹|慕|望都|百都|素|統|茂登|茂都|萌登|資	given-name-dictionary
やや	やや|也々|八弥|八矢|埜々|夜也|夜耶|弥々|弥也|弥夜|弥弥|弥耶|椰々|矢耶|耶々|耶弥	given-name-dictionary
ゆほ	佑穂|優帆|優歩|優穂|友保|友穂|夕星|夢歩|抽帆|有歩|有穂|柚帆|由峰|由帆|由穂|遊穂	given-name-dictionary
あいね	あいね|アイネ|亜衣音|合音|和音|哀音|愛寧|愛根|愛種|愛稲|愛音|愛願|曖音|會禰|碧寧|藍音	given-name-dictionary
あとむ	アトム|与夢|亜兎夢|亜土夢|亜富|亜斗夢|亜斗武|亜杜武|亜渡夢|亜登夢|亜登武|原子|吾吐夢|吾渡夢|愛永夢|跡夢	given-name-dictionary
あまな	あまな|亜麻奈|天名|天奈|天女|天菜|天那|安麻奈|海名|海奈|海菜|海那|雨名|雨奈|雨菜|雨那	given-name-dictionary
あみさ	亜実沙|亜未紗|亜美沙|亜美砂|亜魅沙|愛美咲|愛美沙|明実咲|明未咲|明未彩|明未沙|有実紗|有美紗|阿実沙|阿美沙|青海砂	given-name-dictionary
あんじ	あんじ|あん二|アンジ|天使|安姐|安慈|安治|晏詩|杏慈|杏梓|杏樹|杏紫|杏花|杏蒔|杏詩|杏路	given-name-dictionary
いさき	いさき|一咲|五咲|伊咲|伊沙紀|依咲|功樹|勇気|愛咲|沙綺|潔希|生咲|皐姫|維咲|維沙希|衣咲	given-name-dictionary
いそお	五三夫|五三生|五三男|五三雄|五十央|五十生|五十男|五十緒|五十雄|伊蘇夫|磯夫|磯生|磯男|磯緒|磯雄|礒男	given-name-dictionary
いなほ	いな保|いな帆|いな歩|いな甫|いな穂|イナホ|伊奈帆|伊菜穂|稲保|稲帆|稲歩|稲甫|稲穂|穂|衣奈穂|衣菜穂	given-name-dictionary
いみこ	いみ子|イミ子|一三子|一実子|亥美子|以実子|以美子|伊実子|伊美子|忌子|恵美子|懿美子|維美子|衣実子|衣美子|衣見子	given-name-dictionary
えいり	えいり|依伊里|映莉|映里|栄利|瑛凛|瑛利|瑛吏|瑛理|瑛里|秀鈴|絵里|英李|英理|英里|鋭梨	given-name-dictionary
えるま	会流真|依瑠真|得万|得満|得真|得磨|得舞|得馬|恵瑠舞|栄流万|永瑠真|江流舞|江累万|笑留万|絵瑠麻|絵留麻	given-name-dictionary
おうみ	大海|央美|旺海|桜実|桜弥|桜海|桜美|櫻深|欧実|欧美|淡海|皇海|碧海|近江|青海|鴎海	given-name-dictionary
かえん	可円|可園|嘉榮|夏艶|家燕|寡愆|果苑|歌艶|花円|花園|花宴|花苑|華炎|華苑|賀縁|香媛	given-name-dictionary
かなほ	佳な帆|佳奈保|加奈穂|可南歩|可奈歩|叶帆|夏南帆|夏奈帆|奏保|奏帆|奏歩|奏穂|花那星|銀星|香南穂|香菜穂	given-name-dictionary
かのえ	かのえ|かの恵|かの江|佳乃恵|佳乃江|佳乃絵|叶|叶栄|和|庚|歌の榮|甲恵|花乃重|華之枝|香乃恵|香如恵	given-name-dictionary
かゆき	佳千|佳弓妃|佳有記|佳雪|加幸|加由希|花千|花雪|華千|華幸|華雪|香友紀|香幸|香由希|香由紀|香雪	given-name-dictionary
かより	かより|佳世里|佳和|佳由|佳順|加代里|賀代里|賀由|香代利|香代里|香余理|香依|香和|香寄|香頼|香麗	given-name-dictionary
かんや	乾也|侃也|冠也|勘也|勘哉|勘弥|完也|完哉|寒弥|寛也|干也|幹也|幹弥|敢也|莞也|貫也	given-name-dictionary
くすお	久壽男|久寿夫|久寿男|久寿雄|九州児|九州夫|九州男|九州雄|奇男|楠生|楠男|楠緒|楠郎|楠雄|樟夫|樟雄	given-name-dictionary
さくえ	さくえ|さく枝|サクエ|サク江|佐久恵|佐久枝|佐久江|作恵|作枝|作江|作衛|咲恵|咲江|咲笑|朔衛|沙玖絵	given-name-dictionary
さだみ	さだみ|定|定己|定巳|定海|定美|定見|定視|禎実|禎己|禎美|貞任|貞実|貞巳|貞生|貞美	given-name-dictionary
さよか	さよか|佐与加|小代香|小夜歌|小夜花|小夜香|小馨|彩与花|早代加|早容果|沙代加|沙代香|沙夜香|沙遥加|紗代香|賛代加	given-name-dictionary
しえな	しえな|しえ奈|信衣奈|史恵奈|史絵奈|史衣菜|志えな|志恵奈|思絵南|汐江南|紫絵奈|詩恵奈|詩恵那|詩愛|詩絵奈|詩絵菜	given-name-dictionary
しげの	しげの|シゲノ|志げの|志げ乃|志恵乃|慈乃|成乃|枝玄乃|滋乃|滋野|繁乃|繁野|茂乃|草乃|薫野|重乃	given-name-dictionary
しせい	只誠|史成|史生|四星|士栖|子誠|志成|志星|志清|支星|柴盛|紫星|紫生|至成|至誠|芝青	given-name-dictionary
すえみ	スエミ|季美|寿恵美|寿美|寿重美|末実|末恵実|末恵美|末美|末見|淑美|澄恵|澄恵実|澄恵美|澄枝実|須悦美	given-name-dictionary
すぐり	すぐり|優|優吏|優李|優璃|優莉|優里|優鈴|克|勝|勝利|直利|直梨|直理|選理|須繰	given-name-dictionary
すずよ	すずよ|すず代|壽々代|寿々世|寿々代|寿鶴世|州珠代|涼世|涼代|清夜|紗代|鈴与|鈴世|鈴予|鈴代|鈴生	given-name-dictionary
せいた	世太|勢太|征太|成太|星太|晴太|正太|清多|清太|生大|生太|盛太|精太|聖太|誠大|誠太	given-name-dictionary
せいま	世磨|勢馬|成摩|星磨|星舞|星馬|晴真|清馬|盛真|聖直|聖真|聖馬|誠真|誠馬|静馬|静麻	given-name-dictionary
せつみ	せつみ|せつ美|セツミ|世津実|世津美|勢津美|摂津美|摂美|晴摘|節実|節美|説実|説美|雪弥|雪水|雪美	given-name-dictionary
せんな	せんな|センナ|仙奈|千凪|千奈|扇奈|扇菜|撰奈|染奈|染那|泉奈|泉菜|茜奈|茜捺|茜水|茜菜	given-name-dictionary
たつる	たつる|タツル|健|多津鶴|多都留|多鶴|建|植|樹|汰都留|汰鶴|立|辰|達|達流|龍	given-name-dictionary
ちかさ	千佳早|千嘉沙|千流|千花咲|千賀紗|史沙|愛沙|慈爽|慈紗|智佳沙|智香沙|知賀佐|知香沙|知香紗|親佐|親沙	given-name-dictionary
ちとみ	千富|千年美|千斗実|千斗美|千登三|千登実|千登美|智富実|智富美|智登実|智登美|智都美|知富|知富美|知登美|知都美	given-name-dictionary
ともり	具凛|友梨|友里|外守|智理|智里|朋凛|朋梨|朋理|朋莉|朋里|灯|灯萌里|灯里|登守|知里	given-name-dictionary
どれみ	どれみ|どれ実|どれ美|ドレミ|一二三|十玲三|土玲実|土玲美|土麗実|土麗美|登礼美|瞳憐美|瞳澪実|瞳澪美|瞳麗美|音美	given-name-dictionary
なおじ	南雄治|尚史|尚司|尚士|尚次|尚治|猶司|直二|直児|直司|直嗣|直次|直治|直知|直路|真司	given-name-dictionary
ななよ	なな代|ナナヨ|七与|七予|七代|七夜|七奈代|南奈世|奈々世|奈々代|奈奈世|菜名代|菜奈世|菜奈代|菜採世|那奈代	given-name-dictionary
ねおん	ネオン|光音|宇音|寧恩|寧音|弥音|心暖|明音|羽音|音|音々|音温|音穏|音遠|音音|願音	given-name-dictionary
はかる	参|図|平|度|恕|揆|斗|権|機|法|究|策|計|議|量|靖	given-name-dictionary
はなの	はなの|ハナ乃|巴菜乃|彩乃|桜乃|波渚音|羽奈乃|花乃|花奈乃|花能|花野|英乃|英那乃|華乃|華野|葉奈乃	given-name-dictionary
はやし	咸|夙|捷|敏|早史|早士|早志|林|羽矢志|迅史|迅幟|速|速士|逸|隼|駿	given-name-dictionary
はるね	悠寧|明夢|春寧|春嶺|春根|春音|晏寧|晴寧|晴音|桜音|治音|温音|美音|花音|遥音|陽音	given-name-dictionary
ひいな	ひいな|ひい奈|ひい菜|一夏|妃衣菜|日衣菜|日郁奈|比以奈|秀奈|緋奈|英菜|陽依奈|陽衣奈|陽衣菜|雛|雛菜	given-name-dictionary
まなつ	まなつ|万夏|万奈津|学鶴|愛夏|愛都|眞夏|眞都|真夏|真菜津|真那月|純夏|舞夏|茉夏|麻夏|麻奈都	given-name-dictionary
みほな	みほな|光帆奈|実保菜|実帆奈|実穂奈|心穂菜|未歩那|海帆奈|美保奈|美保菜|美帆奈|美帆那|美歩奈|美歩菜|美歩那|美穂奈	given-name-dictionary
みもざ	みもざ|ミモザ|実母沙|実母紗|実茂沙|実茂紗|実萌沙|実萌砂|未萌沙|美母沙|美母紗|美茂沙|美茂紗|美萌咲|美萌沙|美萌草	given-name-dictionary
みやか	京夏|京花|実也花|宮加|宮花|宮香|美也香|美夜加|美弥香|美矢香|都佳|都花|都雅|都香|雅|雅香	given-name-dictionary
みりか	みりか|実里花|実里香|弥里香|未莉佳|未莉華|海璃花|美利香|美李花|美梨香|美理佳|美里佳|美里花|美里香|見里佳|魅里香	given-name-dictionary
めるも	めるも|優母|夢ル桃|夢萌|恵留萌|愛桃|愛瑠萌|愛萌|明瑠桃|海留萌|芽屡模|芽琉藻|芽瑠萌|芽留萌|芽萌|萌瑠夢	given-name-dictionary
やすの	や寿の|ヤスノ|ヤス野|保乃|保野|哉朱乃|安乃|安野|寧乃|康乃|恭野|泰乃|泰野|穏乃|靖乃|順乃	given-name-dictionary
ゆきと	之登|之都|勇貴斗|幸人|幸斗|幸登|往人|悠紀斗|由基人|由紀人|行人|行登|雪人|雪兎|雪斗|雪都	given-name-dictionary
りんね	りんね|リンネ|倫音|凛子|凛音|凜寧|凜音|林音|梨音|琳寧|琳音|輪廻|輪音|鈴寝|鈴寧|鈴音	given-name-dictionary
るりえ	るりえ|るり恵|るり江|るり英|流理恵|流里絵|琉莉瑛|瑠理恵|瑠璃恵|瑠璃江|瑠璃絵|瑠莉恵|留利江|留梨衣|留理恵|留理絵	given-name-dictionary
あいしゃ	あいしゃ|アイシャ|亜依沙|亜衣沙|愛以星|愛星|愛沙|愛沙子|愛紗|愛衣紗|愛詩弥|愛謝|愛釈|碧紗|藍沙|藍紗	given-name-dictionary
あつたか	厚隆|敦孝|敦誉|敦貴|敦隆|敬孝|淳孝|淳尚|淳尭|淳誉|淳隆|渥孝|篤孝|篤敬|豊貴|貴隆	given-name-dictionary
ありひろ	在寛|在浩|存弘|存理|有博|有央|有宏|有尋|有広|有弘|有泰|有洋|有浩|有玄|有礼|有紘	given-name-dictionary
いくひろ	幾大|征宏|生広|生洋|育大|育宏|育寛|育広|育弘|育洋|行宏|郁博|郁大|郁宏|郁広|郁洋	given-name-dictionary
いくろう	伊久郎|伊九良|幾朗|幾郎|征朗|活郎|生朗|生郎|粥朗|粥郎|育朗|育郎|行朗|行郎|郁朗|郁郎	given-name-dictionary
きしろう	喜四郎|喜志郎|基始良|季四郎|希四郎|棋四郎|樹芝朗|甲子郎|紀四郎|記史郎|貴四郎|貴士郎|貴志郎|起之郎|輝志郎|騎士郎	given-name-dictionary
くにはる	一明|国張|国春|国晴|国治|國張|國春|國治|晋玄|訓春|邦張|邦春|邦晴|邦永|邦治|邦陽	given-name-dictionary
じゅりな	じゅりな|儒里奈|寿璃菜|寿里奈|朱利奈|朱吏菜|朱里奈|樹梨名|樹梨菜|樹里奈|樹里菜|珠理奈|珠理那|珠璃奈|珠里奈|珠里那	given-name-dictionary
じゅんき	惇基|淳基|淳希|準貴|準輝|潤基|純姫|純己|純希|純樹|純輝|隼基|隼生|順基|順姫|順貴	given-name-dictionary
すみよし	住嘉|住美|住義|寿義|澄佳|澄悦|澄義|澄能|純可|純善|純嘉|純尚|純美|純義|純良|純芳	given-name-dictionary
せいさく	勢策|成作|政作|晴朔|晴策|正朔|正策|清作|清策|盛作|省策|精作|誓作|誠作|青咲|静策	given-name-dictionary
せいどう	勢堂|成道|星洞|晴道|栖堂|正堂|正道|清堂|清道|盛道|聖道|菁道|誠道|青童|青銅|静堂	given-name-dictionary
たいこう	大光|大剛|大洸|大耕|大耿|大航|太煌|対宕|悌宏|泰亨|泰光|泰宏|泰広|泰浩|泰鴻|玳	given-name-dictionary
ただたか	唯尊|唯貴|孔享|孝岳|忠孝|忠崇|忠揚|忠敬|忠毅|忠貴|忠軒|忠隆|惟孝|正卓|正貴|理学	given-name-dictionary
つぐひろ	亞弘|充宏|受弘|嗣博|嗣大|嗣弘|嗣洋|嗣浩|次博|次啓|次弘|紹大|継弘|継洋|諭完|貢大	given-name-dictionary
つねたか	典隆|常喬|常孝|常尚|常能|常貴|常隆|庸孝|庸隆|恒喬|恒孝|恒敬|恒貴|恒隆|経尭|経貴	given-name-dictionary
つねやす	常保|常安|常康|常恭|常泰|常靖|庸安|庸恭|庸泰|庸能|恒保|恒康|恒易|恒泰|経康|経恭	given-name-dictionary
としよし	俊吉|俊彦|俊美|俊義|俊賢|利和|利宜|利義|利良|利芳|寿宜|年良|敏允|敏美|敏義|睿俶	given-name-dictionary
とみひろ	冨弘|富博|富啓|富宏|富広|富廣|富弘|富洋|富浩|富裕|智博|臣博|臣啓|臣宏|臣広|臣弘	given-name-dictionary
ともかつ	公克|友克|友剋|友勝|奉勝|智克|智剋|智勝|朋克|朋剋|朋勝|朝亮|知克|知功|知勝|誠勝	given-name-dictionary
なおふみ	修史|修文|尚典|尚史|尚文|尚褧|巨史|有史|直典|直史|直央|直文|直践|真史|肖史|通史	given-name-dictionary
なおやす	仍康|君泰|尚保|尚容|尚康|尚恭|尚泰|尚靖|直保|直安|直康|直恭|直泰|直靖|真保|真康	given-name-dictionary
ひさかず	久一|久勝|久和|久唄|久数|亀一|央一|央和|央多|寿一|寿和|寿量|尚一|尚和|永和|長和	given-name-dictionary
ひさみつ	久三|久充|久光|久満|央充|央光|寿充|寿光|寿晃|寿満|尚光|恒光|恭充|昶光|永充|永光	given-name-dictionary
ひろおき	博典|博興|大宙|大興|宏興|宏起|寛興|寛起|尋沖|広宙|広興|広隆|廣居|洋宙|洋興|浩洋	given-name-dictionary
ひろなが	博永|博長|啓永|大永|宏長|寛永|寛長|弘永|悠良|洋大|洋永|浩修|浩永|浩詠|紘永|裕長	given-name-dictionary
みちとし	三千年|三千稔|充利|光千年|導俊|迪敏|通俊|通利|通敏|通智|通稔|道俊|道利|道寿|道敏|道智	given-name-dictionary
みちまさ	倫正|充真|充祐|教全|玄正|理昌|真正|通昌|通正|通真|通雅|道允|道昌|道正|道芳|道雅	given-name-dictionary
みつたか	三剛|允孝|充剛|充孝|充崇|充隆|光孝|光尊|光敬|光貴|光隆|光高|満孝|満学|満尭|満隆	given-name-dictionary
もりよし	守善|守喜|守慶|守敬|守明|守由|守美|守義|守良|森良|盛吉|盛善|盛好|盛美|盛芳|護美	given-name-dictionary
やすしげ	保成|保茂|保重|安成|安繁|安茂|安重|康成|康穣|康繁|康重|恭茂|泰成|泰繁|泰茂|靖茂	given-name-dictionary
ゆうきち	佑吉|優吉|勇吉|又吉|友吉|有吉|楢吉|猶吉|由吉|祐吉|融吉|裕佶|裕吉|遊吉|酉吉|雄吉	given-name-dictionary
ゆうほう	佑芳|友鳳|夕峰|幽峰|幽芳|悠峰|有砲|祐亨|祐芳|祐邦|祐鳳|遊方|邑鵬|雄峯|雄峰|雄邦	given-name-dictionary
ゆきやす	之康|之恭|幸保|幸安|幸康|幸恭|幸泰|幸靖|征靖|行保|行安|行康|行恭|行泰|順康|須康	given-name-dictionary
よしあつ	可淳|善厚|嘉篤|慶篤|温厚|美淳|美篤|義厚|義敦|義淳|義温|義篤|良敦|良淳|良温|芳篤	given-name-dictionary
りょうき	両基|了樹|亮樹|亮毅|凌輝|崚貴|良喜|良樹|良毅|良紀|良規|良記|良輝|諒輝|量輝|龍起	given-name-dictionary
れいいち	令一|令以知|伶一|励一|嶺一|怜一|玲一|礼一|礼壱|礼壹|禮一|鈴一|零一|麗一|麗市|黎一	given-name-dictionary
かめじろう	亀久朗|亀久郎|亀二朗|亀二郎|亀司朗|亀司郎|亀次郎|亀治郎|亀赦|瓶久朗|瓶久郎|瓶二朗|瓶二郎|瓶司朗|瓶司郎|瓶赦	given-name-dictionary
さいちろう	佐一朗|佐一郎|佐市郎|作一朗|作一郎|嵯一郎|左一朗|左一郎|早一朗|早一郎|沙一朗|沙一郎|砂一朗|砂一郎|紗一朗|紗一郎	given-name-dictionary
しげたろう	市ケ太郎|成太郎|滋太郎|繁多朗|繁多郎|繁太朗|繁太郎|茂多呂|茂多朗|茂多郎|茂太朗|茂太郎|重多朗|重多郎|重太朗|重太郎	given-name-dictionary
てつのすけ	哲之介|哲之助|哲之祐|哲之輔|天都之助|徹之介|徹之助|徹之輔|鉄之介|鉄之助|鉄之祐|鉄之輔|銕之助|鐡之助|鐡之祐|鐵之助	given-name-dictionary
まさのすけ	政之介|政之助|政之輔|昌之介|昌之助|正之亮|正之介|正之佑|正之助|正之輔|真之輔|聖之助|誠之輔|雅之介|雅之助|雅之輔	given-name-dictionary
ゆうしろう	佑四郎|佑志郎|優四郎|勇四郎|勇士郎|勇志郎|有史郎|由氏良|祐之郎|祐史郎|祐四郎|祐志郎|裕志朗|郁四郎|雄史郎|雄四郎	given-name-dictionary
りゅうぞう	柳三|柳蔵|留三|立三|竜三|竜蔵|竜象|竜造|鉚三|隆三|隆蔵|隆造|龍三|龍蔵|龍象|龍造	given-name-dictionary
しんざぶろう	伸三郎|信三郎|慎三郎|新三郎|晋三郎|深三郎|申三郎|眞三郎|真三郎|秦三郎|紳三郎|親三郎|進三朗|進三郎|鎮三郎|震三郎	given-name-dictionary
りゅうじろう	柳二郎|柳次郎|柳治郎|立二郎|竜二郎|竜司郎|竜志郎|竜次郎|隆二朗|隆二郎|隆次郎|隆治郎|龍二郎|龍次郎|龍治朗|龍赦	given-name-dictionary
いち	いち|イチ|一|一智|以智|以知|伊知|依稚|偉千|壱|市|弌|稚智|衣稚|逸	given-name-dictionary
かゆ	佳侑|佳由|可侑|可有|和優|夏夕|果優|翔優|華由|香佑|香優|香友|香有|香柚|香水	given-name-dictionary
きん	きん|キン|公|勤|均|槿|欣|欽|琴|芹|菫|謹|金|鈞|錦	given-name-dictionary
げん	げん|元|原|厳|巌|幻|弦|彦|愿|源|玄|現|絃|言|陳	given-name-dictionary
なさ	なさ|七彩|南沙|南砂|奈咲|奈彩|奈沙|奈砂|奈紗|菜咲|菜沙|菜瑳|菜紗|那咲|那紗	given-name-dictionary
のい	乃依|乃唯|乃彩|乃惟|乃懿|乃水|乃泉|乃維|乃萎|乃衣|暖依|紀生|野依|野意|野衣	given-name-dictionary
るあ	るあ|月彩|月愛|琉愛|琉明|琉杏|瑠亜|瑠亞|瑠愛|瑠蒼|瑠藍|留亜|蕗愛|輝愛|龍玲	given-name-dictionary
あいる	あいる|哀琉|愛入|愛屡|愛流|愛琉|愛瑠|愛璃|愛留|愛蕗|愛衣瑠|碧流|藍琉|藍瑠|阿惟瑠	given-name-dictionary
あおか	碧夏|碧歌|碧海|碧花|碧香|葵唄|葵花|葵香|蒼佳|蒼花|蒼香|藍果|藍花|藍華|青霞	given-name-dictionary
あつの	あつ乃|アツノ|京乃|充乃|厚乃|厚野|惇乃|敦乃|斡乃|淳乃|淳野|渥野|温乃|篤乃|篤野	given-name-dictionary
あづき	あづき|亜月|亜築|安月|実生|小雪|彩月|愛月|愛月希|愛都希|明月|杏月|秋月|茜月|阿月	given-name-dictionary
あてな	あてな|アテナ|亜典奈|亜天奈|亜手那|亜照奈|亜貞奈|女神|安天奈|宛奈|愛天奈|貴奈|貴菜|貴那|雅典	given-name-dictionary
いりこ	いり子|イリコ|イリ子|五十子|五輪子|以利子|伊利子|伊里子|依里子|入子|炒り子|熬り子|生理子|維里子|衣里子	given-name-dictionary
うたか	うたか|卯隆|唱佳|唱花|唱華|歌佳|歌花|歌香|詞香|詩佳|詩可|詩歌|詩花|詩華|詩香	given-name-dictionary
えみほ	恵実穂|恵巳穂|恵美帆|恵美穂|江水穂|笑保|笑実保|笑実穂|笑帆|笑歩|笑穂|笑美保|笑美穂|笑頬|絵美歩	given-name-dictionary
えんじ	円二|円次|円治|円滋|延児|延次|延治|演二|演治|燕士|燕爾|燕路|艶司|苑路|遠志	given-name-dictionary
おきな	おきな|おき奈|央生南|奥奈|奥菜|沖奈|沖茄|沖菜|緒希菜|緒樹奈|緒貴菜|翁|翁奈|翁那|興奈	given-name-dictionary
おりか	オリカ|桜凛花|桜立香|緒里香|織佳|織加|織可|織夏|織歌|織花|織華|織雅|織香|織鹿|音凛香	given-name-dictionary
かえみ	佳恵美|佳栄美|佳江美|加恵美|加絵実|加重実|加重美|嘉恵美|嘉笑|翔笑|華恵美|賀恵実|賀恵美|香恵美|香笑	given-name-dictionary
かずい	かずい|一位|一意|一愛|一生|三亥|主計|和以|和依|和偉|和惟|和生|和衣|嘉瑞|果瑞	given-name-dictionary
かたし	介|剛|嘉他志|固|固志|堅|堅司|堅志|堅詞|彊|彼多志|硬|確|立|艮	given-name-dictionary
かなる	かなる|叶成|夏南留|夏鳴|奏流|奏瑠|奏羽|歌奈瑠|翔奈留|翔生|霞哉|香匠|香南瑠|香奈瑠|香奈留	given-name-dictionary
かほる	かほる|カホル|佳保留|佳穂留|加保守|加保瑠|加保留|加穂瑠|加穂留|嘉保瑠|花保留|薫|香|香保留|香穂留	given-name-dictionary
かゆり	かゆり|佳有里|佳百合|佳祐里|加友里|加有里|嘉由利|賀由里|香友梨|香友理|香有里|香由梨|香由里|香百合|香裕里	given-name-dictionary
かれい	佳伶|佳玲|佳鈴|佳麗|可怜|嘉玲|嘉麗|夏令|家伶|果怜|花鈴|花麗|華澪|華麗|香澪	given-name-dictionary
きかこ	喜加子|季夏子|季華子|希加子|希花子|希華子|暉香子|気可子|紀佳子|綺佳子|葵花子|貴果子|貴科子|貴香子|輝嘉子	given-name-dictionary
きより	きより|喜代里|希依|希和|希陽莉|清凛|清梨|清理|清里|澄里|紀依|聖理|聖鈴|規代理|陽理	given-name-dictionary
くすみ	くすみ|久寿美|久澄|久須実|久須美|楠実|楠己|楠美|樟美|玖寿実|玖寿美|玖珠実|玖珠美|空澄|空純	given-name-dictionary
くんじ	勲二|勲司|勲治|勲爾|薫二|薫児|薫司|薫治|薫臣|訓司|訓士|訓字|訓志|訓次|訓治	given-name-dictionary
さいり	宰里|幸里|彩李|彩理|彩里|沙莉|沙衣梨|沙衣理|祭李|祭梨|祭里|紗衣里|菜李|菜理|采里	given-name-dictionary
さきみ	咲実|咲未|咲水|咲美|咲貴魅|咲身|埼実|埼美|彩葵海|早季実|早季美|早美|沙希美|沙紀実|沙紀美	given-name-dictionary
しおな	例汐奈|信恩奈|史折奈|史織菜|志央奈|思桜菜|栞央奈|栞萌|汐夏|汐奈|汐那|潮南|糸央奈|紫央奈|詩央菜	given-name-dictionary
しずの	しずの|シズノ|志津乃|志瑞乃|滋寿乃|真珠乃|紫月希|鎭乃|閑乃|靖乃|靖代|静乃|静薫|静野|靜乃	given-name-dictionary
しもん	シモン|偲文|史門|司紋|士文|士紋|士門|心門|志門|思聞|施門|紫紋|紫門|芝紋|詩紋	given-name-dictionary
すいこ	すいこ|すい子|スイ子|吹子|帥子|彗子|推古|推子|瑞子|穂子|粋子|翠壷|翠子|翠湖|透子	given-name-dictionary
せれん	世恋|世蓮|成恋|星怜|星恋|星恋音|星蓮|星連|星鈴音|晴恋|瀬蓮|聖怜|聖恋|聖蓮|雪恋	given-name-dictionary
せんか	仙果|仙花|仙華|千叶|千架|千花|千賀|扇歌|扇華|扇香|旋花|泉下|泉華|茜花|茜香	given-name-dictionary
たばさ	たばさ|タバサ|タバ咲|多波砂|多羽紗|多芭沙|多葉沙|多葉紗|束咲|束彩|束沙|束砂|束紗|橘葉沙|珠巴咲	given-name-dictionary
たまか	圭郁|圭香|玉花|玉香|珠伽|珠佳|珠加|珠千|珠夏|珠楓|珠華|珠香|球花|碧夏|碧花	given-name-dictionary
ちかの	ちかの|允乃|千佳乃|千和乃|千夏乃|千花乃|千花野|千華乃|千賀乃|千香乃|庶乃|愛乃|睦乃|知佳乃|誓乃	given-name-dictionary
ちさみ	ちさ実|ちさ美|千三美|千佐実|千佐美|千彩美|千採美|千紗美|智さ実|智さ美|智佐実|智佐巳|智佐美|知佐美|知沙美	given-name-dictionary
ちさよ	千佐世|千佐代|千佐昌|千咲代|千左代|千沙世|千沙代|千紗代|地才代|智佐代|智沙代|知佐代|知沙代|知紗世|稚紗代	given-name-dictionary
ちふゆ	ちふ優|千冬|千布祐|千扶由|千風優|千風友|千風悠|千風誘|千風遊|智冬|智芙優|智風唯|知冬|茅風夕|詩芙由	given-name-dictionary
ときわ	ときわ|とき和|トキワ|伽和|冬月和|常環|常盤|常磐|時和|時羽|暁和|永遠|登希和|迅輪|青葉	given-name-dictionary
ともの	ともの|とも乃|共乃|冬萌野|友乃|友望|友野|智乃|智野|朋乃|朝乃|桃茂乃|灯暖|燈熨|知乃	given-name-dictionary
なちこ	なちこ|なち子|ナチ子|南智子|南池子|名知子|奈千子|奈智子|奈知子|奈稚子|菜智子|菜知子|那智子|那直子|那知子	given-name-dictionary
なみほ	並穂|凡帆|凡穂|南歩|南穂|多実帆|奈三穂|奈実帆|奈美保|奈美歩|奈美穂|波帆|波歩|波穂|浪穂	given-name-dictionary
なゆこ	七夕子|名佑子|名優子|奈佑子|奈優子|奈夕子|奈弓子|奈有子|奈由子|奈祐子|奈結子|奈裕子|菜侑子|菜由子|那由子	given-name-dictionary
なりみ	なりみ|也実|也海|也美|勢美|奈梨美|奈里美|就実|就美|惟美|成実|成美|有美|生弥|響美	given-name-dictionary
にじか	にじか|にじ香|七彩夏|七虹果|虹加|虹叶|虹描|虹果|虹架|虹歌|虹翔|虹花|虹華|虹風|虹香	given-name-dictionary
はあと	はあと|心|心人|心都|心音|愛|白亜透|羽亜人|羽亜桃|羽愛徒|羽音|花亞心|葉亜都|葉都|葉音	given-name-dictionary
はやこ	ハヤコ|ハヤ子|巴冶子|快子|敏子|早子|玻矢子|羽矢子|芳也子|芳弥子|華也子|華冶子|躍子|迅子|速子	given-name-dictionary
ふわり	ふわり|宙舞|宙飛|歩環里|浮里|羽凛|羽梨|舞|芙和里|風|風凛|風和李|風和璃|風和里|風浮	given-name-dictionary
まちよ	まち代|万千世|万千代|万知代|待代|満智代|町代|眞値代|眞知代|真千代|真智代|真知世|真知代|街代|麻知代	given-name-dictionary
まつよ	まつよ|まつ代|マツヨ|万津代|待代|末代|松世|松代|松好|眞都代|真津代|真津子|茉世|茉津代|須世	given-name-dictionary
まふみ	まふみ|万史|万文|真史|真布美|真文|真郁|舞美|舞風実|舞風美|茉史|茉文|雅果見|麻史|麻文	given-name-dictionary
まゆの	まゆの|万幸暖|万由乃|眉乃|真友乃|真柚乃|真由乃|真由野|真結乃|繭乃|繭野|舞悠乃|茉由乃|茉結乃|麻優乃	given-name-dictionary
まりね	まりね|マリネ|万里子|万里音|摩里子|毬音|海音|真珠音|真理音|真鈴音|聖音|茉莉音|鞠音|麻梨音|麻理音	given-name-dictionary
みかげ	みかげ|三影|三日月|三景|実佳夏|実影|実景|御影|御景|水景|海影|美光|美影|美景|魅影	given-name-dictionary
みかさ	みかさ|三笠|初紗|実加佐|実果紗|弥香沙|心重|明香沙|明香紗|美佳沙|美加佐|美歌紗|美笠|美華紗|美香沙	given-name-dictionary
みずな	みずな|水奈|水菜|水魚|泉奈|泉菜|海砂|瑞凪|瑞名|瑞和|瑞奈|瑞菜|瑞那|瑞鳴|美子成	given-name-dictionary
むつこ	むつ子|む津子|ムツコ|ムツ子|六子|六津子|六都子|務津子|夢月子|夢津子|武都子|睦子|睦美|陸奥子|陸子	given-name-dictionary
もえぎ	もえぎ|萌|萌姫|萌季|萌宜|萌希|萌木|萌樹|萌生|萌祈|萌紀|萌綺|萌葱|萌黄|萠	given-name-dictionary
ももよ	ももよ|もも代|モモヨ|兆世|栢々夜|桃与|桃世|桃代|百々代|百世|百代|百合代|百夜|百葉|茂々代	given-name-dictionary
やすと	保人|安人|安仁|康人|康翔|恭人|泰人|泰仁|泰斗|甦人|誉人|逸人|靖人|靖仁|靖登	given-name-dictionary
やちえ	八千恵|八千惠|八千枝|八千江|八千絵|八千重|八智枝|八知栄|八知江|弥千恵|弥千枝|弥千江|弥千絵|弥智恵|弥智絵	given-name-dictionary
やちよ	やちよ|やち代|ヤチヨ|也千代|八代|八千世|八千代|八智代|八知代|弥千世|弥千代|弥智代|矢千代|矢智代|矢知代	given-name-dictionary
ゆうは	侑葉|優巴|優波|優羽|優葉|夕波|夕羽|夕葉|有映|木綿葉|湧波|由波|由葉|遊波|雪有羽	given-name-dictionary
よねこ	よね子|よ祢子|よ禰子|ヨネ子|与寧子|与年子|世弥子|世音子|代根子|代称子|代米子|米古|米子|米湖|誉音子	given-name-dictionary
よりみ	よりみ|世理美|依実|依巳|依未|依美|因美|幹美|従実|自実|順巳|順美|頼実|頼巳|頼美	given-name-dictionary
らいな	來奈|来南|来夏|来奈|来菜|来那|礼奈|礼那|羅唯那|羅衣菜|良衣菜|莱衣七|雷鳴|頼奈|頼那	given-name-dictionary
りかな	りかな|李叶|梨可奈|梨奏|梨花奈|涼奏|璃哉|璃奏|立夏菜|莉叶|莉奏|莉歌奈|里佳菜|里奏|里愛	given-name-dictionary
あきしげ	安樹繁|彰成|彰繁|彰重|成臣|明成|明繁|明重|昭成|昭重|璋重|祥枝|秋成|聡重|顕重	given-name-dictionary
かんすけ	勘介|勘助|勘輔|完介|完輔|寛介|寛助|幹介|幹右|敢介|敢右|管助|観介|貫介|貫佑	given-name-dictionary
きみとし	仁俊|仁哉|侯年|公俊|公利|公壽|公寿|公敏|公甫|公稔|公紀|公聡|君俊|王俊|規美敏	given-name-dictionary
きよゆき	喜代幸|淳之|清之|清幸|清廉|清志|清敬|清文|清行|潔亨|潔行|聖之|聖征|聖行|聖雪	given-name-dictionary
けいさく	啓作|圭作|圭策|奎作|恵作|慧作|慶作|慶策|敬作|敬策|景作|桂作|畦作|経作|馨作	given-name-dictionary
けんろう	乾朗|健朗|健郎|建朗|建郎|憲朗|憲郎|研朗|研郎|虔郎|覧郎|謙郎|賢朗|賢郎|顕郎	given-name-dictionary
しょうみ	升実|升美|尚見|庄巳|庄未|慧美|憧美|昇己|昌美|渉未|祥水|祥美|笑美|紹未|翔美	given-name-dictionary
じゅんご	惇吾|旬吾|淳五|淳伍|淳吾|淳悟|潤吾|潤悟|純吾|醇悟|隼伍|隼吾|順五|順吾|順悟	given-name-dictionary
すけゆき	佑之|佑行|典行|助之|助幸|助行|右門|昌行|相如|祐之|祐亨|祐幸|祐行|裕之|資之	given-name-dictionary
すみあき	住秋|寿明|寿昭|澄信|澄明|澄映|澄秋|純文|純明|純昭|純朗|純照|純知|純章|統秋	given-name-dictionary
せいきち	世吉|勢吉|成吉|政吉|晴吉|正吉|清吉|生吉|盛吉|精吉|誠吉|誠桔|誠輝知|青吉|静吉	given-name-dictionary
せいしん	制心|性辰|成信|正信|正真|正進|清信|盛伸|盛信|盛慎|精神|聖晋|誓信|誠信|静心	given-name-dictionary
せいろう	勢郎|惺朗|成郎|整郎|星浪|晴朗|正郎|清朗|清郎|精郎|誠郎|青朗|青浪|青郎|静浪	given-name-dictionary
そうきち	倉吉|創吉|創己知|壮吉|宋吉|宗吉|左右吉|惣吉|惣基智|操吉|早吉|聡吉|草吉|荘吉|荘己池	given-name-dictionary
たかいち	喬一|堯一|多賀市|孝一|尊一|尚一|尭一|崇一|崇壱|誉一|貴一|隆一|隆市|高一|鷹一	given-name-dictionary
たつまさ	立正|竜勝|竜将|竜正|辰允|辰剛|辰勝|達将|達政|達昌|達正|龍優|龍将|龍正|龍雅	given-name-dictionary
つねまさ	常允|常政|常昌|常正|常雅|庸正|庸雅|恒政|恒昌|恒正|経幹|経晶|経正|職愨|雅正	given-name-dictionary
てるかず	光和|映和|昭一|昭七|昭和|晃一|晃七|晃三|晃和|晃憲|暎量|照一|照和|輝一|輝和	given-name-dictionary
てるみつ	光充|央光|映光|昭充|昭光|晃充|晄三|栄光|照光|照満|輝三|輝充|輝光|輝彦|輝満	given-name-dictionary
ときのり	世典|世師|宗了|宗律|時典|時則|時周|時宣|時憲|時紀|祝宣|祝紀|節昇|聡徳|釈規	given-name-dictionary
としちか	俊哉|俊睦|俊親|利周|利哉|利恭|利親|厳周|宗史|敏史|敏周|敏央|敏親|淑親|稔睦	given-name-dictionary
ともあつ	伴敦|倫厚|倫敦|友厚|友敦|友陸|寛敦|智厚|智敦|智篤|朋厚|朋敦|朋篤|知厚|知篤	given-name-dictionary
のぶみつ	伸充|伸光|信充|信光|信満|典満|宣光|宣満|延充|延光|恒光|脩光|進光|陳満|順充	given-name-dictionary
はるしげ	元達|春成|春繁|春茂|春重|晴滋|晴繁|晴茂|晴重|治成|治茂|治重|温繁|開成|陽重	given-name-dictionary
ひさはる	久明|久春|久晴|久正|久治|久玄|喜陽|央晴|寿春|寿治|寿陽|尚玄|常治|日沙春|玖治	given-name-dictionary
ひでかつ	偉克|日出克|日出勝|栄克|秀一|秀克|秀勝|穎克|英一|英克|英力|英勝|英活|豪一|豪克	given-name-dictionary
ひろさと	博郷|博里|啓仁|坦邑|大賢|大郷|宏諭|宏賢|宏郷|寛聖|広旧|広里|浩郷|紘聖|裕達	given-name-dictionary
まさたつ	全達|勝龍|将竜|将達|政竜|昌竜|昌辰|正辰|正達|正龍|真健|真建|真立|雅達|雅龍	given-name-dictionary
みつひこ	三彦|備彦|允彦|充彦|光彦|実彦|實彦|弥彦|慎彦|暢彦|満彦|益彦|美通彦|苗彦|逵彦	given-name-dictionary
もとたか	元亨|元孝|元崇|元敬|元貴|元隆|基剛|基喬|基孝|基敬|基貴|基隆|基高|玄哲|資文	given-name-dictionary
もとつぐ	元伝|元嗣|元次|元紹|元継|元貢|基嗣|基次|基継|源嗣|源継|素嗣|素次|素継|統嗣	given-name-dictionary
やすくに	保国|保城|保邦|安国|安邦|康久仁|康国|康邦|恭邦|泰国|泰圀|泰州|泰邦|靖國|靖邦	given-name-dictionary
やすぞう	保三|保蔵|保造|安三|安蔵|安造|康三|康造|泰三|泰蔵|泰造|裕三|雍蔵|靖三|靖造	given-name-dictionary
やすなお	保尚|保直|保真|安猶|安直|康尚|康有|康直|恭尚|恭直|易直|泰尚|泰直|靖尚|靖直	given-name-dictionary
やすろう	保朗|保郎|安朗|安良|安郎|寧朗|康朗|康郎|恭郎|泰朗|泰郎|綏朗|裕朗|靖朗|靖郎	given-name-dictionary
ゆきたか	之孝|幸允|幸威|幸孚|幸孝|幸尊|幸峻|幸貴|幸隆|幸高|敬宜|行央|行孝|行貴|行隆	given-name-dictionary
りゅうか	りゅうか|流架|流火|琉夏|琉花|瑠華|竜佳|竜華|竜賀|竜香|粒香|龍架|龍火|龍華|龍香	given-name-dictionary
せいじゅん	征純|成順|政順|正惇|正淳|正純|正諄|正順|清准|清純|清順|盛淳|聖純|青純|静純	given-name-dictionary
まさじろう	征次郎|政二郎|政次郎|政治郎|政赦|昌二郎|昌次郎|昌治郎|正二郎|正次郎|正治郎|正赦|理次郎|雅二郎|雅次郎	given-name-dictionary
りゅうほう	柳芳|流峰|流芳|竜峰|竜法|竜豊|竜鳳|隆峰|隆法|隆芳|隆邦|龍宝|龍峰|龍抱|龍鳳	given-name-dictionary
りょうきち	両吉|了吉|亨吉|亮吉|喨吉|涼吉|稜吉|竜吉|良吉|良橘|諒吉|遼吉|量吉|鐐吉|龍吉	given-name-dictionary
けんざぶろう	健三朗|健三郎|兼三朗|兼三郎|剣三郎|建三郎|慊三郎|憲三郎|拳三朗|権三郎|研三郎|謙三郎|賢三郎|鑒三郎|顕三郎	given-name-dictionary
しゅんじろう	俊二郎|俊次郎|俊治郎|峻二郎|峻次郎|峻治郎|春司郎|春次郎|春治郎|瞬二朗|舜二郎|舜次郎|駿二郎|駿次朗|駿次郎	given-name-dictionary
とういちろう	冬一郎|当一郎|東一良|東一郎|棟一郎|橙一郎|登一郎|等一郎|統一郎|董一郎|藤一郎|藤市郎|踏一朗|透一郎|鋳一郎	given-name-dictionary
よしいちろう	佳一郎|儀一郎|吉一郎|善一郎|喜一郎|嘉一朗|嘉一郎|好一郎|好市郎|由一郎|美一郎|義一朗|義一郎|良一郎|芳一郎	given-name-dictionary
きせ	喜世|基世|妃星|姫瀬|希世|希星|祈晴|稀世|稀星|葵世|葵晴|葵瀬|貴世|輝世	given-name-dictionary
ごう	ごう|五雨|剛|号|吾有|宏|強|恒|梧雨|業|毫|浩|豪|郷	given-name-dictionary
じん	人|仁|任|壬|尋|尽|湛|甚|神|辰|迅|陣|静|靭	given-name-dictionary
すい	すい|スイ|吹|寿以|寿衣|帥|彗|慧|水|穂|粋|素衣|翠|翠衣	given-name-dictionary
すま	スマ|主真|主麻|寿摩|寿満|寿磨|寿麻|朱万|朱真|朱茉|朱麻|須允|須磨|須麻	given-name-dictionary
たく	たく|タク|匠|卓|啄|太駆|宅|巧|択|拓|琢|琢行|田久|鐸	given-name-dictionary
みの	みの|ミノ|実乃|実濃|実野|巳之|弥野|望乃|未乃|深乃|美乃|美埜|美濃|美野	given-name-dictionary
あおな	亜麻菜|彩桜那|碧凪|碧南|碧奈|碧菜|秋桜奈|蒼奈|蒼菜|藍那|青名|青奈|青菜|青那	given-name-dictionary
あかえ	丹栄|亜佳恵|安河江|明恵|明江|明衣|朱恵|朱江|朱絵|珠愛|紅江|紅絵|赤江|赤絵	given-name-dictionary
あかこ	あかこ|亜加子|亜可子|亜果子|亜火子|亜香子|安佳子|安希子|愛華子|明子|紅子|紹子|阿嘉子|阿歌子	given-name-dictionary
あけお	明夫|明朗|明生|明雄|暁夫|暁生|暁男|暁雄|曙夫|曙生|朱央|朱生|朱穂|朱緒	given-name-dictionary
あずな	あずな|亜寿奈|亜津奈|亜津那|亜砂|京奈|杏沙|杏菜|東奈|梓菜|梓那|藍沙|阿津奈|阿砂	given-name-dictionary
あまみ	あまみ|亜麻見|天光|天史|天実|天弥|天水|天海|天美|天見|天魅|奄実|奄美|雨実	given-name-dictionary
あやじ	亜也路|亜弥路|亜矢路|亜耶路|彩路|彪路|文珠|文路|斐路|礼路|紋路|綺路|綾路|采路	given-name-dictionary
あゆう	あゆう|亜優|亜友|亜有|亜裕|亜酉|吾侑|吾悠|吾湧|安裕|愛優|愛悠|歩勇|歩悠	given-name-dictionary
あんか	安華|安香|晏伽|晏佳|晏加|晏可|晏夏|晏果|晏歌|晏華|晏香|杏夏|杏果|杏香	given-name-dictionary
あんず	あんず|あん寿|あん珠|安杏|安瑞|安都|愛杏子|杏|杏子|杏寿|杏朱|杏珠|杏美|杏鶴	given-name-dictionary
いよな	いよな|一夜|伊世奈|伊世茄|伊代奈|伊代菜|伊代那|唯世奈|唯代奈|弥奈|意世那|意代那|維与那|衣代奈	given-name-dictionary
ういか	初夏|初歌|初緩|初花|初衣香|初風|憂依花|憂香|羽依香|羽良香|羽衣夏|羽衣花|羽衣香|詩衣夏	given-name-dictionary
えつよ	えつ代|恵世|恵代|恵津代|恵鶴代|悦世|悦予|悦代|悦余|惠代|江津代|越世|越代|重都予	given-name-dictionary
えまこ	エマ子|円舞子|咲万子|咲満子|得満子|恵万子|恵満子|恵眞子|恵真子|恵茉子|愛磨子|絵馬子|絵麻子|衛真子	given-name-dictionary
えまり	えまり|恵真理|恵麻理|恵麻里|江摩理|笑鞠|絵万里|絵真理|絵真莉|絵真里|絵茉莉|絵鞠|絵麻里|英真里	given-name-dictionary
おとね	乙寧|乙鐘|乙音|古都音|吟弥|吟音|小留音|織音|音々|音寧|音嶺|音禰|音菜|音音	given-name-dictionary
かあい	佳愛|加愛|可会|可愛|嘉愛|夏愛|夏藍|果愛|桂愛|花愛|華愛|華杏依|郁愛|香愛	given-name-dictionary
かなは	かなは|佳奈葉|加奈葉|可奈波|叶羽|叶葉|夏南波|夏奈波|奏萌|奏葉|愛葉|華菜葉|風羽|香那葉	given-name-dictionary
きせこ	きせ子|キセ子|喜世子|喜勢子|季世子|希世子|木世子|樹世子|気是子|紀世子|紀勢子|記世子|貴世子|起世子	given-name-dictionary
きへい	善平|喜兵|喜兵衛|喜兵衞|喜平|季萍|希平|棋平|樹平|機平|紀平|貴平|輝平|鬼平	given-name-dictionary
きみの	きみの|キミノ|公乃|公美野|公野|君乃|喜実乃|喜美乃|妃美乃|季身乃|希美乃|木美乃|聖乃|貴美乃	given-name-dictionary
くおん	くおん|久恩|久穏|久遠|久音|九恩|九温|九穏|九音|玖恩|玖穏|玖音|空音|紅苑	given-name-dictionary
くれな	くれな|呉奈|呉菜|恋紅菜|暮奈|来麗菜|紅|紅七|紅伶奈|紅南|紅夏|紅奈|紅恋菜|紅月	given-name-dictionary
けんき	健亀|健樹|健記|健貴|健騎|兼己|堅亀|妍希|建樹|研紀|研輝|賢基|賢輝|顕	given-name-dictionary
こいと	こいと|倖糸|子伊都|小娘|小弦|小愛|小糸|小絃|小絲|恋糸|恋絃|恋都|紅糸|香絃	given-name-dictionary
ことな	ことな|古都奈|寿奈|寿菜|思和|琴凡|琴奈|琴梨|琴茄|琴菜|琴那|胡都菜|言菜|言那	given-name-dictionary
ことよ	コトヨ|寿世|寿予|寿代|小十代|小富|小豊|小都代|琴与|琴世|琴予|琴代|琴淑|言世	given-name-dictionary
こみち	こみち|古径|好路|小みち|小実智|小径|小美智|小路|小迪|径|来路|瑚美智|虎道|路	given-name-dictionary
こゆみ	こゆみ|古弓|小優美|小弓|小有美|小由美|心優美|心夕美|恋夢実|恋夢美|湖弓|湖祐美|虹弓|鼓弓	given-name-dictionary
こよみ	こよみ|コヨミ|倖世美|呼詠|小代美|小夜実|小夜美|小陽美|恋詠|暦|暦美|朔|虹与美|鼓世美	given-name-dictionary
さつか	三月花|佐津香|咲香|沙花|爽叶|爽歌|爽馨|紗津香|颯叶|颯歌|颯花|颯華|颯香|颯馨	given-name-dictionary
さとの	さとの|サトノ|仁乃|彩都乃|怜乃|敏乃|智乃|理乃|聖乃|聡乃|覚乃|都乃|里乃|里野	given-name-dictionary
さやの	さやの|咲也乃|早也乃|早弥乃|沙夜乃|沙耶乃|涼乃|清乃|紗也乃|紗哉乃|紗弥乃|紗矢乃|紗耶乃|聖乃	given-name-dictionary
しずな	寧南|志寿奈|志津奈|志津菜|志瑞那|星沙|雫那|静七|静凪|静南|静和|静奈|静菜|静那	given-name-dictionary
すみと	墨人|寿人|清人|清登|澄人|澄仁|澄和|澄徹|澄斗|紀人|純人|純登|純豊|統人	given-name-dictionary
せいみ	征実|征美|成美|星美|星見|栖美|清美|犀未|精美|聖実|聖未|聖美|西海|誠美	given-name-dictionary
たつと	尊人|建人|樹人|樹斗|立人|竜人|達人|達十|達士|達斗|達登|龍人|龍仁|龍門	given-name-dictionary
ちかげ	ちかげ|千加景|千彰|千影|千景|千蔭|千陰|千香華|愛希|愛華|智景|知佳景|知景|薙景	given-name-dictionary
ちせこ	チセ子|千世子|千勢子|千征子|千成子|千畝子|千聖子|智世子|智勢子|知世子|知勢子|知是子|稚世子|致聖子	given-name-dictionary
ちほり	ちほり|千帆里|千彫|千歩里|千穂利|千穂梨|千穂理|千穂里|千穗梨|千鳳梨|智穂梨|智穂里|知保里|知帆里	given-name-dictionary
ちまり	ちまり|チマリ|千万里|千眞理|千真理|千茉里|千鞠|千麻里|地球|知真理|知真里|知茉里|知麻里|茅毬	given-name-dictionary
つねき	典揮|典毅|常喜|常己|常樹|常記|常貴|恒喜|恒希|恒樹|恒記|恒貴|経記|経輝	given-name-dictionary
とうし	兜子|唐子|塔子|桃史|桃支|橙子|登士|統史|苳子|踏子|透志|闘志|陶子|陶志	given-name-dictionary
とうり	冬梨|冬璃|十莉|徒羽莉|東籬|東里|桃李|桃里|桃鈴|桐李|桐璃|橙里|藤里|透悟	given-name-dictionary
ときや	克己|冬気也|凍季也|叶希也|斗己也|斗希也|斗紀也|時や|時也|時哉|時弥|時矢|登軌彌|鬨也	given-name-dictionary
とくや	十九哉|富久也|得也|得弥|徳也|徳哉|徳弥|徳彌|悳也|登久也|督也|篤也|篤哉|篤弥	given-name-dictionary
とみか	十三日|十花|富可|富花|富華|富香|桃未花|留美香|登美佳|都実華|都美果|都美花|都美華|都美香	given-name-dictionary
とよき	とよ喜|外世樹|外代樹|豊喜|豊城|豊己|豊希|豊木|豊樹|豊紀|豊記|豊貴|豊起|豊輝	given-name-dictionary
なつお	なつお|七津男|夏夫|夏央|夏帆|夏生|夏男|夏緒|夏郎|夏雄|奈津夫|奈津央|奈津雄|奈都夫	given-name-dictionary
なやこ	なや子|乃也子|乃冶子|南矢子|南耶子|夏悦子|奈也子|奈冶子|奈矢子|寧冶子|納冶子|那冶子|那矢子|那陽子	given-name-dictionary
ののこ	ののこ|のの子|乃々子|乃の子|希望子|暖之子|暢々子|濃乃子|相恋|穏野子|野々子|野乃子|野之子|野之狐	given-name-dictionary
はなお	はなお|巴直|羽尚|花央|花桜|花男|花緒|花雄|花音|英旺|華緒|葉尚|葉治|葉直	given-name-dictionary
はるさ	日咲|春佐|春咲|春早|春沙|春紗|晴さ|暖彩|暖沙|温咲|羽留咲|貼るさ|陽彩|陽沙	given-name-dictionary
ひづる	ひづる|天|妃鶴|日津留|日鶴|比鶴|秀|緋蔓|緋鶴|輝|陽蔓|陽鶴|飛弦|飛鶴	given-name-dictionary
ひめの	ひめの|妃乃|妃夢乃|妃女乃|妃芽乃|妃芽野|姫の|姫乃|媛乃|日芽乃|桃乃|陽愛乃|陽愛和|陽芽乃	given-name-dictionary
ひらく	ひらく|八|啓|啓久|墾|展|張|拓|未来|比良久|発|通|開|陽楽	given-name-dictionary
ふじみ	ふじみ|ふじ実|ふじ美|不二実|不二美|冨二実|冨二美|富士実|富士未|富士美|布治民|藤実|藤美|風詩美	given-name-dictionary
ふぶき	ふぶき|ふぶ貴|吹葵|吹雪|楓芙姫|歩楓|芙吹|芙稀|芙舞姫|風吹|風舞姫|風舞季|風舞祈|風舞貴	given-name-dictionary
まさほ	優穂|公甫|昌穂|正穂|眞誉|真帆|真沙穂|真穂|真輔|真里穂|聖保|雅帆|雅歩|雅穂	given-name-dictionary
ますじ	万寿治|増司|増治|増爾|斗二|満寿次|満州治|益二|益司|益嗣|益次|益治|益至|鱒二	given-name-dictionary
まつお	万津男|末夫|末尾|末男|末雄|松夫|松生|松男|松郎|松雄|枩夫|満津夫|真津夫|麻津男	given-name-dictionary
まどり	まどり|万土里|万鳥|円里|摩鳥|真土里|真鳥|窓理|窓里|茉土里|茉鳥|麻土里|麻都梨|麻鳥	given-name-dictionary
まなと	まなと|学人|愛大|愛斗|愛都|愛鳥|真人|真南人|真斗|真登|真翔|真透|真那人|真那斗	given-name-dictionary
みきや	三喜也|三希也|三紀也|三貴也|三起也|幹也|幹哉|幹弥|御喜家|未来也|樹也|美喜也|美樹也|美紀也	given-name-dictionary
みなき	南妃|南姫|南季|味奈紀|実奈喜|実菜樹|水無姫|水輝|皆喜|美奈喜|美奈希|美奈樹|美那貴|魅那姫	given-name-dictionary
ももは	李葉|桃波|桃羽|桃芳|桃葉|百々葉|百桃葉|百羽|百葉|萌々羽|萌々華|萌々葉|萌百羽|萌葉	given-name-dictionary
やえみ	八恵美|八惠実|八惠美|八映美|八栄美|八重実|八重美|弥恵美|弥栄実|弥栄美|弥江巳|弥笑|椰笑|矢恵美	given-name-dictionary
やひろ	やひろ|八優|八大|八宏|八尋|八洋|八紘|夜優|夜博|弥ひろ|弥広|弥紘|矢尋|耶尋	given-name-dictionary
ゆいの	ゆいの|友以乃|友似乃|友衣乃|唯乃|悠乃|悠衣乃|惟乃|由乃|由依乃|由比乃|結乃|結衣乃|結衣能	given-name-dictionary
ゆきじ	ゆき路|ユキジ|優希路|千時|友紀路|幸二|幸司|幸寿|幸治|幸路|征路|雪二|雪次|雪路	given-name-dictionary
ゆりは	ゆり葉|優晴|友莉葉|友里巴|夕理葉|揺葉|有梨羽|有里波|柚莉葉|柚里葉|由莉葉|百合葉|祐里波|祐里葉	given-name-dictionary
りきお	利喜夫|利喜男|利喜雄|利器男|利基男|力夫|力尾|力生|力男|力雄|理喜夫|理喜男|理基男|理紀夫	given-name-dictionary
りきこ	りき子|リキコ|リキ子|利喜子|力子|李季子|梨記子|理喜子|理季子|理紀子|理記子|理貴子|理起子|里喜子	given-name-dictionary
るみえ	るみえ|るみ恵|ルミエ|瑠実栄|瑠実絵|瑠美恵|瑠美栄|瑠美絵|留巳|留巳枝|留美恵|留美枝|留美江|留美絵	given-name-dictionary
れいや	れいや|嶺耶|怜也|玲也|玲哉|玲夜|礼弥|麗夜|麗弥|麗彩|麗矢|麗耶|麗陽|黎夜	given-name-dictionary
れみか	レミカ|伶美加|怜美花|恋好華|澪水香|玲美香|礼美香|鈴朱香|麗実佳|麗実華|麗心華|麗美花|麗美華|麗魅華	given-name-dictionary
わかさ	わかさ|和佳紗|和華咲|和華彩|和香佐|和香沙|和香砂|稚颯|若咲|若桜|若沙|若狭|若紗|若颯	given-name-dictionary
あつふみ	充史|充文|厚文|宏文|惇記|敦史|敦士|敦文|敦章|敦郁|淳史|淳文|篤史|篤文	given-name-dictionary
うきょう	于享|侑恭|右京|右喬|右恭|右杏|宇京|宇香|海響|羽京|羽峡|羽響|迂京|雨郷	given-name-dictionary
えいじゅ	栄儒|栄寿|栄樹|榮壽|永寿|永樹|永珠|瑛樹|睿寿|英受|英寿|英樹|英珠|鋭寿	given-name-dictionary
かつなり	且成|克也|克尚|克就|克成|克有|克業|克生|勝也|勝就|勝成|勝済|活成|郁津業	given-name-dictionary
きょうや	京也|京哉|京弥|侠也|匡也|恭也|恭弥|恭矢|教也|教哉|杏文|鏡夜|響也|響哉	given-name-dictionary
げんぞう	元三|元蔵|原三|弦三|弦蔵|愿三|源三|源蔵|源象|源造|玄三|玄造|諺蔵|限三	given-name-dictionary
げんゆう	儼雄|元佑|元祐|元裕|元雄|弦右|源昴|源雄|玄佑|玄有|玄祐|玄裕|玄遊|玄雄	given-name-dictionary
こうそう	光曹|光聡|光荘|厚惣|孔三|巧壮|幸叢|康荘|栲窓|紅草|紘三|耕三|興燮|香草	given-name-dictionary
しげかつ	慈万|成克|成勝|栄克|滋勝|繁克|繁勝|茂一|茂且|茂克|茂勝|重克|重勝|重捷	given-name-dictionary
じゅえり	宝石|寿依梨|寿恵凛|樹恵李|樹愛梨|樹愛莉|樹江里|樹絵莉|樹絵里|樹襟|珠恵利|珠恵梨|珠瑛璃|珠英里	given-name-dictionary
せいごう	勢剛|征剛|成剛|政剛|正剛|正郷|清剛|清豪|精興|精豪|聖剛|聖豪|誠剛|靖剛	given-name-dictionary
そうぞう	倉三|創造|壮三|宗三|宗蔵|宗造|惣三|惣蔵|操三|桑三|総三|聡三|聡造|荘三	given-name-dictionary
たくのり	匠紀|卓典|卓征|卓徳|卓格|拓典|拓則|拓功|拓徳|拓敬|拓法|拓範|拓規|琢敬	given-name-dictionary
たけみつ	丈光|丈誠|仗依|健光|剛三|剛充|剛光|武光|武師|武満|武盈|毅充|毅光|猛光	given-name-dictionary
つぐあき	亜明|仲明|嗣亜貴|嗣光|嗣章|嗣顕|弐亮|更明|次昭|皓章|紹右|継明|貢彰|貢明	given-name-dictionary
つぐよし	世佳|亜玲|健剛|嗣佳|嗣宜|嗣義|嗣麗|次吉|次芳|紹義|紹芳|継喜|継美|継義	given-name-dictionary
つねとし	典俊|常俊|常利|常敏|常敦|常稔|庸俊|庸敦|恒俊|恒利|恒年|恒敏|恒稔|経俊	given-name-dictionary
てるひと	光人|映人|映仁|晃史|暉仁|照人|照仁|瑛人|英史|輝一|輝人|輝仁|輝史|輝士	given-name-dictionary
ときひろ	時博|時啓|時大|時宏|時寛|時広|時廣|時弘|時洋|時浩|節寛|聡大|聡宏|辰世	given-name-dictionary
とくのり	徳仁|徳倫|徳典|徳則|徳学|徳憲|徳政|徳法|徳紀|徳規|督徳|篤典|篤範|篤紀	given-name-dictionary
としなお	俊尚|俊直|利公|利尚|利有|利直|利真|宗直|寿直|敏修|敏尚|敏直|稔直|聡直	given-name-dictionary
としなが	俊永|俊良|俊長|利寿|利祥|利長|季良|寿永|寿良|年永|敏良|敏長|祀長|聡長	given-name-dictionary
ともとし	友俊|友利|友寿|友敏|巴俊|智俊|智利|智寿|智敏|朋寿|朋年|知俊|知利|知敏	given-name-dictionary
なおひこ	修彦|奈央彦|奈緒彦|寧生彦|尚彦|有彦|猶彦|直人|直彦|直比古|眞彦|真彦|納穂彦|順彦	given-name-dictionary
なおひと	尚人|尚仁|尚史|巨一|直人|直仁|直史|直均|直士|直民|直飛人|真人|真仁|真史	given-name-dictionary
ながのり	修令|寿紀|永典|永哲|永徳|永憲|長伯|長典|長則|長孝|長徳|長憲|長教|長紀	given-name-dictionary
ながひろ	修弘|永大|永宏|永寛|永浩|永裕|長大|長宏|長寛|長広|長弘|長敬|長浩|長裕	given-name-dictionary
なりたか	也考|周高|就隆|就高|成孝|成宇|成尊|成豪|成隆|成高|斉孝|斉荘|濟隆|誠孝	given-name-dictionary
のぶただ	伸忠|信宰|信尹|信忠|信正|信維|修公|修忠|展忠|庸理|延忠|延直|靖匡|順督	given-name-dictionary
のぶふみ	伸史|伸文|信史|信文|修史|宣史|庸文|延文|昇吏|暢史|睦史|述史|順史|順文	given-name-dictionary
ひでさと	栄郷|秀聖|秀達|秀郷|秀里|英了|英聖|英聡|英覚|英賢|英達|英郷|英里|豪仁	given-name-dictionary
ひですけ	栄介|秀亮|秀介|秀侑|秀典|秀助|秀祐|秀輔|英亮|英介|英典|英助|英督|英輔	given-name-dictionary
ひでちか	秀史|秀周|秀和|秀哉|秀央|秀慎|秀親|秀誓|英史|英周|英哉|英愛|英慶|英親	given-name-dictionary
ふみとし	史俊|史利|史寿|史敏|文俊|文利|文寿|文年|文敏|文樹|文淑|文稔|文紀|郁俊	given-name-dictionary
まさかた	将剛|政固|政方|政礼|政賢|昌賢|正剛|正固|正堅|正方|正毅|正賢|真賢|雅方	given-name-dictionary
まさとみ	将富|将臣|政冨|政富|政臣|方富|昌福|正富|正福|正臣|眞富|聖徳|雅富|雅臣	given-name-dictionary
まさなが	公永|勝長|匡永|将大|政長|昌長|正修|正永|正良|正長|真長|聖永|雅永|雅長	given-name-dictionary
みちのぶ	務信|真延|紀暢|美知信|通伸|通信|通允|通展|通庸|通暢|道信|道宣|道展|陸亘	given-name-dictionary
むつひろ	充洽|六洋|睦仁|睦博|睦啓|睦大|睦宏|睦寛|睦広|睦廣|睦弘|睦浩|睦裕|陸弘	given-name-dictionary
ゆきはる	之晴|之治|六花治|幸明|幸春|幸晴|幸治|征治|志明|敬温|行明|行春|行治|行美	given-name-dictionary
よしいち	与志一|佳一|吉市|善一|喜一|嘉一|好一|淑一|由一|益市|禎一|義一|芳一|芳市	given-name-dictionary
よしとみ	吉富|吉臣|喜富|喜臣|嘉富|嘉臣|好富|恵美|慶福|美福|義富|義臣|能福|芳富	given-name-dictionary
じゅんぺい	准平|惇平|旬平|洵平|淳平|準平|潤平|純兵|純平|絢平|遵平|醇平|隼平|順平	given-name-dictionary
じょういち	丈一|丞一|城一|成一|攘一|浄一|浄壱|烝一|甞一|穣一|襄一|譲一|讓一|錠一	given-name-dictionary
てつじろう	哲二郎|哲兒郎|哲司郎|哲志朗|哲次郎|哲治郎|哲赦|徹二郎|徹次郎|鉄二郎|鉄次郎|鉄治郎|鉄赦|銕次郎	given-name-dictionary
としじろう	俊二郎|俊次郎|利二郎|利次郎|利治郎|壽二郎|寿二郎|寿次郎|敏二郎|敏次郎|敏治郎|智治郎|東志二郎|稔次郎	given-name-dictionary
ひろたろう	博太郎|大太郎|宏太郎|寛太郎|広太朗|広太郎|廣太郎|弘太郎|洋太郎|浩太郎|溥太郎|紘太朗|紘太郎|裕太郎	given-name-dictionary
ようたろう	容太郎|庸太郎|揚太郎|洋太朗|洋太郎|漾太郎|羊太郎|耀太郎|葉太郎|要太朗|要太郎|遥太郎|陽太朗|陽太郎	given-name-dictionary
きょうしろう	京司朗|京四郎|京士郎|京志郎|匡四郎|協四郎|喬四郎|強四郎|恭司郎|恭四郎|恭志朗|恭志郎|杏志郎|狂四郎	given-name-dictionary
あん	あん|アン|安|安海|庵|愛夢|愛杏|愛海|晏|暗|杏|杏子|行	given-name-dictionary
うの	うの|初乃|卯乃|卯野|宇乃|宇野|有乃|有望|生乃|羽乃|羽之|羽音|雨乃	given-name-dictionary
かね	かね|カネ|カ子|佳音|兼|加音|包|嘉音|夏音|歌音|矩|花音|鐘	given-name-dictionary
こあ	こあ|呼亜|呼杏|己亜|心亜|心阿|来愛|湖亜|瑚亜|紅愛|胡亜|胡杏|誇愛	given-name-dictionary
ちの	ちの|千乃|千之|千納|千野|智乃|直乃|知乃|知野|稚乃|芽野|茅乃|茅野	given-name-dictionary
ちや	ちや|チヤ|千也|千夜|千弥|千彩|千矢|千耶|千谷|智八|知也|知哉|知矢	given-name-dictionary
とう	トウ|塔|塘|東|棟|涛|祷|統|董|透|鐙|闘|陶	given-name-dictionary
のな	のな|ノナ|乃奈|乃菜|乃那|埜菜|希菜|望納|濃奈|紀菜|野奈|野花|野菜	given-name-dictionary
もみ	もみ|モミ|樅|百実|百美|籾|紅|紅実|紅旬|紅絹|紅葉|茂美|萌美	given-name-dictionary
あちこ	あちこ|アチ子|亜千子|亜地子|亜智子|亜知子|安知子|明智子|阿千子|阿地子|阿智子|阿直子|阿知子	given-name-dictionary
ありほ	ありほ|亜莉歩|存保|存帆|存歩|存甫|存穂|彩里帆|有保|有帆|有歩|有甫|有穂	given-name-dictionary
いおん	イオン|伊穏|伊音|依音|偉音|凛音|唯音|異音|癒音|維恩|維音|衣穏|衣音	given-name-dictionary
いさく	イサク|伊佐久|伊作|伊策|偉作|偉策|威佐久|威佐司|威策|尉策|意作|維作|維策	given-name-dictionary
いとの	いとの|イトノ|以都乃|愛乃|糸乃|糸能|糸野|絃乃|絃能|絃野|綸乃|綸能|綸野	given-name-dictionary
ういち	兎一|卯一|卯市|右一|夘一|夘市|宇一|宇市|有一|烏一|羽一|羽壱|鵜一	given-name-dictionary
うるみ	うるみ|ウルミ|宇瑠実|宇瑠美|宇留実|宇留美|潤実|潤弥|潤未|潤水|潤美|麗心|麗美	given-name-dictionary
えくこ	エク子|回玖子|恵久子|恵公子|惠久子|映久子|栄久子|永久子|永恭子|永貢子|江久子|英公子|衣公子	given-name-dictionary
えみよ	エミ代|恵代|恵美世|恵美代|惠美予|愛実代|愛美代|栄美代|江未代|江身予|笑代|給水代|絵美代	given-name-dictionary
おさこ	おさ子|修子|寛采子|於草子|桜草子|治子|理子|納子|統子|綜子|耕子|長子|魁子	given-name-dictionary
かあや	佳彩|加彩|夏彩|果彩|歌彩|花彩|花絢|花綾|華彩|華綾|香|香絢|香綾	given-name-dictionary
かいな	かいな|介奈|佳衣奈|快凪|快奈|海和|海奈|海花|海菜|海那|絵奈|貝奈|貝菜	given-name-dictionary
かおう	佳央|可央|圭央|夏櫻|夏欧|家鶯|果央|花央|花桜|華王|薫櫻|香央|香桜	given-name-dictionary
かずの	一ノ|一乃|佳津乃|円乃|加津乃|千乃|和乃|和野|嘉寿乃|寿乃|章乃|紀乃|麗乃	given-name-dictionary
かせん	かせん|佳扇|佳泉|佳萱|可川|歌扇|火川|火扇|花泉|華泉|霞仙|霞川|香仙	given-name-dictionary
かなと	かなと|叶翔|哉大|哉音|嘉奈|夏奈|奏人|奏大|奏都|海夏人|海成翔|要人|要門	given-name-dictionary
かねみ	かねみ|かね実|かね美|兼実|兼見|加根美|包美|金三|金美|銀実|銀海|鐘実|鐘美	given-name-dictionary
かやみ	かやみ|夏也美|夏椰実|夏椰美|火水|芽美|茅実|茅美|香也美|香八実|香八美|香夜美|香夜見	given-name-dictionary
かをり	かをり|かを理|カヲリ|佳保里|佳織|歌小里|薫|香|香り|香保里|香緒里|香織|香里	given-name-dictionary
きおこ	伎王子|喜桜倖|喜生子|基緒子|季尾子|希五子|希央子|希寛子|希生子|気央子|紀保子|紀央子|紀生子	given-name-dictionary
きなこ	きなこ|きな子|喜菜子|樹菜子|生菜子|綺奈子|葵菜子|貴和子|貴奈子|貴菜子|貴那子|鬼亡子|黄菜子	given-name-dictionary
きはる	喜春|喜晴|妃春|妃遥|季春|希春|希温|樹春|紀春|綺春|貴春|起春|輝春	given-name-dictionary
きよお	喜与男|喜代男|喜代雄|廉夫|斉夫|淳夫|清夫|清生|清男|清郎|清雄|精夫|精男	given-name-dictionary
くにや	一哉|九二八|国也|国哉|国弥|城也|掴也|求仁也|薫哉|訓也|邦也|邦哉|邦弥	given-name-dictionary
くみよ	くみよ|久三代|久実代|久未世|久未代|久美世|久美代|公美代|句美代|宮実代|宮美代|章世|貢美代	given-name-dictionary
くりあ	くりあ|クリア|久利歩|久理亜|久里亜|久里明|公梨亜|来愛|栗亜|栗愛|澄色|透|透明	given-name-dictionary
げんし	元子|元志|原始|弦志|彦至|源嗣|源資|玄之|玄子|玄志|現之|現支|絃子	given-name-dictionary
げんや	元也|元哉|元弥|厳也|弦也|弦矢|源也|源哉|源彌|玄也|玄冶|玄哉|玄弥	given-name-dictionary
こもも	こもも|こ桃|五百|光桃|子桃|小李|小桃|小桃々|心桃|瑚桃|紅桃|胡桃|虹桃	given-name-dictionary
さだし	佐多司|完|定|定史|定司|定志|治士|真史|節司|貞|貞史|貞司|貞志	given-name-dictionary
さわみ	さわみ|五輪美|佐和実|佐和美|小波海|早和美|沙和実|沙和美|沢実|沢美|爽|爽美|紗和美	given-name-dictionary
さんじ	三二|三児|三司|三次|三治|三滋|三示|参二|参次|山治|珊士|賛次|賛治	given-name-dictionary
しえん	只円|史燕|嗣延|子遠|心艶|志縁|思円|柿園|梓苑|泗衍|紫園|紫煙|紫苑	given-name-dictionary
しさこ	しさ子|シサ子|四三子|子沙子|志さ子|志佐子|志咲子|志沙子|志砂子|支咲子|紫佐子|至佐子|詩草子	given-name-dictionary
しずほ	寧帆|志寿保|志寿浦|志寿穂|志津保|志津穂|窈穂|紫寿保|静保|静帆|静星|静畝|静穂	given-name-dictionary
しずみ	シズミ|志津美|志純|紫純|詩澄|雫海|静実|静文|静水|静海|静美|靜実|靜美	given-name-dictionary
しんた	伸太|信太|心大|心太|志ん太|慎太|新太|晋太|真太|真汰|臣太|進太|進汰	given-name-dictionary
しんり	心利|心梨|慎理|新理|深李|眞利|眞理|真利|真履|真理|真里|芯倫|芯理	given-name-dictionary
すなこ	すな子|スナコ|スナ子|周名子|寿名子|寿奈子|沙子|砂丘子|砂子|砂胡|素直子|素那子|須奈子	given-name-dictionary
せいあ	せいあ|井蛙|成亜|星亜|星彩|星空|聖亜|聖天|聖彩|聖愛|聖阿|青空|青蛙	given-name-dictionary
せりこ	セリ子|世理子|世里子|是立子|瀬凛湖|瀬利子|瀬梨心|瀬里子|瀬里瑚|聖理子|聖里子|芹子|雪麗子	given-name-dictionary
せりの	せり乃|せり野|世利乃|世理乃|千凜乃|星凜乃|晴莉乃|清里乃|瀬梨乃|瀬里乃|聖莉乃|芹乃|芹野	given-name-dictionary
せれさ	せれさ|セレサ|小夜沙|小夜紗|星恋沙|星澪砂|星礼沙|星麗彩|瀬礼沙|瀬礼紗|聖怜紗|聖恋咲|聖恋紗	given-name-dictionary
たちお	多智雄|多知夫|多知男|大刀夫|太刀夫|太刀男|太刀郎|太刀雄|太千男|太千雄|太治男|立夫|立雄	given-name-dictionary
ちえの	ちえの|千依乃|千恵乃|千恵野|千英乃|千衣乃|千重乃|智恵野|智枝野|智絵乃|智英乃|知恵乃|知枝乃	given-name-dictionary
ちずる	千寿|千寿瑠|千寿留|千尋|千弦|千津流|千津瑠|千津留|千涼流|千鶴|智寿留|池鶴|知鶴	given-name-dictionary
ちづよ	ちづよ|ちづ代|千津世|千津代|千都代|千鶴世|千鶴代|智津代|智都代|池鶴世|知力代|知津代|知都代	given-name-dictionary
ちゆり	ちゆり|千佑莉|千友梨|千有梨|千有莉|千由里|千百合|千裕里|智由利|智由里|智百合|知有里|知由梨	given-name-dictionary
ちょう	ちょう|寵|徴|挑|暢|朝|潮|澄|聴|蝶|超|跳|頂	given-name-dictionary
ちよか	千世佳|千代佳|千代加|千代芳|千代華|千代賀|千代香|千誉香|智世香|智代佳|智代歌|智代香|知代香	given-name-dictionary
つなき	津那季|津那紀|純宜|統紀|統貴|綱喜|綱基|綱木|綱樹|綱貴|綱起|綱輝|緑樹	given-name-dictionary
つねよ	つね代|ツ子ヨ|常与|常世|常代|幹代|庸代|式世|恒世|恒代|経世|経代|經世	given-name-dictionary
てるな	てる奈|光南|光奈|天流南|央菜|映奈|晃奈|照奈|照菜|照那|瑛菜|輝南|輝奈	given-name-dictionary
とうた	任太|兜太|到太|東太|桐大|田歌|登太|稲太|統太|藤太|踏太|透太|通太	given-name-dictionary
ながお	寿夫|悠男|永夫|永央|永生|良夫|長夫|長応|長旺|長生|長男|長郎|長雄	given-name-dictionary
なつは	なつは|なつ華|夏初|夏巴|夏波|夏羽|夏花|夏葉|奈津葉|捺波|菜津葉|菜都波|菜都葉	given-name-dictionary
なゆか	七夕佳|七夕香|奈由架|奈結加|奈結花|奈裕佳|真由架|菜友香|那柚華|那由加|那由花|那由香|那祐佳	given-name-dictionary
のりほ	乗帆|伯穂|典歩|典穂|則保|徳保|徳穂|法穂|範|範穂|紀穂|規穂|野里穂	given-name-dictionary
はつお	八十雄|八夫|八男|初夫|初尾|初生|初男|初緒|初郎|初雄|枝雄|溌雄|肇雄	given-name-dictionary
ふじよ	ふじよ|ふじ代|不二世|不二代|不二誉|二千代|冨士代|婦志代|富二代|富士代|富志代|藤世|藤代	given-name-dictionary
まあこ	まあこ|万彩子|愛有子|眞亜子|真亜子|真愛子|真晃子|真杏子|真麻子|茉亜子|蒔彩子|麻亜子|麻晃子	given-name-dictionary
まほか	まほか|万帆香|天星河|真宝華|真富果|真帆佳|真帆香|真芳香|茉帆香|麗穂華|麻帆香|麻穂果|麻穂香	given-name-dictionary
まやみ	まやみ|万弥美|摩弥美|満弥美|真也巳|真弥実|真弥美|茉弥美|麻弥美|麻矢実|麻矢美|麻耶美|麻耶魅	given-name-dictionary
まりほ	まり保|まり穂|万理帆|毬帆|毬歩|毬穂|真梨歩|真梨穂|真莉星|真里帆|鞠歩|麻利帆|麻里帆	given-name-dictionary
まるこ	まるこ|まる子|マルコ|マル子|万留子|丸子|円子|圓子|真瑠娘|真瑠子|真留子|茉留子|麻留子	given-name-dictionary
みきほ	みきほ|光希帆|実希帆|幹穂|未希帆|未来帆|未来穂|未来葡|美喜保|美季歩|美季輔|美樹穂|美紀穂	given-name-dictionary
みつの	みつ乃|ミツノ|三乃|充乃|充野|光乃|光野|実津乃|満乃|瑞乃|美津乃|美津野|美都乃	given-name-dictionary
みよう	三葉|光葉|光陽|実陽|水陽|海洋|深陽|緑葉|美洋|美葉|美蓉|美陽|翠葉	given-name-dictionary
みよか	みよか|実代香|実夜佳|実陽夏|実陽香|美与香|美世香|美代加|美代香|美夜佳|美蓉花|美陽夏|美陽香	given-name-dictionary
むねお	宗夫|宗朗|宗生|宗男|宗郎|宗雄|旨夫|棟央|武年雄|統男|致夫|致雄|順雄	given-name-dictionary
もえな	望衣奈|然奈|百愛奈|百慧菜|百笑来|萌名|萌和|萌咲菜|萌奈|萌恵奈|萌羽|萌菜|萌那	given-name-dictionary
もとよ	もと代|元与|元世|元予|元代|元葉|基世|基代|幹世|紀代|素世|素代|素好	given-name-dictionary
もみじ	もみじ|椛|楓|秋彩|紅葉|茂実路|茂美路|萌実子|萌実路|萌未路|萌美子|萌美路|黄葉	given-name-dictionary
ゆあん	優安|優杏|友杏|唯杏|夕闇|悠安|悠杏|柚杏|由庵|由晏|由杏|癒杏|結杏	given-name-dictionary
ゆかえ	優香絵|友佳恵|友佳惠|友佳絵|友加江|友香枝|有佳恵|由佳恵|由佳絵|由華恵|由香栄|由香絵|裕加江	given-name-dictionary
ゆみよ	弓世|弓代|弓誉|悠実代|悠美代|有己世|有巳代|由美代|祐実代|祐美代|蓉美代|裕実代|裕美代	given-name-dictionary
ゆめな	ゆめな|優萌奈|夢南|夢夏|夢奈|夢瞳菜|夢若|夢菜|夢那|幸芽菜|由愛奈|結女奈|結愛奈	given-name-dictionary
りさえ	利咲枝|吏沙江|律沙枝|理彩英|理沙恵|理沙江|理沙英|理紗恵|里佐英|里冴|里彩英|里沙絵|里沙英	given-name-dictionary
りつき	りつき|律姫|律月|律生|梨月|梨都来|率希|率紀|率騎|璃月|立樹|莉月|鯉月	given-name-dictionary
れみな	令未奈|怜実奈|怜美奈|怜美那|玲南|玲海菜|玲美奈|玲美由|礼未菜|麗実名|麗実那|麗美名|麗美那	given-name-dictionary
かずはる	一春|一晴|一治|一陽|和春|和晴|和治|和陽|多明|寿治|数春|数晴|計治	given-name-dictionary
かねあき	兼彬|兼明|兼昭|務信|包彰|包明|包昭|周秋|謙彰|謙昭|金晃|金秋|金顕	given-name-dictionary
かねゆき	兼之|兼幸|兼行|務征|周幸|周歩|周行|欽之|謙之|金之|金幸|鉄之|鐘幸	given-name-dictionary
きみひと	仁人|公一|公人|公仁|公士|君人|君仁|王人|王仁|王士|皇人|皇士|記美仁	given-name-dictionary
きょうご	亨吾|亨悟|享吾|京吾|匡吾|卿吾|喬悟|恭吾|恭悟|教悟|経護|鏡伍|響吾	given-name-dictionary
きよとし	京俊|喜代俊|喜代敏|清俊|清利|清寿|清敏|清透|潔俊|精紀|聖俊|聖年|陽智	given-name-dictionary
きよひさ	喜代久|喜代寿|希世久|恭久|清久|清寿|清尚|清永|潔尚|精久|聖久|聖修|静久	given-name-dictionary
くにとも	久仁友|国友|國友|國智|地人|州智|訓司|邦具|邦友|邦智|邦朋|邦朝|邦知	given-name-dictionary
こうえつ	光悦|光越|公悦|剛悦|厚悦|孝悦|宏悦|幸悦|広悦|康悦|弘悦|浩悦|耕悦	given-name-dictionary
これあき	伊顕|惟揚|惟明|惟昭|惟章|惟精|是明|是昭|是秋|維明|維昭|維章|茲明	given-name-dictionary
さとひろ	利裕|理裕|知大|知広|聖広|聡洋|諭広|識大|賢広|達広|郷弘|里宏|里広	given-name-dictionary
しげつぐ	恵嗣|恵紹|林継|栄紹|繁次|茂世|茂嗣|茂次|茂継|茂続|重嗣|重次|重継	given-name-dictionary
せいげん	世元|世原|成元|政玄|正元|清源|清玄|盛元|精玄|聖厳|誠彦|青玄|青言	given-name-dictionary
せんいち	仙一|仙市|仟一|千一|千市|宣一|専一|沾一|泉一|潜一|銑一|閃一|鮮一	given-name-dictionary
たかぶみ	倬史|孚文|孝文|尚文|岳文|崇文|敬文|貴史|貴文|隆史|隆文|高史|高文	given-name-dictionary
たけしげ	丈栄|健成|健重|威滋|岳成|建成|武成|武林|武繁|武茂|武重|猛繁|猛重	given-name-dictionary
たけなり	健有|剛己|剛成|孟也|岳也|崇成|建成|武也|武成|毅成|竹成|豪也|雄成	given-name-dictionary
ただかつ	九万|侃克|公克|公雄|匡克|忠且|忠克|忠功|忠勝|忠毅|正勝|理克|直克	given-name-dictionary
ただちか	勅務|唯至|忠史|忠周|忠哉|忠視|忠親|忠誓|有鄰|直周|直親|禎哉|肇史	given-name-dictionary
ただはる	公敏|匡治|唯治|忠春|忠晴|忠治|忠温|忠美|正春|正治|正知|直治|直温	given-name-dictionary
つねのぶ	典伸|常信|常宣|常暢|常靖|庸信|庸靖|庸順|恒信|恒喜|恒延|恒暢|恒靖	given-name-dictionary
てつぞう	哲三|哲蔵|哲象|哲造|徹三|徹蔵|轍三|鉄三|鉄蔵|鉄造|銕三|銕蔵|鐵藏	given-name-dictionary
てつよし	哲吉|哲嘉|哲好|哲是|哲次|哲由|哲睦|哲美|哲義|哲良|徹吉|鉄吉|鉄義	given-name-dictionary
てるしげ	光成|昭成|晃茂|暉茂|栄滋|照成|照茂|照重|輝成|輝栄|輝繁|輝薫|輝重	given-name-dictionary
ときひこ	世彦|冬樹彦|凱彦|刻彦|十紀彦|季彦|宙彦|斉彦|時彦|期彦|登喜彦|説彦|辰彦	given-name-dictionary
とししげ	俊成|俊茂|俊重|利成|利茂|利重|寿成|寿重|年重|敏成|敏茂|稔茂|鋭成	given-name-dictionary
としただ	俊任|俊公|俊匡|俊忠|利唯|利忠|利正|敏只|敏唯|敏忠|敏董|稔直|聡祥	given-name-dictionary
とよあき	十四秋|東洋昭|登世秋|豊哲|豊彰|豊明|豊昭|豊晃|豊晶|豊朗|豊秋|豊章|豊顕	given-name-dictionary
とよひろ	登世宏|豊博|豊啓|豊大|豊宏|豊寛|豊広|豊廣|豊弘|豊泰|豊洋|豊浩|豊裕	given-name-dictionary
ながとし	永俊|永利|永寿|永年|永敏|良鋭|長俊|長利|長寿|長年|長敏|長稔|長紀	given-name-dictionary
のぶとも	伸友|伸智|伸朋|伸知|信典|信友|信智|信朝|信知|展友|庸寛|延僚|延友	given-name-dictionary
のりきよ	伯挙|典清|則清|憲清|憲精|教聖|稔恭|範清|義清|規清|規精|訓清|道清	given-name-dictionary
ひさつぐ	久二|久嗣|久次|久継|久貢|九二|寿次|寿継|尚嗣|尚次|弥嗣|恒次|藤嗣	given-name-dictionary
ひろたつ	博達|宏達|寛竜|寛達|広起|広達|広龍|弘達|比呂達|洋達|洋龍|浩起|裕達	given-name-dictionary
ふみひこ	二三彦|典比古|史彦|史日呼|史比古|奎彦|富美彦|文彦|文比古|文美士|章彦|記彦|郁彦	given-name-dictionary
まさいち	倭一|将一|政一|政市|昌一|柾一|正一|正市|満佐一|眞一|真佐一|雅一|雅市	given-name-dictionary
もとすけ	元亮|元佑|元助|元祐|元資|基介|基佑|基典|基祐|基輔|素介|素助|素輔	given-name-dictionary
やすなが	保永|保長|和永|安良|康永|康長|恭永|恭長|泰永|泰長|能永|靖永|靖長	given-name-dictionary
ようきち	傭佶|容吉|庸吉|暘吉|洋吉|溶吉|用吉|羊吉|葉吉|要|要吉|陽吉|養吉	given-name-dictionary
よしかた	善容|喜方|美方|義剛|義堅|義方|義象|義賢|能交|良堅|良方|良賢|芳賢	given-name-dictionary
よしさと	佳郷|吉里|善悟|嘉束|慶悟|美郷|義理|義達|義郷|義里|能達|良達|良郷	given-name-dictionary
よりゆき	依幸|和志|帰之|歸之|温順|自行|順之|順行|頼|頼之|頼幸|頼徸|頼行	given-name-dictionary
らいぞう	來三|来三|来蔵|来造|磊三|磊蔵|礼三|賚蔵|造|雷蔵|雷造|頼三|頼造	given-name-dictionary
あきじろう	明二郎|明次郎|明治郎|昭二郎|昭次郎|昭治郎|晃次郎|晃爾郎|暁次朗|秋次郎|秋治郎|章次郎|顕治郎	given-name-dictionary
いちたろう	一多朗|一多郎|一太朗|一太郎|壱多朗|壱多郎|壱太朗|壱太郎|市多朗|市多郎|市太朗|市太郎|逸太郎	given-name-dictionary
かいちろう	佳一朗|佳一郎|加一郎|可一郎|嘉一朗|嘉一郎|嘉壱朗|嘉壱郎|嘉市朗|嘉市郎|歌一郎|賀一郎|香一郎	given-name-dictionary
くにたろう	国多朗|国多郎|国太朗|国太郎|國多朗|國多郎|國太朗|國太郎|邦多朗|邦多郎|邦太朗|邦太郎|都太郎	given-name-dictionary
たくじろう	卓二郎|卓次郎|卓治郎|宅二郎|宅次郎|拓二郎|拓司朗|拓次郎|拓治郎|沢次郎|琢二朗|琢次郎|鐸次郎	given-name-dictionary
ろくのすけ	六之丞|六之介|六之佑|六之助|六之祐|六之輔|緑之丞|緑之介|緑之佑|緑之助|緑之祐|緑之輔|録之助	given-name-dictionary
じゅんたろう	准太郎|恂太郎|惇太郎|淳太郎|準太郎|潤多郎|潤太郎|純太郎|諄太郎|醇太郎|隼太郎|順太朗|順太郎	given-name-dictionary
りゅうたろう	柳太朗|柳太郎|毓太郎|立太郎|竜太朗|竜太郎|鉚太郎|隆大朗|隆太|隆太朗|隆太郎|龍太朗|龍太郎	given-name-dictionary
いか	以果|伊佳|伊夏|伊歌|伊華|伊香|依樺|衣佳|衣夏|衣歌|衣華|衣香	given-name-dictionary
いり	いり|井莉|伊利|伊理|伊里|位里|依俐|依里|偉里|猪利|衣梨|衣里	given-name-dictionary
がく	学|學|岳|岳久|峩休|楽|画句|覚|賀久|賀句|雅久|雅句	given-name-dictionary
しい	しい|偲衣|心衣|志|志依|椎|海|紫伊|紫依|紫衣|詩衣|雌依	given-name-dictionary
たい	たい|タイ|代衣|多以|多衣|太|妙衣|岱|泰|耐|諦|隶	given-name-dictionary
たま	たま|タマ|多摩|多満|多真|多麻|太満|玉|珠|珠玉|球|霊	given-name-dictionary
つね	つね|ツネ|ツ子|ツ祢|凡|常|彜|彝|恒|津禰|経|經	given-name-dictionary
てる	てる|テル|光|映|昭|晃|暉|照|瑛|耀|華|輝	given-name-dictionary
とこ	とこ|十誇|堵娘|斗湖|杜子|棟子|登子|途子|都古|都子|都湖|鳥湖	given-name-dictionary
とむ	とむ|トム|十六|十夢|叶夢|吐夢|吐無|徒夢|斗夢|渡夢|登夢|都夢	given-name-dictionary
のん	のん|ノン|乃音|夢|希音|暖|暖音|暢|望音|無|穏|音	given-name-dictionary
ろか	呂嘉|呂夏|炉夏|盧花|蕗花|蘆火|蘆花|路可|路夏|路花|路風|路香	given-name-dictionary
あいと	あいと|愛人|愛冬|愛和|愛徒|愛斗|愛永|愛都|愛音|曖斗|碧人|藍人	given-name-dictionary
あおき	碧樹|碧生|碧起|葵来|蒼希|蒼来|蒼輝|藍生|青紀|青葵|青記|青鷺	given-name-dictionary
あかる	あかる|安加流|挙|明|明日瑠|明琉|明瑠|晶琉|暁琉|灯琉|灯留|耀	given-name-dictionary
あきつ	あきつ|亜希津|安芸津|愛桔|明津|明都|昭津|晶津|暁都|杏都|秋妃津|秋津	given-name-dictionary
あゆめ	あゆ瞳|亜夢|亞憂女|彩夢|愛結夢|明夢|歩夢|歩女|歩明|歩眸|歩瞳|歩芽	given-name-dictionary
あらん	あらん|アラン|亜嵐|亜藍|亜蘭|亞卵|和蘭|安蘭|愛桜|愛藍|愛蘭|阿蘭	given-name-dictionary
あると	あると|亜留人|亜留兎|亜留斗|愛琉妬|愛瑠都|有人|有斗|有留斗|有都|有音|歩登	given-name-dictionary
いあん	以杏|伊安|伊杏|依杏|偉杏|唯杏|威杏|惟安|維安|維行|衣杏|韋庵	given-name-dictionary
いくじ	以九士|幾次|猪久次|育二|育次|育治|育路|郁之|郁二|郁司|郁嗣|郁治	given-name-dictionary
いくは	幾巴|幾羽|幾葉|生羽|生葉|的|育巴|育羽|育葉|郁巴|郁羽|郁葉	given-name-dictionary
いくり	伊久利|伊久李|伊久梨|伊久璃|伊久莉|伊久里|育理|育里|至里|郁吏|郁李|郁里	given-name-dictionary
いそみ	いそみ|いそ実|いそ美|五十三|五十実|五十海|五十美|五十見|勤美|磯実|磯美|磯貝	given-name-dictionary
いちよ	いちよ|イチ代|一世|一代|一千代|一千陽|一葉|伊智代|壱世|委千代|市世|市代	given-name-dictionary
いとな	いとな|一刀菜|伊十奈|愛夏|愛女|糸奈|糸菜|絃名|絃奈|絃菜|絃那|衣都奈	given-name-dictionary
うしお	うしお|丑生|丑雄|有司男|有志生|汐|海潮|潮|潮生|牛大|牛夫|牛郎	given-name-dictionary
えりほ	えりほ|えり穂|恵理穂|慧里保|枝理帆|永理穂|江里歩|絵梨穂|絵里穂|英里帆|英里穂|衿帆	given-name-dictionary
おとめ	おとめ|乙|乙女|乙姫|乙瞳|娘子|嬢|於斗女|桜桃萌|桜都芽|音女|音芽	given-name-dictionary
かつの	かつの|カツノ|佳つ乃|佳津乃|克乃|克之|勝乃|勝之|活乃|活之|葛乃|賀津乃	given-name-dictionary
かつら	かつら|優来|克羅|克良|勝良|挂|桂|桂子|葛|藤|香都羅|鬘	given-name-dictionary
かづお	一夫|一生|一男|一雄|佳津夫|佳津男|加津夫|加津男|和央|和男|嘉津生|賀津雄	given-name-dictionary
かなう	かなう|佳菜生|加菜侑|協|叶|叶夢|叶有|叶歌|哉憂|奏|奏羽|歌奈侑	given-name-dictionary
かほみ	かほみ|佳歩美|佳甫美|加邦美|可保巳|果歩実|果歩美|花穂実|花穂美|香保美|香穂実|香穂美	given-name-dictionary
かよえ	佳与恵|佳世枝|佳代恵|佳代枝|佳代江|加代江|加文枝|夏与衣|賀世枝|通恵|香代枝|香余枝	given-name-dictionary
かんと	冠人|勘人|完人|完途|寛人|幹人|敢人|歓土|甲人|貫人|貫登|閑人	given-name-dictionary
きえみ	喜恵美|希依美|希恵美|希笑|希衣実|希衣美|紀恵実|紀恵美|紀栄美|貴恵実|貴恵美|貴栄美	given-name-dictionary
きさと	妃里|姫里|嬉里|季里|希怜|希里|恭里|樹里|紀里|起里|輝怜|輝里	given-name-dictionary
きしん	其シン|吉心|喜信|喜心|希晋|帰心|紀信|葵深|貴信|貴真|輝心|輝鎮	given-name-dictionary
きぬか	紗佳|絹佳|絹加|絹奏|絹歌|絹華|絹香|衣伽|衣夏|衣花|衣華|衣香	given-name-dictionary
くまお	久万男|久摩男|久満男|久満雄|久真男|久磨雄|熊夫|熊生|熊男|熊郎|熊雄|隈雄	given-name-dictionary
こうが	光峨|光我|光牙|光雅|幸雅|昂河|洸雅|皇雅|篁娥|虎雄|高雅|黄河	given-name-dictionary
こだま	こだま|コダマ|児珠|呼多馬|小珠|幸玉|木精|樹神|樹精|湖球|韻|鼓珠	given-name-dictionary
こまち	こまち|コマチ|小万知|小京|小町|小真知|小茉知|小街|小麻知|希愛智|心町|瑚真智	given-name-dictionary
さくお	佐久男|佐久雄|作夫|作男|作雄|朔夫|朔生|朔男|朔郎|朔雄|策夫|策雄	given-name-dictionary
さちの	さちの|さち乃|佐智乃|佐知乃|幸乃|幸千乃|幸望|幸野|早千乃|祥乃|紗千乃|紗智乃	given-name-dictionary
しづる	司鶴|四鶴|姿津留|志弦|志鶴|思鶴|梓鶴|秋弦|紫弦|紫鶴|詩鶴|静鶴	given-name-dictionary
しのこ	シノ子|伎能子|史乃子|志乃子|志能子|志野子|矢乃子|篠子|紫乃子|紫野子|詩能子|詩野子	given-name-dictionary
しのん	しのん|幸穏|心暖|心温|栞暖|椎暖|汐音|紫暖|紫音|詩乃音|詩暖|詩音	given-name-dictionary
しゅな	しゅな|朱南|朱夏|朱奈|朱菜|朱那|朱雫|柊奈|珠七|珠夏|珠奈|珠菜	given-name-dictionary
じゅか	十架|寿佳|寿夏|寿花|寿華|朱架|樹花|樹華|樹香|珠伽|珠佳|珠歌	given-name-dictionary
すずり	すずり|寿々璃|朱々璃|朱珠琳|涼梨|涼莉|涼里|涼鈴|硯|素津里|鈴李|鈴梨	given-name-dictionary
すなみ	すなみ|周南|寿奈実|寿奈美|崇波|沙海|砂実|砂美|素直|須奈実|須奈美|須波	given-name-dictionary
すみな	住奈|寿美奈|淑和|淑奈|澄奈|澄水|澄菜|澄那|純奈|純菜|菫|菫花	given-name-dictionary
せりあ	世梨愛|世璃愛|世莉亜|千莉杏|星愛|星璃亜|瀬吏亜|瀬梨亜|紗璃亜|聖理亜|芹亜|芹愛	given-name-dictionary
そらみ	そらみ|そら美|天望|天真|天茉|宇宙実|空光|空実|空泉|空海|空美|空見	given-name-dictionary
たつよ	たつ代|タツヨ|多津代|建代|立世|立代|竜世|竜代|辰代|逹代|達世|達代	given-name-dictionary
たよこ	タヨコ|タヨ子|多世子|多予子|多代子|太余子|太容子|太陽子|泰代子|田代子|胤庸子|賀洋子	given-name-dictionary
ちかい	千穎|千貝|小貝|慈生|智改|智海|盟|矢|知海|茅加以|血歌意|誓	given-name-dictionary
ちずよ	千寿世|千寿代|千津世|千津代|千珠代|千都代|千鶴代|智寿代|智津代|智都世|知津代|知通代	given-name-dictionary
ちゆみ	ちゆみ|ちゆ実|千優美|千弓|千由実|千由美|千由見|智優美|智弓|智由実|知弓|稚弓	given-name-dictionary
つねじ	典二|常二|常司|常次|常治|恒二|恒司|恒次|恒治|恒爾|毎二|毎治	given-name-dictionary
つねや	典也|常也|常哉|常弥|平也|庸也|庸弥|庸矢|恒也|恒哉|恒弥|毎也	given-name-dictionary
てまり	てまり|テマリ|天万理|天万里|天真理|天真里|天茉理|天鞠|天麻理|帝珠里|手毬|手鞠	given-name-dictionary
てんし	典紫|天使|天士|天子|天志|天思|天翔|天詩|展志|心|槙至|沾之	given-name-dictionary
ときじ	十紀二|外喜治|斗鬼次|時二|時司|時次|時治|時示|登喜二|登喜次|登喜治|鴇慈	given-name-dictionary
とみじ	冨治|刀水士|十三二|富二|富司|富持|富次|富治|富而|寛爾|登美次|都美次	given-name-dictionary
ともは	共葉|友波|友羽|友葉|巴葉|智巴|智羽|智葉|朋葉|朝葉|知羽|知葉	given-name-dictionary
ともほ	伴帆|友保|友帆|友穂|智帆|智穂|朋保|朋帆|朋歩|朋穂|朝穂|知帆	given-name-dictionary
とよお	兎代夫|十代男|外余男|東洋夫|東洋男|豊大|豊夫|豊生|豊男|豊稔|豊郎|豊雄	given-name-dictionary
なかお	中夫|中央|仲夫|仲男|仲雄|務夫|名香雄|央生|悠郎|菜香生|那加夫|那華雄	given-name-dictionary
なゆき	名雪|夏雪|奈夢希|奈幸|奈由紀|奈雪|楠幸|茄雪|菜幸|菜雪|那倖|那雪	given-name-dictionary
ののみ	ののみ|乃々実|乃々美|暖海|望々実|望々美|望乃実|望乃海|望和実|野々実|野々美|野乃美	given-name-dictionary
はやか	はやか|早佳|早加|早可|早夏|早華|早香|葉也加|躍華|迅香|速香|颯花	given-name-dictionary
はれい	ハレイ|晴依|晴衣|波澪|波麗|羽礼|羽鈴|羽麗|葉怜|葉玲|葉鈴|葉麗	given-name-dictionary
ひさな	久奈|久菜|久那|央奈|寿奈|寿那|尚凪|尚南|尚菜|恒那|桐那|緋真	given-name-dictionary
ひとき	一樹|仁基|仁希|仁樹|仁祈|仁稀|仁紀|仁規|仁貴|仁輝|被僮祁|飛土己	given-name-dictionary
ふくお	二九雄|冨久雄|副夫|富久男|富久雄|復男|福夫|福生|福男|福緒|福郎|福雄	given-name-dictionary
ふとし	大|大嗣|大士|大志|太|太史|太司|太嗣|太士|太志|太紫|風冬志	given-name-dictionary
ほうか	ほうか|匏瓜|宝花|宝華|宝霞|宝香|朋香|法華|芳華|芳香|邦佳|鳳花	given-name-dictionary
ほしみ	ほしみ|保志実|保志美|帆志美|星光|星実|星未|星海|星満|星美|星見|星魅	given-name-dictionary
まいの	まいの|まい乃|万衣乃|真唯乃|真衣乃|舞乃|舞紀|舞衣乃|苺乃|茉衣乃|麻依乃|麻衣乃	given-name-dictionary
まきと	槇人|槙人|牧人|眞貴人|真希人|真樹人|真生人|真規人|真記人|真輝人|蒔人|薪人	given-name-dictionary
まよみ	万世実|万葉実|万葉美|真世実|真世巳|真代美|真由美|茉世実|魔世魅|魔女魂|魔女魅|麻世実	given-name-dictionary
みちと	三千人|充人|充登|典人|理人|芳人|行人|路人|通人|道人|道夫|道登	given-name-dictionary
めばえ	めばえ|夢羽笑|瞳映|芽ばえ|芽映|芽生|芽生恵|芽葉笑|萌|萌恵|萌愛|萌映	given-name-dictionary
もとい	もとい|元|元日|基|基衣|宗|幹|心衣|礎|素|統|道	given-name-dictionary
やえか	ヤエカ|八枝佳|八英佳|八重佳|八重花|八重香|夜娃華|夜映火|夜絵華|弥恵花|弥恵香|弥栄嘉	given-name-dictionary
ゆづる	ゆづる|優鶴|唯弦|夕鶴|弓弦|弓敦|由鶴|祐鶴|禅|穣|結弦|譲	given-name-dictionary
りえか	りえか|利恵香|利江香|利絵佳|梨江加|理恵佳|理恵香|理永佳|莉絵華|里恵香|里絵馨|里英佳	given-name-dictionary
りみこ	りみ子|利実子|利美子|梨美子|理実子|理美子|璃都子|莉美子|里実子|里未子|里末子|里美子	given-name-dictionary
るみね	るみ音|ルミネ|流水音|流美音|琉実音|琉未音|瑠実音|瑠嶺|瑠美音|留実音|留美根|留美音	given-name-dictionary
るりは	るりは|るり巴|るり葉|月瑠波|流理葉|琉羽|瑠璃羽|瑠璃葉|瑠璃覇|瑠里羽|留梨葉|留莉巴	given-name-dictionary
れんか	れんか|廉窩|廉花|怜花|恋佳|恋歌|恋花|恋華|恋香|蓮佳|蓮花|蓮華	given-name-dictionary
あきたけ	彰威|彰武|明丈|明毅|昭丈|昭健|昭武|暁丈|暁威|暁岳|秋武|陽武	given-name-dictionary
あやのり	恵徳|文憲|文教|文紀|文規|理仁|理教|礼徳|礼智|絢則|綾則|郁恭	given-name-dictionary
かくぞう	嘉久蔵|格三|確三|稼久蔵|蔵|覚三|覚蔵|覚造|角三|角蔵|角造|香久三	given-name-dictionary
かずすけ	一介|一典|一祐|一輔|和介|和佐|和佑|和典|和助|和祐|和輔|師輔	given-name-dictionary
かずてる	一光|一央|一昭|一晃|一照|一輝|万輝|和光|和晃|和照|和輝|数輝	given-name-dictionary
きみひこ	乾彦|仁彦|侯彦|公彦|公比古|君彦|喜巳彦|喜美彦|基巳彦|正彦|王彦|貴美彦	given-name-dictionary
さきょう	佐京|佐強|冴京|左京|左卿|彩響|沙京|沙響|相京|砂郷|紗響|茶郷	given-name-dictionary
じゅんり	准莉|惇梨|淳李|淳理|淳里|潤凜|純梨|純理|純璃|純里|隼凜|順理	given-name-dictionary
じんいち	人一|仁一|仁市|任一|任市|刃一|尋一|甚一|甚市|神一|陣一|靭一	given-name-dictionary
ぜんこう	全功|全孝|全宏|全幸|全康|全弘|前光|善光|善幸|善弘|善興|善行	given-name-dictionary
たかおき	卓興|喬興|孝興|宇宙|尚興|崇起|敬隆|貴設|賢典|隆沖|隆興|隆起	given-name-dictionary
たけかず	丈一|丈和|兵一|剛一|剛和|威和|岳一|岳和|武一|武和|竹和|豪和	given-name-dictionary
ただひと	凡人|只仁|唯一|唯人|唯仁|律仁|忠人|忠仁|忠臣|理公|直人|賢仁	given-name-dictionary
たつなり	建成|樹也|竜成|起成|辰成|辰斉|辰生|達也|達姿|達成|達生|龍成	given-name-dictionary
とくぞう	十九三|富久造|得三|得蔵|徳三|徳蔵|徳造|悳三|督三|篤三|篤蔵|篤造	given-name-dictionary
としいち	俊一|利一|利市|壽一|寿一|年一|敏一|敏市|智一|歳一|稔一|紀一	given-name-dictionary
としてる	俊光|俊輝|利晃|利照|寿光|寿照|敏昭|敏照|敏輝|暁輝|稔光|紀彰	given-name-dictionary
ともいち	伴一|供一|共一|友一|友市|外茂一|寅一|智一|朋一|朝一|知一|鵬一	given-name-dictionary
なおしげ	尚繁|尚茂|有重|直成|直林|直栄|直樹|直滋|直繁|直茂|直重|直鎮	given-name-dictionary
のぶつぐ	伸次|信嗣|信次|信継|信続|修嗣|宣嗣|宣次|展次|悦嗣|整継|統次	given-name-dictionary
のぶなり	伸成|信也|信克|信孝|信成|信斉|修也|宣成|常雅|敦也|誠也|陽成	given-name-dictionary
のぶのり	伸典|伸徳|伸矩|信則|信徳|信意|信模|信範|信紀|喜徳|宣法|宣紀	given-name-dictionary
はるみつ	春三|春充|春光|春満|晴充|晴光|東光|治充|治光|陽充|陽光|陽弘	given-name-dictionary
ひろかた	博賢|大準|宏功|宏器|宏方|宏賢|尋方|弘容|弘賢|洋方|浩方|裕方	given-name-dictionary
ひろつね	博実|博庸|博恒|博経|大雅|宏恒|寛恒|尋常|弘庸|弘識|洋恒|浩庸	given-name-dictionary
ふみまさ	史勝|史匡|史将|史征|史昌|史雅|文将|文政|文昌|文正|文雅|章雅	given-name-dictionary
まさきよ	将清|政清|政潔|政養|昌聖|正恭|正浄|正清|正潔|正舜|真聖|雅清	given-name-dictionary
まさぶみ	勝文|将文|政史|方志|昌史|昌文|正史|正文|真史|真文|雅文|雅章	given-name-dictionary
みきひこ	三喜彦|三樹彦|三紀彦|三貴彦|幹彦|幹比古|未来彦|樹彦|美樹彦|美紀彦|美貴彦|美輝彦	given-name-dictionary
みちすけ	三知輔|典佑|満亮|路祐|迪助|通介|通祐|通資|道介|道助|道輔|陸祐	given-name-dictionary
もとしげ	元成|元滋|元繁|元茂|元重|初繁|基成|基茂|基重|本蕃|源重|素重	given-name-dictionary
もとひさ	元久|元寿|元尚|基久|基央|幹久|智久|智央|源久|礎久|素久|誠寿	given-name-dictionary
もりまさ	司理|守優|守将|守政|守正|守真|守雅|盛政|盛昌|盛正|盛真|盛誠	given-name-dictionary
やすつぐ	保嗣|保次|安嗣|安次|康嗣|康次|康継|恭嗣|泰嗣|泰承|泰次|靖嗣	given-name-dictionary
よしおみ	佳臣|吉臣|善臣|嘉臣|淑臣|祥臣|美臣|義臣|能臣|良臣|芳臣|賀臣	given-name-dictionary
よしたみ	偉民|叔民|吉民|喜民|好民|宜民|慶民|義民|能民|良民|良臣|芳民	given-name-dictionary
よしむね	可宗|吉宗|嘉宗|慶宗|由宗|益宗|祥宗|美宗|義宗|良宗|良致|芳宗	given-name-dictionary
れんぞう	廉三|廉蔵|廉造|漣造|練三|練造|蓮三|蓮蔵|連三|連蔵|錬三|錬造	given-name-dictionary
あさたろう	朝多朗|朝多郎|朝太朗|朝太郎|浅多朗|浅多郎|浅太朗|浅太郎|麻多朗|麻多郎|麻太朗|麻太郎	given-name-dictionary
えつじろう	悦二朗|悦二郎|悦仁郎|悦次朗|悦次郎|悦治郎|悦赦|越二朗|越二郎|越次朗|越次郎|越赦	given-name-dictionary
げんしろう	儼四郎|元史朗|元史郎|元四郎|厳志郎|弦四朗|彦四郎|源司郎|源四郎|源次郎|玄士郎|現四郎	given-name-dictionary
こうりゅう	光隆|光龍|公隆|功龍|厚隆|宏隆|康隆|晃隆|興隆|蛟龍|香流|香龍	given-name-dictionary
さんのすけ	三ノ助|三之丞|三之亮|三之介|三之佑|三之助|三之甫|三之祐|三之輔|参之助|算之介|釤之助	given-name-dictionary
しゅんさく	俊佐久|俊作|俊策|俊索|峻作|春作|瞬作|竣策|舜作|舜策|駿作|駿策	given-name-dictionary
じゅうぞう	充三|十三|十蔵|十造|寿蔵|戎三|拾三|重三|重蔵|重藏|重造|銃三	given-name-dictionary
たいじろう	大二郎|大志郎|大次郎|大治郎|太二郎|太治郎|岱二郎|泰二郎|泰次郎|泰治郎|泰赦|退二郎	given-name-dictionary
たいちろう	多一郎|多市郎|大一郎|大智郎|大知郎|太一朗|太一郎|太地郎|太市郎|汰一郎|泰一朗|泰一郎	given-name-dictionary
たけのすけ	丈之助|健之亮|健之助|岳之助|岳之輔|武之亮|武之介|武之助|武之祐|武之輔|竹之介|竹之助	given-name-dictionary
たつのすけ	巳之助|竜之介|竜之助|辰之介|辰之助|辰之輔|達之介|達之助|達之輔|龍之丞|龍之介|龍之助	given-name-dictionary
とくじろう	得二郎|得次郎|得爾郎|徳二郎|徳次良|徳次郎|徳治郎|徳赦|悳次郎|篤二郎|篤次郎|篤治郎	given-name-dictionary
とみじろう	冨次郎|冨治朗|冨治郎|富二朗|富二郎|富司郎|富次良|富次郎|富治朗|富治郎|富赦|寛治郎	given-name-dictionary
ますじろう	倍次郎|増二郎|増次良|増次郎|増治郎|桝次郎|満寿次郎|満寿治郎|益二郎|益司郎|益次郎|益治郎	given-name-dictionary
みちのすけ	三千之助|三智之助|倫之介|満之介|満之助|通之介|通之助|運之助|道之介|道之佑|道之助|道之輔	given-name-dictionary
こうはちろう	光八郎|公八郎|孔八郎|幸八郎|広八郎|康八郎|浩八郎|甲八郎|紘八朗|紘八郎|耕八朗|耕八郎	given-name-dictionary
ぜんいちろう	全一朗|全一郎|全壱朗|全壱郎|全市朗|全市郎|善一朗|善一郎|善壱朗|善壱郎|善市朗|善市郎	given-name-dictionary
そうざぶろう	住囲|僧三郎|壮三郎|宗三良|宗三郎|惣三郎|相三郎|綜三郎|総三郎|聡三郎|荘三郎|鎗三郎	given-name-dictionary
ちょうじろう	丁卯次郎|朝次郎|肇二郎|蝶二郎|蝶次郎|趙二郎|重次郎|長久郎|長二郎|長次郎|長治郎|長赦	given-name-dictionary
あづ	あづ|亜津|亜都|亜鶴|安津|愛津|愛都|杏津|杏都|純|阿津	given-name-dictionary
いな	イナ|以奈|伊奈|伊那|位奈|依奈|偉奈|意菜|異奈|維娜|衣那	given-name-dictionary
うき	うき|優希|右喜|宇希|宇紀|有希|有貴|梅来|歌姫|生紀|羽季	given-name-dictionary
くり	くり|久利|久梨|久理|久莉|久里|九里|公里|栗|紅理|駒梨	given-name-dictionary
しあ	しあ|史愛|史有|幸愛|志亜|思亜|月愛|紫亜|紫明|自開|詩愛	given-name-dictionary
しよ	シヨ|之与|召葉|四与|志代|志容|祉世|紫代|紫誉|紫陽|至代	given-name-dictionary
たつ	たつ|タツ|健|多津|建|立|竜|起|辰|達|龍	given-name-dictionary
てつ	てつ|て津|テツ|哲|因徹|徹|撤|軼|轍|鉄|鐵	given-name-dictionary
にか	にか|二力|二加|二華|二香|仁佳|仁加|仁可|仁架|仁香|日花	given-name-dictionary
まあ	万愛|万阿|真亜|真愛|真阿|茉亜|茉阿|魔吾|麻亜|麻愛|麻阿	given-name-dictionary
まど	マド|万努|万土|真努|真土|真都|窓|茉努|茉土|麻努|麻土	given-name-dictionary
らみ	来未|楽実|羅実|羅海|羅美|羅魅|良実|蘭未|蘭生|蘭美|螺深	given-name-dictionary
あいじ	あい志|哀而|愛二|愛児|愛司|愛嗣|愛士|愛慈|愛次|愛治|逢路	given-name-dictionary
あけの	あけの|あけ乃|あけ野|南野|明乃|明能|明野|暁乃|暁野|朱乃|朱野	given-name-dictionary
あすえ	あす江|亜州恵|亜州枝|亜州江|亜州絵|安須枝|安須江|安須絵|明日恵|明日枝|明日江	given-name-dictionary
あたか	あたか|亜啓|愛香|暖日|暖香|能佳|能加|能夏|能歌|能華|阿高	given-name-dictionary
あゆほ	亜夕帆|亜由保|娃優歩|愛柚帆|愛由帆|愛祐歩|有柚歩|歩保|歩星|歩歩|歩穂	given-name-dictionary
あるみ	あるみ|アルミ|亜留実|亜留美|在美|安留実|安留美|有実|有海|有美|歩留美	given-name-dictionary
いくと	征人|生人|生仁|生登|育人|育土|育都|良音|行人|郁人|郁登	given-name-dictionary
いすけ	井介|亥介|亥祐|亥輔|伊亮|伊介|伊佑|伊助|猪介|維介|衣介	given-name-dictionary
いずほ	いずほ|伊端穂|出保|出峰|出帆|出歩|出甫|出穂|厳穂|泉帆|泉穂	given-name-dictionary
いちの	いちの|いち乃|イチノ|一乃|一千乃|一知乃|伊稚乃|市之|市芽乃|逸乃|逸野	given-name-dictionary
いとは	糸巴|糸羽|糸葉|純葉|絃巴|絃羽|絃葉|綸巴|綸羽|綸葉|緒羽	given-name-dictionary
いとよ	いとよ|イトヨ|弦世|愛代|糸世|糸代|絃世|絃予|絃代|綸世|綸代	given-name-dictionary
いより	いより|伊由|伊頼|依夜里|依里|偉与|唯愛|弥璃|糸依|衣世梨|衣由	given-name-dictionary
いわみ	いわみ|以和美|厳実|厳美|岩実|岩巳|岩弥|岩美|巌実|巌美|巖美	given-name-dictionary
えいな	会衣菜|映奈|永奈|瑛南|瑛奈|瑛菜|絵渚|英奈|英茄|英菜|詠菜	given-name-dictionary
おきこ	寛妃子|恩嬉子|於希子|於気子|桜妃子|気子|沖子|置子|興子|起子|阿嬉子	given-name-dictionary
かいや	塊也|快哉|海也|海哉|海夜|海椰|海矢|海谷|絵弥|開野|魁也	given-name-dictionary
かつま	一真|克真|克磨|克馬|克麻|勝真|勝磨|勝馬|轄麻|雄万|雄眞	given-name-dictionary
かなお	向南|和|和央|奏桜|奏生|奏緒|金夫|金男|金郎|金雄|鹿名夫	given-name-dictionary
かのり	かのり|佳万理|佳乃理|佳宣|可典|嘉矩|果紀|花乃理|香乃凜|香乃莉|香紀	given-name-dictionary
かゆう	佳佑|佳優|佳夕|佳遊|嘉優|嘉夕|夏夕|歌夕|花遊|華邑|香裕	given-name-dictionary
からん	からん|カラン|佳藍|佳蘭|匂蘭|夏蘭|果藍|架蘭|火藍|花蘭|華蘭	given-name-dictionary
きくか	キクカ|喜久香|希久香|掬花|掬華|暉久佳|菊久香|菊花|菊香|菊鹿|貴久香	given-name-dictionary
きづき	喜月|姫月|希月|揮月|樹月|築|紀月|綺月|綺槻|葵月|騎月	given-name-dictionary
きんご	均吾|欣吾|欽吾|謹吾|謹悟|金五|金吾|金悟|錦五|錦吾|錦悟	given-name-dictionary
くみお	与夫|久三男|久実男|久己男|久美夫|久美男|久美雄|九三夫|党夫|公美雄|組雄	given-name-dictionary
くめこ	くめ子|クメ子|久女子|久米子|九女子|玖梅子|玖芽子|矩芽子|粂子|紅梅子|薫梅子	given-name-dictionary
けいほ	京穂|勁穂|啓穂|啓補|慧歩|敬歩|敬甫|桂歩|渓歩|蛍帆|蛍火	given-name-dictionary
げんご	元吾|厳吾|幻吾|弦吾|彦吾|源五|源吾|源悟|玄悟|研五|言悟	given-name-dictionary
ごいち	五一|五市|伍一|伍市|吾一|吾市|後一|悟一|梧一|牛一|護一	given-name-dictionary
ごうじ	剛二|剛児|剛司|剛嗣|剛志|剛次|剛治|剛爾|強次|豪司|郷地	given-name-dictionary
さあら	咲愛来|彩愛紗|彩愛良|早亜羅|更愛紗|沙亜来|沙亜羅|沙亜良|紗亜羅|紗新|莎彰	given-name-dictionary
さだじ	完次|定二|定司|定次|定治|定爾|禎二|貞二|貞司|貞次|貞治	given-name-dictionary
さとね	慧音|智音|桜都音|玲音|紗戸音|紗都音|紗音流|紗音琉|聡音|里寧|里音	given-name-dictionary
さとほ	幸登穂|怜歩|恵歩|恵音歩|敏帆|聖星|聡保|聡帆|賢穂|里帆|里穂	given-name-dictionary
さみか	咲実花|彩美佳|彩美加|彩美花|彩見花|早実香|早美香|沙水香|爽美香|茶実歌|茶美歌	given-name-dictionary
さゆな	咲夢奈|咲夢菜|咲結|小由奈|彩結菜|早優菜|早唯奈|沙由菜|紗優奈|紗柚那|紗由奈	given-name-dictionary
さんご	さんご|三伍|三梧|参伍|燦瑚|燦胡|珊瑚|瑚|産湖|碧|賛后	given-name-dictionary
しあん	シアン|四杏|志杏|志案|思案|梓杏|祇杏|祥|紫安|詩庵|詩杏	given-name-dictionary
しおか	姿於加|姿緒果|志織香|汐佳|汐夏|汐花|汐香|滋央花|潮夏|潮香|詩緒香	given-name-dictionary
しおね	志乙音|栞音|梓於音|椎緒音|汐寧|汐音|潮寧|潮音|矢麻檸|紙音|詩音	given-name-dictionary
しずや	志瑞也|鎭矢|鎮也|閑也|静也|静哉|静夜|静弥|静耶|靜哉|靜弥	given-name-dictionary
しづよ	しづよ|しづ代|シヅヨ|始主代|志づ世|志づ代|志津世|志津代|志都世|志都代|思津代	given-name-dictionary
しなの	しなの|しな乃|信な乃|信濃|倫乃|史奈乃|姿乃|志奈乃|志菜乃|科野|詩菜乃	given-name-dictionary
しのえ	しの江|信乃恵|忍枝|志乃江|志乃絵|志之江|志野恵|篠枝|篠江|紫野絵|詩乃江	given-name-dictionary
しんし	伸史|信之|信士|志無子|新史|申之|眞之|真之|真史|真志|真資	given-name-dictionary
しんみ	信美|心美|新実|新美|眞実|眞美|真美|芯美|辛未|進実|進美	given-name-dictionary
じんこ	じん子|ジン子|人子|仁子|刃子|壬子|尋子|甚子|神子|稔子|陣子	given-name-dictionary
すみの	寿実乃|寿美乃|朱示乃|淑乃|清乃|澄乃|珠美乃|純乃|純野|素美乃|須美乃	given-name-dictionary
すみほ	令実穂|寿実保|寿穂|寿美穂|澄帆|澄星|澄穂|純帆|純穂|須三帆|須弥圃	given-name-dictionary
すもも	すもも|寿桃|寿萌々|彗百|李|澄桃|澄桃萌|素桃|透桃|透百|雛桃	given-name-dictionary
せあら	せあら|世亜羅|世亜良|世新|姫微|星愛来|星愛良|星空|聖愛|聖愛良|聖愛蘭	given-name-dictionary
せつや	勢津也|摂也|摂弥|攝也|晢也|晢哉|節也|節哉|節弥|雪弥|雪耶	given-name-dictionary
せつよ	せつよ|世津代|勢津世|接代|摂世|施津ヨ|瀬都世|節世|節代|設津代|雪代	given-name-dictionary
そうき	奏喜|奏希|奏麒|宗喜|宗岐|宗輝|惣樹|総希|草樹|荘毅|颯希	given-name-dictionary
そうみ	創美|双美|奏美|崇生美|想海|早優美|湊美|蒼美|走美|霜生|颯海	given-name-dictionary
そにあ	ソニア|十二愛|双仁亜|姐爾亜|想丹亜|想仁亜|想尼雅|空仁愛|素仁亜|素仁愛|麻匠呼	given-name-dictionary
たみじ	多実二|多実路|多美次|多美路|民二|民司|民慈|民次|民治|民滋|蒼生二	given-name-dictionary
ちあこ	千亜子|千吾子|千愛子|千絢香|千阿子|智亜子|知亜子|知安子|知愛子|知暁子|知案子	given-name-dictionary
ちおこ	千生子|千穂子|千緒子|千魚子|地桜子|智丘子|智穂子|智緒子|直寛子|知央子|知生子	given-name-dictionary
ちはな	ちはな|千羽奈|千花|千英|千菊|千華|地花|小花|知花|稚花|茅華	given-name-dictionary
ちまこ	ちま子|千万子|千満子|千真子|千萬子|千雅子|千麻子|智満子|知眞子|知真子|知麻子	given-name-dictionary
ちよし	千代司|千代志|千佳|千儀|千喜|千宜|千禎|千義|千芳|智良|知芳	given-name-dictionary
つなお	卓生|是夫|津南雄|統夫|維夫|維郎|綱夫|綱生|綱男|綱雄|都南雄	given-name-dictionary
てるし	光志|昭士|晃士|照史|照司|照始|照詞|輝史|輝司|輝士|輝志	given-name-dictionary
てんか	天下|天夏|天架|天歌|天海|天花|天華|天駆|甜歌|甜花|甜香	given-name-dictionary
とよし	仁志|東洋士|登代志|豊史|豊司|豊吉|豊四|豊士|豊寿|豊志|豊糸	given-name-dictionary
なえみ	なえみ|ナエミ|奈江美|奈笑|生笑|苗美|菜枝実|菜枝美|菜笑|菜絵美|那恵未	given-name-dictionary
なかば	中|半|南香葉|央|央羽|央葉|奈可葉|奈香葉|斌|菜可羽|菜葉	given-name-dictionary
なつほ	なつほ|夏帆|夏星|夏歩|夏穂|奈月穂|奈津帆|奈津穂|捺帆|菜ツ穂|那津穂	given-name-dictionary
なみじ	七海路|並治|凡士|南海路|奈実路|奈巳路|奈美路|波路|浪二|浪治|浪路	given-name-dictionary
なゆた	なゆた|ナユタ|奈友多|奈由他|奈由多|奈由太|菜侑詩|那有多|那由他|那由多|那由太	given-name-dictionary
はるま	大真|春舞|春雅|春馬|晴眞|晴真|晴馬|治馬|玄摩|裕摩|遥真	given-name-dictionary
ひづき	一月|光月|妃月|姫月|日月|柊月|氷月|灯月|輝月|陽月|陽葵	given-name-dictionary
ひろは	大羽|容羽|尋羽|広羽|広葉|敬巴|泰葉|浩羽|祐羽|紘羽|裕葉	given-name-dictionary
へいじ	丙二|併治|兵次|兵治|平二|平司|平次|平治|平爾|炳治|秉司	given-name-dictionary
まかな	まかな|万叶|万奏|愛奏|真佳奈|真加奈|真叶|真奏|真愛|舞奏|麻愛	given-name-dictionary
みかぜ	光風|南風|実風|御風|海風|深風|珠風|美風|美香生|聖風|魅風	given-name-dictionary
みかほ	三香帆|妃華|実華保|実香保|実香穂|未佳帆|美佳穂|美加穂|美華保|美香保|美香穂	given-name-dictionary
みぎわ	みぎわ|右環|実儀和|実極|弥儀羽|汀|沙|渚|渚子|美儀和|美極	given-name-dictionary
みほか	光星花|実穂芽|実穂華|実穂香|望帆伽|美保加|美帆香|美朋香|美穂華|美穂香|見保香	given-name-dictionary
めもり	めもり|女萌梨|希萌|思出|愛守|瞳萌|芽森|芽茂里|芽萌|芽萌莉|芽萌里	given-name-dictionary
めりい	め里以|明里|米利依|芽李伊|芽李衣|芽梨以|芽理伊|芽理衣|芽里依|芽里唯|芽里衣	given-name-dictionary
もえり	桃衿|百衣璃|茂恵里|萌凛|萌利|萌枝李|萌梨|萌理|萌織|萌莉|萌里	given-name-dictionary
ももね	ももね|もも音|李音|杏音|桃寧|桃音|桜心|百希|百詩|百音|萌々音	given-name-dictionary
ゆずな	ゆずな|優沙|優津奈|悠瑞奈|柚七|柚名|柚奈|柚子奈|柚珠奈|柚菜|由寿奈	given-name-dictionary
ゆずは	ゆずは|夕鶴羽|愉子葉|有寿葉|柚子果|柚巴|柚月葉|柚羽|柚葉|譲葉|遜葉	given-name-dictionary
ゆみさ	佑実彩|侑実彩|優三幸|夕海沙|夢美咲|弓実彩|悠実彩|柚実彩|癒実唆|結実彩|結美咲	given-name-dictionary
ゆみの	ゆみ乃|佑美乃|優美乃|友美乃|弓乃|弓野|悠美乃|有美乃|由美乃|結美乃|裕美乃	given-name-dictionary
ゆみほ	優弥保|優美帆|優美穂|夕海帆|弓帆|弓穂|悠巳穂|悠未穂|由美穂|祐志穂|祐美帆	given-name-dictionary
ようた	庸太|揚太|暢大|洋太|瑶太|羊太|耀太|要太|遥太|陽大|陽太	given-name-dictionary
らんこ	らん子|ラン子|乱子|嵐子|欄子|爐子|爛子|藍子|蘭子|蘭幸|覧子	given-name-dictionary
りみか	りみ香|梨実花|梨実香|梨巳花|梨未香|梨美歌|梨美花|理美香|璃魅華|里実香|里美香	given-name-dictionary
れいさ	澪桜|澪紗|玲咲|玲早|玲沙|玲紗|玲衣沙|鈴紗|麗咲|麗沙|麗紗	given-name-dictionary
あきさと	彰聡|明伶|明哲|明聖|明聡|明達|昭郷|晃聡|晃郷|晃里|章里	given-name-dictionary
あやひと	史一|彩一|彩仁|操士|文一|文人|礼一|絢一|綺一|綾一|英仁	given-name-dictionary
いくぞう	亥久三|幾三|幾蔵|幾造|為久蔵|生三|育三|育蔵|育造|郁三|郁造	given-name-dictionary
いくのり	征則|生典|生則|生徳|生憲|育典|育徳|育憲|育法|育範|郁徳	given-name-dictionary
おさひこ	令彦|修彦|孟彦|治彦|統彦|綜彦|総彦|耕彦|長彦|雄彦|魁彦	given-name-dictionary
かつとも	且知|克友|克大|克智|克有|克朋|克知|勝伴|勝具|勝友|勝知	given-name-dictionary
かつはる	一治|克敏|克春|克晴|克治|克青|勝方|勝春|勝晴|勝治|捷治	given-name-dictionary
かつひで	克日出|克栄|克秀|克英|克豪|勝秀|勝英|勝豪|甲英|達英|雄秀	given-name-dictionary
かつやす	且康|克保|克安|克康|克晏|克泰|勝保|勝安|勝康|勝靖|雄康	given-name-dictionary
かつろう	且朗|佳津朗|佳都楼|克朗|克郎|勝巧|勝朗|勝郎|捷朗|捷郎|活郎	given-name-dictionary
かねのり	兼位|兼典|兼則|兼徳|兼紀|包則|謙宣|謙徳|金典|鐘典|鐘徳	given-name-dictionary
きよすけ	喜代助|巨典|晴亮|清亮|清介|清佐|清相|清資|清輔|紀世助|陽右	given-name-dictionary
きよたけ	清丈|清健|清威|清岳|清武|清毅|清竹|清豪|皖武|聖岳|聖武	given-name-dictionary
きよちか	政周|清允|清史|清哉|清睦|清親|清近|粋睦|聖凡|聖史|聖近	given-name-dictionary
きよひで	享英|喜代秀|喜吉英|圭秀|浄秀|清秀|清英|清豪|精秀|精英|聖英	given-name-dictionary
くにすけ	国介|国助|国弼|国輔|圀典|州右|邦介|邦典|邦助|邦祐|邦輔	given-name-dictionary
くにのぶ	国信|国宣|国展|州伸|州宣|邦伸|邦信|邦宣|邦展|邦暢|邦農夫	given-name-dictionary
くにひさ	国久|国央|国寿|州永|訓久|邦久|邦央|邦寿|邦尚|郡寿|都久	given-name-dictionary
けいきち	勁吉|啓吉|圭吉|圭拮|恵吉|慶吉|敬吉|景吉|桂吉|渓吉|経吉	given-name-dictionary
けいほう	圭峰|恵宝|恵峰|恵朋|恵芳|慧峰|慶邦|敬芳|景峰|桂峰|桂芳	given-name-dictionary
けんどう	乾堂|健堂|憲道|拳堂|献堂|研堂|筧洞|謙堂|謙道|賢童|顕道	given-name-dictionary
げんいち	元一|原一|厳一|弦一|彦一|源一|源市|玄一|現一|絃一|言一	given-name-dictionary
ごうすけ	剛介|剛祐|剛輔|豪亮|豪介|豪佑|豪助|豪将|轟丞|郷介|郷助	given-name-dictionary
さだとも	偵智|定智|定朝|定知|貞伴|貞友|貞基|貞外茂|貞幹|貞朋|貞知	given-name-dictionary
さだのぶ	定伸|定信|定宣|定延|定靖|禎宜|禎展|貞伸|貞信|貞宣|貞暢	given-name-dictionary
すえよし	季備|季厳|季好|季巌|季珍|季由|季義|季芳|末喜|末由|末義	given-name-dictionary
すみたか	住孝|澄孝|澄貴|澄高|純孝|純尭|純崇|純敬|純貴|純隆|純高	given-name-dictionary
たかおみ	剛臣|功臣|孝臣|尊臣|尚臣|崇臣|敬臣|考臣|貴臣|隆臣|高臣	given-name-dictionary
たかかつ	多加勝|太一|孝且|崇且|崇克|崇勝|貴克|隆克|隆勝|高功|高勝	given-name-dictionary
たかまろ	多嘉麿|孚麿|孝麿|峻麿|崇麿|敬麿|貴麿|隆麿|高磨|高麿|鷹麿	given-name-dictionary
たけおみ	丈臣|偉臣|健臣|剛臣|壮臣|威臣|岳臣|建臣|武臣|洸臣|猛臣	given-name-dictionary
たけみち	丈路|健通|健道|剛道|剛達|岳道|建道|武倫|武通|武逵|武道	given-name-dictionary
たつひさ	振寿|立央|竜久|竜寿|竜尚|辰久|達久|達央|達寿|龍久|龍寿	given-name-dictionary
つねかず	亘一|常一|常和|常嘉素|庸和|恆和|恒一|恒和|経一|経和|統一	given-name-dictionary
つねとも	常与|常伴|常友|常智|常朝|常知|庸倫|庸公|庸智|恒友|経智	given-name-dictionary
つねひこ	つね彦|典彦|常彦|庸彦|恆彦|恒彦|歴彦|毎彦|永彦|経彦|經彦	given-name-dictionary
つねひさ	倫久|典久|宗久|常久|庸久|庸史|恒久|恒寿|浩久|経久|統久	given-name-dictionary
てつろう	哲朗|哲瑯|哲良|哲郎|啓郎|徹朗|徹郎|鉄朗|鉄郎|銕琅|鐵朗	given-name-dictionary
ときよし	勅嘉|勅欣|時吉|時善|時宜|時敬|時福|時義|時良|登起義|辰可	given-name-dictionary
とくまさ	得傑|得政|得雅|徳匡|徳尚|徳政|徳昌|徳正|徳雅|篤政|篤正	given-name-dictionary
とみよし	冨良|富代志|富善|富喜|富好|富彦|富祺|富義|富良|富芳|臣良	given-name-dictionary
ともぞう	与蔵|友三|友蔵|友造|奉三|智三|智蔵|智造|朝三|朝造|知三	given-name-dictionary
ともただ	倫匡|倫理|倫直|具忠|友忠|智匡|智唯|智忠|智斉|知忠|義忠	given-name-dictionary
ともなお	伴直|具直|友直|大直|智尚|智直|智真|朋直|朝直|知尚|知直	given-name-dictionary
なおのぶ	尚信|尚延|巨展|直伸|直信|直史|直宣|直尚|直展|直延|直敦	given-name-dictionary
なおみつ	修光|尚允|尚光|尚満|巨充|直三|直充|直光|直慎|直映|直満	given-name-dictionary
のぶもと	伸元|伸泉|信元|信泉|信玄|修玄|備基|宣元|暢元|暢幹|靖基	given-name-dictionary
のぶろう	伸朗|伸郎|信朗|信郎|宣朗|宣郎|延郎|暢朗|暢郎|農夫朗|述郎	given-name-dictionary
のりあつ	典厚|典篤|基充|徳厚|憲厚|憲宏|昇厚|知篤|紀富|紀篤|至淳	given-name-dictionary
のりくに	了州|典邑|則邦|宜邦|宣邦|徳国|徳州|憲邦|法邦|範訓|誠邦	given-name-dictionary
ひさとも	久友|久智|久朋|久朝|久知|寿智|寿知|尚友|尚朋|長氏|長知	given-name-dictionary
ひろすみ	博純|大純|宏澄|宏純|寛純|広澄|弘住|弘澄|弘純|洋紀|浩澄	given-name-dictionary
ひろぞう	博三|博蔵|博造|啓造|広三|広蔵|広造|弘三|弘蔵|洋三|浩三	given-name-dictionary
ふみかず	二三和|史一|史和|文一|文和|文寿|文数|文紀|章員|郁一|郁和	given-name-dictionary
ふみひと	典人|史|史人|史仁|文人|文仁|文博|文聡|章人|章仁|郁人	given-name-dictionary
ふみやす	フミヤス|史安|史康|史恭|史泰|史靖|文保|文康|文泰|文靖|翰靖	given-name-dictionary
まさあつ	全厚|匡充|幸宏|昌厚|昌淳|正厚|正敦|正淳|正篤|聖淳|雅篤	given-name-dictionary
まりあん	万理杏|毬庵|毬杏|真理杏|真莉杏|真里杏|磨里安|茉理杏|茉莉杏|麻理杏|麻里安	given-name-dictionary
みつしげ	充茂|充重|光成|光滋|光繁|光茂|光薫|光重|満茂|満重|盈林	given-name-dictionary
みつぞう	三津蔵|三蔵|充蔵|充造|光三|光蔵|光造|味津三|密蔵|満蔵|満造	given-name-dictionary
みつひさ	充久|充央|充寿|光久|光則|光央|光寿|光尚|満久|満寿|満尚	given-name-dictionary
むねあき	宗亮|宗命|宗彰|宗明|宗昭|宗晃|宗秋|宗章|宗聡|宗顕|心明	given-name-dictionary
もりやす	司康|守保|守叶|守康|守恭|守泰|守靖|盛保|盛康|盛泰|盛靖	given-name-dictionary
やすただ	保忠|安忠|康尹|康忠|恭忠|泰匡|泰忠|泰正|靖匡|靖忠|靖直	given-name-dictionary
やすもと	保元|安基|尉元|康元|康基|泰元|泰基|泰幹|靖元|靖基|養根	given-name-dictionary
よしまろ	公麻呂|善麿|彬麿|愛麿|祥麿|美麿|義磨|義麿|良麿|芳麻呂|芳麿	given-name-dictionary
いいちろう	亥一郎|伊一郎|偉一郎|威一朗|威一郎|惟一郎|意一郎|猪一郎|異一郎|維一郎|衣一郎	given-name-dictionary
きゅうぞう	丘蔵|久三|久像|久蔵|久造|九祚|九蔵|休蔵|求三|灸三|鳩三	given-name-dictionary
きょうせい	亨生|享生|京生|京静|共生|叫星|恭正|恭生|恭聖|興生|馨盛	given-name-dictionary
じゅんきち	准吉|恂吉|惇吉|淳吉|準吉|潤吉|筍吉|純吉|諄吉|醇吉|順吉	given-name-dictionary
じゅんせい	淳世|淳成|淳正|純征|純正|純生|純誠|遵成|遵正|順正|順聖	given-name-dictionary
せいりゅう	政隆|星流|正竜|清竜|清隆|清龍|聖隆|聖龍|青柳|青竜|青龍	given-name-dictionary
ぜんじろう	全二朗|全二郎|全次郎|全治郎|全赦|善二朗|善二郎|善次郎|善治郎|善赦|然二郎	given-name-dictionary
そうしろう	創士郎|壮史郎|壮四郎|壮志朗|壮志郎|宗四郎|惣四郎|惣士郎|総四郎|草四郎|草子朗	given-name-dictionary
ちゅうぞう	仲蔵|宙三|宙蔵|宙造|忠三|忠蔵|忠造|沖蔵|紐蔵|衷三|鋳三	given-name-dictionary
ちょうぞう	張三|張造|晁三|暢三|朝蔵|肇造|調造|長三|長蔵|長造|鳥三	given-name-dictionary
てっしょう	哲唱|哲彰|哲承|哲晶|哲照|哲省|哲章|哲菖|徹昭|徹称|鉄蕉	given-name-dictionary
とらのすけ	乕之助|乕之輔|寅之介|寅之助|寅之輔|虎ノ介|虎之亮|虎之介|虎之助|虎之祐|虎之輔	given-name-dictionary
ひでじろう	栄仁郎|秀二朗|秀二郎|秀次朗|秀次郎|秀治朗|秀治郎|秀赦|英二郎|英次郎|豪治郎	given-name-dictionary
やすたろう	保太朗|保太郎|八州太郎|八洲太郎|安太郎|康太朗|康太郎|恭太郎|泰太郎|雍太郎|靖太郎	given-name-dictionary
やすのすけ	保之介|保之助|安之介|安之助|安之輔|康之助|恭之助|泰之助|泰之祐|靖之介|靖之助	given-name-dictionary
りゅういち	柳一|柳壱|琉一|留一|立一|竜一|鉚一|隆一|隆市|龍一|龍市	given-name-dictionary
りょうせい	了生|亮成|亮正|涼世|良制|良成|良正|良清|良生|良盛|良精	given-name-dictionary
れんたろう	廉太朗|廉太郎|恋太郎|漣太郎|練太朗|練太郎|蓮太朗|蓮太郎|連太郎|錬大郎|錬太郎	given-name-dictionary
きょうたろう	京太朗|京太郎|凶太郎|協太郎|喬太郎|強太郎|恭太郎|杏太郎|鏡太郎|響太郎|馨太郎	given-name-dictionary
けいざぶろう	勁三郎|啓三郎|圭三郎|奎三郎|恵三郎|惠三郎|慶三郎|敬三郎|景三郎|桂三郎|経三郎	given-name-dictionary
ていいちろう	偵一郎|定一郎|悌一朗|悌一郎|禎一朗|禎一郎|諦一郎|貞一朗|貞一郎|貞市郎|頂一郎	given-name-dictionary
ゆうざぶろう	佑三郎|優三郎|勇三郎|友三郎|右三郎|有三郎|祐三朗|祐三郎|裕三郎|雄三朗|雄三郎	given-name-dictionary
よしさぶろう	佳三郎|吉三郎|善三郎|喜三郎|嘉三郎|好三郎|由三郎|美三郎|義三郎|良三郎|芳三郎	given-name-dictionary
りょうじろう	亮二朗|亮二郎|亮次郎|亮治郎|涼治朗|良二郎|良次郎|良治郎|諒二郎|鐐二郎|鐐次郎	given-name-dictionary
りゅういちろう	柳一郎|流一郎|滝一郎|竜一朗|竜一郎|隆一朗|隆一郎|隆市郎|龍一朗|龍一郎|龍市朗	given-name-dictionary
いせ	いせ|イセ|伊佐|伊勢|伊清|偉世|唯世|唯是|威世|異世	given-name-dictionary
えば	えば|エバ|依葉|愛羽|永葉|江波|江葉|祈|絵羽|絵葉	given-name-dictionary
こな	コナ|子奈|小奈|湖奈|瑚奈|紅奈|胡奈|香夏|香波|黄南	given-name-dictionary
たん	坦|担|探|旦|淡|潭|澹|耽|誕|鍛	given-name-dictionary
だん	だん|団|團|塘|壇|弾|暖|檀|段|男	given-name-dictionary
ちい	ちい|チイ|千以|千衣|智以|智伊|智唯|智衣|知位|茅衣	given-name-dictionary
なの	なの|七|千奈乃|南乃|奈乃|菜|菜乃|菜望|菜野|菜音	given-name-dictionary
ねこ	ねこ|子子|寝子|寧子|猫|猫子|眠子|祢子|禰子|音子	given-name-dictionary
はこ	はこ|ハコ|八子|巴子|巴瑚|波瑚|波鼓|白恋|葉子|葉香	given-name-dictionary
はみ	はみ|夏海|巴弥|巴未|波実|波美|玻美|羽美|葉実|葉美	given-name-dictionary
はゆ	一夢|巴裕|映|映夕|生|羽柚|葉佑|葉揺|葉由|葉結	given-name-dictionary
ほの	ほの|帆乃|帆音|歩乃|火乃|炎|穂|穂乃|穂音|萌乃	given-name-dictionary
まの	まの|万乃|実埜|摩乃|眞乃|真乃|真野|舞姫|蒔音|麻乃	given-name-dictionary
もこ	もこ|モコ|望光|望子|望心|素子|萌子|萌心|萌恋|萌木	given-name-dictionary
るね	ルネ|流寧|流音|琉音|瑠根|瑠音|璃音|留子|留寧|留音	given-name-dictionary
れの	れの|怜乃|恋乃|澪乃|玲乃|玲埜|礼乃|麗乃|麗野|黎乃	given-name-dictionary
あおと	愛音|海音|海響|碧仁|碧斗|葵音|蒼都|蒼音|藍音|青透	given-name-dictionary
あおの	あお野|亜央乃|碧乃|紺乃|葵乃|蒼乃|蒼之|蒼野|藍乃|青乃	given-name-dictionary
あけは	南華|明巴|明葉|暁波|曙羽|朱羽|朱華|朱葉|紅葉|緋羽	given-name-dictionary
あすき	あすき|あす貴|明日喜|明日妃|明日姫|明日希|明日来|明日樹|明日貴|明日輝	given-name-dictionary
あずま	あずま|吾妻|吾寸磨|春|暁主真|東|東眞|梓磨|梓馬|雷	given-name-dictionary
あゆい	亜惟|愛唯|愛結|愛結生|明結|歩唯|歩生|歩衣|歩音|阿惟	given-name-dictionary
いさや	いさや|伊佐也|依早弥|功也|勇也|勇哉|勇矢|威埜|潔也|衣砂夜	given-name-dictionary
いしこ	いしこ|いし子|い志子|一志子|以し子|以志子|伊志子|依史子|委志子|石子	given-name-dictionary
いちじ	一之|一二|一司|一志|一次|一治|一而|市二|市次|市治	given-name-dictionary
いとね	いと音|伊都音|弦音|愛希|愛音|文音|糸音|純仔|絃音|綸音	given-name-dictionary
いわこ	いわこ|いわ子|以和子|伊和子|委和子|居環子|岩子|盤子|維和子|衣羽子	given-name-dictionary
うたみ	唄実|唄美|歌実|歌深|歌美|羽妥美|詩実|詩深|詩美|詩魅	given-name-dictionary
えりあ	えりあ|恵里亜|映璃愛|永里亜|江理亜|絵梨亜|絵理亜|絵理愛|絵里亜|衣愛	given-name-dictionary
おとか	乙伽|乙加|乙斗可|乙歌|乙華|乙香|音奏|音華|音風|音香	given-name-dictionary
おとみ	乙巳|乙未|乙美|声実|声美|旺途未|王都美|音海|音美|響美	given-name-dictionary
おとや	乙也|乙哉|乙揶|二矢|吟弥|於菟弥|男也|音也|音哉|音弥	given-name-dictionary
おとわ	おとわ|乙和|乙永遠|乙羽|央登和|小登和|音和|音波|音環|音羽	given-name-dictionary
かがみ	かがみ|佳々実|佳々美|加々美|加賀実|加賀美|輝命|鏡|香美|香雅美	given-name-dictionary
かくや	格也|格哉|確也|覚也|覚弥|角也|赫冶|赫哉|革也|鶴也	given-name-dictionary
かぐみ	かぐみ|果実|果美|輝美|香久美|香具実|香実|香果|香果美|香美	given-name-dictionary
かげお	影夫|影生|影男|影雄|景保|景夫|景生|景男|景緒|景雄	given-name-dictionary
かのう	かのう|協|叶|和|嘉能|彼愛|文|紅|適|香納	given-name-dictionary
きくな	きく奈|喜久奈|希久奈|希紅菜|稀久奈|紀玖菜|紀玖那|菊名|菊奈|菊菜	given-name-dictionary
きぞう	其三|喜三|喜蔵|喜造|樹三|樹造|毅三|紀三|貴三|起造	given-name-dictionary
きっか	きっか|喜花|姫華|杏香|桔花|橘花|橘香|菊花|菊香|貴都嘩	given-name-dictionary
きなみ	季波|希南|希奈美|稀波|紀波|綺菜実|貴菜美|輝七海|輝奈美|輝波	given-name-dictionary
きほう	企鋒|喜峰|喜方|奇峰|嬉芳|希朋|樹萌|機芳|綺峰|貴朋	given-name-dictionary
きみや	仁也|公也|公哉|公弥|公彌|公耶|君也|君矢|君耶|喜未也	given-name-dictionary
きゆう	亀祐|喜遊|基雄|希優|希欧|杞憂|樹勇|規由|輝有|輝雄	given-name-dictionary
きよね	きよね|喜与音|汐寧|汐音|浄音|清音|潔音|爽音|祈夜音|聖音	given-name-dictionary
きれい	亀齢|奇麗|樹嶺|煕玲|紀玲|綺玲|綺礼|綺麗|貴令|輝鈴	given-name-dictionary
きろう	喜郎|城楼|季朗|季郎|揮郎|紀郎|貴朗|貴郎|輝郎|騎郎	given-name-dictionary
きろく	亀六|喜六|喜禄|喜緑|木六|毅六|毅陸|熹六|規六|貴六	given-name-dictionary
くにじ	国司|国次|国治|圀二|邦二|邦司|邦次|邦治|邦爾|郁志	given-name-dictionary
ぐんじ	群児|群冶|群嗣|群治|軍二|軍司|軍次|軍治|郡次|郡治	given-name-dictionary
けいの	京乃|啓乃|圭乃|圭野|恵乃|慧以乃|慶乃|桂乃|渓乃|馨乃	given-name-dictionary
げんた	元大|元太|巌太|弦太|彦太|源太|玄大|玄太|玄汰|現太	given-name-dictionary
こうま	光磨|公馬|小馬|岬馬|幸磨|康馬|弘馬|洽馬|甲馬|考真	given-name-dictionary
こすず	子寿々|子鈴|小寿々|小涼|小鈴|幸鈴|弧鈴|心鈴|香鈴|鼓鈴	given-name-dictionary
こずみ	こずみ|宇宙|幸授美|梢実|梢水|梢美|湖澄|紅寿美|虹澄|虹純	given-name-dictionary
こはな	こはな|小花|小華|幸桜|幸花|心桜|心花|心華|木花|胡花	given-name-dictionary
ごうし	剛史|剛士|剛志|合志|豪史|豪士|豪志|郷史|郷司|郷志	given-name-dictionary
さいみ	埼美|彩未|彩水|彩美|最実|最美|済美|細実|細美|西海	given-name-dictionary
さおみ	さお美|佐緒美|咲桜実|咲桜美|早央実|早帆未|沙央美|紗央美|紗臣|青海	given-name-dictionary
さだか	定佳|定可|定嘉|定家|定香|禎賀|貞佳|貞薫|貞香|貞馨	given-name-dictionary
さだき	完樹|定喜|定城|定樹|定紀|禎樹|貞喜|貞基|貞希|貞樹	given-name-dictionary
さだよ	さだよ|定世|定代|禎代|禎余|紗多代|覚世|貞世|貞代|貞余	given-name-dictionary
さちや	さちや|佐知也|佐知哉|幸也|幸哉|幸弥|幸矢|彩千也|祐哉|祥也	given-name-dictionary
さつみ	サツミ|三津美|五月海|佐津味|佐津美|咲摘|小津実|小津美|颯摘|颯美	given-name-dictionary
さわえ	サワエ|佐和江|沙和絵|沢依|沢恵|沢枝|沢江|沢絵|澤枝|澤江	given-name-dictionary
しなみ	之南|品実|品美|姿文|志奈美|梓菜実|梓菜美|科美|詩七美|詩波	given-name-dictionary
しのみ	しのみ|史乃観|司美|志の実|志の美|志乃水|志乃美|詩乃実|詩乃美|詩野美	given-name-dictionary
すえか	季加|季夏|季華|季鐘|寿恵嘉|寿江香|末夏|末歌|末華|梢香	given-name-dictionary
すずは	凉葉|涼初|涼帆|涼羽|涼葉|珠羽|紗羽|鈴巴|鈴羽|鈴葉	given-name-dictionary
せいが	星河|正雅|清芽|清雅|菁莪|青娥|青我|青芽|青雅|静芽	given-name-dictionary
せつか	世束|摂花|摂香|節佳|節花|節香|雪夏|雪歌|雪花|雪華	given-name-dictionary
そあら	そあら|ソアラ|想愛良|星空|楚亜良|相愛良|空愛|空新|素亜良|颯桜	given-name-dictionary
そなた	ソナタ|奏向|奏鳴曲|奏鳴歌|恋歌|想向|想菜樹|愛歌|月光|空遥	given-name-dictionary
たいと	大斗|大翔|太斗|帯人|戴斗|民愛|泰人|泰斗|泰登|泰飛	given-name-dictionary
たくこ	たくこ|た久子|タク子|卓子|啄子|多久子|宅子|拓子|琢子|薫子	given-name-dictionary
たてき	健城|健樹|干城|干騎|建城|建樹|建輝|揚城|楯機|盾樹	given-name-dictionary
たまほ	玉帆|玉穂|玲穂|珠保|珠帆|珠浦|珠穂|珠穗|瑞穂|環帆	given-name-dictionary
たみよ	たみよ|人代|多実代|多美世|多美代|太見代|彩世|民世|民代|田美代	given-name-dictionary
たゆこ	堪子|多佑子|多友子|多右子|多惟子|多有子|多由幸|多祐子|太祐子|妙子	given-name-dictionary
てつこ	てつこ|てつ子|テツ子|哲子|天津子|天都子|徹子|迭子|鉄子|鐵子	given-name-dictionary
てるほ	光穂|映帆|映穂|晃帆|照穂|輝保|輝帆|輝歩|輝穂|輝翔	given-name-dictionary
とうみ	十海|東瞳|柊実|統海|統身|透実|透水|透海|透生海|透美	given-name-dictionary
とくみ	とく美|兎久身|十九三|徳三|徳実|徳巨|徳己|徳美|篤実|篤美	given-name-dictionary
とめお	止夫|止生|止男|止雄|留夫|留生|留男|留雄|登女尾|登米雄	given-name-dictionary
とよえ	とよ栄|外代恵|外代枝|豊恵|豊惠|豊枝|豊栄|豊榮|豊江|豊絵	given-name-dictionary
とよじ	東洋児|東洋司|登世司|登世治|藤代治|豊二|豊司|豊志|豊次|豊治	given-name-dictionary
なづき	なづき|ナヅキ|名月|奈寿紀|奈月|愛月|渚月|菜月|菜月季|那月	given-name-dictionary
なるお	奈留緒|徳夫|成夫|成文|成生|成男|成雄|稔夫|育緒|鳴雄	given-name-dictionary
なるき	就希|愛姫|愛己|愛生|成希|成木|成樹|成紀|成輝|鳴木	given-name-dictionary
になこ	にな子|丹菜子|二七子|仁南子|仁和子|仁奈子|新奈子|日向子|日奈子|爾菜子	given-name-dictionary
のえみ	のえみ|乃恵実|乃恵美|乃絵実|乃絵美|野恵実|野恵美|野枝実|野枝美|野笑	given-name-dictionary
はやな	夙奈|夙那|早菜|早那|波夜那|翔奈|葉文名|覇哉茄|迅那|颯菜	given-name-dictionary
はゆる	はゆる|映|映光|映琉|生|羽友琉|羽宥|羽揺|翔|葉緩	given-name-dictionary
ひさじ	久二|久仁|久司|久慈|久次|久治|寿二|寿次|寿治|比左治	given-name-dictionary
ひとは	ひとは|一柴|一羽|一花|一葉|人巴|人生|人葉|仁葉|瞳羽	given-name-dictionary
ふうな	ふうな|楓奈|楓菜|楓那|風南|風和|風夏|風奈|風渚|風菜	given-name-dictionary
ふえこ	ふえ子|冨恵子|富得子|富恵子|富枝子|扶枝子|笙子|笛子|風枝子|風笑子	given-name-dictionary
ふさみ	ふさみ|ふさ美|富佐美|房実|房巳|房美|扶沙実|扶沙美|総美|芙紗美	given-name-dictionary
ふたば	ふたば|ふた葉|フタバ|二葉|二馬|双葉|婦多葉|嫩|芙多葉|芙束	given-name-dictionary
ふみと	典人|史人|史翔|史都|文人|文斗|文門|章人|郁人|郁斗	given-name-dictionary
まさり	まさり|万砂理|優理|昌理|正里|真砂理|真砂里|茉砂理|雅|麻砂理	given-name-dictionary
まみよ	まみよ|万美代|眞美代|真実世|真実代|真美世|真美代|茉美代|麻美世|麻美代	given-name-dictionary
みつは	三羽|三葉|光沙|光波|光羽|光葉|満波|満葉|美都葉|鞠羽	given-name-dictionary
みなよ	実那代|未奈代|未那世|水那夜|渡辺|皆代|美奈代|美菜代|美那代|魅七夜	given-name-dictionary
みほし	みほし|充星|光星|望星|未星|海星|満星|美保史|美星|視星	given-name-dictionary
みほろ	みほろ|実ほろ|実保路|実穂呂|美ほろ|美保路|美帆|美帆衣|美幌|美穂呂	given-name-dictionary
むつよ	むつよ|むつ世|むつ代|ムツヨ|眸都世|睦世|睦代|睦依|陸世|陸代	given-name-dictionary
もなこ	もな子|モナ子|望奈胡|百奈子|紋苗恋|茂七子|茂奈子|萌奈子|萌美子|萌菜子	given-name-dictionary
もりや	守也|守哉|守弥|守矢|杜也|森也|盛也|盛弥|護也|護弥	given-name-dictionary
ゆかよ	佑加代|優加世|友佳代|悠佳世|有加代|由佳世|由佳代|由加代|祐香代|紫世	given-name-dictionary
ゆりほ	ゆりほ|ゆり穂|優利穂|優理穂|友里帆|夕莉穂|有梨穂|由里穂|百合圃|百合穂	given-name-dictionary
よいち	与一|与市|世一|予一|代市|余市|四一|與一|誉一|酔痴	given-name-dictionary
りえな	利恵奈|利江奈|梨絵菜|理恵奈|璃枝奈|莉恵奈|莉江那|莉衣奈|里瑛奈|里衣奈	given-name-dictionary
りえみ	利恵美|李笑|梨恵美|梨笑|梨英美|理恵美|理江美|理英美|里恵美|里笑	given-name-dictionary
りおか	梨丘|梨緒果|里丘|里和果|里央伽|里央香|里桜花|鈴桜花|鈴音歌|麗於花	given-name-dictionary
りかえ	りかえ|りか江|倫香恵|利佳江|律佳依|梨花枝|理加恵|理香恵|莉佳恵|里加江	given-name-dictionary
りりえ	リリエ|倫理笑|凛々衣|利理恵|利里恵|吏梨恵|李々恵|李里絵|梨璃恵|里々枝	given-name-dictionary
るいな	るいな|桜乙愛|流衣奈|涙無|瑠渚|瑠菜|瑠衣菜|留菜|留衣奈|誄那	given-name-dictionary
るちあ	るちあ|ルチア|月愛|流千愛|流千星|流知愛|流茅亜|琉智亜|瑠稚亜|留智亜	given-name-dictionary
わかみ	和佳実|和佳美|和加美|和歌実|和歌美|和香実|和香美|若実|若水|若美	given-name-dictionary
あきなお	亮直|昂直|明尚|明直|映有|昭尚|昭直|晃巨|秋尚|諒直	given-name-dictionary
あきなが	光永|哲永|彰長|明永|明長|晃永|瞭永|章永|陽永|顕永	given-name-dictionary
ありよし	在仁|有善|有好|有巧|有敬|有美|有義|有良|有芳|蟻善	given-name-dictionary
かずいち	一一|一市|主一|和一|和以智|和壱|和市|寿一|数一|計一	given-name-dictionary
かつもと	且元|克元|克基|克征|勝元|勝基|勝泉|勝許|賢元|雄基	given-name-dictionary
かづひろ	一弘|一洋|一浩|一裕|千弘|和博|和大|和弘|多宏|賀津宏	given-name-dictionary
かねたか	光隆|兼充|兼孝|兼方|兼昂|兼貴|兼隆|兼高|周孝|周高	given-name-dictionary
かねとし	兼俊|兼利|兼年|兼敏|兼稔|周敏|謙俊|謙敏|金寿|金年	given-name-dictionary
きくぞう	喜久三|喜久蔵|喜久藏|喜久造|幾久造|木久蔵|菊三|菊蔵|菊造|規矩三	given-name-dictionary
きみやす	仁康|仁靖|公保|公康|公快|公泰|公靖|君保|君康|君泰	given-name-dictionary
きょうな	亨奈|享奈|京凪|京和|京奈|京菜|今日菜|峡菜|杏奈|杏菜	given-name-dictionary
ぎしょう	宜勝|祇晶|義将|義彰|義敞|義昌|義昭|義照|義章|義象	given-name-dictionary
くにちか	久仁信|国周|国愛|国親|国近|訓史|邦哉|邦愛|邦慈|邦親	given-name-dictionary
くにひで	国秀|国英|州秀|有秀|訓秀|訓英|邦栄|邦秀|邦英|郡秀	given-name-dictionary
けいえい	啓栄|啓衛|恵栄|恵永|恵瑛|恵英|慧瑛|慧英|慶永|桂栄	given-name-dictionary
げんしん	元信|元真|厳信|源伸|源信|源新|源進|玄信|玄臣|玄親	given-name-dictionary
こうふう	光楓|光風|幸風|洸風|浩風|皇風|羔風|行風|香風|高風	given-name-dictionary
さだかず	勘一|完和|完憲|定一|定和|定数|禎一|致和|貞一|貞和	given-name-dictionary
さとあき	怜明|悟明|智明|聖明|聡明|聡昭|聰明|諭曉|郷昭|里明	given-name-dictionary
さとゆき	智行|聖之|聡之|聡幸|聡行|聰之|諭幸|賢之|賢行|里幸	given-name-dictionary
しげひで	吉学|成秀|栄秀|繁秀|繁英|茂秀|茂英|重栄|重秀|重英	given-name-dictionary
しげろう	成郎|滋郎|繁郎|茂朗|茂良|茂郎|誠朗|重朗|重良|重郎	given-name-dictionary
しゅうし	修之|修史|修司|修志|周之|就之|愁子|秀史|秋思|集志	given-name-dictionary
せいらん	星嵐|星蘭|晴嵐|晴瀾|栖蘭|聖蘭|青嵐|青巒|青蘭|静蘭	given-name-dictionary
せんすけ	仙介|仙助|仙輔|千助|宣介|専助|専右|扇介|泉介|泉助	given-name-dictionary
たいしん	大伸|大心|大真|大進|太信|太心|汰眞|泰伸|泰真|諦進	given-name-dictionary
たかくに	孝久爾|孝国|孝州|孝邦|崇国|崇邦|貴邦|隆邦|高国|高邦	given-name-dictionary
たかふさ	孝房|宣房|尊房|貴房|隆房|隆総|隆英|隆藤|高惣|高房	given-name-dictionary
たけくに	丈邦|健邦|剛邦|建圀|武国|武訓|武邦|毅州|猛邦|雄邦	given-name-dictionary
ただてる	侃右|匡央|匡輝|忠央|忠晃|忠煇|忠英|忠輝|忠韶|直健	given-name-dictionary
たつぞう	立三|竜三|竜蔵|辰三|辰蔵|辰造|達三|達蔵|達造|龍造	given-name-dictionary
だいぞう	代三|代蔵|台三|大三|大蔵|大藏|大象|大造|太三|太造	given-name-dictionary
ちかゆき	千佳之|周之|周幸|哉往|愛之|慶就|親之|親幸|親行|誓行	given-name-dictionary
つぐとし	二俊|壬敏|宣年|次俊|次利|次敏|紹寿|継利|継敏|継稔	given-name-dictionary
つねぞう	ツネ象|常三|常蔵|常造|平生三|庸三|恒三|恒蔵|恒藏|恒造	given-name-dictionary
てつまさ	哲勝|哲幹|哲政|哲昌|哲正|徹允|徹昌|徹真|徹雅|鉄昌	given-name-dictionary
てつゆき	哲之|哲幸|哲征|哲行|徹之|徹到|徹幸|徹行|鉄之|鉄幸	given-name-dictionary
とくろう	十九楼|得朗|得楼|得郎|徳朗|徳郎|悳郎|督郎|篤朗|篤郎	given-name-dictionary
ともくに	共邦|友邦|寛訓|智邦|朋晋|朋邦|朝邦|知州|知邦|那国	given-name-dictionary
とよのり	豊典|豊則|豊功|豊徳|豊憲|豊範|豊紀|豊規|豊記|豊識	given-name-dictionary
なおつぐ	尚嗣|尚次|尚継|直嗣|直次|直紀|直紹|直継|直胤|真嗣	given-name-dictionary
ながあき	永明|永章|長哲|長明|長昭|長昶|長秋|長章|長陽|長顕	given-name-dictionary
なるひこ	完彦|就彦|徳彦|惟彦|愛彦|成彦|済彦|生彦|稔彦|育彦	given-name-dictionary
のりさと	令知|典諭|則聡|宣郷|宣里|徳識|憲聖|文敏|紀誠|規聡	given-name-dictionary
のりなが	典永|宜長|宣長|徳長|教長|法修|法長|範長|紀永|義良	given-name-dictionary
ひさなり	久也|久容|久就|久成|久育|央成|寿成|尚成|永成|能功	given-name-dictionary
ひさみち	久倫|久珍|久通|久道|之通|仁道|尚通|尚道|尚達|能道	given-name-dictionary
ひでしげ	栄成|栄重|秀成|秀繁|秀茂|秀重|英成|英茂|英薫|英重	given-name-dictionary
ひでひさ	栄久|榮久|秀久|秀壽|秀寿|秀尚|英久|英向|英寿|英尚	given-name-dictionary
ひでみつ	幸充|日出光|秀三|秀充|秀光|秀満|英充|英光|英弥|英満	given-name-dictionary
ひろさだ	博定|博貞|宏定|宏貞|寛定|寛貞|広貞|弘定|浩貞|裕貞	given-name-dictionary
ふみとも	史倶|史友|史智|史朋|史知|富美朝|文倫|文友|文朋|文朝	given-name-dictionary
ふみゆき	典之|史之|史幸|史征|史行|富美雪|文之|文将|文幸|文行	given-name-dictionary
へいすけ	兵助|兵祐|平介|平佑|平允|平助|平祐|平裕|平輔|開祐	given-name-dictionary
まさぞう	征三|政三|政蔵|政造|昌三|正三|正造|雅三|雅蔵|雅象	given-name-dictionary
まさひら	匡平|匡衡|和平|政均|政平|方平|正啓|正平|正衡|真平	given-name-dictionary
みちひと	充人|充仁|典民|理一|真人|通仁|道人|道仁|達人|陸仁	given-name-dictionary
みつかず	三一|充一|充和|光一|光和|光計|満一|満和|瑞和|美一	given-name-dictionary
もとふみ	元史|元文|基史|基文|始史|止文|源文|素史|素文|資文	given-name-dictionary
もとみつ	元三|元充|元光|元蕃|基允|基充|基光|源光|素充|素光	given-name-dictionary
もりみち	守通|守道|守順|杜道|森通|盛亨|盛路|盛通|盛逵|盛道	given-name-dictionary
やすもり	保守|保盛|安守|安盛|康守|康盛|泰守|鎮守|鎮衛|靖司	given-name-dictionary
よしおき	吉興|喜起|嘉興|尚興|慶興|栄興|義興|義起|芳興|芳起	given-name-dictionary
よしまる	佳丸|吉丸|善丸|喜丸|嘉丸|福麿|義丸|義巻|良丸|芳丸	given-name-dictionary
きくじろう	喜久二郎|喜久次郎|喜久治郎|菊久朗|菊久郎|菊二朗|菊二郎|菊次郎|菊治郎|菊赦	given-name-dictionary
けんりゅう	健龍|剣竜|剣龍|建龍|憲隆|謙隆|賢竜|賢隆|賢龍|顕隆	given-name-dictionary
けんりょう	健亮|健良|憲良|見良|謙良|賢了|賢亮|賢良|賢諒|顕亮	given-name-dictionary
しゅうろう	修郎|収郎|周朗|周郎|守朗|寿郎|柊郎|秀朗|秀郎|秋朗	given-name-dictionary
しゅんぞう	俊三|俊蔵|俊造|峻三|春三|春蔵|瞬三|舜三|舜造|駿三	given-name-dictionary
しゅんぺい	俊兵|俊平|峻平|旬平|春平|瞬平|舜平|隼兵|隼平|駿平	given-name-dictionary
じゅりあん	ジュリアン|朱里杏|樹梨杏|樹理杏|樹莉杏|樹里安|樹里杏|珠理杏|珠莉杏|珠里杏	given-name-dictionary
たかじろう	孝次郎|孝治郎|敬爾郎|誉二朗|誉次郎|隆二郎|隆次郎|高次郎|高治郎|鷹次郎	given-name-dictionary
たけしろう	健四郎|孟郎|武司郎|武四郎|武志郎|毅四郎|猛志郎|竹四郎|竹士郎|竹志郎	given-name-dictionary
たつじろう	立二郎|竜次郎|辰二郎|辰次郎|辰治郎|達二郎|達次郎|達治郎|龍二郎|龍次郎	given-name-dictionary
はるのすけ	尚之助|春ノ介|春之助|春之輔|晴之介|晴之助|晴之祐|晴之輔|治之助|陽ノ介	given-name-dictionary
はんじろう	伴次郎|伴治郎|伴赦|判治郎|半二郎|半次郎|範次郎|繁二郎|繁次郎|阪次郎	given-name-dictionary
もとじろう	元二郎|元次郎|元治郎|元赦|基二郎|基次郎|基赦|寛治郎|本二郎|本次郎	given-name-dictionary
じゅんしろう	淳四郎|淳士郎|淳志郎|準四郎|潤史郎|潤四郎|潤志郎|純司郎|純四郎|順四郎	given-name-dictionary
ともいちろう	伴一郎|共一郎|友一郎|友市良|智一朗|智一郎|朋一郎|朝一郎|知一郎|禎一郎	given-name-dictionary
まさいちろう	匡一郎|政一朗|政一郎|方一郎|昌一郎|正一郎|正壱郎|雅一朗|雅一郎|雅市郎	given-name-dictionary
ようざぶろう	庸三郎|洋三朗|洋三郎|燿三郎|羊三郎|要三朗|要三郎|陽三朗|陽三郎|養三郎	given-name-dictionary
りょうのすけ	亮之介|亮之助|亮之輔|良之介|良之助|良之祐|良之輔|遼之介|量之助|鐐之助	given-name-dictionary
あな	アナ|亜名|亜奈|亜娜|亜耶|亜那|安奈|愛汝|阿那	given-name-dictionary
ある	亜流|亜琉|亜瑠|亜留|在|明留|有|有瑠|歩流	given-name-dictionary
うめ	うめ|ウメ|卯女|宇女|有米|梅|生芽|羽愛|羽芽	given-name-dictionary
こま	コマ|古万|古真|古茉|古麻|木麻子|湖舞|湖麻|狛	given-name-dictionary
さこ	佐子|作古|咲子|咲来|左古|左子|沙湖|砂子|紗子	given-name-dictionary
たづ	たづ|タヅ|多津|多珠|多都|多鶴|太津|田津|田鶴	given-name-dictionary
なよ	ナヨ|南世|奈世|奈代|菜世|菜代|菜夜|菜葉|那世	given-name-dictionary
ねり	ネリ|寧里|津々美|稔梨|音凜|音利|音李|音里|音麗	given-name-dictionary
ほし	保志|地球|帆姿|帆志|帆詩|星|歩偲|歩思|穂詩	given-name-dictionary
ゆふ	ゆふ|優峯|優布|優歩|木綿|湯布|由布|由芙|結風	given-name-dictionary
あいは	アイハ|愛唯葉|愛波|愛羽|愛華|愛葉|愛衣葉|藍巴|藍葉	given-name-dictionary
あさは	亜紗芭|亜紗葉|朝波|朝羽|朝葉|浅葉|麻巴|麻羽|麻葉	given-name-dictionary
あさほ	あさ帆|安沙穂|朝穂|朝穗|諒穂|麻帆|麻歩|麻穂|麻紗穂	given-name-dictionary
あすこ	あすこ|亜澄子|安主子|安寿子|安末子|明寿子|明日子|明日虹|翌子	given-name-dictionary
あつと	充人|厚人|惇人|敦乙|敦人|淳人|督人|篤人|篤努	given-name-dictionary
あとり	あとり|あと舞|亜十理|亜土里|亜斗里|亜都理|亜都里|亜鳥|花鳥	given-name-dictionary
あなみ	あなみ|あな実|亜奈美|亜波|安波|愛南|穴実|穴美|阿波	given-name-dictionary
あゆの	あゆの|亜由乃|愛乃|愛結乃|有由乃|歩乃|歩夢望|葵柚乃|鮎乃	given-name-dictionary
あるは	あるは|アルハ|亜瑠葉|亜留波|亜留羽|在葉|有葉|歩波|歩葉	given-name-dictionary
あれい	あれい|亜怜|亜玲|亜礼|亜鈴|亜麗|安麗|文玲|阿礼	given-name-dictionary
いくし	生史|育之|育史|育司|育志|育祉|行司|郁史|郁志	given-name-dictionary
いちは	一初|一巴|一羽|一葉|一覇|初葉|壱晴|壱羽|壱葉	given-name-dictionary
いちみ	いちみ|一三|一実|一海|一美|伊智美|市美|逸実|逸美	given-name-dictionary
いっぽ	一保|一圃|一帆|一歩|一浦|一甫|一穂|一輔|逸歩	given-name-dictionary
いつし	一司|一師|一志|五司|厳史|聿史|逸史|逸司|逸志	given-name-dictionary
いりえ	以里恵|伊梨恵|依梨絵|入恵|入江|委里枝|江|衣梨絵|衣里恵	given-name-dictionary
うたの	うたの|唄乃|歌乃|歌野|詩乃|詩野|謡乃|雅楽乃|雅楽能	given-name-dictionary
うつみ	うつみ|内海|宇津実|宇津美|宇都美|映実|有津美|空美|羽都美	given-name-dictionary
うづき	うづき|優月|卯月|宇月|映月|生月|羽月|雨月|魚月	given-name-dictionary
えつえ	エツエ|悦恵|悦枝|悦江|悦絵|越恵|越枝|越江|越絵	given-name-dictionary
えりえ	えりえ|えり恵|エリエ|佐理江|栄利江|絵里恵|絵里絵|英里枝|衣利絵	given-name-dictionary
おりさ	おりさ|居紗|折沙|折砂|折紗|櫻李娑|織沙|織砂|織紗	given-name-dictionary
かあな	佳那|加亜奈|可亜那|可愛南|可愛菜|夏亜奈|華亜名|華孔|香亜菜	given-name-dictionary
かいし	介士|槐子|海士|海子|海市|海志|芥子|開士|魁士	given-name-dictionary
かおみ	佳央|佳音美|花央実|花央美|薫美|香実|香緒実|香緒美|香美	given-name-dictionary
かずひ	一妃|一姫|一日|一灯|一緋|一陽|一飛|和妃|和陽	given-name-dictionary
きくや	亀久弥|喜久也|喜久哉|喜久弥|紀久弥|菊也|菊弥|規矩也|輝空也	given-name-dictionary
きさく	喜三久|喜作|喜朔|喜策|木作|熹朔|禧作|紀作|鬼作	given-name-dictionary
きさよ	キサヨ|吉佐与|喜佐代|岐早世|希早代|紀砂世|紀良|規佐代|貴佐代	given-name-dictionary
きのこ	きのこ|きの子|木ノ子|木乃子|木之香|木野子|樹乃子|紀乃子|茸	given-name-dictionary
きのみ	きのみ|姫乃実|季乃美|希乃実|希乃美|木の実|紀乃実|紀乃美|輝乃実	given-name-dictionary
きひろ	きひろ|喜広|季弘|希宏|希洋|希虹|樹央|紀尋|輝優	given-name-dictionary
きふみ	喜文|希文|樹文|樹美|祈史|紀史|紀文|芸緑|護美	given-name-dictionary
きんし	きん枝|欣士|芹子|謹司|金之|金司|金志|錦史|錦司	given-name-dictionary
くにき	久仁紀|国基|国樹|邦基|邦希|邦樹|邦紀|邦記|邦起	given-name-dictionary
くらお	久良夫|倉夫|倉男|庫雄|蔵夫|蔵王|蔵男|蔵郎|蔵雄	given-name-dictionary
くりか	くりか|久理加|久里香|九里香|公梨果|句里香|栗加|玖里花|紅里香	given-name-dictionary
くるめ	くるめ|久瑠女|久留米|來瞳|来夢|来瞳|空来愛|繰芽|薫女	given-name-dictionary
くわこ	くわこ|久和子|久環子|来和子|桑子|求和子|矩和子|薫和子|鍬子	given-name-dictionary
けいお	京夫|勁夫|啓夫|啓生|恵音|慶夫|敬夫|桂生|桂男	given-name-dictionary
けさえ	けさ江|ケサエ|ケサ枝|ケサ江|今朝恵|今朝枝|今朝江|今朝絵|華朝恵	given-name-dictionary
げんと	元人|元翔|弦人|弦登|彦人|源人|源登|源門|玄人	given-name-dictionary
ここり	ここり|心凛|心子|心梨|心璃|心莉|心里|心鈴|胡々莉	given-name-dictionary
ことい	ことい|古都衣|殊生|琴妃|琴姫|琴意|琴衣|言伊|言意	given-name-dictionary
こむぎ	こむぎ|好麦|小夢希|小夢樹|小夢紀|小穂|小麦|湖麦|香麦	given-name-dictionary
こゆり	こゆり|呼百合|小友利|小夕梨|小百合|康有利|心優莉|胡百合|香由里	given-name-dictionary
さえら	さえら|佐依楽|冴羅|彩莉|沙枝良|沙絵羅|沙絵良|紗枝良|紗江良	given-name-dictionary
さかこ	さか子|サカ子|坂子|早香子|桜花子|沙華子|祥子|酒子|阪子	given-name-dictionary
さわの	さわの|佐和乃|左和乃|早和乃|早和野|沢乃|沢野|爽乃|紗和乃	given-name-dictionary
しずは	倭波|粛葉|花子|鎮葉|雫葉|静波|静羽|静葉|靜葉	given-name-dictionary
しずる	しずる|志鶴|鎮|閑流|静流|静琉|静瑠|静留|静蕗	given-name-dictionary
しなえ	しなえ|しな江|史奈恵|史苗|姿絵|志奈恵|志苗|梓奈江|科江	given-name-dictionary
しはる	偲春|四悠|四春|志はる|志春|思温|思葉流|紫遥|詩葉流	given-name-dictionary
しほか	士穂賀|志保香|志歩佳|志穂伽|志穂香|思星歌|栞花|潮保香|詩歩香	given-name-dictionary
しほな	史歩奈|姿保菜|志保奈|志帆奈|志穂奈|志穂菜|栞穂奈|梓保奈|詩星奈	given-name-dictionary
しより	しより|志代利|志代里|志依|志和|枝和|積由|紫由|紫陽莉	given-name-dictionary
すいほ	垂穂|彗星|慧帆|翠保|翠帆|翠歩|翠浦|翠甫|翠穂	given-name-dictionary
すけじ	介二|助司|助次|助治|祐次|裕次|輔二|輔司|輔治	given-name-dictionary
せおり	世央莉|世緒梨|世織|世織里|星織|瀬緒里|瀬織梨|聖音鈴|茜緒鈴	given-name-dictionary
せつえ	せつ枝|セツエ|セツ江|世津枝|勢津栄|摂栄|節恵|節江|雪枝	given-name-dictionary
せなみ	世和心|世奈美|勢波|星那美|瀬奈実|瀬奈美|瀬波|聖七美|聖奈美	given-name-dictionary
たいら	和|坦|大羅|太平洋|太良|平|泰礼|泰良|田井等	given-name-dictionary
たえか	多恵佳|多恵加|多恵香|妙佳|妙和|妙華|妙香|耐歌|耐花	given-name-dictionary
たけの	タケノ|丈乃|健乃|多希乃|多慶乃|岳乃|武乃|竹乃|竹野	given-name-dictionary
たまな	玉奈|玉成|珠名|珠奈|珠愛|球奈|瑞奈|碧南|碧奈	given-name-dictionary
たまの	タマノ|圭乃|多万乃|玉乃|玉野|珠乃|球乃|瑞乃|碧乃	given-name-dictionary
たみか	タミカ|多実果|多美佳|民佳|民夏|民果|民歌|民花|民香	given-name-dictionary
ちあさ	ちあさ|千彩|千朝|千麻|智亜沙|智愛紗|智麻|知亜砂|茅麻	given-name-dictionary
ちあみ	ちあみ|千亜実|千亜美|千愛実|千愛美|千阿弥|智亜美|智合美|池亜美	given-name-dictionary
ちかね	九音|千歌音|千花音|千賀音|千鉄|周音|愛音|知香寧|風音	given-name-dictionary
ちさの	ちさの|千佐乃|千早乃|千紗乃|千茶乃|千草乃|愛咲乃|智沙乃|知佐乃	given-name-dictionary
ちすみ	千清|千澄|千澄美|千珠実|千珠美|千純|千維|知澄|知純	given-name-dictionary
ちずか	千寿翔|千寿香|千束|千珠歌|千都香|千鶴賀|智寿賀|智束|智瑞香	given-name-dictionary
ちずみ	ちずみ|千寿美|千津美|千澄|千積|千純|智澄|知寿美|知泉	given-name-dictionary
ちよの	ちよの|チヨノ|千与能|千代乃|千代野|智代乃|知世乃|知代乃|知葉乃	given-name-dictionary
つねと	凡人|常人|常登|庸人|恒人|方士|毎人|経人|経渡	given-name-dictionary
つゆき	津幸|津雪|透由|都幸|陽雪|露樹|露葵|露貴|露輝	given-name-dictionary
てるは	光葉|彰葉|映葉|晴羽|照波|照葉|瑛葉|皓葉|輝葉	given-name-dictionary
としの	トシノ|俊乃|利乃|利野|年乃|敏乃|淑乃|登志伸|都志乃	given-name-dictionary
とめこ	とめ子|と女子|トメ子|十芽子|止女子|止子|留子|登女子|登米子	given-name-dictionary
なおよ	尚世|尚代|有代|直与|直世|直代|直葉|真代|若葉	given-name-dictionary
なぎこ	凪子|和子|奈義子|梛子|渚子|薙起子|諾子|那岐子|那希子	given-name-dictionary
なつな	なつな|名津菜|夏名|夏奈|夏菜|奈津奈|奈津菜|奈紀|那月菜	given-name-dictionary
なりお	也夫|尚男|尚雄|成夫|成生|成男|成雄|斉夫|斉生	given-name-dictionary
なるえ	なるえ|完江|愛恵|愛江|成恵|成枝|成栄|成江|生枝	given-name-dictionary
のえこ	乃永子|乃江子|乃絵子|乃衣子|能愛子|能江子|野依子|野笑子|野衣子	given-name-dictionary
のりじ	了司|典司|則二|則次|紀二|紀司|規二|規司|訓史	given-name-dictionary
のりな	仙那|典奈|則奈|宣奈|徳奈|範菜|紀奈|紀那|雅菜	given-name-dictionary
はずき	はずき|初寿紀|春寿希|波月|瑞樹|葉好|葉寿希|葉月|飛夢希	given-name-dictionary
はなき	花妃|花季|花希|華如|華妃|華姫|華季|華希|華紀	given-name-dictionary
ひでほ	ひで穂|季穂|栄穂|秀保|秀歩|秀穂|英保|英帆|英穂	given-name-dictionary
ひなよ	妃菜代|日南代|比奈世|比奈代|氷夏夜|雛世|雛代|雛依|雛夜	given-name-dictionary
ひめみ	ひめみ|妃美|姫女魅|姫未|姫海|姫深|姫美|媛実|媛美	given-name-dictionary
ひろね	宏音|宙宇|宙寧|宙嶺|洋寧|洋音|滉希|空音|裕音	given-name-dictionary
ふきお	不器夫|不器男|不器雄|不覊夫|不覊雄|不規夫|冨喜男|富貴夫|富貴雄	given-name-dictionary
ふきよ	ふき代|富喜代|富希世|富貴世|富貴代|扶喜代|扶貴代|蕗世|蕗代	given-name-dictionary
ふくじ	冨久治|夫久二|富久司|富久治|復二|福二|福司|福次|福治	given-name-dictionary
ふさの	ふさの|フサノ|布佐乃|布紗乃|房乃|房野|扶左乃|滋乃|葉乃	given-name-dictionary
ふじや	不二也|不二弥|二次也|冨士哉|冨士弥|富士也|富士哉|富士弥|藤也	given-name-dictionary
ふづき	ふづき|ふづ喜|婦月|文月|楓月|歩月|芙月|阜月|風月	given-name-dictionary
まいさ	万衣早|真衣早|舞沙|舞紗|舞颯|茉衣早|麻依紗|麻衣早|麻衣沙	given-name-dictionary
まいら	まいら|万已楽|天愛来|舞来|舞楽|舞羅|舞良|舞衣羅|麻衣羅	given-name-dictionary
まゆほ	まゆほ|まゆ帆|万友帆|万由帆|真由帆|茉佑保|茉由帆|麻由帆|麻由歩	given-name-dictionary
まよこ	マヨ子|万代子|万葉子|松代子|真代子|雅代子|魔夜子|麻代子|麻容子	given-name-dictionary
まれあ	マレア|万礼亜|希天|真礼亜|稀亜|稀愛|茉礼亜|麻礼亜|麻麗亜	given-name-dictionary
みあい	実央依|実愛|実藍|弥愛|望愛|未愛|深愛|美愛|美藍	given-name-dictionary
みきの	三己乃|実貴野|実輝乃|樹乃|海生乃|美喜乃|美希乃|美樹乃|美貴野	given-name-dictionary
もとや	与也|元也|元哉|元弥|基也|基哉|基弥|素也|素弥	given-name-dictionary
もりみ	司巳|守美|杜実|杜美|森実|森巳|盛実|盛美|萌里美	given-name-dictionary
ゆうめ	侑女|優梅|優芽|夕梅|悠芽|柚愛|由萌|結梅|結芽	given-name-dictionary
ゆかみ	優加美|友華美|有香実|由佳美|由加美|由可実|由華美|由香実|由香美	given-name-dictionary
ゆめの	ゆめの|夕芽乃|夢乃|夢望|夢野|弓女乃|柚愛乃|由愛乃|由芽乃	given-name-dictionary
よしね	佳根|佳音|好音|美根|美音|義根|良根|良禾|芳音	given-name-dictionary
よしは	善葉|好羽|好葉|淑葉|由葉|美巴|美波|美羽|芳葉	given-name-dictionary
よりお	倚男|和夫|喜理雄|資生|順夫|順雄|頼夫|頼男|頼雄	given-name-dictionary
らいと	ライト|來人|妖精光|月|来人|来斗|来翔|来都|頼飛	given-name-dictionary
らんか	乱花|爛火|藍花|蘭佳|蘭夏|蘭歌|蘭花|蘭華|蘭風	given-name-dictionary
るしあ	ルシア|流志亜|琉紫亜|琉詩亜|琉詩杏|瑠子愛|瑠枝亜|留紫亜|留詩亜	given-name-dictionary
るりな	月姫夜|月那|琉李茄|瑠梨奈|瑠璃奈|瑠璃茄|瑠璃那|瑠里奈|瑠里菜	given-name-dictionary
れいね	怜依音|怜音|恋依音|玲音|礼音|鈴依音|鈴祢|鈴音|麗音	given-name-dictionary
わかの	和佳乃|和加乃|和可乃|和歌乃|和歌野|和華乃|稚乃|若乃|若野	given-name-dictionary
わかよ	和佳代|和加代|和歌代|和賀代|和香代|稚世|若世|若代|若葉	given-name-dictionary
あきおみ	亜希臣|亜樹臣|亮臣|明臣|昭臣|晃臣|暁臣|章臣|顕臣	given-name-dictionary
ありのり	有乗|有典|有則|有徳|有憲|有教|有格|有礼|蟻乗	given-name-dictionary
ありまさ	在昌|在正|有将|有政|有晶|有正|有理|有真|有雅	given-name-dictionary
いちよう	一曄|一楊|一洋|一窯|一羊|一美有|一葉|一陽|壱葉	given-name-dictionary
いっけい	一圭|一径|一恵|一慶|一敬|一景|一桂|一渓|一系	given-name-dictionary
えつろう	恵津朗|恵通郎|悦朗|悦老|悦良|悦郎|越朗|越楼|越郎	given-name-dictionary
かいどう	介堂|塊堂|快堂|怪童|枴童|槐堂|海童|海道|誡道	given-name-dictionary
かくいち	加久一|嘉久一|格一|画一|覚一|角一|赫一|較一|閣一	given-name-dictionary
かくろう	嘉九郎|格朗|格郎|確郎|華久郎|覚朗|覚郎|角朗|鶴郎	given-name-dictionary
かずなが	一修|一永|一脩|一長|万長|和永|和長|計永|雄久	given-name-dictionary
かつえい	且英|健英|克|克栄|克衛|勝栄|勝榮|勝英|勝衛	given-name-dictionary
かつぞう	克三|剋三|加津三|勝三|勝蔵|勝造|捷三|活三|雄三	given-name-dictionary
かつふみ	一史|克典|克史|克文|凱文|勉史|勝史|勝文|雄文	given-name-dictionary
かつもり	克守|克衞|勝守|勝盛|勝護|捷護|桂守|甲守|葛盛	given-name-dictionary
かねのぶ	兼伸|兼宣|兼庸|兼脩|務信|包信|周信|周允|金信	given-name-dictionary
かねみち	兼径|兼方|兼途|兼通|兼道|包道|謙道|金路|金道	given-name-dictionary
きしゅう	喜洲|喜秀|喜秋|喜舟|基秀|希舟|帰舟|規修|鬼愁	given-name-dictionary
きゅうご	久五|久伍|久吾|九五|球児|球吾|球悟|球期|球護	given-name-dictionary
きゅうじ	久二|久司|久次|久治|九児|九治|汲次|球二|球児	given-name-dictionary
きよしげ	喜世茂|喜代茂|喜代重|清恵|清成|清滋|清茂|清重|精茂	given-name-dictionary
きよてる	清光|清明|清晃|清照|清皓|清輝|磨輝|聖光|聖輝	given-name-dictionary
きよとも	清伴|清倫|清友|清寛|清智|清朝|清知|聖智|貴世友	given-name-dictionary
けんじゅ	健寿|健樹|建樹|憲寿|憲樹|研寿|謙寿|鍵寿|顕珠	given-name-dictionary
げんこう	元亨|元幸|元康|源光|源孝|源晃|玄光|玄康|現孝	given-name-dictionary
げんすけ	元助|元翼|弦介|愿介|源介|源助|源祐|玄介|玄将	given-name-dictionary
さだやす	定泰|禎康|禎恭|禎泰|貞保|貞安|貞康|貞泰|貞靖	given-name-dictionary
さちひこ	三智彦|佐知彦|倖彦|幸彦|幸比古|祐彦|祥彦|禄彦|福彦	given-name-dictionary
さとふみ	吏良|恵文|悟史|智史|智文|暁史|知史|聡文|賢文	given-name-dictionary
しげたけ	成健|成武|滋丈|苞竹|茂丈|重剛|重威|重武|重毅	given-name-dictionary
しげちか	成周|成親|繁史|繁親|茂親|薫史|重臣|重親|重近	given-name-dictionary
しちろう	七朗|七良|七郎|史知郎|嗣治朗|志智郎|志知郎|質朗|質郎	given-name-dictionary
じゅりえ	寿利江|朱莉恵|朱里江|樹李愛|樹梨恵|樹理江|樹理絵|樹里依|樹里絵	given-name-dictionary
じんすけ	仁介|仁典|仁助|仁祐|任佐|甚亮|甚助|甚左|甚輔	given-name-dictionary
すみゆき	住之|寿美之|寿美幸|澄之|澄幸|純之|純如|純幸|純行	given-name-dictionary
せんえい	仙影|先栄|先穎|千詠|専永|専英|扇永|暹暎|泉慧	given-name-dictionary
せんきち	仙吉|千吉|専吉|扇吉|浅吉|舛吉|詮吉|選吉|銑吉	given-name-dictionary
そうかん	宗完|宗寛|宗幹|宗監|宗看|宗翰|宗貫|宗関|蒼	given-name-dictionary
たかちか	剛愛|孝弟|孝親|尊親|崇史|隆史|隆周|隆愛|高央	given-name-dictionary
たかひら	孝啓|孝平|孝拓|崇平|貴平|隆平|高平|高衡|鷹平	given-name-dictionary
ただしげ	匡繁|匡重|忠成|忠滋|忠繁|忠茂|忠誉|忠誠|忠重	given-name-dictionary
ただとも	忠倫|忠倶|忠友|忠吾|忠智|忠朋|忠朝|忠知|直智	given-name-dictionary
ただもと	忠元|忠基|忠幹|忠根|忠素|忠資|直幹|薫元|貞幹	given-name-dictionary
ちかとし	周信|哉利|親俊|親利|親和|親寿|親稔|近利|近寿	given-name-dictionary
ちかのぶ	力信|周信|周延|央叙|知命|知言|親信|親宜|親延	given-name-dictionary
ちかふみ	史典|周史|周文|愛史|慎文|親史|親文|近史|近文	given-name-dictionary
ちかまさ	允将|務信|史雅|周政|周正|見正|親敬|親昌|親正	given-name-dictionary
つねみち	常倫|常通|常道|庸道|恒亨|恒通|恒道|経通|経道	given-name-dictionary
てつはる	哲春|哲晴|哲治|哲陽|徹大|徹治|鉄春|鉄晴|鉄治	given-name-dictionary
てるたけ	光武|昭威|昭武|晃武|照剛|照岳|輝剛|輝壮|輝武	given-name-dictionary
としあつ	俊厚|俊篤|利厚|利同|利淳|寿篤|敏厚|敏篤|稔淳	given-name-dictionary
としもと	俊元|利元|利基|利幹|利素|年基|才幹|敏元|紀元	given-name-dictionary
なおちか	尚史|尚央|尚真|尚親|有史|直史|直周|直愛|直親	given-name-dictionary
なおとも	尚友|尚智|尚知|直友|直智|直朋|直朝|直知|順朝	given-name-dictionary
なりゆき	仙之|平之|成之|成幸|成行|斉之|斉順|誠行|酉之	given-name-dictionary
のぶあつ	伸淳|信厚|信敦|信淳|信篤|宣篤|延篤|暢敦|暢淳	given-name-dictionary
のりてる	亘輝|徳光|徳昭|徳輝|憲照|憲輝|法照|登晃|紀輝	given-name-dictionary
のりふさ	伯麻|則房|宣房|徳房|悟亮|憲房|敬房|智寅|範房	given-name-dictionary
はるかず	春一|春和|晴一|晴和|晴計|東一|治一|治和|雄捷	given-name-dictionary
はるつぐ	明次|春次|昭次|晴嗣|晴次|東亜|治次|治胤|玄嗣	given-name-dictionary
はるふみ	明史|春文|晴史|晴文|治史|治文|遥文|陽史|陽文	given-name-dictionary
ひでひこ	偉彦|日出彦|栄彦|秀彦|秀比古|英彦|英日己|英比古|豪彦	given-name-dictionary
ふじろう	不二郎|二千六|冨士朗|冨士郎|夫二郎|夫次郎|富士朗|富士郎|藤郎	given-name-dictionary
ふみはる	史春|史晴|史治|富美治|文春|文晴|文東|文治|文陽	given-name-dictionary
まきひこ	万亀彦|万喜彦|万規彦|満喜彦|牧彦|眞木彦|真木彦|真樹彦|蒔彦	given-name-dictionary
まさもり	当壮|政盛|昌守|昌盛|正守|正盛|真盛|雅守|雅盛	given-name-dictionary
まさより	将頼|政頼|昌倚|昌頼|柾頼|正因|正順|正頼|雅頼	given-name-dictionary
みきのり	幹倫|幹典|幹則|幹徳|幹憲|幹範|幹紀|幹規|樹典	given-name-dictionary
みちかず	倫一|允一|充一|方計|路一|通一|通和|道一|道和	given-name-dictionary
みつなり	三成|充也|光克|光成|光斉|光生|光謹|実成|満成	given-name-dictionary
みねひろ	峯裕|峰博|峰宏|峰広|峰弘|峰浩|峰裕|嶺宏|嶺浩	given-name-dictionary
もりしげ	守成|守繁|守茂|守重|盛滋|盛茂|盛重|衛茂|護成	given-name-dictionary
やすかた	保鞏|安剛|安賢|容像|康容|懐賢|泰象|泰賢|靖方	given-name-dictionary
やすさだ	保定|安定|安貞|康定|康禎|恭定|恭禎|泰定|泰貞	given-name-dictionary
やすまろ	保麿|安磨|安萬侶|康円|康磨|康麿|恭麿|泰麿|靖麿	given-name-dictionary
ゆきしげ	之重|幸成|幸繁|幸茂|幸重|幸鎮|潔重|行繁|裕己茂	given-name-dictionary
よしとよ	吉豊|善豊|嘉豊|悦豊|敬豊|美豊|義豊|良豊|芳豊	given-name-dictionary
よしなか	善心|嘉中|嘉仲|恵良|由仲|美中|義仲|義央|芳中	given-name-dictionary
よしひら	儀平|吉平|善平|淑平|美平|義平|義衡|良平|静平	given-name-dictionary
りょうと	亮人|亮土|凌兎|崚人|崚登|涼人|綾人|遼人|遼登	given-name-dictionary
れいすけ	令介|令輔|玲介|礼介|礼佑|礼典|礼助|礼資|礼輔	given-name-dictionary
いっしょう	一勝|一嘯|一昇|一照|一生|一省|一祥|一章|一笑	given-name-dictionary
けいしゅん	京春|冏俊|圭駿|恵俊|恵春|慶春|景俊|景春|渓春	given-name-dictionary
しげじろう	滋次郎|繁二郎|繁次郎|繁治郎|茂二郎|茂次郎|重二良|重次郎|鎮次郎	given-name-dictionary
じゅうろう	充朗|充郎|十朗|十良|十郎|戎朗|重朗|重郎|鋳郎	given-name-dictionary
じゅたろう	壽太郎|寿多朗|寿多郎|寿太朗|寿太郎|樹多朗|樹多郎|樹太朗|樹太郎	given-name-dictionary
じんのすけ	仁之介|仁之助|仁之輔|甚之介|甚之助|甚之輔|神之介|神之助|神之輔	given-name-dictionary
ぜんたろう	全多朗|全多郎|全太朗|全太郎|善多朗|善多郎|善太朗|善太郎|然太郎	given-name-dictionary
たかのすけ	孝之助|甚之介|貴之介|隆之助|隆之輔|高之助|鷹之介|鷹之助|鷹之祐	given-name-dictionary
てつたろう	哲太朗|哲太郎|哲汰朗|徹太朗|徹太郎|鉄大郎|鉄太郎|銕太郎|鐵太郎	given-name-dictionary
とうたろう	東太郎|桃太郎|棟太郎|登太郎|等太郎|統太郎|藤夛郎|藤太郎|陶太郎	given-name-dictionary
としたろう	俊太郎|利太郎|壽太郎|寿太郎|年太郎|敏太郎|歳太郎|聡太郎|肇太郎	given-name-dictionary
とらじろう	寅二郎|寅司郎|寅次郎|寅治良|寅治郎|寛治郎|虎二郎|虎次郎|虎治郎	given-name-dictionary
ひでのすけ	日出之助|日出之輔|秀之介|秀之助|秀之輔|英之介|英之助|英之輔|豪乃資	given-name-dictionary
ひろのすけ	博之助|宏之助|広之介|広之助|弘之助|弘之輔|浩乃介|浩之介|浩之助	given-name-dictionary
みつじろう	三次郎|三治郎|三津二郎|光二郎|光司郎|光次郎|光治郎|光赦|満治郎	given-name-dictionary
れんじろう	廉二郎|廉次郎|恋次郎|練二郎|脇麩|蓮二郎|連二郎|連次郎|錬治郎	given-name-dictionary
さいいちろう	佐一郎|宰一郎|彩一郎|才一郎|斉一郎|斎一郎|最一郎|歳一郎|豺一郎	given-name-dictionary
じゅんしょう	淳昇|淳昭|淳照|純正|順勝|順昭|順照|順章|順証	given-name-dictionary
たけいちろう	丈一朗|丈一郎|威一郎|孟一郎|武一郎|武市郎|毅一郎|猛市郎|竹一郎	given-name-dictionary
あも	あも|亜茂|亜萌|天羽|天萌|愛望|愛萌|誕生	given-name-dictionary
いま	イマ|以真|以麻|伊茉|伊麻|依真|意麻|衣麻	given-name-dictionary
えか	依香|恵果|恵香|愛佳|愛加|愛果|愛華|絵香	given-name-dictionary
おう	墺|央|央彡|旺|桜|欧|汪|泱	given-name-dictionary
ちあ	ちあ|千亜|千愛|千空|智安|知亜|知愛|鳥愛	given-name-dictionary
とか	利賀|十歌|斗夏|斗花|斗華|斗香|登香|翔加	given-name-dictionary
にほ	丹|丹保|丹穂|仁保|仁帆|仁歩|仁穂|新穂	given-name-dictionary
のこ	のこ|ノコ|乃子|乃湖|埜子|暖子|紀湖|野子	given-name-dictionary
ばく	漠|瀑|爆|獏|莫|貘|馬句|麦	given-name-dictionary
まね	マネ|万音|真子|真音|舞音|茉根|麻弥|麻音	given-name-dictionary
めみ	めみ|愛実|愛美|芽実|芽美|萌|萌実|萌美	given-name-dictionary
やな	やな|ヤナ|也奈|矢奈|矢菜|矢那|耶奈|耶菜	given-name-dictionary
あいが	亜伊雅|亜依雅|愛楽|愛芽|愛雅|愛香|真珠|藍雅	given-name-dictionary
あいむ	亜以夢|亜好夢|亜衣夢|亞衣夢|彩夢|愛夢|曖夢|逢夢	given-name-dictionary
あくり	あくり|亜久利|亜久理|亜久里|安久利|安久里|阿久里|阿玖里	given-name-dictionary
あけび	明美|暁美|木通|朱微|朱日|朱火|朱美|通草	given-name-dictionary
あとみ	与美|亜十美|亜富|亜杜実|亜杜美|亜都美|愛深|跡美	given-name-dictionary
あやや	亜々也|亜弥々|彩弥|彩野|愛弥|愛矢|絢矢|綾野	given-name-dictionary
ありと	作都|在史|彩斗|愛利人|有人|有登|有途|有都	given-name-dictionary
あるな	亜月|亜瑠奈|亜留奈|有奈|有納|有菜|有那|阿留奈	given-name-dictionary
いいち	亥一|伊一|伊市|偉一|威一|尉一|惟一|猪一	given-name-dictionary
いくる	伊久留|惟久瑠|生|生琉|生瑠|育流|育琉|郁留	given-name-dictionary
いさと	いさと|イサト|伊智|伊里|功人|勇人|勲人|衣里	given-name-dictionary
いつな	いつな|一奈|一菜|乙奈|乙菜|逸名|逸菜|逸那	given-name-dictionary
いなお	いなお|伊奈夫|伊直|伊那雄|稲夫|稲巌|稲男|稲雄	given-name-dictionary
いるか	いるか|イルカ|依瑠香|入夏|入鹿|衣琉香|衣瑠香|衣留香	given-name-dictionary
うさみ	うさみ|侑沙美|右左視|宇沙実|宇沙美|宇紗実|宇紗美|愛紗美	given-name-dictionary
うたい	有代|詩依|詩偉|詩唯|詩生|詩良|詩衣|謡	given-name-dictionary
えきこ	エキ子|恵喜子|恵紀子|易子|栄輝子|永記子|益子|英貴子	given-name-dictionary
えりお	えり緒|恵利織|恵里桜|絵里|絵里欧|英利生|英利雄|英里緒	given-name-dictionary
かいち	佳一|佳市|加壱|可一|嘉一|嘉市|華一|賀一	given-name-dictionary
かける	かける|架華流|翔|翔琉|走|風翔|駆|駈	given-name-dictionary
かすけ	加介|嘉介|嘉典|嘉助|嘉右|嘉祐|嘉輔|賀祐	given-name-dictionary
かずじ	一二|一次|一治|一路|和二|和次|和治|数次	given-name-dictionary
かづな	佳津奈|和奈|夏津奈|果津奈|歌月名|香月奈|香月菜|香津菜	given-name-dictionary
かのみ	かのみ|佳乃実|佳典美|夏乃実|花の実|花乃実|華乃弓|香乃美	given-name-dictionary
かよの	かよの|佳世乃|佳代乃|加予乃|加代乃|香代乃|香葉乃|香陽音	given-name-dictionary
がくし	学史|学司|学志|岳史|岳司|岳士|岳子|岳志	given-name-dictionary
きおみ	季緒美|希生実|希生美|希緒実|希緒美|清美|紀央美|貴緒美	given-name-dictionary
きおり	きおり|妃織|姫織|季織|希織|生織|祈織|紀織	given-name-dictionary
きみほ	主帆|仁穂|公保|公穂|君保|喜実穂|喜美保|喜美穂	given-name-dictionary
きゅう	丘|久|九|及|救|球|究|邱	given-name-dictionary
きよき	心樹|清喜|清己|清東|清樹|清貴|澄樹|貴世希	given-name-dictionary
きわみ	季和実|季和美|希和美|極|極実|極美|研美|貴和美	given-name-dictionary
くらじ	くらじ|倉二|倉司|倉次|倉治|庫次|庫治|蔵治	given-name-dictionary
くりえ	くりえ|クリエ|久梨枝|久梨絵|久理恵|久里恵|久里江|栗愛	given-name-dictionary
くりん	くりん|久琳|久鈴|九輪|空凛|空凜|紅凛|紅鈴	given-name-dictionary
ことき	小時|琴喜|琴季|琴己|琴希|琴樹|琴貴|琴輝	given-name-dictionary
こはね	子羽|小羽|小羽音|心羽|恋羽|湖羽|瑚羽|胡羽	given-name-dictionary
ごへい	五兵|五兵衛|五平|五瓶|伍平|吾平|悟平|梧平	given-name-dictionary
さあこ	佐亜子|少旭子|彩亜子|早亜子|早明子|沙亜子|紗亜子|紗安子	given-name-dictionary
さえき	佐易|佐重喜|冴希|冴樹|冴生|冴綺|彩木|彩樹	given-name-dictionary
さえな	さえな|冴奈|彩奈|彩菜|紗枝名|紗枝菜|紗笑奈|紗英茄	given-name-dictionary
さくじ	佐久次|佐久治|作二|作次|作治|朔二|朔次|策次	given-name-dictionary
さちは	倖葉|咲千羽|幸羽|幸華|幸葉|祐羽|祥巴|祥葉	given-name-dictionary
さつお	サツオ|五月夫|佐津雄|佐都夫|冊夫|撮雄|薩夫|薩男	given-name-dictionary
さほみ	さほみ|佐保美|咲穂実|咲穂美|早帆未|早穂見|沙歩美|沙穂美	given-name-dictionary
さやは	さや葉|咲也葉|彩葉|沙耶葉|清葉|爽葉|紗也葉|紗耶葉	given-name-dictionary
さりこ	さり子|サリ子|早里子|沙理子|沙里乎|沙里子|紗理子|紗里子	given-name-dictionary
しいか	弑火|椎可|椎夏|椎花|詞華|詩依華|詩歌|詩香	given-name-dictionary
しえら	史絵良|白羅|紫映良|紫瑛蘭|紫英良|詩絵羅|詩絵良|詩絵蘭	given-name-dictionary
しげほ	成穂|滋穂|滋輔|繁歩|繁穂|茂保|茂穂|重穂	given-name-dictionary
しとみ	任美|志十実|志十美|志富|志登実|志登美|志都美|詩富味	given-name-dictionary
しのか	信花|忍佳|忍圭|志乃佳|紫乃香|詩乃花|詩乃香|誌乃香	given-name-dictionary
しめい	史明|嗣明|四明|四迷|士明|志明|思明|紫明	given-name-dictionary
すぎお	すぎお|寿義雄|杉夫|杉王|杉生|杉男|杉郎|杉雄	given-name-dictionary
すずお	寿々雄|涼緒|珠洲男|鈴夫|鈴生|鈴男|鈴雄|錫雄	given-name-dictionary
すずほ	すずほ|寿々帆|涼帆|涼穂|清帆|鈴帆|鈴歩|鈴穂	given-name-dictionary
すなほ	すなほ|寿菜穂|恵|淳|理|直保|砂星|砂穂	given-name-dictionary
すみや	清矢|澄也|純也|純夜|純弥|純矢|速哉|須弥也	given-name-dictionary
せりえ	世李絵|世理恵|瀬里枝|競慧|芹依|芹恵|芹江|茜莉絵	given-name-dictionary
そらか	天香|宙遥|空叶|空歌|空花|空遥|空風|空香	given-name-dictionary
たかせ	多嘉星|孝世|崇世|貴世|貴瀬|高世|高瀬|鷹生	given-name-dictionary
たくほ	卓保|卓畝|卓穂|拓帆|拓歩|拓甫|拓穂|琢穂	given-name-dictionary
たけま	岳馬|武真|武磨|武馬|武麻|猛馬|竹間|竹馬	given-name-dictionary
たずえ	たずえ|タズエ|多津恵|多津江|多鶴江|田鶴枝|訪恵|鶴江	given-name-dictionary
たづえ	たづえ|多津恵|多津映|多津枝|多津栄|多津江|多鶴恵|田鶴衛	given-name-dictionary
たてし	建之|建史|建志|建資|立|立志|経史|達治	given-name-dictionary
たみき	たみ樹|民喜|民城|民樹|民毅|民生|民規|民記	given-name-dictionary
ちなこ	ちな子|千奈子|千納子|千菜子|智奈子|知名子|知奈子|知楠子	given-name-dictionary
ちゆう	千友|智勇|智友|智遊|智雄|痴遊|知勇|知結	given-name-dictionary
つきお	月乙|月夫|月生|月男|槻雄|津希夫|津貴夫|築夫	given-name-dictionary
つぐと	二人|亞人|嗣人|嗣土|嗣登|次人|次登|継人	given-name-dictionary
つぐや	二哉|二弥|嗣也|嗣哉|次哉|継也|継哉|貢也	given-name-dictionary
てつま	哲磨|哲馬|哲麿|徹真|徹路|徹馬|鉄真|鉄馬	given-name-dictionary
てんま	天万|天満|天眞|天真|天茉|天誠|天馬|天麻	given-name-dictionary
とねこ	乙弥子|利根子|杜弥子|桃音子|桐音子|灯音子|都寧子|都希子	given-name-dictionary
とよか	とよか|十夜香|富代香|斗夜火|桃代香|登世花|豊夏|豊花	given-name-dictionary
なほか	七方香|南扶花|名穂加|奈穂佳|直加|直香|真香|菜穂香	given-name-dictionary
なみの	凡乃|奈巳乃|奈未乃|奈稔|奈美乃|方乃|波乃|波望	given-name-dictionary
にっき	二季|仁姫|弐樹|新希|日帰|日紀|日葵|日記	given-name-dictionary
のえか	乃恵佳|乃恵加|乃絵花|乃絵香|乃衣夏|乃衣香|望恵花|野衣佳	given-name-dictionary
のぶほ	亘穂|伸帆|伸穂|信歩|信穂|宣穂|暢歩|暢穂	given-name-dictionary
はずみ	はずみ|ハ純|八澄|八純|羽澄|羽純|葉澄|葉純	given-name-dictionary
はつか	はつ花|初佳|初夏|初果|初花|初華|初香|廿河	given-name-dictionary
はつな	はつな|八生|初奈|初波|初菜|初那|発奈|羽津菜	given-name-dictionary
はつよ	はつ代|ハツヨ|ハツ代|一世|初世|初代|初芳|初葉	given-name-dictionary
はるし	啓至|春司|春士|晴司|治之|治司|治志|陽史	given-name-dictionary
はるも	春望|春百|春若|春茂|春萌|晴萌|温萌|葉瑠萌	given-name-dictionary
ひそか	姫爽香|密|密花|密香|弥且絵|氷海風|潜|静	given-name-dictionary
ひろほ	ひろほ|大歩|大穂|尋穂|広帆|波露帆|洋帆|浩帆	given-name-dictionary
ふうま	ふうま|楓真|楓磨|楓麻|風舞|風雅|風馬|風麻	given-name-dictionary
ふゆえ	冬恵|冬愛|冬枝|冬栄|冬江|冬絵|冬衛|布由江	given-name-dictionary
べにお	紅|紅央|紅旺|紅桜|紅生|紅緒|紅翠|紅音	given-name-dictionary
べにか	ベニカ|朱花|紅伽|紅加|紅花|紅華|紅霞|紅香	given-name-dictionary
ほしな	保志菜|保科|星名|星奈|星成|星渚|星菜|星那	given-name-dictionary
まあれ	マアレ|万阿礼|海|真阿礼|茉阿礼|麻亜礼|麻亜麗|麻阿礼	given-name-dictionary
まきや	万季野|牧哉|眞樹也|真希也|真樹哉|蒔也|麻己也|麻記也	given-name-dictionary
ましお	万汐|万潮|愛汐|真汐|真潮|茉汐|茉潮|麻潮	given-name-dictionary
ますき	桝樹|益喜|益城|益揮|益樹|真透|真鋤|賢城	given-name-dictionary
ますず	万涼|万珠々|真涼|真珠々|真鈴|茉涼|茉珠々|麻珠々	given-name-dictionary
まちみ	万智美|町実|町美|眞知美|真智実|真智美|茉智美|麻智美	given-name-dictionary
まとり	万鳥|的理|真取里|真登利|真都里|真鳥|茉鳥|麻鳥	given-name-dictionary
まどみ	万努美|円実|円美|真努実|真努美|窓美|茉努美|麻努美	given-name-dictionary
まみみ	万深美|真深実|真深美|真美々|茉深美|麻実々|麻深美|麻美々	given-name-dictionary
みえい	三英|実映|心笑衣|美影|美映|美栄|美瑛|美詠	given-name-dictionary
みかお	三賀男|三香男|実夏緒|未香緒|甕男|美賀雄|美香緒|魅華桜	given-name-dictionary
みずお	水男|瑞夫|瑞朗|瑞生|瑞男|瑞緒|瑞郎|瑞雄	given-name-dictionary
みづか	みづ香|瑞佳|瑞花|瑞華|瑞香|美司|美津香|見束	given-name-dictionary
むねこ	ム子コ|宗子|宗根子|心子|志子|意子|旨子|梁子	given-name-dictionary
ややこ	やや子|也哉子|也耶子|八耶子|夜々子|椰也子|椰椰香|耶也子	given-name-dictionary
ゆいね	ゆいね|唯音|柚衣寧|結子|結寧|結心|結衣音|結音	given-name-dictionary
ゆうち	優千|優知|勇知|宥智|悠地|融智|裕智|雄地	given-name-dictionary
ゆかの	優香乃|友加乃|友架乃|友香乃|夢叶|悠加乃|由佳乃|由香乃	given-name-dictionary
ゆくみ	ゆくみ|友空実|友空美|往美|征実|征美|悠久海|悠久美	given-name-dictionary
ゆりよ	ユリ代|友里代|由利代|由理代|由里代|百合世|百合代|裕里代	given-name-dictionary
りいさ	李依咲|梨衣沙|梨衣紗|浬衣沙|理衣沙|里依紗|里衣彩|里衣紗	given-name-dictionary
りつえ	りつえ|りつ恵|利都恵|律恵|律枝|律江|律絵|理津江	given-name-dictionary
りつお	利津夫|律夫|律男|律郎|律雄|立夫|立生|立男	given-name-dictionary
りのか	利乃佳|梨乃加|梨乃夏|梨乃香|理乃伽|璃乃花|莉乃香|里野香	given-name-dictionary
りまこ	理万子|理真子|理磨子|理麻子|莉麻子|里万子|里摩子|里舞子	given-name-dictionary
りんだ	リンダ|凜夏|凜妥|林那|琳朶|鈴多|鈴妥|鈴那	given-name-dictionary
るりあ	琉梨亜|琉璃愛|瑠李愛|瑠璃亜|瑠璃愛|瑠璃海|瑠莉亜|瑠里有	given-name-dictionary
れいほ	澪保|澪歩|玲保|玲帆|玲歩|玲穂|礼甫|麗帆	given-name-dictionary
あきくに	啓邦|彰邦|明國|明邑|昭訓|昭邦|晃邦|顕邦	given-name-dictionary
あきただ	亮允|亮忠|彰但|明忠|昭忠|聡宰|言忠|顕忠	given-name-dictionary
いくふみ	幾史|幾文|粥史|育史|育文|行史|郁史|郁文	given-name-dictionary
いちぞう	一三|一蔵|一象|一造|壱三|市三|市蔵|市造	given-name-dictionary
かいせい	快征|快晴|恢成|懐清|海世|海清|開世|魁星	given-name-dictionary
かずとみ	一富|一臣|万富|三富|和富|和臣|数富|雄富	given-name-dictionary
かんきち	乾吉|勘吉|勧吉|寒吉|寛吉|漢吉|貫吉|関吉	given-name-dictionary
かんぺい	勘平|官平|寛平|慣平|洹平|萱平|観平|貫平	given-name-dictionary
きよみち	喜陌|清理|清祐|清通|清道|精通|純道|聖通	given-name-dictionary
きよやす	清保|清康|清恭|清泰|清鎮|精康|陽康|靖康	given-name-dictionary
くにぞう	久二三|九二三|国三|国蔵|国造|邦三|邦蔵|邦造	given-name-dictionary
げんせい	元成|元正|元誠|源清|源生|玄成|絃声|言生	given-name-dictionary
こうこう	光孝|光耕|公孝|孝行|広高|晃工|香光|鴻紅	given-name-dictionary
こうてん	公典|孝典|広典|弘典|晃典|浩天|耕典|耕天	given-name-dictionary
こうとく	光徳|孝徳|幸得|幸徳|広得|恒徳|恒篤|貢得	given-name-dictionary
こうりん	光林|光琳|好宇林|幸倫|恋淋|江林|虹凛|高麗	given-name-dictionary
これたか	惟喬|惟孝|惟尭|惟隆|是孝|是敬|維孝|維隆	given-name-dictionary
これゆき	之幸|伊行|惟友季|惟如|惟幸|是之|是行|維之	given-name-dictionary
さだひさ	定久|寧久|真久|禎久|貞久|貞壽|貞尚|貞昶	given-name-dictionary
さだまさ	定昌|定正|貞優|貞允|貞政|貞昌|貞正|貞雅	given-name-dictionary
さとひこ	叡彦|哲彦|学彦|恵彦|悟彦|聡彦|達彦|里彦	given-name-dictionary
しげくに	成訓|繁那|茂国|茂國|茂有|茂邦|薫國|重邦	given-name-dictionary
しげすけ	成資|繁資|茂介|茂助|茂祐|茂輔|重助|重祐	given-name-dictionary
しゅんき	俊基|俊煕|俊麒|峻樹|春毅|春輝|瞬輝|竣希	given-name-dictionary
しょうと	奨人|奨斗|憧人|昇人|渉人|省人|翔人|翔斗	given-name-dictionary
すえひろ	季博|季寛|季弘|季煕|寿衛融|末広|末廣|末弘	given-name-dictionary
すけひさ	佐久|佑久|佑尚|昌久|祐久|祐寿|資久|輔久	given-name-dictionary
そうじゅ	双樹|宗寿|惣寿|操寿|桑珠|聡樹|草樹|荘寿	given-name-dictionary
たかつね	孝常|孝恒|貴恒|隆常|隆経|高常|高恒|高経	given-name-dictionary
たかとみ	孝富|尊福|貴富|貴臣|隆富|隆福|高冨|高富	given-name-dictionary
たかもと	卓幹|孝元|孝基|尊基|崇源|敬元|隆元|隆基	given-name-dictionary
たかもり	孝守|孝積|孝衛|尊守|肖壮|貴盛|隆守|隆盛	given-name-dictionary
たじろう	他次郎|多久郎|多次郎|多治郎|太二郎|太次郎|太治朗|太治郎	given-name-dictionary
ただあつ	忠允|忠充|忠厚|忠淳|忠温|忠篤|正篤|賢石	given-name-dictionary
ただひで	匡寿|匡秀|唯英|忠秀|忠英|正秀|直秀|禎秀	given-name-dictionary
ただみつ	忠三|忠備|忠光|忠晃|忠睦|惟光|真光|賢照	given-name-dictionary
たつおき	樹興|竜興|竜起|辰興|達宙|達興|龍興|龍起	given-name-dictionary
たつはる	樹青|立春|竜治|辰春|辰治|達治|龍春|龍晴	given-name-dictionary
たねあき	種亮|種明|種昭|胤亮|胤明|胤昭|胤聡|胤顕	given-name-dictionary
ためよし	為可|為善|為精|為美|為義|為芳|為貴|爲義	given-name-dictionary
ちかあき	務信|務名|周明|哉晶|親彰|親昭|親章|近明	given-name-dictionary
つぐひこ	二彦|亜彦|嗣彦|次彦|歴彦|紹彦|継彦|胤彦	given-name-dictionary
つぐひと	二仁|倫仁|司仁|嗣人|嗣仁|次人|紹仁|継仁	given-name-dictionary
つぐまさ	二正|嗣全|嗣政|嗣雅|次正|統正|継正|継雅	given-name-dictionary
つねはる	常晴|常治|庸晴|庸靖|恒春|恒晴|恒治|経治	given-name-dictionary
つねみつ	常充|常光|常満|庸光|恒充|恒光|恒満|秩光	given-name-dictionary
てるくに	光邦|昭国|照国|英城|輝久仁|輝州|輝訓|輝邦	given-name-dictionary
てるちか	光史|映史|晃央|晃実|晃睦|照史|照周|輝親	given-name-dictionary
てるふみ	光史|晃史|晃文|晧文|照史|照文|輝史|輝文	given-name-dictionary
てんせい	典正|典生|天声|天晴|天生|天聖|天青|添星	given-name-dictionary
ときまさ	季正|時将|時政|時昌|時正|登喜正|辰昌|辰正	given-name-dictionary
とくゆき	得之|得行|徳之|徳幸|徳行|督之|督幸|督行	given-name-dictionary
とくよし	得由|得美|徳善|徳好|徳義|徳良|徳芳|篤頼	given-name-dictionary
としかた	俊剛|俊方|利器|利固|利方|利賢|年方|敏方	given-name-dictionary
としふさ	俊房|俊英|利房|利芳|年総|捷房|敏房|聡総	given-name-dictionary
とみやす	冨泰|富保|富安|富康|富泰|徳泰|福保|臣康	given-name-dictionary
ともさと	友悟|友里|智哲|智達|智里|朋里|知聡|知賢	given-name-dictionary
ともてる	友照|智輝|朋輝|朝光|朝照|朝輝|知照|知輝	given-name-dictionary
とよのぶ	豊伸|豊信|豊修|豊宣|豊延|豊敷|豊暢|豊誠	given-name-dictionary
ながゆき	寿千|永之|永幸|永征|永行|長之|長幸|長征	given-name-dictionary
なりひと	也人|体仁|城史|成一|成人|成仁|誠人|雅仁	given-name-dictionary
のりおみ	令臣|典臣|徳臣|憲臣|法臣|範臣|紀臣|規臣	given-name-dictionary
のりたつ	典竜|徳立|徳竜|法龍|範立|紀翔|紀達|規立	given-name-dictionary
のりぶみ	典史|典文|則文|則録|憲史|憲文|教文|規文	given-name-dictionary
のりもと	典玄|則本|徳元|法基|範元|範基|紀元|紀基	given-name-dictionary
はやひこ	剣彦|奔彦|捷彦|早比古|躍彦|迅彦|隼彦|飛彦	given-name-dictionary
はるとも	明友|明智|春友|春朝|東倫|治友|治智|玄知	given-name-dictionary
ひさひこ	久彦|久比古|央彦|寿彦|尚彦|恒彦|永彦|鋳彦	given-name-dictionary
ひさふみ	久史|久文|央文|寿文|尚史|尚文|弥文|悠史	given-name-dictionary
ひでくに	日出国|栄邦|秀国|秀圀|秀邦|英国|英訓|英邦	given-name-dictionary
ひでただ	秀任|秀匡|秀忠|秀正|秀直|秀禎|英忠|英資	given-name-dictionary
ひでたつ	栄達|秀竜|秀達|秀龍|英立|英竜|英達|英龍	given-name-dictionary
ひろきよ	博清|宏清|広清|廣清|弘清|浩清|渺清|裕清	given-name-dictionary
ひろたみ	博民|啓民|宏太三|弘民|拓民|洋民|浩民|裕民	given-name-dictionary
ひろふさ	博房|博英|宏房|広総|弘房|拓英|汪芳|浩房	given-name-dictionary
ひろもり	博司|博盛|宏盛|容盛|巨守|広守|広盛|弘守	given-name-dictionary
へいぞう	丙三|兵三|兵蔵|兵造|平三|平蔵|平象|平造	given-name-dictionary
まさかね	政兼|政金|斉兼|斉加年|正兼|正包|正金|正鉄	given-name-dictionary
まさみね	大峰|将峰|政峯|正峯|正峰|誠峰|賢峰|雅峰	given-name-dictionary
まさむね	倫宗|将宗|政宗|昌宗|正宗|真宗|祐宗|雅宗	given-name-dictionary
ますのり	増矩|益則|益功|益徳|益範|益規|真徳|真須徳	given-name-dictionary
ますひこ	万寿彦|万州彦|升彦|増彦|満寿彦|満須彦|益彦|益比古	given-name-dictionary
みきぞう	三木三|幹三|幹蔵|幹藏|幹造|未喜三|美喜造|造酒蔵	given-name-dictionary
みちひさ	充久|典恒|廸久|教久|美智久|通久|道久|道寿	given-name-dictionary
みちやす	路易|通保|通康|通晏|通泰|道保|道康|道泰	given-name-dictionary
みつとも	三朝|充智|充知|光智|光朝|光知|満智|満朋	given-name-dictionary
みどりこ	みどりこ|みどり子|碧子|碧己|碧瑚|緑子|美登里子|翠子	given-name-dictionary
もとぞう	元三|元蔵|元造|基三|基造|源三|素三|資三	given-name-dictionary
もとてる	元照|元耀|元輝|基晃|基照|源輝|玄輝|芳映	given-name-dictionary
もりかず	司一|守一|守三|守計|森一|盛一|盛和|盛員	given-name-dictionary
やすおみ	保臣|奉臣|安臣|康匠|康臣|恭臣|泰臣|靖臣	given-name-dictionary
やすかつ	保勝|安且|安克|安勝|康克|康勝|泰克|靖勝	given-name-dictionary
やすきよ	保清|安清|寧清|康清|恭清|晏清|泰清|泰靖	given-name-dictionary
やすぶみ	保文|安文|康史|康文|恭文|泰文|靖史|靖文	given-name-dictionary
ゆきひさ	之久|之寿|幸久|幸寿|征久|祐久|行久|行尚	given-name-dictionary
ゆきひと	之仁|幸人|幸仁|征人|敬仁|有希人|行人|行仁	given-name-dictionary
ゆきみつ	幸充|幸光|幸満|敬光|紀満|行光|行満|雪光	given-name-dictionary
よのすけ	与之介|与之助|与之祐|世之介|代之助|與之助|誉之介|誉之助	given-name-dictionary
よりひろ	順博|順寛|順弘|頼博|頼宏|頼弘|頼明|頼洋	given-name-dictionary
よりよし	寄善|従善|従義|自由|頼吉|頼好|頼義|頼誼	given-name-dictionary
りんいち	倫一|凛一|林一|綸一|隣一|鱗一|麟一|麟市	given-name-dictionary
かめたろう	亀多朗|亀多郎|亀太朗|亀太郎|瓶多朗|瓶多郎|瓶太朗|瓶太郎	given-name-dictionary
きくごろう	喜久五郎|菊五朗|菊五郎|菊伍朗|菊伍郎|菊吾朗|菊吾郎|菊語楼	given-name-dictionary
きちのすけ	吉之丞|吉之介|吉之佑|吉之典|吉之助|吉之祐|吉之輔|橘之助	given-name-dictionary
きゅういち	丘一|久一|久市|九一|九市|玖一|球一|究一	given-name-dictionary
きんしろう	欣四郎|欣士郎|欽四郎|金四郎|金子郎|錦史郎|錦四郎|錦士郎	given-name-dictionary
ぎんじろう	吟次郎|吟治郎|銀二朗|銀二郎|銀仁朗|銀次郎|銀治郎|銀赦	given-name-dictionary
げんりゅう	元隆|元龍|厳龍|源隆|玄立|玄竜|玄隆|玄龍	given-name-dictionary
しょうろう	昇朗|昌郎|昭郎|正朗|祥郎|章郎|笙郎|象郎	given-name-dictionary
じゅうこう	従宏|重光|重剛|重厚|重幸|重弘|重行|重鎬	given-name-dictionary
じゅんさく	惇作|淳作|淳朔|準作|潤作|純策|順三九|順作	given-name-dictionary
じゅんろう	惇郎|淳郎|準郎|潤朗|潤郎|純郎|順朗|順郎	given-name-dictionary
じょうさく	丈作|丈策|城作|定策|常作|穣作|襄作|錠作	given-name-dictionary
たいしゅう	大修|大周|太秀|泰周|泰州|泰秀|泰秋|苔秋	given-name-dictionary
だいごろう	代五郎|大五郎|大吾朗|大吾郎|大悟朗|大悟郎|第五郎|醍醐郎	given-name-dictionary
ちょういち	暢一|澄一|肇一|蝶一|調一|釣一|長一|長市	given-name-dictionary
なおじろう	尚二郎|尚次郎|猶次郎|直二郎|直次|直次郎|直治郎|直赦	given-name-dictionary
りゅうへい	りゅう平|柳平|立兵|竜兵|竜平|隆平|龍兵|龍平	given-name-dictionary
しげさぶろう	栄三郎|繁三朗|繁三郎|茂三朗|茂三郎|薫三郎|重三朗|重三郎	given-name-dictionary
しゅんのすけ	俊乃介|俊之介|俊之助|俊之輔|春之助|舜之助|駿之介|駿之輔	given-name-dictionary
あの	あの|亜乃|亜野|在乃|愛乃|杏乃|綾乃	given-name-dictionary
えあ	えあ|恵亜|恵愛|永愛|瑛亜|空気|絵亜	given-name-dictionary
がい	ガイ|凱|凱依|慨|涯|雅亥|雅意	given-name-dictionary
すわ	すわ|スワ|寿和|洲和|粋羽|諏訪|雛和	given-name-dictionary
たお	タオ|夕緒|多央|多生|多緒|太鳳|道	given-name-dictionary
なや	南椰|名耶|夏彩|奈也|奈弥|奈矢|菜野	given-name-dictionary
はつ	はつ|ハツ|初|波津|溌|芭津|葉津	given-name-dictionary
ほな	保奈|帆奈|帆菜|帆那|歩奈|穂奈|穂菜	given-name-dictionary
もり	守|杜|森|百里|茂理|茂里|萌里	given-name-dictionary
りす	りす|リス|梨好|梨寿|理子|里素|里須	given-name-dictionary
りづ	利都|梨摘|理鶴|莉鶴|里津|里都|里鶴	given-name-dictionary
りぶ	梨舞|璃歩|璃舞|莉夢|里歩|里舞|離歩	given-name-dictionary
ろこ	ロコ|呂子|桜心|海香|蕗子|路子|露湖	given-name-dictionary
ああや	亜彩|亜文|亜綾|愛彩|愛綾|空彩|阿礼	given-name-dictionary
あおし	あおし|碧詩|蒼|蒼紫|青|青司|青巴	given-name-dictionary
あきを	あきを|アキヲ|明於|暁緒|朗緒|秋を|翌央	given-name-dictionary
あたる	あたる|中|允|充|央|当|陽	given-name-dictionary
あつね	あつね|京音|厚音|敦寧|敦音|温音|篤音	given-name-dictionary
あとこ	亜冬子|亜登子|亜都子|安都子|彩十子|明斗子|有年子	given-name-dictionary
あゆち	あゆち|亜由智|愛智|愛由知|愛知|歩由知|歩知	given-name-dictionary
あゆね	あゆね|亜優音|愛夕音|愛結音|歩寧|歩音|阿諛音	given-name-dictionary
ありは	亜李羽|光葉|有巴|有波|有羽|有葉|生羽	given-name-dictionary
ありよ	在世|在代|存世|存代|有世|有代|現世	given-name-dictionary
あんの	アンノ|安乃|安野|晏乃|晏野|杏乃|杏野	given-name-dictionary
いきお	いき雄|井岐雄|以喜夫|伊喜雄|伊器夫|壱岐夫|意気夫	given-name-dictionary
いずは	いずは|伊寿葉|出巴|出羽|泉巴|泉羽|泉葉	given-name-dictionary
いせい	井声|以誠|伊盛|惟精|惟誠|維精|郁青	given-name-dictionary
いそじ	いそじ|五十二|五十次|五十治|亥十二|磯次|礒治	given-name-dictionary
いぞう	亥三|以蔵|伊蔵|偉三|猪三|猪蔵|畏三	given-name-dictionary
いちや	一也|一夜|一弥|一彌|一矢|伊知哉|市弥	given-name-dictionary
いつは	いつは|いつ葉|一葉|五羽|五葉|衣津波|逸葉	given-name-dictionary
いつや	一也|一弥|乙也|乙夜|逸也|逸哉|逸弥	given-name-dictionary
いのこ	いの子|イノ子|亥の子|亥子|威能子|猪の子|猪子	given-name-dictionary
いりや	イリヤ|以里耶|伊利矢|伊理也|伊莉哉|依璃耶|維吏弥	given-name-dictionary
ういな	ういな|初奈|卯伊那|愛菜|生唯奈|羽衣奈|羽衣菜	given-name-dictionary
うみか	海佳|海夏|海果|海花|海華|海香|羽歌	given-name-dictionary
うめか	卯芽香|梅佳|梅花|梅霞|梅風|梅香|雨梅香	given-name-dictionary
えいち	叡智|恵市|慧知|映智|栄智|英智|英知	given-name-dictionary
えつな	恵月菜|悦奈|愛月菜|愛月那|愛津菜|映月菜|絵月名	given-name-dictionary
えみの	恵稔|江美乃|笑乃|笑美乃|笑野|絵弥乃|詠未乃	given-name-dictionary
えるみ	彫末|彫美|恵留実|恵留美|惠留美|絵瑠美|絵留美	given-name-dictionary
えんり	円利|円理|円莉|媛李|媛里|演莉|遠里	given-name-dictionary
おうこ	央固|央子|応子|旺子|桜子|欧子|王子	given-name-dictionary
おうじ	旺児|旺司|旺治|旺爾|王二|翁二|鴎二	given-name-dictionary
おおみ	おおみ|多美|大実|大美|央美|欧美|洋	given-name-dictionary
おさお	修夫|督雄|統夫|長夫|長男|長穂|長雄	given-name-dictionary
おりは	緒梨羽|織巴|織春|織波|織羽|織葉|音鈴巴	given-name-dictionary
かいた	塊太|快太|槐多|槐太|海太|開太|魁大	given-name-dictionary
かけい	可敬|夏景|花渓|花蹊|華渓|霞渓|香径	given-name-dictionary
かざね	かざね|かざ寧|かざ音|華実|風声|風鈴|風音	given-name-dictionary
かつほ	一穂|克保|克帆|克穂|勝秀|勝穂|和穂	given-name-dictionary
かづさ	かづ左|一紗|一颯|加津沙|月砂|計|香津紗	given-name-dictionary
かづや	一也|一哉|加津也|和也|和哉|嘉律哉|賀津也	given-name-dictionary
かゆこ	佳友子|佳夕子|佳由子|加友子|加有子|華由子|香由子	given-name-dictionary
かわい	佳合|佳愛|可和意|可愛|河合|華愛|香愛	given-name-dictionary
かをる	かをる|カヲル|椛流|薫|郁|香|馨	given-name-dictionary
がんじ	元史|元治|巌爾|巌示|玩次|玩治|皖司	given-name-dictionary
きえい	喜栄|喜英|喜衛|希栄|暉映|煕永|貴愛	given-name-dictionary
きすけ	喜介|喜助|喜輔|基介|規介|諒介|輝介	given-name-dictionary
きちお	吉勇|吉夫|吉生|吉男|吉雄|喜知男|貴知雄	given-name-dictionary
きつこ	キツ子|伎津子|吉子|吉津子|橘子|気津子|貴津子	given-name-dictionary
きほみ	喜穂実|喜穂美|希保美|希定|希穂美|紀穂美|貴峰美	given-name-dictionary
きりの	きりの|姫莉乃|希梨乃|希里乃|桐乃|紀梨乃|霧乃	given-name-dictionary
ぎすけ	儀介|儀助|儀祐|儀輔|義介|義助|義輔	given-name-dictionary
ぎょう	堯|尭|暁|曉|翹|行|驍	given-name-dictionary
くすこ	久須呼|久須子|九州子|公須子|楠子|玖珠子|薬子	given-name-dictionary
くにと	久仁人|国人|国登|訓士|邦人|邦登|邦門	given-name-dictionary
くれお	久麗生|來生|呉夫|晩穂|紅|紅緒|紅麗音	given-name-dictionary
けいり	恵理|慧莉|慶梨|景理|桂里|渓李|蛍里	given-name-dictionary
こうえ	公衛|功恵|孝衛|幸衛|昊恵|昊惠|香江	given-name-dictionary
こさと	こさと|古里|小さと|小智|小聖|小郷|小里	given-name-dictionary
こすみ	こすみ|小住|小清|小澄|小純|湖清|湖澄	given-name-dictionary
ことほ	寿|琴帆|琴穂|紀帆|紀歩|言祝|言穂	given-name-dictionary
こふみ	コフミ|小文|小文美|幸富実|幸富美|湖吹実|湖吹美	given-name-dictionary
さあき	咲明|早秋|沙姫|沙明|沙映|紗明|颯爽	given-name-dictionary
さあり	さあり|佐有|早亜里|沙亜利|沙有|紗亜梨|紗亜里	given-name-dictionary
さいち	佐一|佐市|左市|才智|才知|瑳一|紗一	given-name-dictionary
さいら	さいら|幸来|彩羅|彩良|彩衣良|紗依羅|西羅	given-name-dictionary
ささこ	佐々子|小咲子|瑳咲子|砂々子|笹子|篠子|紗々子	given-name-dictionary
さゆら	さゆら|咲優良|小響|幸由礼|早由良|狭由良|紗由良	given-name-dictionary
さをり	さをり|さを理|さを里|小帆里|沙峰理|沙緒理|沙緒里	given-name-dictionary
しきお	司喜雄|子規雄|式雄|志気雄|志貴夫|志貴男|志貴雄	given-name-dictionary
しきな	史記菜|四季菜|布奈|師器那|式奈|紫菜|色菜	given-name-dictionary
しずま	穏麻|静真|静磨|静舞|静馬|静麻|靜眞	given-name-dictionary
しつこ	シツコ|シツ子|四津子|幸常子|志津子|志都子|漆子	given-name-dictionary
しづお	志津夫|志津男|志津雄|鎮夫|鎮男|静夫|静男	given-name-dictionary
しなよ	司奈世|始奈代|姿世|姿代|志奈代|紫奈代|詩那代	given-name-dictionary
しみこ	シミ子|信美子|志実子|志満子|志美子|沁子|紙魚子	given-name-dictionary
じすけ	次助|治亮|治介|治助|治輔|自助|自輔	given-name-dictionary
じよん	志永|智妍|智暎|智永|智詠|芝涓|芝然	given-name-dictionary
じんご	人語|人護|仁伍|甚吾|甚悟|迅悟|陣吾	given-name-dictionary
すえじ	季次|寿恵次|寿恵治|末二|末次|末治|須恵治	given-name-dictionary
せさみ	世沙海|世紗美|星彩海|星沙美|星砂実|星砂美|瀬沙未	given-name-dictionary
そのよ	そのよ|園与|園世|園代|素乃代|苑代|苑生	given-name-dictionary
たいむ	大夢|太夢|太無|待夢|時|泰武|諦無	given-name-dictionary
たすけ	多介|多助|多祐|多輔|太助|太輔|左	given-name-dictionary
ただき	唯喜|忠喜|忠来|忠樹|忠紀|忠記|正毅	given-name-dictionary
ただと	匡人|唯人|忠人|正人|渉人|理人|禎人	given-name-dictionary
ただよ	タダヨ|唯世|唯代|忠与|忠世|直世|督代	given-name-dictionary
たまも	玉望|玉藻|珠持|珠母|珠萌|球母|瑶萌	given-name-dictionary
たもん	多聞|多門|大紋|太文|太門|汰門|田門	given-name-dictionary
だいし	大之|大史|大嗣|大四|大士|大志|大視	given-name-dictionary
ちづみ	ちづみ|千摘|千津美|千積|千鶴実|千鶴美|智津美	given-name-dictionary
ちなえ	千奈恵|千奈江|千奈衣|千苗|智苗|知多江|知苗	given-name-dictionary
てれさ	てれさ|テレサ|光彩|天礼紗|曜紗|照沙|禎礼沙	given-name-dictionary
とおん	冬音|斗恩|斗音|灯温|登音|翔音|透音	given-name-dictionary
ときね	刻子|宗音|時音|暁宇|朱鷺音|秋子|都貴音	given-name-dictionary
としほ	俊穂|利穂|寿畝|年穂|登志圃|登志歩|稔穂	given-name-dictionary
ともし	友司|友思|智史|智詩|朋史|知史|知志	given-name-dictionary
ともと	友人|智人|智望音|智登|朋人|知人|鞆音	given-name-dictionary
とらい	十來|十礼|寅威|寅猪|斗来|渡来|虎猪	given-name-dictionary
とりこ	とり子|トリコ|トリ子|登里子|都梨子|都里子|鳥子	given-name-dictionary
なすか	なすか|ナスカ|七草香|奈須加|奈須香|那須果|那須花	given-name-dictionary
なつね	七恒|夏寧|夏音|奈津祢|奈津音|捺寧|菜愛	given-name-dictionary
なのこ	なの子|凪乃胡|夏野子|奈乃子|菜乃子|菜子|菜野子	given-name-dictionary
なよみ	名代美|奈世海|奈世美|奈代実|奈代美|奈遥実|奈遥美	given-name-dictionary
にじこ	にじこ|丹慈子|仁慈子|仁路子|虹子|虹湖|虹路子	given-name-dictionary
はいね	初一音|初音|愛音|拝音|灰祢|灰音|羽衣音	given-name-dictionary
はつの	はつの|ハツノ|初乃|初緩|初野|発乃|葉津乃	given-name-dictionary
はない	ハナイ|花衣|英以|英唯|英惟|華江|華衣	given-name-dictionary
はやせ	はやせ|早世|早瀬|滝|灘|速世|隼世	given-name-dictionary
ばんか	万花|挽歌|換歌|晩夏|晩稼|晩花|晩霞	given-name-dictionary
ばんり	万利|万吏|万夢里|万李|万里|磐利|磐里	given-name-dictionary
ひとこ	一子|一灯子|仁子|倫子|士子|妃斗子|妃登子	given-name-dictionary
ひとな	人魚|仁奈|仁菜|仁那|壱奈|比斗那|瞳菜	given-name-dictionary
ふえみ	冨恵美|富恵美|富枝実|富枝美|府延美|笛美|笛躬	given-name-dictionary
ふゆの	冬乃|冬野|富由乃|布祐乃|扶優乃|芙優野|風友乃	given-name-dictionary
ぶんじ	文二|文児|文司|文次|文治|豊二|豊次	given-name-dictionary
ほしえ	保志江|星彗|星恵|星映|星栄|星江|星絵	given-name-dictionary
ほしか	保志香|星加|星夏|星歌|星花|星華|星香	given-name-dictionary
まきし	万喜紫|槙志|真喜志|真喜紫|真紀子|茉喜紫|麻喜紫	given-name-dictionary
まさね	まさね|昌根|正根|正種|正音|真実|雅音	given-name-dictionary
まさむ	優武|昌武|正六|正夢|正武|理夢|雅武	given-name-dictionary
まじゅ	万珠|愛淳|眞珠|真寿|真珠|魔珠|麻珠	given-name-dictionary
まちお	万千夫|万芽生|待夫|町夫|真智雄|真知郎|真知雄	given-name-dictionary
まちほ	万千穂|万智穂|町帆|真千帆|真知帆|真知穂|舞千歩	given-name-dictionary
まやの	まやの|愛乃|真也乃|真耶乃|麻也乃|麻矢乃|麻耶乃	given-name-dictionary
みくも	みくも|みく萌|実久萌|実雲|未来萌|海雲|美雲	given-name-dictionary
みずの	みずの|実豆乃|水乃|水野|水音|瑞乃|美豆乃	given-name-dictionary
みずり	三子里|水吏|水璃|水莉|瑞栞|瑞莉|瑞里	given-name-dictionary
みねき	光嶺祈|岑生|峯岐|峯毅|峰希|峰毅|未音希	given-name-dictionary
みりこ	みり子|実利子|未利子|美利子|美理子|美璃子|美里子	given-name-dictionary
みりな	実璃奈|実里奈|未莉奈|海里奈|珠里奈|美梨奈|美里奈	given-name-dictionary
やつこ	やつ子|也都子|八ッ子|八子|八津子|弥津子|谷津子	given-name-dictionary
ゆあさ	優亜沙|優朝|友麻|有愛沙|由朝|由阿|由麻	given-name-dictionary
ゆいほ	唯帆|唯歩|結保|結帆|結歩|結衣帆|結誉	given-name-dictionary
ゆずほ	ゆずほ|柚子穂|柚帆|柚朋|柚歩|柚穂|祐寿穂	given-name-dictionary
ゆめき	夢姫|夢希|夢樹|夢生|夢紀|夢記|由愛姫	given-name-dictionary
ゆわこ	ゆわ子|ユワ子|優和子|友和子|夕羽子|由和子|祐和子	given-name-dictionary
よねお	四年生|米夫|米生|米男|米良|米郎|米雄	given-name-dictionary
らいじ	来二|来治|蕾二|賚二|雷二|雷司|頼司	given-name-dictionary
らいや	ライヤ|來夜|來耶|来優|雷速|頼也|頼哉	given-name-dictionary
らむね	らむね|来夢音|楽夢音|楽牟音|羅夢音|羅武祢|蘭夢音	given-name-dictionary
りいち	利一|利市|悧一|李一|梨一|理一|理市	given-name-dictionary
るいか	ルイ華|塁可|涙花|涙華|涙蘭|累佳|類花	given-name-dictionary
るいさ	るい沙|ルイサ|涙砂|瑠依紗|瑠沙|留偉沙|留衣沙	given-name-dictionary
れんり	怜凛|恋璃|恋莉|栞妃|蓮李|蓮里|連理	given-name-dictionary
わかお	和可夫|和嘉男|和歌夫|和賀夫|若男|若結|若緒	given-name-dictionary
わかめ	わか女|ワカメ|和夏芽|和歌芽|童女|若女|若芽	given-name-dictionary
わゆう	和優|和勇|和憂|羽悠|羽憂|羽有|輪結	given-name-dictionary
あおぞら	あおぞら|明桜空|碧空|葵空|蒼天|蒼空|青空	given-name-dictionary
あかつき	暁|暁妃|暁希|暁月|暁輝|曉|紅月	given-name-dictionary
あきさだ	亮定|彰定|彰貞|明貞|晃禎|秋定|顕貞	given-name-dictionary
あきふさ	亮英|明房|昭成|昭房|晃房|朱房|章房	given-name-dictionary
あきもと	彰基|明基|昭基|晃基|秋元|章元|章源	given-name-dictionary
あきより	信頼|彰偉|暁世利|朋頼|聡由|詮頼|陽和	given-name-dictionary
あつとも	厚友|敦友|敦智|敦朋|敦朝|淳友|陸文	given-name-dictionary
あつなり	功成|厚成|敦也|昌成|淳成|篤成|貴誠	given-name-dictionary
あやひこ	文彦|礼彦|章彦|絢彦|綾彦|采彦|錦彦	given-name-dictionary
いつひこ	一彦|乙彦|五彦|厳彦|厳比古|斎彦|逸彦	given-name-dictionary
かずきよ	一岐代|一清|一潔|一皖|一精|一聖|和清	given-name-dictionary
かずくに	一九二|一国|一國|一州|一訓|一邦|和邦	given-name-dictionary
かずたけ	一剛|一岳|一武|和丈|和剛|和威|和武	given-name-dictionary
かずとよ	一十代|一豊|万豊|和豊|寿豊|教豊|数豊	given-name-dictionary
かずもり	一守|一森|一盛|和守|和盛|政保|計守	given-name-dictionary
かねしげ	兼繁|兼茂|加根茂|周繁|金重|鉦重|錦重	given-name-dictionary
かねつぐ	兼二|兼嗣|兼継|謙司|謙次|金嗣|金次	given-name-dictionary
かねはる	兼春|兼治|包晴|包治|周玄|金春|金治	given-name-dictionary
かねひこ	兼彦|包彦|周彦|金彦|錦彦|鐘彦|鑑彦	given-name-dictionary
かねやす	兼保|兼泰|兼養|周保|宝保|金保|鉱康	given-name-dictionary
きちぞう	佶三|吉三|吉左右|吉蔵|吉造|基智三|貴知蔵	given-name-dictionary
きみなり	仁成|公也|公就|公成|公斉|公業|王成	given-name-dictionary
きみゆき	主幸|仁之|公之|公孝|公幸|公志|公行	given-name-dictionary
きゅうや	久也|久弥|求也|汲哉|玖也|玖哉|球也	given-name-dictionary
きよみつ	喜代光|巨光|清充|清光|清満|聖光|輝代允	given-name-dictionary
きんすけ	欣介|欣佑|欣資|謹介|謹助|金助|金輔	given-name-dictionary
くにたけ	国威|国建|州勇|訓孟|邦武|邦毅|邦猛	given-name-dictionary
くにつぐ	国嗣|国次|国継|國嗣|州亜|邦次|邦継	given-name-dictionary
くにてる	国照|国輝|訓英|邦光|邦晃|邦照|邦輝	given-name-dictionary
くんぺい	勲平|君平|董平|薫兵|薫平|薰兵|訓平	given-name-dictionary
けいそう	圭壮|契草|径草|慶双|珪草|畦草|計三	given-name-dictionary
こうせつ	光雪|幸節|恒雪|紅雪|耕雪|香雪|高雪	given-name-dictionary
こうぼう	公房|公望|幸坊|幸法|弘法|耕望|高望	given-name-dictionary
こじろう	子次郎|小二朗|小二郎|小次郎|小治郎|小赦|虎次郎	given-name-dictionary
さくぞう	三九三|作三|作蔵|作造|朔三|柵造|策三	given-name-dictionary
さだたか	定孝|定隆|憲臣|為章|貞孝|貞泰|貞能	given-name-dictionary
さちひろ	幸宏|幸広|幸弘|祐浩|祥博|祥寛|祥弘	given-name-dictionary
しげいち	成一|繁一|繁市|茂一|茂市|重一|重市	given-name-dictionary
しげおき	成興|成起|茂興|茂起|賀興|重沖|重興	given-name-dictionary
しげなお	成直|滋直|繁尚|茂治|茂直|重尚|重直	given-name-dictionary
しずひこ	倭彦|安彦|志津彦|玄彦|鎮彦|閑彦|静彦	given-name-dictionary
しょうい	小異|昇緯|昌委|翔偉|翔威|翔弥|翔惟	given-name-dictionary
じょうた	丈太|丞太|城太|浄太|穣太|襄太|譲太	given-name-dictionary
すみのり	澄典|澄徳|純典|純則|純徳|純憲|純敬	given-name-dictionary
すみひろ	澄博|澄大|澄宏|澄寛|純宏|純広|純弘	given-name-dictionary
せいめい	成明|晴明|正名|正明|清明|精明|聖明	given-name-dictionary
そうげん	宗元|宗源|宗言|曹源|曹玄|草玄|蒼玄	given-name-dictionary
そうせき	双石|壮石|宗石|宗碩|漱石|聡石|蒼石	given-name-dictionary
たいざん	体山|堪山|大山|対山|岱山|泰山|苔山	given-name-dictionary
たかなが	孝長|良長|賢永|隆寿|隆永|高修|高良	given-name-dictionary
たくゆき	卓之|卓幸|卓行|拓之|拓幸|拓行|琢由起	given-name-dictionary
たけもり	剛守|建盛|武守|武盛|武衛|竹盛|雄盛	given-name-dictionary
ただおき	匡意|忠沖|忠興|忠起|正興|直意|直興	given-name-dictionary
ただすみ	只澄|妙宜|忠澄|忠篤|忠純|正清|禎純	given-name-dictionary
ただもり	任司|宰守|忠守|忠盛|正守|理森|薫衛	given-name-dictionary
たつひで	竜秀|竜英|起英|辰秀|達英|龍秀|龍英	given-name-dictionary
たみよし	民佳|民善|民喜|民嘉|民好|民義|民芳	given-name-dictionary
ちゅうや	中也|中哉|宙哉|忠也|忠哉|忠弥|註也	given-name-dictionary
つぐのぶ	二宣|承靖|次伸|次信|治信|紹伸|継信	given-name-dictionary
つねすけ	常助|常右|常祐|恒介|恒典|恒助|恒輔	given-name-dictionary
つねひと	常人|常仁|庸人|庸仁|恒人|恒仁|愛仁	given-name-dictionary
てっせい	哲成|哲生|哲聖|哲誠|徹生|徹誠|鉄生	given-name-dictionary
てつのぶ	哲之|哲亘|哲伸|哲信|哲庸|徹伸|鉄信	given-name-dictionary
てるぞう	晃造|暉三|照三|照蔵|輝三|輝蔵|輝造	given-name-dictionary
てるもと	光基|央大|昭元|照元|照基|輝元|輝基	given-name-dictionary
ときはる	信晴|勅治|宗明|昇希晴|時春|時治|節治	given-name-dictionary
とくいち	十九一|得一|得市|徳一|徳市|悳一|篤一	given-name-dictionary
とくすけ	得輔|徳介|徳助|徳輔|篤介|篤典|篤輔	given-name-dictionary
とくひさ	得寿|徳久|徳仁|徳寿|督久|督尚|篤久	given-name-dictionary
とくやす	得安|徳健|徳廉|徳恭|徳泰|篤康|篤泰	given-name-dictionary
としおみ	俊臣|利臣|壽臣|寿臣|敏臣|紀臣|聡臣	given-name-dictionary
としさだ	俊定|俊貞|利定|利貞|寿貞|敏貞|聡貞	given-name-dictionary
としたつ	とし竜|俊達|利建|利達|寿竜|歳竜|駿龍	given-name-dictionary
としとも	俊知|利与|利具|利朝|利知|敏知|理知	given-name-dictionary
とみあき	富信|富明|富昭|富秋|富章|聡明|臣暁	given-name-dictionary
とみぞう	冨造|十三蔵|十三造|富三|富左右|富蔵|富造	given-name-dictionary
とみのり	冨儀|富則|富徳|富教|富紀|富規|臣範	given-name-dictionary
ともきよ	与清|倫清|友清|智清|朋聖|朝清|知清	given-name-dictionary
ともふさ	友房|智亮|智房|智英|朋包|朋房|知房	given-name-dictionary
ともろう	友朗|友郎|和朗|智郎|朋郎|知朗|知郎	given-name-dictionary
とよすけ	豊介|豊佑|豊助|豊甫|豊祐|豊資|豊輔	given-name-dictionary
なおかつ	尚克|尚勝|尚捷|直亮|直克|直勝|直雄	given-name-dictionary
なおぞう	尚三|尚蔵|猶蔵|直三|直蔵|直象|直造	given-name-dictionary
なおただ	尚忠|有貞|直允|直匡|直忠|直正|直縄	given-name-dictionary
なおはる	尚春|尚治|直春|直晴|直治|直温|直発留	given-name-dictionary
なおもと	尚元|尚基|尚幹|直元|直基|直幹|直要	given-name-dictionary
ながはる	永治|詠晴|長春|長晴|長治|長温|長陽	given-name-dictionary
なりちか	就爾|成央|成愛|成親|斉睦|斉視|業親	given-name-dictionary
なりのり	成典|成則|成度|成徳|成憲|成紀|斉孝	given-name-dictionary
なりよし	成可|成嘉|成文|成美|成義|成能|成良	given-name-dictionary
のぶきよ	伸享|伸清|伸潔|信清|寛清|延清|暢清	given-name-dictionary
のりいち	則一|教一|矩一|範一|紀一|統一|賀一	given-name-dictionary
のりさだ	則定|宣貞|憲定|法定|法正|範定|紀定	given-name-dictionary
はるくに	晴国|晴國|晴邦|治国|治邦|陽州|青邦	given-name-dictionary
はるたけ	春武|晴丈|晴武|治亘|治武|玄武|陽岳	given-name-dictionary
はるちか	元慎|春周|晴哉|晴誓|東睦|治史|治親	given-name-dictionary
ひさかつ	久克|久功|久勝|剛功|寿克|尚克|長克	given-name-dictionary
ひさひで	久秀|久英|久鎮|寿英|尚秀|尚英|長秀	given-name-dictionary
ひさひと	久人|久仁|寿人|寿仁|尚人|尚仁|悠仁	given-name-dictionary
ひでいち	日出一|秀一|秀伊智|秀市|秀弌|英一|英市	given-name-dictionary
ひでまろ	日出麿|秀摩呂|秀磨|秀麻呂|秀麿|穎麿|英麿	given-name-dictionary
ひでろう	日出朗|日出郎|秀廊|秀朗|秀郎|英朗|英郎	given-name-dictionary
ひょうご	丙午|兵伍|兵剛|兵吾|兵庫|彪吾|飛伍	given-name-dictionary
ひろつな	博緑|寛綱|広綱|弘綱|浩綱|裕之|裕是	given-name-dictionary
ひろます	博益|啓益|宏益|寛益|広益|弘益|洋賜	given-name-dictionary
ひろむね	宏宗|寛宗|広宗|弘宗|浩宗|祐宗|裕宗	given-name-dictionary
ふさのり	房典|房則|房徳|房能|総謙|芳教|英孝	given-name-dictionary
ふみさと	史聡|文学|文怜|文智|文覚|文達|文里	given-name-dictionary
ふみちか	史周|史真|史考|史親|文千賀|文爾|文近	given-name-dictionary
ふみのぶ	史修|史展|文伸|文信|文宣|文暢|文靖	given-name-dictionary
まさきち	応吉|政吉|昌吉|正吉|真佐吉|誠吉|雅吉	given-name-dictionary
まさたね	匡胤|政種|昌植|昌種|昌胤|正種|正胤	given-name-dictionary
ますいち	倍一|増一|増市|昌一|満寿一|益一|鱒一	given-name-dictionary
ますよし	万寿喜|増佳|増喜|益功|益美|益義|益良	given-name-dictionary
みきとし	三喜年|幹俊|幹利|幹寿|幹敏|樹俊|樹敏	given-name-dictionary
みちてる	修照|充晃|巌輝|眞輝|通照|道照|道輝	given-name-dictionary
みちゆき	盈行|路之|通之|道之|道幸|道征|道行	given-name-dictionary
みつてる	三光|充輝|光昭|光暉|光照|光輝|満輝	given-name-dictionary
みつひで	三秀|充秀|充英|光秀|光英|満秀|満英	given-name-dictionary
みねあき	岑昭|峯章|峰彰|峰明|峰昭|峰章|嶺明	given-name-dictionary
みねとし	峰俊|峰利|峰寿|峰敏|峰聡|峰駿|嶺利	given-name-dictionary
むねとし	宗俊|宗利|宗厳|宗寿|宗敏|宗敬|宗智	given-name-dictionary
むねやす	宗保|宗安|宗康|宗求|宗泰|宗那|宗靖	given-name-dictionary
もとくに	元国|元圀|元國|元邦|基国|基邦|素邦	given-name-dictionary
もとちか	一九|元京|元周|元親|元近|基親|本親	given-name-dictionary
もとなお	元尚|元直|基尚|基正|素直|資尚|資直	given-name-dictionary
もとまさ	元政|元正|元雅|基正|本雅|源正|順正	given-name-dictionary
もりとし	守俊|守利|守敏|森俊|盛利|盛憲|盛敏	given-name-dictionary
もりひと	守人|守仁|盛人|盛仁|盛浩|衛人|護人	given-name-dictionary
やすいち	保一|安一|安市|康一|泰一|靖一|靖市	given-name-dictionary
ゆうゆう	ゆうゆう|勇湧|友裕|宥雄|悠々|由由|遊々	given-name-dictionary
ようさく	容作|洋作|洋朔|洋策|要作|陽作|陽策	given-name-dictionary
よしかげ	喜景|圭景|慶景|由景|義影|義景|芳景	given-name-dictionary
よしかど	佳門|吉門|喜門|嘉門|義門|義閂|良門	given-name-dictionary
よしつね	可恒|嘉恒|由庸|義恒|義経|能永|芳恒	given-name-dictionary
よりあき	頼彬|頼明|頼昭|頼晃|頼暁|頼璋|頼秋	given-name-dictionary
よりたか	順孝|順敬|頼孝|頼崇|頼敬|頼隆|頼高	given-name-dictionary
よりみち	従径|従礼|率道|順路|順道|頼倫|頼道	given-name-dictionary
りょうが	凌我|凌雅|涼我|涼雅|良牙|遼河|龍冴	given-name-dictionary
りんりん	りんりん|凛々|林凛|琳臨|鈴々|鈴凛|鈴鈴	given-name-dictionary
れんぺい	廉平|漣平|練兵|練平|連平|錬幣|錬平	given-name-dictionary
ういちろう	于一郎|卯一郎|右一郎|夘一郎|宇一朗|宇一郎|宇市郎	given-name-dictionary
うめじろう	梅二朗|梅二郎|梅次朗|梅次郎|梅治郎|梅赦|楳次郎	given-name-dictionary
おとじろう	乙二朗|乙二郎|乙次郎|乙治郎|音二郎|音次郎|音治郎	given-name-dictionary
かいしゅう	介州|槐秋|海秀|海舟|芥舟|魁州|魁秀	given-name-dictionary
かいしょう	快勝|快昇|海彰|海承|海晶|海祥|海翔	given-name-dictionary
かいたろう	介太郎|塊太郎|快太郎|櫂太郎|海太朗|海太郎|開太郎	given-name-dictionary
くにじろう	国二郎|国次郎|国治郎|國治郎|邦二郎|邦次郎|邦治郎	given-name-dictionary
けいじゅん	啓淳|啓順|恵淳|恵純|恵順|慶順|敬順	given-name-dictionary
さんたろう	三多朗|三多郎|三太朗|三太楼|三太郎|参太郎|賛太郎	given-name-dictionary
しゅうどう	修堂|修道|周道|柊堂|秀堂|秀道|習道	given-name-dictionary
しゅんせい	俊声|俊成|春声|春星|春清|春生|春省	given-name-dictionary
しょうとう	尚濤|昌桃|松塘|松濤|正当|正東|祥東	given-name-dictionary
じゅういち	充一|十一|十市|寿一|従一|縦一|重一	given-name-dictionary
じょうきち	丈吉|城吉|常吉|条吉|穣吉|襄吉|錠吉	given-name-dictionary
せんしゅう	仙秀|仙舟|千愁|千秋|千舟|宣秀|扇舟	given-name-dictionary
たいしょう	大松|大翔|大象|太祥|泰照|泰象|諦承	given-name-dictionary
たいしろう	大志朗|大志郎|太史郎|泰司朗|泰四郎|泰士朗|泰志朗	given-name-dictionary
ちょうさく	朝作|調策|超作|長作|長作久|長左久|長策	given-name-dictionary
ちょうすけ	張輔|挑介|朝助|蝶介|長介|長助|長資	given-name-dictionary
とくたろう	得太郎|徳太朗|徳太郎|督太郎|篤太朗|篤太郎|藤久太郎	given-name-dictionary
ともたろう	具太郎|友太朗|友太郎|智太郎|朋太郎|朝太郎|知太郎	given-name-dictionary
とものすけ	友之介|友之助|友之輔|智之輔|知之介|知之助|鞆之助	given-name-dictionary
とよじろう	豊二郎|豊司郎|豊次朗|豊次郎|豊治朗|豊治郎|豊赦	given-name-dictionary
ひこじろう	彦二郎|彦司郎|彦四郎|彦次朗|彦次郎|彦治郎|彦赦	given-name-dictionary
ますたろう	万壽太朗|万寿太郎|升太郎|増太郎|益太郎|萬壽太郎|鱒太郎	given-name-dictionary
やいちろう	八一朗|八一郎|弥一朗|弥一郎|弥市郎|彌一郎|矢一郎	given-name-dictionary
よいちろう	与一朗|与一郎|与市郎|世一郎|與一郎|誉一郎|陽一郎	given-name-dictionary
ようしろう	庸四郎|洋四郎|瑶志郎|要四郎|陽士郎|陽子朗|陽志郎	given-name-dictionary
りゅうきち	柳吉|流吉|留吉|立吉|竜吉|隆吉|龍吉	given-name-dictionary
りゅうさく	柳作|竜作|竜朔|竜策|隆作|龍作|龍策	given-name-dictionary
りんのすけ	倫之介|倫之助|倫之輔|凛之祐|林之助|林之祐|麟之助	given-name-dictionary
けんさぶろう	健三朗|健三郎|建三郎|憲三郎|謙三郎|賢三朗|賢三郎	given-name-dictionary
たかいちろう	孝一郎|宝一郎|崇一郎|貴一郎|隆一郎|高一郎|鷹一郎	given-name-dictionary
ともさぶろう	伴三郎|友三朗|友三郎|智三朗|智三郎|朋三郎|知三郎	given-name-dictionary
りょうざぶろう	両三郎|亮三朗|亮三郎|嶺三郎|良三郎|遼三郎|龍三郎	given-name-dictionary
あよ	亜世|亜代|亜夜|亜昌|安与|阿代	given-name-dictionary
あわ	亜和|天葉|安羽|早和|阿波|阿羽	given-name-dictionary
えれ	具|恵鈴|恵麗|江麗|笑麗|絵怜	given-name-dictionary
きぬ	きぬ|キヌ|季布|紗|絹|衣	given-name-dictionary
くう	来羽|空|空羽|紅|紅羽|黒羽	given-name-dictionary
こん	崑|昆|欣|欽|混|紺	given-name-dictionary
さの	さの|佐之|沙乃|紗乃|茶乃|里野	given-name-dictionary
さん	三|太陽|燦|砂姫|粲|賛	given-name-dictionary
しゆ	司裕|志友|紫由|詩優|詩由|詩癒	given-name-dictionary
たず	タズ|多寿|多津|多鶴|太津|田鶴	given-name-dictionary
とと	トト|兎時|時斗|翔々|都々|魚	given-name-dictionary
ねみ	子実|子美|寧見|音光|音実|音美	given-name-dictionary
のか	乃花|乃香|暖奏|温夏|穏花|野花	given-name-dictionary
のわ	のわ|乃羽|希和|暖和|暖綿|野和	given-name-dictionary
はま	はま|ハマ|浜|芙茉|葉摩|葉麻	given-name-dictionary
はん	はん|半|帆|汎|範|胖	given-name-dictionary
ばん	晩|汎|磐|胖|蕃|蛮	given-name-dictionary
まつ	まつ|マツ|末|松|茉|需	given-name-dictionary
みも	ミモ|実望|望萌|未母|未萌|美望	given-name-dictionary
みろ	みろ|実蕗|実露|美蕗|美露|魅炉	given-name-dictionary
むく	夢来|夢空|夢紅|夢駆|椋|結久	given-name-dictionary
らく	らく|ラク|楽|羅紅|良公|頼久	given-name-dictionary
あいく	愛久|愛来|愛空|愛育|藍久|藍空	given-name-dictionary
あおこ	あおこ|愛桜子|碧子|葵子|蒼子|青子	given-name-dictionary
あきむ	亜妃霧|光夢|彬夢|晶夢|暁夢|秋無	given-name-dictionary
あさい	亜彩|愛彩|朝夷|朝妃|朝衣|麻衣	given-name-dictionary
あさや	あさや|朝也|朝弥|麻哉|麻矢|麻耶	given-name-dictionary
あした	あした|旦|明日|晨|朝|朝日	given-name-dictionary
あまき	亜万希|亜馬樹|天希|天綺|天葵|天輝	given-name-dictionary
あゆと	歩人|歩士|歩知|歩都|歩采|鮎人	given-name-dictionary
あらお	安良夫|新夫|新生|新男|荒男|荒雄	given-name-dictionary
あらき	亜剌吉|新樹|新紀|新輝|荒樹|露紀	given-name-dictionary
ありせ	亜梨世|亜里世|在世|存世|有世|有星	given-name-dictionary
あるま	あるま|アルマ|亜留馬|愛留真|有馬|歩真	given-name-dictionary
いかこ	いかこ|伊香子|依嘉子|易可子|異香子|衣香子	given-name-dictionary
いくた	幾多|幾太|生太|育大|育太|郁太	given-name-dictionary
いずる	いずる|出|出流|暘|生|稜留	given-name-dictionary
いせお	イセオ|伊世夫|伊勢夫|伊勢男|伊勢郎|伊勢雄	given-name-dictionary
いちき	一姫|一樹|一紀|一貴|一輝|市記	given-name-dictionary
いりか	伊里佳|伊里加|依里香|入香|尹里香|衣梨華	given-name-dictionary
いりす	いりす|伊里朱|依里朱|惟李朱|虹|衣留素	given-name-dictionary
いわね	岩根|岩音|巌根|巌音|石根|磐	given-name-dictionary
うちこ	内子|宇智子|宇知子|得智子|有智子|有知子	given-name-dictionary
うつき	卯月|卯葵|海月|空樹|羽月|羽都希	given-name-dictionary
うへい	卯平|右平|宇兵衛|宇平|鵜兵|鵜平	given-name-dictionary
うみと	卯美人|右美人|宇美人|海人|烏美人|羽美人	given-name-dictionary
うめお	梅夫|梅尾|梅生|梅男|梅緒|梅雄	given-name-dictionary
うれい	うれい|愁|憂|烏嶺|羽麗|麗	given-name-dictionary
えあり	恵亜利|恵亜理|恵亜里|愛亜莉|絵亜理|絵有	given-name-dictionary
えくみ	恵久美|栄久美|永久美|絵久美|詠久実|詠久美	given-name-dictionary
えりや	エリヤ|会理耶|恵理也|栄利也|江里也|英利也	given-name-dictionary
えるも	えるも|恵瑠萌|恵留萌|瑛留萌|絵瑠萌|絵留萌	given-name-dictionary
おうが	八月|応賀|桜雅|櫻華|王河|皇雅	given-name-dictionary
おうな	桜奈|桜花|桜菜|櫻奈|欧奈|鴬那	given-name-dictionary
おおき	大|大己|大樹|央基|央樹|巨樹	given-name-dictionary
おきお	沖夫|沖男|興夫|興男|興郎|興雄	given-name-dictionary
おもい	おもい|念|思|想|想唯|憶	given-name-dictionary
おりな	折奈|織名|織奈|織菜|織里奈|音鈴凪	given-name-dictionary
おりん	お輪|お鈴|小麟|於倫|桜鈴|緒凛	given-name-dictionary
かあさ	家亜沙|歌亜沙|華咲|香亜沙|香亜紗|香麻	given-name-dictionary
かいき	会喜|塊記|海記|海輝|開紀|開輝	given-name-dictionary
かいね	介音|快音|戒音|海音|絵音|花稲	given-name-dictionary
かざほ	佳穂|芽咲歩|風帆|風星|風歩|風穂	given-name-dictionary
かざり	彩|彩梨|文|花散里|風里|飾	given-name-dictionary
かせつ	佳節|佳雪|嘉捷|火雪|華雪|香雪	given-name-dictionary
かつと	克人|克斗|克登|勝人|勝登|活人	given-name-dictionary
かづは	かづは|一葉|佳津葉|加津葉|夏月華|華津覇	given-name-dictionary
かなの	かなの|佳奈乃|可奈野|叶能|愛乃|花菜乃	given-name-dictionary
かねよ	かね代|佳年代|兼代|摂代|金代|鐘代	given-name-dictionary
かはな	佳花|彩華|歌花|花華|華花|香英	given-name-dictionary
かへい	佳平|可炳|嘉兵|嘉兵衛|嘉平|珂平	given-name-dictionary
かめお	亀夫|亀生|亀男|亀郎|亀雄|嘉米男	given-name-dictionary
がいし	凱士|外史|外司|外四|外士|涯子	given-name-dictionary
がくと	学人|学登|岳人|岳十|岳斗|楽渡	given-name-dictionary
きおい	亀生|木生|祈生|紀尾井|紀生|輝生	given-name-dictionary
きたみ	北海|喜多実|喜多美|紀多美|貴多美|霧多美	given-name-dictionary
きちじ	吉二|吉司|吉志|吉次|吉治|基知治	given-name-dictionary
きみじ	きみ路|公寿|君示|妃観慈|季美路|王路	given-name-dictionary
きゆこ	喜由子|季遊子|希有子|紀有子|紀遊子|綺結子	given-name-dictionary
きゆみ	姫弓|紀由美|貴弓実|貴弓美|貴由美|貴裕美	given-name-dictionary
きよは	きよ葉|清波|清葉|潔葉|聖羽|聖葉	given-name-dictionary
きりと	キリト|基理人|希吏登|桐人|綺理斗|霧都	given-name-dictionary
きんか	きん歌|槿花|琴華|金華|錦花|錦華	given-name-dictionary
ぎいち	儀一|儀市|宜一|巍一|義一|義市	given-name-dictionary
ぎぞう	儀三|儀蔵|儀造|宜三|義三|義蔵	given-name-dictionary
くにほ	久仁穂|国穂|邦保|邦帆|邦歩|邦穂	given-name-dictionary
くらま	くらま|倉馬|蔵万|蔵真|蔵馬|鞍馬	given-name-dictionary
けいさ	佳紗|圭砂|慧砂|慶沙|景紗|渓沙	given-name-dictionary
けいら	佳羅|慧羅|慧良|桂良|渓良|軽羅	given-name-dictionary
こあき	九秋|呼秋|小秋|小秋希|心愛|紅秋	given-name-dictionary
こいか	姫意一|恋夏|恋歌|恋花|恋華|恋香	given-name-dictionary
こうり	光里|小瓜|虹理|香莉|香里|高里	given-name-dictionary
こまこ	こま子|コマ子|駒呼|駒子|高舞子|高麗湖	given-name-dictionary
ごどう	五堂|悟堂|悟桐|梧堂|梧桐|語堂	given-name-dictionary
さくま	佐久馬|佐久麻|佐熊|作摩|作磨|朔真	given-name-dictionary
さくよ	さくよ|サクヨ|佐久代|作世|咲世|咲代	given-name-dictionary
さすけ	佐介|佐助|佐輔|左介|紗助|紗透	given-name-dictionary
さちね	幸音|沙智音|沙知音|祥音|福音|紗智音	given-name-dictionary
さゆめ	佐由女|咲夢|小夢|小由女|沙夢|皐夢	given-name-dictionary
さらん	さらん|咲蘭|愛|沙蘭|紗蘭|裟藍	given-name-dictionary
さわき	佐和紀|佐和記|早和希|沢希|爽希|爽葵	given-name-dictionary
さわよ	さわ代|佐和代|沢世|沢葉|清世|紗和代	given-name-dictionary
しきほ	しき穂|四季穂|志喜穂|志季穂|紫生穂|紫貴保	given-name-dictionary
しほの	しほの|志保乃|志帆乃|志穂乃|汐乃|詩歩乃	given-name-dictionary
しまお	島男|島雄|志摩生|志真雄|志磨男|至馬夫	given-name-dictionary
じゅね	寿愛|樹根|樹鐘|樹音|珠音|雛寧	given-name-dictionary
すいは	吹波|水巴|水羽|翠坡|翠端|翠葉	given-name-dictionary
すがの	すがの|スガノ|寿賀乃|清乃|清野|澄賀乃	given-name-dictionary
せいぎ	政義|正義|清犠|誠義|青祇|静宜	given-name-dictionary
せいと	星吐|星斗|星都|聖人|聖斗|青杜	given-name-dictionary
せんた	仙太|千太|専太|扇太|泉太|銑太	given-name-dictionary
せんと	仙人|仙都|千斗|千翔|泉都|茜都	given-name-dictionary
せんや	仙弥|千也|千夜|千弥|千彌|泉哉	given-name-dictionary
そえる	そえる|奏絵留|添琉|爽琉|空輝|遡慧屡	given-name-dictionary
そらん	奏藍|宙舞|束幸夢|空夢|空藍|空蘭	given-name-dictionary
たえみ	多恵美|多栄美|多江美|多重美|妙実|妙美	given-name-dictionary
たずみ	タズミ|多寿美|多積|尋見|温美|鶴美	given-name-dictionary
たつほ	立穂|竜歩|達保|達歩|龍帆|龍歩	given-name-dictionary
たゆみ	タユミ|多由実|多由美|妙珠|妙由美|妙美	given-name-dictionary
だいや	七光|乃椰|多衣耶|大也|大哉|輝	given-name-dictionary
ちあや	七彩|千彩|千文|千絢|千綾|智文	given-name-dictionary
ちおん	千恩|千温|智恩|智音|知音|致遠	given-name-dictionary
ちかと	央人|愛冬|愛都|睦人|親人|誓人	given-name-dictionary
ちかや	千茅|史也|智也|知哉|親也|親哉	given-name-dictionary
ちがこ	千芽子|千賀子|千雅子|智雅子|知我子|稚芽子	given-name-dictionary
ちづほ	ちづ穂|千津穂|千都帆|千鶴穂|智津穂|智都穂	given-name-dictionary
ちどり	ちどり|チドリ|千登里|千鳥|智鳥|知都里	given-name-dictionary
ちやき	チヤキ|千也希|千夜姫|智弥稀|知也希|知矢樹	given-name-dictionary
ちゆこ	チユ子|千友子|智愈子|智由子|智諭子|知由子	given-name-dictionary
つぐる	二|亜|告|嗣|詔|詔尊	given-name-dictionary
つづみ	つづみ|津々実|都々美|鼓|鼓実|鼓美	given-name-dictionary
つよき	剛樹|剛生|剛紀|剛起|毅|豪毅	given-name-dictionary
つるお	弦男|弦雄|鶴夫|鶴生|鶴男|鶴雄	given-name-dictionary
ていな	定菜|庭菜|梯奈|汀那|禎奈|貞奈	given-name-dictionary
てつよ	てつよ|てつ代|哲世|哲代|徹代|鉄要	given-name-dictionary
てると	光人|暉人|照人|輝人|輝登|輝飛	given-name-dictionary
とうあ	とうあ|斗愛|柊亜|柊杏|柊碧|飛歩	given-name-dictionary
とおみ	十実|十美|透美|遠実|遠美|遠見	given-name-dictionary
とくよ	トクヨ|得代|徳世|徳代|督代|篤代	given-name-dictionary
とりお	妬莉緒|登利雄|登里生|酉男|酉雄|鳥夫	given-name-dictionary
ないと	夜|夜愛|成意斗|菜糸|那愛|騎士	given-name-dictionary
なずみ	名純|奈寿美|奈珠実|奈純|摩美|菜純	given-name-dictionary
なみと	南海人|夏海人|波人|波登|波都|港美	given-name-dictionary
にじは	七葉|虹巴|虹波|虹琶|虹羽|虹葉	given-name-dictionary
ねいろ	寧彩|寧路|峯彩|音呂|音彩|音色	given-name-dictionary
ねねか	ねねか|寧々花|寧々香|根々加|音々歌|音々花	given-name-dictionary
のあん	乃安|乃庵|乃杏|希杏|紀杏|野杏	given-name-dictionary
のゆり	のゆり|乃由梨|野ゆり|野夕莉|野有里|野百合	given-name-dictionary
のりの	周乃|妃乃|法乃|紀乃|規乃|遥音	given-name-dictionary
はつひ	初妃|初姫|初日|初灯|初陽|初飛	given-name-dictionary
はまえ	はまえ|ハマ江|浜恵|浜枝|浜江|濱江	given-name-dictionary
はゆみ	はゆみ|映美|羽有未|羽由実|葉弓|葉柚深	given-name-dictionary
はろう	巴浪|晴朗|波朗|波浪|波郎|覇郎	given-name-dictionary
ひとお	人雄|仁勇|仁夫|仁生|仁郎|仁雄	given-name-dictionary
ひとか	一十加|一夏|一花|一華|仁花|仁香	given-name-dictionary
ひらお	平往|平男|平郎|比羅夫|比良夫|比良男	given-name-dictionary
ふうみ	ふう実|楓望|楓未|降雨美|風海|風美	given-name-dictionary
ふくし	副司|福之|福史|福司|福四|芙久士	given-name-dictionary
ほづき	宝月|帆月|歩月|歩槻|穂月|芳月	given-name-dictionary
ほほみ	ほほみ|帆々実|帆々美|歩々実|歩々美|穂々美	given-name-dictionary
まいは	舞巴|舞波|舞羽|舞花|舞華|舞葉	given-name-dictionary
まいほ	万以帆|万維歩|磨衣帆|舞帆|舞歩|舞穂	given-name-dictionary
ますほ	万寿穂|倍穂|十寸穂|増穂|満洲帆|益穂	given-name-dictionary
まやな	まやな|真也奈|真弥奈|真耶菜|茉耶奈|麻耶奈	given-name-dictionary
まゆえ	眉依|真由江|真結枝|繭恵|繭衣|馬由江	given-name-dictionary
みうこ	みうこ|未有子|美卯子|美有子|美生子|美雨子	given-name-dictionary
みおの	実桜乃|未緒乃|水温乃|美桜乃|美緒乃|美越乃	given-name-dictionary
みめい	実女|未明|未明衣|美女|美明|美銘	given-name-dictionary
みりえ	実梨絵|実理絵|未莉栄|美梨絵|美理絵|美里映	given-name-dictionary
みれな	みれな|実玲奈|実麗奈|美涼凪|美玲奈|美麗奈	given-name-dictionary
むつえ	むつ江|六重|睦恵|睦枝|睦江|睦絵	given-name-dictionary
めいあ	冥愛|明愛|盟亜|芽愛|萌以亜|萌依愛	given-name-dictionary
めいら	姪螺|明羅|盟良|芽依羅|芽衣愛|芽衣羅	given-name-dictionary
めぶき	めぶき|姫蕗|愛蕗|明蕗|芽吹|芽生	given-name-dictionary
めりさ	愛梨沙|愛莉紗|明梨紗|芽莉紗|芽里咲|芽里沙	given-name-dictionary
もよこ	もよ子|モヨコ|モヨ子|望与子|茂代子|萌子	given-name-dictionary
もりと	守人|杜人|盛人|盛登|衛人|護人	given-name-dictionary
やいち	八一|弥一|弥市|弥弌|彌一|矢一	given-name-dictionary
やおね	八百音|八百鼠|八緒音|夜緒音|矢麻祢|耶緒寧	given-name-dictionary
やすま	保万|保真|保馬|康馬|泰磨|泰馬	given-name-dictionary
やちこ	やち子|八千子|八智子|八知子|弥千子|矢知子	given-name-dictionary
やつき	八月|八葵|夜月|弥月|耶月|陽月	given-name-dictionary
よはね	与羽音|世羽|世羽子|善羽|夜羽|陽翼	given-name-dictionary
りつみ	律実|律美|梨都実|梨都美|理津美|里津美	given-name-dictionary
れいと	れいと|伶人|怜斗|礼人|麗斗|麗都	given-name-dictionary
わくみ	惑実|惑美|湧実|湧水|湧泉|湧美	given-name-dictionary
あかひこ	明彦|朱彦|朱日子|紅彦|茜彦|赤彦	given-name-dictionary
あきいち	明一|昭一|淳一|璃一|秋一|穐一	given-name-dictionary
あきぞう	明三|明蔵|昭三|晃三|秋蔵|秋造	given-name-dictionary
あきもり	明守|明杜|明盛|昭守|秋守|章盛	given-name-dictionary
あつてる	享輝|厚輝|敦央|敦輝|淳光|篤輝	given-name-dictionary
ありひと	也仁|在一|存人|有一|有人|有仁	given-name-dictionary
いえひろ	宅弘|家寛|家広|家弘|家浩|家煕	given-name-dictionary
いちすけ	一介|一佐|一助|市助|市右|市祐	given-name-dictionary
いちゆう	一勇|一右|一悠|一裕|一遊|一雄	given-name-dictionary
いっそう	一窓|一聡|一艸|一草|一荘|逸走	given-name-dictionary
いっとう	いっとう|一刀|一棹|一灯|一統|一透	given-name-dictionary
えつひろ	悦博|悦啓|悦大|悦宏|悦広|悦弘	given-name-dictionary
おさのり	修徳|治範|理範|長則|長紀|長規	given-name-dictionary
かいいち	介一|改一|海一|海市|開一|魁一	given-name-dictionary
かくえい	覚恵|角栄|角榮|赫英|鶴泳|鷽英	given-name-dictionary
かげのり	景典|景則|景徳|景憲|景範|景紀	given-name-dictionary
かじろう	嘉二郎|嘉次郎|嘉治郎|茄二郎|香次郎|鹿次郎	given-name-dictionary
かずつぐ	一二|一嗣|一次|和嗣|和次|和継	given-name-dictionary
かずなお	一直|万直|上直|主直|和尚|和直	given-name-dictionary
かつただ	克伊|克忠|克惟|功忠|勝忠|勝正	given-name-dictionary
かづたか	一孝|一貴|一隆|一高|万隆|和孝	given-name-dictionary
かねひさ	兼久|兼寿|兼曩|周久|甲子久|金久	given-name-dictionary
かねひで	兼秀|兼英|包秀|謙秀|賢秀|錦秀	given-name-dictionary
かねひと	兼人|兼仁|懐仁|謙人|金仁|金士	given-name-dictionary
かねまさ	兼昌|兼正|兼雅|包正|金正|鉄理	given-name-dictionary
かねみつ	兼充|兼光|兼密|葆光|謙光|金光	given-name-dictionary
がくえい	学栄|学瑛|学英|岳永|覚瑛|額栄	given-name-dictionary
きちろう	吉朗|吉良|吉郎|喜一郎|喜千郎|帰智朗	given-name-dictionary
きみつぐ	公乙|公嗣|公次|公継|公胤|公韶	given-name-dictionary
きみとも	公友|公智|公朋|公朝|公知|王丈	given-name-dictionary
きよかつ	喜代克|喜代勝|清且|清克|清勝|舜勝	given-name-dictionary
くにみち	国通|国道|圀通|邦猷|邦通|邦道	given-name-dictionary
くにろう	久二郎|久仁郎|国郎|訓朗|邦朗|邦郎	given-name-dictionary
けいごう	啓剛|啓郷|圭剛|惠剛|敬豪|桂剛	given-name-dictionary
けいとく	啓徳|恵得|恵徳|慶篤|敬得|敬徳	given-name-dictionary
げんきち	元吉|彦吉|源吉|玄吉|現吉|鉉吉	given-name-dictionary
げんどう	元道|原道|厳道|玄洞|玄童|玄道	given-name-dictionary
げんぽう	元峰|元彭|元豊|源峰|玄峰|玄芳	given-name-dictionary
こういつ	幸逸|晃逸|紘一|耕逸|鋼乙|香逸	given-name-dictionary
こうたく	光沢|功卓|厚卓|宏沢|広度|耕琢	given-name-dictionary
こごろう	小五朗|小五郎|小伍朗|小伍郎|小吾朗|小吾郎	given-name-dictionary
これひと	之人|惟人|惟仁|是人|是仁|維人	given-name-dictionary
これひろ	己広|惟大|惟敬|惟郭|是宏|維弘	given-name-dictionary
これやす	伊保|惟保|惟康|惟恭|惟泰|惟靖	given-name-dictionary
これよし	惟準|惟繕|惟義|惟芳|是美|維芳	given-name-dictionary
ごうぞう	剛三|剛蔵|剛造|豪三|豪造|郷三	given-name-dictionary
さいぞう	再造|才三|才蔵|斉三|最三|犀蔵	given-name-dictionary
さだいち	三二一|定一|定市|禎一|貞一|貞市	given-name-dictionary
さだふみ	定史|定文|為章|禎史|貞史|貞文	given-name-dictionary
さねゆき	守之|実之|実幸|実行|真之|真幸	given-name-dictionary
しげおみ	成臣|方臣|繁臣|茂臣|重匡|重臣	given-name-dictionary
しげもと	成元|茂元|重元|重先|重初|重基	given-name-dictionary
しげもり	林司|繁守|茂盛|重守|重盛|重衛	given-name-dictionary
しゅうえ	修枝|宗恵|宗衛|秀恵|秀慧|秀衛	given-name-dictionary
すえはる	季晴|季治|末春|末晴|末治|陶治	given-name-dictionary
すけたか	佐孝|祐孝|祐尭|祐敬|祐貴|資隆	given-name-dictionary
すみはる	澄明|澄春|澄晴|澄治|純晴|純治	given-name-dictionary
すみひさ	住久|在久|澄久|純久|純剛|純尚	given-name-dictionary
せいだい	征大|成大|正大|盛大|聖大|誠大	given-name-dictionary
せいてつ	成哲|星哲|正哲|清徹|聖哲|誠哲	given-name-dictionary
たいいち	台一|太一|泰一|泰市|耐一|鯛一	given-name-dictionary
たいどう	大道|太道|泰堂|泰道|諦堂|諦道	given-name-dictionary
たかきよ	孝清|尚澄|貴清|隆清|高清|高潔	given-name-dictionary
たかより	孝頼|崇偉|崇順|貴和|隆仗|隆頼	given-name-dictionary
たくひと	卓人|卓仁|太久仁|拓人|琢人|琢仁	given-name-dictionary
たけかつ	健勝|武剋|武勝|武嘉津|武捷|武甲	given-name-dictionary
ただいち	只一|唯一|唯市|忠一|惟一|禎一	given-name-dictionary
ただおみ	公臣|帝臣|忠臣|理惟|理臣|聡臣	given-name-dictionary
ただなお	唯直|忠如|忠尚|忠直|正直|直尚	given-name-dictionary
ただなり	唯也|忠也|忠成|忠済|忠礼|忠誠	given-name-dictionary
たつえい	辰栄|辰英|辰衛|達栄|達英|達衛	given-name-dictionary
たてゆき	健之|健幸|建之|建行|盾之|立行	given-name-dictionary
ためもと	為|為元|為基|為楨|為禎|為紀	given-name-dictionary
だいせい	大声|大征|大成|大生|大誓|大誠	given-name-dictionary
ちかはる	周治|睦治|睦玄|親晴|親治|近春	given-name-dictionary
ちかひこ	允彦|周彦|愛彦|新比古|知彦|親彦	given-name-dictionary
ちかひさ	周久|慶久|親久|親仙|近久|鎮久	given-name-dictionary
つなよし	剛由|綱吉|綱喜|綱義|綱良|綱賀	given-name-dictionary
てつえい	哲栄|哲永|哲英|徹映|徹栄|鉄映	given-name-dictionary
てつひで	哲央|哲秀|哲英|徹英|徹豪|鉄英	given-name-dictionary
てつひと	哲人|哲仁|哲史|徹人|徹士|鉄人	given-name-dictionary
てるおき	光沖|昭興|栄興|皓興|輝興|輝起	given-name-dictionary
てるつぐ	光世|光亜|明嗣|晃嗣|輝嗣|輝次	given-name-dictionary
ときたか	季隆|季高|時孝|時敬|時隆|時高	given-name-dictionary
ときやす	宙靖|時休|時保|時康|時恭|時泰	given-name-dictionary
とくあき	徳明|徳晃|徳顕|特明|督明|篤明	given-name-dictionary
とくひこ	得彦|徳彦|悳彦|独彦|督彦|篤彦	given-name-dictionary
としえい	俊栄|俊英|利栄|利衛|寿栄|敏栄	given-name-dictionary
としおき	俊興|利典|利知|利興|敏興|紀興	given-name-dictionary
としぶみ	俊史|俊文|利文|年文|敏史|敏文	given-name-dictionary
としもり	俊守|利守|利盛|敏盛|智司|資盛	given-name-dictionary
とみひこ	冨彦|利実彦|富彦|登美彦|陶美彦|音美彦	given-name-dictionary
とみゆき	冨行|富之|富将|富幸|富行|登美幸	given-name-dictionary
ともつね	具経|友恒|友経|有恒|朝経|知常	given-name-dictionary
とよたか	豊孝|豊毅|豊臣|豊貴|豊隆|豊高	given-name-dictionary
とよゆき	豊之|豊侑|豊幸|豊行|豊雪|農之	given-name-dictionary
なおかた	尚賢|直享|直剛|直容|直方|直賢	given-name-dictionary
なおずみ	尚澄|尚純|尚角|有純|直澄|直純	given-name-dictionary
なおひで	尚秀|尚英|直幸|直秀|直英|真栄	given-name-dictionary
なかひろ	中広|中浩|仲博|仲啓|仲宏|仲寛	given-name-dictionary
ながみち	修道|永成|永道|長礼|長路|長通	given-name-dictionary
なりかず	也一|尚一|成一|成和|斉一|斉和	given-name-dictionary
なりしげ	作成|就盛|成繁|成茂|斉茲|業茂	given-name-dictionary
なりつぐ	就次|成嗣|成継|斉次|斉韶|済継	given-name-dictionary
なりとし	成俊|成利|成寿|成年|成敏|斉敏	given-name-dictionary
なりのぶ	徳信|成信|斉信|斉宣|斉脩|誠直	given-name-dictionary
なりみち	周道|成導|成通|成道|成陸|斉道	given-name-dictionary
のぶぞう	信三|信蔵|信造|延三|延造|農夫蔵	given-name-dictionary
のぶなお	伸直|信直|史尚|将直|申直|述直	given-name-dictionary
のぶふさ	伸房|伸記|信房|信総|延房|靖房	given-name-dictionary
のりかね	乗金|憲鉄|教兼|教鐘|智兼|規矩	given-name-dictionary
のりなお	典生|則直|徳尚|徳有|憲尚|憲直	given-name-dictionary
のりのぶ	則信|勲信|式信|法伸|範叙|紀信	given-name-dictionary
はちろう	八廊|八朗|八良|八郎|蜂郎|釟郎	given-name-dictionary
はつひろ	初博|初広|初弘|初洋|初浩|肇博	given-name-dictionary
はるいち	春一|春市|晴一|晴市|治一|浩一	given-name-dictionary
はるなり	春成|春雷|晴也|晴成|治成|陽也	given-name-dictionary
はるもと	春元|春基|晴元|晴基|晴幹|治元	given-name-dictionary
ひさたけ	久剛|久武|学武|寿壮|尚大|尚武	given-name-dictionary
ひさなお	久尚|久直|久真|学尚|寿直|尚直	given-name-dictionary
ひさなが	久大|久永|久長|寿長|尚永|能永	given-name-dictionary
ひでぞう	日出蔵|日出造|秀三|秀蔵|秀造|英三	given-name-dictionary
ふくぞう	冨久三|復三|福三|福蔵|福藏|福造	given-name-dictionary
ふさあき	房明|房章|房顕|総明|總明|聰明	given-name-dictionary
ふさゆき	房之|房幸|房行|総之|総幸|聡之	given-name-dictionary
ふじひろ	不二洋|富士広|藤博|藤弘|藤洋|藤裕	given-name-dictionary
ふみなり	史也|史就|史成|史誠|文也|文成	given-name-dictionary
ふみひさ	史久|史尚|文久|文寿|文尚|書久	given-name-dictionary
ほうさく	宝作|方策|豊作|豊策|邦作|鳳作	given-name-dictionary
ほうぞう	宝三|宝蔵|宝造|峯三|邦蔵|鳳三	given-name-dictionary
まきひと	牧人|牧仁|真生人|真紀仁|真貴人|麻基人	given-name-dictionary
まさかど	将門|政門|眞門|真門|雅圭|雅門	given-name-dictionary
まさすみ	正澄|正純|眞澄|眞純|真澄|雅純	given-name-dictionary
まさとよ	元豊|匡豊|政豊|昌豊|正豊|雅豊	given-name-dictionary
まさろう	昌朗|正朗|正郎|理郎|雅朗|雅郎	given-name-dictionary
ますたか	増隆|益孝|益崇|益陸|益隆|益高	given-name-dictionary
まつひろ	松博|松廣|松弘|松洋|松浩|松裕	given-name-dictionary
まれすけ	希介|希典|希助|希祐|希輔|稀助	given-name-dictionary
みちかつ	三千克|三千勝|充克|通勝|道克|道勝	given-name-dictionary
みちただ	廸忠|玄忠|能達|通忠|道忠|道理	given-name-dictionary
みちなお	倫直|理直|迪淳|通直|道直|達直	given-name-dictionary
みちひで	充秀|美千英|通秀|通英|道秀|道英	given-name-dictionary
みつくに	允国|充邦|光国|光圀|光訓|光邦	given-name-dictionary
みつひと	三人|充人|充仁|光人|光仁|満人	given-name-dictionary
みつふみ	充史|充文|光史|光文|満文|盈文	given-name-dictionary
みねはる	峯春|峯陽|峯青|峰春|峰晴|峰治	given-name-dictionary
むつあき	六明|宗明|睦明|睦昭|睦晃|陸明	given-name-dictionary
むつのり	六徳|睦典|睦憲|睦規|睦訓|陸則	given-name-dictionary
むねちか	宗周|宗子|宗愛|宗睦|宗親|宗近	given-name-dictionary
むねのぶ	宗伸|宗信|宗允|宗将|宗暢|宗陳	given-name-dictionary
もりのぶ	司信|守伸|守信|盛伸|盛信|盛宣	given-name-dictionary
もりひこ	守彦|守比古|杜彦|森彦|盛彦|衛彦	given-name-dictionary
もりみつ	守三|守光|守満|盛充|盛光|護光	given-name-dictionary
やすおき	安居|安興|康興|恷興|泰興|烋興	given-name-dictionary
ゆきちか	優季史|千寸|幸親|由喜親|至凡|行親	given-name-dictionary
ゆきとも	亨智|幸倫|幸友|幸智|幸朝|志知	given-name-dictionary
よしいえ	喜家|圭家|憙家|義家|能家|良家	given-name-dictionary
よしとら	吉寅|吉虎|嘉虎|義虎|良寅|芳虎	given-name-dictionary
よしへい	吉平|嘉平|由平|義平|能平|芳平	given-name-dictionary
よしまつ	与四松|吉松|好松|由松|義松|芳松	given-name-dictionary
よりのぶ	順伸|順信|順庸|順暢|頼信|頼宣	given-name-dictionary
りんぞう	凛像|林三|林蔵|林造|鱗造|麟三	given-name-dictionary
りんぺい	倫平|凜平|林兵衛|林平|麟兵|麟平	given-name-dictionary
ろくすけ	六介|六助|六輔|禄助|緑輔|陸介	given-name-dictionary
かんしろう	勘四郎|寛四郎|幹司郎|貫四郎|貫志朗|貫志郎	given-name-dictionary
きちごろう	吉五朗|吉五郎|吉伍朗|吉伍郎|吉吾朗|吉吾郎	given-name-dictionary
くにのすけ	国之介|国之助|國之助|邦之介|邦之助|邦之輔	given-name-dictionary
けんごろう	健五郎|健吾朗|兼五郎|憲五郎|謙五郎|賢五郎	given-name-dictionary
さんしろう	三四朗|三四郎|三志郎|三視郎|粲四郎|賛四郎	given-name-dictionary
しちのすけ	七之丞|七之介|七之佑|七之助|七之祐|七之輔	given-name-dictionary
しゅうえい	宗英|秀映|秀栄|秀英|秀衛|秋影	given-name-dictionary
しょうじん	匠人|昭人|昭仁|樵人|正人|章人	given-name-dictionary
しんごろう	伸五郎|信五郎|慎五郎|新五郎|真五郎|真吾郎	given-name-dictionary
すずのすけ	宰之左|鈴之介|鈴之助|鈴之輔|錫之介|錫之助	given-name-dictionary
たかたろう	孝太郎|毅太郎|貴太郎|隆太郎|高太郎|鷹太郎	given-name-dictionary
だいしろう	大四郎|大士朗|大士郎|大志郎|太志朗|第四郎	given-name-dictionary
てんしょう	典昭|天昭|天祥|天章|天笑|天翔	given-name-dictionary
とくしろう	得四郎|徳伸朗|徳司郎|徳四郎|篤四郎|篤志郎	given-name-dictionary
はるたろう	久太郎|尚太郎|春太郎|晴太呂|晴太郎|治太郎	given-name-dictionary
ひでたろう	秀太朗|秀太良|秀太郎|英太朗|英太郎|豪太郎	given-name-dictionary
まさたろう	和太郎|政太郎|昌太郎|正太郎|磨作太郎|雅太郎	given-name-dictionary
まつじろう	末次郎|松二郎|松次郎|松治朗|松治郎|松赦	given-name-dictionary
れいのすけ	嶺之介|怜之輔|玲之輔|礼之助|麗之助|黎之輔	given-name-dictionary
きゅうじろう	久二郎|久士朗|久次郎|久治郎|球児郎|究次郎	given-name-dictionary
けんきちろう	健吉郎|献吉郎|研吉郎|謙吉郎|賢吉朗|賢吉郎	given-name-dictionary
しゅいちろう	主一郎|修一郎|守一郎|朱一郎|秀一郎|須一郎	given-name-dictionary
じゅうしろう	充四郎|十四郎|重四朗|重四郎|重志郎|重次郎	given-name-dictionary
たいいちろう	壹一郎|大一郎|太一郎|泰一朗|泰一郎|耐一郎	given-name-dictionary
たついちろう	太津市郎|樹一郎|竜一郎|辰一郎|達一郎|龍一郎	given-name-dictionary
ちょうしろう	調四郎|重四郎|長史朗|長四郎|長清郎|長詩郎	given-name-dictionary
としさぶろう	俊三郎|利三朗|利三郎|寿三郎|年三郎|敏三郎	given-name-dictionary
もといちろう	元一郎|基一朗|基一郎|本一郎|素一郎|資一郎	given-name-dictionary
やすいちろう	保一郎|安一郎|康一朗|康一郎|泰一郎|靖一郎	given-name-dictionary
れいいちろう	令一郎|怜一郎|玲一郎|礼一郎|禮一郎|鈴一郎	given-name-dictionary
あど	あど|亜土|亜都|愛土|阿努	given-name-dictionary
あま	あま|亜麻|天|安満|海女	given-name-dictionary
うぶ	初|初心|生|生舞|羽舞	given-name-dictionary
えめ	えめ|恵愛|江芽|笑愛|詠芽	given-name-dictionary
かる	佳留|歌留|珂流|軽|香琉	given-name-dictionary
がん	岩|嵒|巌|雁|顔	given-name-dictionary
こい	恋|恋衣|湖李|湖衣|胡夷	given-name-dictionary
ちと	チト|千冬|千登|千都|智冬	given-name-dictionary
ぬい	ぬい|ヌイ|絵|縫|縫殿	given-name-dictionary
ねむ	ねむ|ネム|合歓|眠夢|音夢	given-name-dictionary
ひで	ひで|ヒデ|日出|秀|英	given-name-dictionary
ふわ	不破|扶和|楓|歩和|風和	given-name-dictionary
むみ	夢実|夢未|夢美|夢見|夢魅	given-name-dictionary
もい	もい|望生|萌|萌意|萌衣	given-name-dictionary
るく	琉玖|瑠久|瑠玖|瑠空|瑠紅	given-name-dictionary
るび	るび|流彌|瑠緋|瑠美|留美	given-name-dictionary
れき	レキ|暦|歴|玲貴|麗樹	given-name-dictionary
ろな	呂奈|路奈|路菜|露奈|露菜	given-name-dictionary
わさ	わさ|和佐|和嵯|和沙|和颯	given-name-dictionary
あいし	愛史|愛士|愛志|愛思|愛紫	given-name-dictionary
あおさ	碧沙|碧皐|碧草|青沙|青紗	given-name-dictionary
あきい	亜希衣|秋偉|秋唯|耀衣|顕衣	given-name-dictionary
あきし	全志|明司|明志|昭士|晃之	given-name-dictionary
あきば	あき葉|明葉|秋羽|秋葉|空羽	given-name-dictionary
あくら	あくら|亜久良|天倉|愛久楽|明倉	given-name-dictionary
あけこ	明子|晏気子|暁子|曙子|朱子	given-name-dictionary
あけし	明史|明司|明嗣|明志|朱史	given-name-dictionary
あけよ	あけ代|明世|明代|朱世|朱代	given-name-dictionary
あけり	明梨|明理|明里|朱理|朱里	given-name-dictionary
あこや	あこや|亜古弥|天宮|愛己弥|眞珠	given-name-dictionary
あしえ	あし江|芦江|葦江|葭江|足永	given-name-dictionary
あしお	葦夫|葦於|葦生|葦男|葦雄	given-name-dictionary
あすは	愛主羽|明日羽|明日葉|褪翳|遊葉	given-name-dictionary
あずは	あずは|亞逗端|明日葉|杏葉|梓羽	given-name-dictionary
あつま	あつま|敦真|温真|篤真|篤麿	given-name-dictionary
あやも	彩桃|彩茂|彩萌|彩雲|文毬	given-name-dictionary
あやを	あやを|文尾|文緒|絢央|綾緒	given-name-dictionary
あゆま	あゆま|歩万|歩真|歩茉|歩麻	given-name-dictionary
ありお	亜理緒|有夫|有生|有男|有雄	given-name-dictionary
あんぬ	アンヌ|安奴|杏|杏奴|杏縫	given-name-dictionary
あんび	安琵|安美|晏未|杏実|杏美	given-name-dictionary
いくも	生茂|生萌|生雲|育母|育萌	given-name-dictionary
いしん	一晋|以心|以身|伊信|維新	given-name-dictionary
いずも	いずも|伊豆母|伊須萌|出萌|出雲	given-name-dictionary
いそか	いそか|磯夏|磯歌|磯華|磯香	given-name-dictionary
いちほ	一帆|一星|一歩|一穂|伊智穂	given-name-dictionary
いづき	伊月|依月|稜稀|芋月|藺月	given-name-dictionary
いづる	いづる|伊鶴|出|千鶴|斐鶴	given-name-dictionary
いなえ	いなえ|伊奈江|依奈江|稲恵|稲苗	given-name-dictionary
いねお	亥子夫|亥子生|猪年男|稲夫|稲生	given-name-dictionary
いほみ	一帆実|一帆美|五保美|五穂美|伊保美	given-name-dictionary
いまお	今夫|今男|今雄|伊万夫|威馬雄	given-name-dictionary
うたな	唄菜|歌凪|歌奈|詩奈|詩菜	given-name-dictionary
うたは	唱葉|歌羽|歌葉|詩葉|謡葉	given-name-dictionary
うめの	うめの|ウメノ|宇愛乃|梅乃|梅野	given-name-dictionary
うめみ	梅実|梅弥|梅満|梅美|梅見	given-name-dictionary
うめよ	うめ代|ウメヨ|宇芽代|梅世|梅代	given-name-dictionary
うらこ	うら子|宇羅子|浦子|裏子|麗子	given-name-dictionary
うりん	佑凜|羽凛|雨凜|雨林|雨鈴	given-name-dictionary
えいひ	永日|永灯|永陽|瑛姫|英姫	given-name-dictionary
えつか	えつ香|悦佳|悦香|江津佳|越香	given-name-dictionary
えつや	悦也|悦哉|江津也|謁也|越哉	given-name-dictionary
えりざ	エリザ|恵里沙|絵理座|絵里沙|絵里紗	given-name-dictionary
えりも	えり萌|会理萌|恵理藻|絵里百|衿萌	given-name-dictionary
おうり	央梨|旺梨|桜梨|桜璃|桜里	given-name-dictionary
おとお	乙男|二男|己雄|於兎男|音夫	given-name-dictionary
おとき	乙姫|乙季|乙樹|音姫|音樹	given-name-dictionary
おとよ	お東世|乙代|桜東洋|音世|音代	given-name-dictionary
おもか	央百花|思花|思香|想果|想花	given-name-dictionary
おりね	おりね|央利音|桜里音|緒梨音|織音	given-name-dictionary
かずめ	カズメ|一女|一姫|一芽|和女	given-name-dictionary
かつい	かつい|克衣|加津維|勝位|勝威	given-name-dictionary
かづほ	一歩|一穂|架星|香津帆|香津歩	given-name-dictionary
かづる	佳弦|嘉鶴|果鶴|花弦|香鶴	given-name-dictionary
かなつ	佳夏|加夏|果夏|花夏|香夏	given-name-dictionary
かはる	嘉春|花晴|華明|華春|香春	given-name-dictionary
かむい	カムイ|冠依|加夢意|神威|花夢衣	given-name-dictionary
かゆみ	佳弓|佳由美|加裕美|家弓|香由美	given-name-dictionary
かんの	栞乃|栞野|歓乃|翫之|閑乃	given-name-dictionary
きいつ	亀逸|其一|季逸|帰逸|禧一	given-name-dictionary
きおう	亀翁|希欧|紀央|貴央|貴王	given-name-dictionary
きちよ	キチヨ|吉世|吉代|喜千代|貴千世	given-name-dictionary
きまこ	キマ子|喜馬子|希満子|貴眞子|貴麻子	given-name-dictionary
きみな	仁菜|公菜|公那|君奈|生実菜	given-name-dictionary
きわお	喜和夫|喜和男|喜和雄|希和夫|規和央	given-name-dictionary
きわむ	極|研|究|究夢|竟	given-name-dictionary
ぎどう	巍堂|義洞|義童|義道|魏堂	given-name-dictionary
くくり	ククリ|久々梨|玖々莉|紅々李|菊里	given-name-dictionary
くめお	久米夫|久米男|久米雄|粂男|粂雄	given-name-dictionary
くらと	久良人|倉人|蔵人|蔵斗|蔵都	given-name-dictionary
くりな	くり菜|久里奈|久里菜|九里菜|栗奈	given-name-dictionary
くりみ	丘利美|久理実|久理美|久里実|久里美	given-name-dictionary
くれみ	暮実|暮美|紅実|紅美|紅見	given-name-dictionary
くろう	久朗|久良|久郎|九朗|九郎	given-name-dictionary
けいま	圭真|圭馬|契馬|恵馬|桂馬	given-name-dictionary
こいな	恋夏|恋奈|恋渚|恋菜|憩奈	given-name-dictionary
こうと	康人|滉人|皇人|耕人|輝人	given-name-dictionary
これお	之雄|伊男|惟夫|惟男|是雄	given-name-dictionary
さあな	さあな|佐亜南|早亜奈|沙亜菜|紗亜南	given-name-dictionary
さいと	彩人|彩斗|才人|才和|才跳	given-name-dictionary
さきと	佐喜登|咲人|咲斗|咲都|早樹人	given-name-dictionary
さくあ	さくあ|咲亜|咲愛|朔愛|桜愛	given-name-dictionary
さたこ	サタ子|佐多子|左田子|聖子|聡子	given-name-dictionary
さとじ	智司|諭治|郷司|里二|里治	given-name-dictionary
さとむ	三十六|智務|智十夢|聡夢|里夢	given-name-dictionary
さない	左内|才乃|早乃|沙奈伊|茶乃	given-name-dictionary
さねお	仁雄|実夫|実男|実雄|真男	given-name-dictionary
さはる	咲春|彩春|早悠|早春|紗春	given-name-dictionary
さやき	さや希|佐也生|沙希|清希|清紀	given-name-dictionary
さりえ	さりえ|早利絵|沙里江|砂理恵|砂里枝	given-name-dictionary
さわな	佐和奈|佐我|沙和奈|爽菜|紗和菜	given-name-dictionary
さんた	三多|三太|山太|燦太|鯵太	given-name-dictionary
しいら	支以良|椎羅|椎良|詩愛|詩良	given-name-dictionary
しきの	しきの|四季野|志希乃|志貴乃|紫姫野	given-name-dictionary
しげた	滋太|繁太|茂多|茂太|重太	given-name-dictionary
しずさ	志寿沙|詩瑞砂|雫叉|雫桜|静沙	given-name-dictionary
しづほ	志津保|志津帆|志津歩|志津穂|志都穂	given-name-dictionary
しへい	史平|司平|四平|士平|子平	given-name-dictionary
しんか	心花|心華|新佳|芯花|進化	given-name-dictionary
じつお	実夫|実生|実男|実郎|実雄	given-name-dictionary
じつこ	じつ子|ジツ子|実子|實子|昵子	given-name-dictionary
じょい	丈依|喜実|如意|序依|序惟	given-name-dictionary
じんや	仁也|仁哉|甚也|甚哉|甚弥	given-name-dictionary
すぎえ	すぎえ|杉恵|杉枝|杉江|杉重	given-name-dictionary
せいさ	星沙|星砂|星紗|聖鎖|青砂	given-name-dictionary
せかい	せかい|世快|世楷|世界|聖海	given-name-dictionary
せれす	星玲珠|星礼朱|星礼雛|瀬玲子|静礼朱	given-name-dictionary
せろな	せろな|世路奈|星路奈|瀬呂奈|聖呂奈	given-name-dictionary
せんき	仙姫|千喜|千姫|泉紀|鮮姫	given-name-dictionary
ぜんき	全輝|善喜|善基|善記|善貴	given-name-dictionary
ぜんご	全五|善伍|善吾|善梧|漸悟	given-name-dictionary
ぜんた	全太|善多|善大|善太|膳田	given-name-dictionary
そうあ	宗阿|想亜|想愛|蒼空|蒼鴉	given-name-dictionary
そのは	そのは|早乃羽|苑巴|苑羽|苑葉	given-name-dictionary
そらな	天南|天和|宙菜|空夏|空奈	given-name-dictionary
たいか	大果|大華|太華|泰夏|泰華	given-name-dictionary
たいご	大五|大悟|大梧|太吾|泰吾	given-name-dictionary
たえり	多絵里|妙利|妙理|妙莉|才有	given-name-dictionary
たおこ	たお子|多央子|多意子|峠子|泰緒子	given-name-dictionary
たつの	建|竜乃|辰乃|達乃|龍乃	given-name-dictionary
たづる	たづる|多津留|多都留|多鶴|田鶴	given-name-dictionary
たみや	多美也|多美弥|民也|民哉|民弥	given-name-dictionary
ためお	為夫|為生|為男|為郎|為雄	given-name-dictionary
だんじ	団二|団治|壇児|断二|男次	given-name-dictionary
ちこと	ちこと|千古都|千琴|智琴|知己都	given-name-dictionary
ちほの	千帆乃|千穂乃|千穂野|千穗乃|智峰乃	given-name-dictionary
ちわこ	ちわ子|千和子|千羽子|智和子|知和子	given-name-dictionary
つくる	作|創|耕|造|都薫瑠	given-name-dictionary
つたお	伝夫|伝雄|津多男|津田夫|蔦朗	given-name-dictionary
