reading	names	selectionBasis
まき	万喜|万木|万貴|填|巻|巻木|慎|摩紀|末木|槇|槇木|槙|槙木|満喜|満木|牧|牧紀|眞|眞喜|眞城|眞己|眞期|眞木|眞紀|真喜|真城|真妃|真季|真希|真期|真木|真紀|真貴|萬喜|萬木|蒔|薪|薪木|間木|間箕|間紀|馬來|馬木|馬来|馬着|魔鬼|麻希|麻木|麻樹|麻生|麻紀|麻貴	existing-recording
こうの	光野|公野|冲野|功能|功野|向埜|向野|孔|孝野|川埜|川野|巷野|幸埜|幸野|広野|廣野|弘農|後野|曠野|江野|沖野|河埜|河野|洪野|湟野|狩野|甲埜|甲能|甲野|畊野|神埜|神野|糠野|紅野|耕納|耕野|興野|荒野|郷野|香乃|香埜|香野|高埜|高野|鴻埜|鴻濃|鴻農|鴻野|黄野|黌農	existing-recording
さいとう	佐井東|佐囲東|佐藤|再東|再藤|剤藤|妻藤|才藤|才頭|斉当|斉當|斉籐|斉藤|斎当|斎籐|斎籘|斎藤|歳桃|歳藤|済藤|濟籐|濟藤|犀藤|薺籐|薺藤|裁頭|西塔|西島|西東|西洞|西當|西籐|西藤|西頭|財藤|首藤|齊當|齊籐|齊藤|齋籐|齋藤|齎藤	existing-recording
みき	三喜|三城|三好|三岐|三帰|三木|三樹|三貴|三輝|三逵|三鬼|味喜|味木|実希|実樹|実浄|己城|巳城|幹|御喜|御木|未來|未来|未紀|神酒|美喜|美季|美希|美木|美樹|美紀|美記|美貴|美起|見喜|見城|見木|見機|造酒|酒造	existing-recording
すずき	周々木|周木|壽松木|寿々喜|寿々木|寿寿喜|寿寿木|寿州貴|寿数喜|寿木|寿松木|尻林|椙木|椙林|涼木|涼樹|薄|薄木|進木|進来|鈴々木|鈴城|鈴木|鈴来|鈴杵|鈴樹|鈴紀|鈴置|鈴記|鈴酒|鋤|錫|錫木|鐸木|雪|須々岐|須々木|須須木|高木|鱸	existing-recording
ごとう	五刀|五唐|五島|五嶋|五嶌|五斗|五東|五籐|五藤|五頭|伍島|伍嶋|伍東|伍藤|午頭|古藤|后藤|呉島|呉東|呉藤|後島|後嶋|後当|後東|後當|後登|後籐|後藤|悟道|梧桐|梧藤|権藤|牛島|神門|語堂	existing-recording
いとう	井島|井嶋|井戸入|井東|井登|井筒|井籐|井藤|井頭|以頭|伊島|伊東|伊栗|伊登|伊籐|伊藤|伊豆|伊達|位藤|位頭|依藤|夷藤|尹東|居藤|市東|意東|渭東|猪藤|猪頭|翫|藺藤|足立	existing-recording
さかい	佐加井|佐海|佐貝|坂|坂井|坂居|堺|堺井|境|境井|左海|左甲斐|左貝|栄|栄井|栄居|榮井|洒井|界|盛|蒟油|逆井|逆居|酒井|酒伊|酒匂|酒居|酒飯|阪井|阪居|限井	existing-recording
おがた	大形|大神田|小形|小方|小潟|小瀉|小片|小県|小縣|小肩|小賀田|尾刀|尾刃|尾形|尾方|尾潟|尾県|尾縣|尾賀田|押方|於方|生形|生方|男潟|緒形|緒方|織方|纓片|象形|雄賀多	existing-recording
かとう	下島|下藤|何東|加島|加嶋|加当|加東|加登|加籐|加統|加藤|可藤|嘉籐|嘉糖|嘉藤|歌藤|歌頭|河東|甲藤|花等|花藤|華藤|賀東|賀藤|賈島|迦統|香東|香藤|鹿糠|鹿頭	existing-recording
みなみ	三並|三波|三浪|三那三|南|南南南|南波|南海|南美|南農業|味波|己波|己浪|巳波|巳浪|沓水|皆実|皆已|皆巳|皆美|皆見|美並|美波|美浪|茉南|見並|見奈美|見波|見浪|陽	existing-recording
はたの	幡埜|幡多野|幡野|旗野|波多埜|波多野|波夛野|波田埜|波田野|泰野|畑埜|畑農|畑野|畠|畠埜|畠野|破田野|秦埜|秦野|端野|籏埜|籏野|羽多埜|羽多野|羽田埜|羽田野|葉多埜|葉多野|葉田野	existing-recording
はた	八太|八田|奏|幡|幡多|旗|機|波多|波夛|波田|泰|浪田|湊|漢|畑|畠|破田|硲|秦|端|籏|羽多|羽夛|羽太|羽田|葉多|葉田|覇田	existing-recording
よしもと	与志本|佳元|佳本|吉元|吉本|善元|善本|喜元|喜本|嘉本|四元|四本|好元|好本|由元|由本|美本|義元|義基|義始|義本|良元|良本|芳元|芳本|葭本|霊元	existing-recording
たなべ	一富|一富士|多名部|多奈部|多辺|多鍋|店部|棚辺|棚邉|棚邊|棚部|渡邉|田南部|田名辺|田名邊|田名部|田姓部|田辺|田邉|田邊|田那辺|田那邊|田那部|田部|田鍋|端	existing-recording
ささき	ささき|佐々城|佐々木|佐々生|佐々貴|佐佐木|佐咲|佐崎|佐左木|左|左々木|左崎|沙々木|笹|笹城|笹崎|笹木|笹気|笹氣|笹生|笹記|篠笥|雀|鷦|鷦鷯	existing-recording
よしだ	与四田|佳田|吉多|吉田|喜田|嘉田|好多|好田|慶田|源田|由多|由田|礒田|美田|義田|能田|良田|芦田|芳多|芳田|葭多|葭田|誉土太|誉士太|誉田	existing-recording
こじま	五島|伍嶋|児島|児嶋|児嶌|兒島|兒嶋|兒嶌|古島|古嶋|孤島|孤嶋|小島|小嶋|小嶌|尾嶋|巨島|巨嶋|戸島|戸嶋|故島|木島|木嶋|湖島	existing-recording
せき	世喜|世木|勢木|勢起|堰|尺|席|戚|昔|栫|汐|瀬喜|瀬木|石|碩|磧|積|籍|績|赤|錫|関|關	existing-recording
きむら	亀村|來村|北村|喜村|喜邑|嘉村|城村|季村|岐邨|帰村|木下|木村|木邑|木邨|木邸|来村|樹村|紀村|紀邑|記村|貴村|貴邑|鬼村	existing-recording
としま	冨島|冨嶋|利島|利嶋|十島|十嶋|外島|外嶋|富島|富嶋|年末|戸島|戸嶋|戸嶌|渡島|渡嶋|登島|登嶋|豊島|豊嶋|載間|都島|飛島	existing-recording
あべ	安保|安倍|安武|安辺|安邊|安部|安陪|晁|服部|河辺|猜|綾部|茶房|阿倍|阿武|阿辺|阿邉|阿邊|阿部|阿閉|阿陪	existing-recording
うすい	内水|宇吹|宇須井|有水|碓井|碓居|碓水|碓氷|確井|磨井|笛吹|簿井|臼井|臼射|臼居|臼意|薄|薄井|薄居|薄衣|雨水	existing-recording
おばた	乙幡|小亦|小俣|小八田|小圃|小幡|小旙|小畑|小畠|小端|小籏|尾幡|尾畑|尾畠|御幡|御畑|緒畑|織畠|苧畑|麻畑	existing-recording
たかぎ	來|喬木|堂城|聳城|邵城|都木|高來|高儀|高城|高木|高来|高榎|高樹|高義|高記|髙儀|髙木|鷹木|鷹来|鷹樹	existing-recording
なかの	中ノ|中之|中埜|中堅|中楚|中濃|中納|中農|中野|仲之|仲埜|仲堅|仲濃|仲野|冲野|名香野|坂野|奈加野|沖野|那加野	existing-recording
まきの	填埜|填野|巻埜|巻野|愼野|慎野|槇埜|槇納|槇野|槙埜|槙納|槙野|牧埜|牧田|牧野|眞木野|眞野|真木野|蒔野|間木野	existing-recording
よしなが	佳永|吉中|吉永|吉良|吉長|善永|善長|喜永|好永|好長|慶永|慶長|由永|義中|義栄|義永|義長|良永|芳永|芳長	existing-recording
やぎ	八代|八城|八木|八樹|八記|八鬼|屋宜|屋宣|屋木|山羊|柳吉|矢儀|矢城|矢木|矢来|矢樹|箭木|谷木|野寄	existing-recording
かみや	上宮|上家|上屋|上矢|上美谷|上谷|加宮|加美谷|加見谷|嘉宮|神宮|神屋|神矢|神谷|神野|紙屋|紙矢|紙谷|賀宮	existing-recording
よしの	吉ノ|吉埜|吉能|吉野|喜納|嘉納|四野|好野|嬉野|宜野|慶野|由野|美野|義農|義野|能埜|芳埜|芳野|葭野	existing-recording
えんどう	円堂|円東|円藤|円道|園頭|圓堂|圓東|圓藤|圓道|延堂|延東|延藤|猿渡|薗頭|遠堂|遠島|遠洞|遠籐|遠藤	existing-recording
あずま	吾妻|吾嬬|吾郷|四|四阿|安都間|我妻|新妻|東|東吾|東妻|東眞|東真|東都|東間|阿妻|阿室|阿萬	existing-recording
あらき	墾|安楽|安楽城|安良城|嵐城|新城|新木|荒喜|荒城|荒木|荒生|荒良木|荒記|荒貴|荒起|蘭|阿良木|顕木	existing-recording
さとう	佐島|佐当|佐東|佐當|佐等|佐籐|佐藤|坂東|左東|左登|左籐|左藤|沙藤|甘庶|矢島|砂糖|砂藤|邪東	existing-recording
ふじい	不二井|不二葦|冨井|冨士井|冨士居|富士井|富士居|籐井|葛井|藤井|藤伊|藤位|藤居|藤懿|藤猪|藤生|藤飯|高松	existing-recording
こんどう	今藤|今道|昆藤|根東|権藤|紺堂|紺藤|紺道|近堂|近東|近籐|近藤|近道|近頭|金堂|金筒|金藤|金銅	existing-recording
よしかわ	佳川|吉川|吉河|善川|四川|好川|好河|由川|美川|義川|義河|良川|良河|芦川|芳川|芳河|葭川|霊河	existing-recording
よしむら	余志村|儀村|吉村|吉邑|吉邨|善村|嘉村|好村|由村|義|義村|能村|良村|芦村|芳村|芳邨|葭村|豊村	existing-recording
もり	塚|守|守利|小島|最里|杜|森|森井|森由|母利|母里|毛利|盛|稲田|茂利|茂里|護	existing-recording
おおば	おおば|大場|大塲|大峡|大島|大峽|大庭|大歯|大波|大硲|大羽|大葉|大馬|太場|応葉|横場|櫻庭	existing-recording
きくち	喜久地|喜久知|希久地|木口|菊千|菊地|菊智|菊池|菊知|規矩地|規矩智|規短智|釈子|釈氏|釋子|釋氏|麹池	existing-recording
こばた	古場田|古幡|古旗|古波田|古畑|子幡|小幡|小播|小畑|小畠|小端|小葉田|木場田|木幡|木畑|木畠|湖幡	existing-recording
やの	八野|只野|家野|屋野|弥野|柳野|椰野|矢之|矢埜|矢納|矢農|矢野|箟|箭野|谷埜|谷野	existing-recording
うえの	上の|上ノ|上乃|上之|上埜|上能|上農|上遠野|上野|井上|宇恵野|宇惠野|植乃|植之|植埜|植野	existing-recording
かわい	乾|何合|可愛|川井|川伊|川会|川合|川居|川愛|川相|河井|河合|河居|河相|皮居|花合	existing-recording
こんの	今埜|今野|向野|崑野|昆埜|昆野|紺ノ|紺埜|紺野|艮野|萱野|近埜|近野|金埜|金納|金野	existing-recording
ひろせ	光頼|広世|広勢|広清|広瀬|広畝|廣|廣せ|廣世|廣勢|廣清|廣瀬|廣畝|弘世|弘瀬|裕勢	existing-recording
おがわ	十川|及川|小側|小川|小河|尾川|尾河|押川|於川|梶川|緒川|緒河|老川|苧川|雄川	existing-recording
かねこ	カネ子|兼児|兼古|兼子|包子|我如古|金個|金児|金兒|金厚|金古|金子|金湖|金田|金香	existing-recording
こだま	児正|児玉|児王|児珠|兒玉|古玉|子玉|小玉|小瑤|木精|木霊|木魂|樹神|神太麻|谺	existing-recording
こやま	児山|兒山|古山|固山|姑山|媚山|子山|小山|岨|扈山|故山|木山|湖山|込山|香山	existing-recording
ながい	永|永久井|永井|永冶|永射|永居|永惟|永易|長井|長伊|長位|長医|長家|長居|長醫	existing-recording
まきた	填田|巻多|巻田|慎田|槇田|槙田|牧多|牧田|眞北|眞田|真北|真木田|真貴田|蒔田|薪田	existing-recording
かわしま	乾島|乾嶋|川島|川嶋|川嶌|河島|河嶋|河嶌|皮島|皮嶋|金子|革島|革嶋|鞁島|鞁嶋	existing-recording
つじ	十|津地|津持|津治|津路|街|辻|辻季|逵|達|都司|都地|都治|都路	existing-recording
おおの	多|多野|大|大の|大埜|大堅|大屋|大野|天埜|天野|尾々野|横野|逢野|黄野	existing-recording
くどう	久堂|久島|久藤|久道|久遠|区藤|宮東|宮藤|宮道|工東|工藤|工道|甲藤|貢藤	existing-recording
つちや	二十八|土也|土家|土屋|土椰|土矢|土谷|土野|圡屋|槌家|槌屋|槌矢|槌谷|鎚谷	existing-recording
いのうえ	井の上|井ノ上|井上|井之上|井植|井野上|伊野上|家ノ上|居上|居野上|山本|猪ノ上|猪上|猪植	existing-recording
いわさき	岩|岩さき|岩先|岩埼|岩岬|岩崎|岩嵜|岩脇|巌|巌埼|巌崎|巖崎|巖嵜|磐前	existing-recording
かわさき	屋良|川|川先|川向|川咲|川埼|川岬|川崎|川嵜|川碕|河先|河向|河崎|河嵜	existing-recording
よしおか	吉小神|吉岡|善岡|喜岡|四岡|好岡|由岡|美岡|義岡|能岡|芦岡|芳岡|芳陵|葭岡	existing-recording
ちば	千場|千波|千羽|千葉|千野|千馬|地場|地葉|智羽|智葉|池場|知場|知葉	existing-recording
ほり	保利|保理|保里|堀|壕|彫|掘|法利|濠|甫里|祝|芳里|隍	existing-recording
あおき	檍|滄木|碧木|粟生木|葵木|青儀|青城|青山|青木|青樹|青野|青鬼|青黄	existing-recording
うえだ	上多|上打|上枝|上江田|上田|上駄|宇枝|宇江田|梅田|植多|植田|殖田|稙田	existing-recording
おざわ	十澤|大沢|大澤|小川|小沢|小澤|尾沢|尾澤|生沢|男沢|男澤|緒沢|緒澤	existing-recording
やすい	休井|保井|保位|保居|安|安井|安威|安居|安生|康井|櫻井|泰井|芳井	existing-recording
たかはし	孝橋|端|萩|高梁|高槁|高橋|高端|高階|髙橋|鷹啄|鷹橋|鷹箸|鷹觜	existing-recording
はせがわ	八瀬河|初瀬川|早谷川|沙魚川|泊瀬川|波瀬川|糠川|羽瀬川|葉瀬川|長瀬川|長谷川|長谷河|馳川	existing-recording
みた	三多|三田|三谷|右田|味田|巳田|御田|箕田|美多|美田|蛇田|見田	existing-recording
あさの	朝乃|朝埜|朝野|浅の|浅乃|浅埜|浅野|淺野|阿佐野|麻乃|麻埜|麻野	existing-recording
あだち	安立|安逹|安達|明立|芦立|芦達|足立|足逹|足達|阿立|阿逹|阿達	existing-recording
あらい	あら井|新井|新居|新羅|有井|洗|洗井|流井|相良|荒井|荒居|荒崇	existing-recording
しまだ	島多|島田|嶋多|嶋田|嶌田|嶼田|市万田|志馬田|斯真田|縞田|鳥田|鴇田	existing-recording
たけだ	丈田|健田|多気田|多氣田|岳田|嶽田|建多|建田|武多|武田|竹多|竹田	existing-recording
まえだ	前多|前枝|前江田|前田|前甸|斉藤|眞栄田|眞榮田|真枝|真栄田|真榮田|米田	existing-recording
ますだ	倍田|升田|増田|析田|枡多|枡田|桝田|沙田|益田|真清田|真隅田|舛田	existing-recording
もりた	守多|守田|杜田|森多|森夛|森新|森田|毛利田|盛多|盛田|茂利田|護田	existing-recording
なかじま	中じま|中司|中島|中嶋|中嶌|中陦|仲島|仲嶋|仲嶌|永島|那賀島|那賀嶋	existing-recording
わたなべ	亘鍋|和田鍋|渡なべ|渡辺|渡邉|渡邊|渡部|渡鍋|競|綿奈部|綿辺|綿鍋	existing-recording
くぼ	久保|久甫|久田|久穂|久芳|九保|九菩|供保|工保|玖保|窪	existing-recording
いわい	岩井|岩居|慶|慶居|斎|盤井|石井|磐井|祝|祝井|祝部	existing-recording
おおた	多田|大内|大多|大夛|大田|太多|太田|巨田|應田|王田|翁田	existing-recording
しみず	冷水|冷泉|士水|志水|志美津|深水|清水|眞水|真水|設水|詩水	existing-recording
たかた	多方|崇田|田形|田方|田片|隆田|高他|高多|高田|鷹多|鷹田	existing-recording
たかの	多加野|多賀野|慶野|隆野|高埜|高納|高能|高野|髙野|鷹埜|鷹野	existing-recording
たむら	他村|多村|多武良|多邑|多邨|夛村|太村|木村|田村|田邑|田邨	existing-recording
のむら	の村|乃村|埜村|埜邑|埜邨|埜邸|能村|能邨|野村|野邑|野邨	existing-recording
ひらた	坦田|平多|平太|平田|担田|枚田|比良多|比良田|衡田|開田|額田	existing-recording
まつい	待井|末井|松井|松伊|松位|松居|松為|松爲|松猪|枩井|真対	existing-recording
やすだ	保多|保田|安多|安田|家壽多|家寿多|家寿田|康田|易田|泰田|矢須田	existing-recording
おおつか	大務|大塚|大墳|大家|大握|大束|大柄|大槻|大津加|大津賀|若尾	existing-recording
かたやま	佳多山|剛山|嘉多山|堅山|形山|方山|潟山|片山|竪山|縣山|花多山	existing-recording
さかもと	坂下|坂之|坂元|坂本|坂根|境元|境本|酒元|酒本|阪元|阪本	existing-recording
たけもと	岳元|岳本|嵩元|嵩本|嶽元|嶽本|武元|武基|武本|竹元|竹本	existing-recording
はしもと	はし本|梯本|槁本|橋下|橋元|橋本|櫨本|端元|端本|箸本|觜本	existing-recording
まつざき	先崎|末崎|松|松前|松埼|松島|松崎|松嵜|松碕|枩|枩崎	existing-recording
よしはら	吉原|善原|嘉原|好原|由原|義原|良原|芳原|芳源|葭原|譲原	existing-recording
おの	又江|大野|小埜|小野|尾上|尾埜|尾野|斧|男|苧野	existing-recording
のだ	乃田|乗田|埜田|納多|納田|能弾|能田|苗田|野田|野那	existing-recording
ばば	場々|場場|橋場|橋塲|番場|羽場|羽塲|馬場|馬塲|馬庭	existing-recording
いけだ	井ケ田|井ヶ田|井桁|池多|池田|活田|溏田|為計田|生田|生駄	existing-recording
いしい	伊志井|伊志伊|甃井|石井|石伊|石射|石居|石川|碓井|磯井	existing-recording
いわた	井和田|厳田|岩多|岩田|嵒田|巌田|巖田|瀬|生田|磐田	existing-recording
しばた	司馬田|新発田|新發田|柴多|柴田|篠田|紫田|芝多|芝波田|芝田	existing-recording
はやし	早志|早矢仕|早矢士|晨|松岡|林|洞|茂|速|速司	existing-recording
あきやま	安岐山|明山|昭山|暁山|楓山|淳山|璃山|秋山|穐山|龝山	existing-recording
おおたに	円谷|大多新|大峪|大渓|大溪|大谷|太田児|太谷|巨谷|庵谷	existing-recording
きたむら	北村|北邑|北邨|喜多村|喜田村|基太村|木多村|木田村|来村|来田村	existing-recording
こばやし	児林|兒林|古林|子林|小早志|小林|小橋|少林|木林|湖林	existing-recording
なかがわ	中側|中川|中沢|中河|仲側|仲川|仲河|水谷|那珂川|那賀川	existing-recording
なかむら	中村|中邑|中邨|仲村|仲邑|仲邨|名嘉|名嘉村|永村|菜香邑	existing-recording
やまさき	山|山さき|山下|山先|山前|山咲|山岬|山崎|山嵜|山碕	existing-recording
おぜき	大関|小瀬木|小関|尾|尾崎|尾石|尾関|尾關|麻績	existing-recording
たじま	但馬|多島|多嶋|夛島|太島|田島|田嶋|田嶌|田嶼	existing-recording
なかた	中多|中田|仲堅|仲多|仲太|仲田|半田|名方|永田	existing-recording
ながた	仲田|永多|永田|流田|詠田|長多|長太|長朶|長田	existing-recording
ひがし	千河岸|干河岸|日下志|日樫|日河岸|日賀志|東|東岸|樋樫	existing-recording
ふくい	副井|復井|服井|涌井|福井|福伊|福居|福意|福移	existing-recording
ふじた	不二田|冨士田|冨田|前田|富士田|渕田|潭田|藤多|藤田	existing-recording
たけうち	岳内|嶽内|建内|武内|武市|武部|竹之内|竹内|竹山	existing-recording
ながしま	中嶋|永島|永嶋|永嶌|良島|長島|長嶋|長嶌|長洲	existing-recording
ふくしま	伏島|副島|副嶋|服島|福島|福嶋|福嶌|譜久島|阿久津	existing-recording
もりもと	守元|守本|杜本|森下|森元|森夲|森本|盛元|盛本	existing-recording
やまざき	山|山先|山咲|山埼|山岬|山崎|山嵜|山碕|川崎	existing-recording
さの	佐乃|佐埜|佐納|佐能|佐野|左能|左野|砂野	existing-recording
わだ	丸田|久田|倭田|和多|和夛|和太|和田|輪田	existing-recording
おかだ	丘太|円田|小方|尾形|岡多|岡太|岡田|岳田	existing-recording
おさわ	大沢|大澤|小沢|小澤|尾沢|尾澤|雄沢|雄澤	existing-recording
せきね	堰根|瀬木根|碩根|積根|赤根|関根|関禰|關根	existing-recording
たなか	他中|多中|多仲|多名賀|棚下|棚夏|田中|田仲	existing-recording
とみた	冨多|冨田|富太|富田|豊田|頓田|飛多|飛田	existing-recording
はまだ	浜多|浜田|濱多|濱田|濵田|葉満田|葉間田|袴田	existing-recording
ひらい	坪井|平井|平位|平居|平意|比良井|牧井|白井	existing-recording
ひらの	平乃|平之|平埜|平能|平野|數野|枚野|比良野	existing-recording
ふくだ	伏久田|副田|富久田|幅田|服田|福多|福沺|福田	existing-recording
ほりえ	保理江|堀家|堀恵|堀惠|堀栄|堀江|塹江|掘江	existing-recording
みうら	三浦|弥浦|水卜|深浦|箕浦|美浦|見浦|身浦	existing-recording
みやけ	三宅|三毛|宮ケ|宮宅|宮家|宮毛|宮気|屯倉	existing-recording
いちかわ	一川|一河|伊知川|依知川|市側|市川|市河|衣知川	existing-recording
おおしま	大島|大嶋|大嶌|大志万|大志摩|大紫磨|太島|太嶋	existing-recording
おかざき	丘咲|丘崎|岡咲|岡埼|岡崎|岡嵜|崗|崗崎	existing-recording
おかもと	丘元|丘本|岡元|岡基|岡本|崗本|御神本|陵本	existing-recording
きたがわ	北側|北川|北河|喜多川|喜多河|喜田川|木田川|来川	existing-recording
きのした	木の下|木ノ下|木下|木乃下|木之下|木埜下|木野下|樹下	existing-recording
すがわら	栗原|管原|簀河原|菅原|菅家原|須ケ原|須加原|須賀原	existing-recording
なかしま	中司馬|中島|中嶋|中嶌|仲島|仲嶋|永島|長島	existing-recording
むらかみ	村上|村神|村雄|村頭|群上|邑上|邑神|邨上	existing-recording
やすなが	保永|保長|安永|安長|康永|康長|泰中|泰永	existing-recording
やまもと	安本|山下|山元|山基|山夲|山本|山森|山許	existing-recording
かわた	加和太|川多|川太|川田|河太|河田|皮田	existing-recording
かわだ	川和田|川多|川田|河原田|河和田|河田|皮田	existing-recording
くぼた	久保|久保多|久保田|窪多|窪夛|窪川|窪田	existing-recording
こにし	児西|古西|子西|小丹枝|小西|湖西|菰西	existing-recording
こまつ	古松|子松|小松|小枩|小町|戸松|駒津	existing-recording
さわだ	佐和田|左和田|沢多|沢田|澤多|澤田|阪本	existing-recording
のなか	埜中|埜仲|田中|能仲|農中|野中|野仲	existing-recording
ほんだ	本多|本夛|本田|誉多|誉田|譽多|譽田	existing-recording
まつお	松夫|松尾|松生|松男|松緒|松雄|枩尾	existing-recording
みずの	寺田|水乃|水嚢|水埜|水野|美津濃|美津野	existing-recording
むらい	村井|村家|村居|邑井|邑居|邨井|邨居	existing-recording
むらた	村多|村太|村田|無量塔|睦良田|邑田|邨田	existing-recording
よこた	与古田|与子田|与小田|横多|横田|與古田|與小田	existing-recording
うえはら	上原|上野|埴原|宇栄原|宇榮原|宇江原|植原	existing-recording
かたおか	加田岡|堅岡|形岡|方岡|潟岡|片丘|片岡	existing-recording
きたじま	北島|北嶋|北嶌|喜多島|喜多嶋|喜夛嶋|喜田嶋	existing-recording
さくらい	佐倉井|柵瀬|桃井|桜井|桜居|櫻井|櫻居	existing-recording
せきぐち	堰口|析口|椹口|石口|積口|関口|關口	existing-recording
ないとう	内島|内等|内籐|内藤|内謄|内野|内騰	existing-recording
ながさわ	中沢|中澤|永沢|永澤|長坂|長沢|長澤	existing-recording
はっとり	八取|八鳥|服取|服部|服鳥|神服|這禽	existing-recording
ふくもと	含本|復本|普久本|服本|福元|福本|譜久元	existing-recording
ふじわら	不二原|不死原|冨士原|富士原|籐原|藤原|藤藁	existing-recording
みやさき	宮|宮先|宮前|宮咲|宮崎|宮嵜|宮碕	existing-recording
みやもと	三谷本|宮下|宮元|宮本|皆本|見屋本|都元	existing-recording
はら	原|張|波羅|波良|破良|羽良	existing-recording
かわの	川埜|川濃|川野|河埜|河曲|河野	existing-recording
こいけ	児池|古池|子池|小池|小生|鯉池	existing-recording
たかだ	貴田|飛田|高多|高田|髙田|鷹田	existing-recording
なかだ	中打|中田|中駄|仲田|半田|永田	existing-recording
にしお	西尾|西應|西生|西雄|西面|錦生	existing-recording
のざわ	埜沢|埜澤|能沢|能澤|野沢|野澤	existing-recording
まつだ	摩中田|末田|松田|枩田|福知|茨田	existing-recording
やぐち	埜口|屋口|山口|矢口|箭口|谷口	existing-recording
いわもと	厳本|岩下|岩元|岩本|巌本|巖本	existing-recording
おおくぼ	大々保|大久保|大工保|大窪|太久保|小久保	existing-recording
おおさわ	大佐和|大沢|大澤|太沢|奥澤|奧澤	existing-recording
おおもり	亰守|大守|大森|大毛利|大盛|大社	existing-recording
おかむら	丘村|中村|岡山村|岡村|岡邑|岡邨	existing-recording
かわかみ	加輪上|川上|川神|川頭|河上|河神	existing-recording
かわむら	川村|川邑|川邨|河村|河邑|河邨	existing-recording
くりはら	久梨原|操原|栗原|栗山|栗田|桑原	existing-recording
さかぐち	坂口|坂多|坂田|境口|酒口|阪口	existing-recording
たかやま	多嘉山|孝山|篁山|陟山|高山|鷹山	existing-recording
たけなか	岳中|武中|武仲|竹中|竹仲|竹半	existing-recording
たにぐち	峪口|渓口|溪口|瀧口|谷口|谷釜	existing-recording
とみなが	冨永|冨長|富永|富長|臣永|豊見永	existing-recording
ほりうち	堀之内|堀内|堀家|堀打|掘内|湟打	existing-recording
まつむら	末村|松村|松浦|松邑|松邨|枩村	existing-recording
まつもと	末本|松下|松元|松本|枩本|秀二	existing-recording
みやざき	宮|宮前|宮咲|宮埼|宮崎|宮嵜	existing-recording
むらやま	叢山|村山|杜山|群山|邑山|邨山	existing-recording
やすかわ	保川|安川|安河|康川|泰川|靖川	existing-recording
いいだ	伊々田|伊井田|良田|飯多|飯田	existing-recording
いとだ	井戸田|以登田|糸多|糸田|轡田	existing-recording
うちだ	内多|内田|宇智田|宇治田|打田	existing-recording
たかお	貴雄|高尾|高生|鷹尾|鷹雄	existing-recording
たしま	多島|多嶋|田島|田嶋|田嶌	existing-recording
ひぐち	日口|樋|樋口|檜口|比口	existing-recording
いしばし	石内|石槁|石橋|矼|磴	existing-recording
おおはし	大梁|大槁|大橋|大箸|太橋	existing-recording
きたやま	來山|北山|喜多山|木田山|来山	existing-recording
くわはら	久和原|桑原|桒原|葛原|鍬原	existing-recording
つじもと	八木下|辻井|辻元|辻本|逵本	existing-recording
にしおか	二四岡|西丘|西岡|西郊|西陸	existing-recording
にしむら	西村|西沼|西邑|西邨|西野	existing-recording
はまもと	三ツ浜|浜元|浜本|濱元|濱本	existing-recording
まつおか	末岡|松丘|松尾賀|松岡|松岳	existing-recording
みずたに	みず谷|三頭谷|水渓|水溪|水谷	existing-recording
うちの	内埜|内野|打野|海野	existing-recording
おやま	大山|小山|尾山|雄山	existing-recording
さんだ	三多|三田|三駄|参田	existing-recording
とみだ	冨田|友田|富多|富田	existing-recording
とよだ	常世田|樋田|豊田|豐田	existing-recording
にしだ	仁志田|仁田|西多|西田	existing-recording
のぐち	乃口|埜口|能口|野口	existing-recording
はらだ	原多|原田|服田|頗羅堕	existing-recording
みやた	みや田|宮多|宮村|宮田	existing-recording
やまだ	安田|山だ|山多|山田	existing-recording
やまね	山子|山根|山禰|山音	existing-recording
いがらし	五十|五十嵐|五嵐|嵐史	existing-recording
いしづか	石司|石塚|石墳|石束	existing-recording
おおうち	オオウチ|大内|大家|太内	existing-recording
おおにし	大西|太西|応西|王那覇	existing-recording
おおやま	仰山|大山|太山|黄山	existing-recording
おのでら	小埜寺|小寺|小野寺|尾野寺	existing-recording
かなざわ	神沢|神澤|金沢|金澤	existing-recording
かなやま	加奈山|神山|金山|銀山	existing-recording
きっかわ	吉川|吉河|桔川|橘川	existing-recording
くろかわ	畔川|緇川|黒川|黒河	existing-recording
しらいし	向石|城石|白石|福田	existing-recording
すぎもと	杉元|杉本|椙元|椙本	existing-recording
すぎやま	杁山|杉山|椙山|榲山	existing-recording
たけした	岳下|嶽下|武下|竹下	existing-recording
とよしま	樋島|豊島|豊嶋|豊嶌	existing-recording
なかやま	中山|仲山|名嘉山|那賀山	existing-recording
はやかわ	早川|早河|浪谷川|速川	existing-recording
ふくおか	冨岡|服岡|福丘|福岡	existing-recording
ふるかわ	古川|古河|布留川|振川	existing-recording
まえかわ	前側|前川|前河|満恵川	existing-recording
まつうら	松浦|松甫|松裏|枩浦	existing-recording
みやうち	宮内|宮宇地|宮裡|宮谷内	existing-recording
むらまつ	村松|村枩|邑松|邨松	existing-recording
もちづき	三五月|望月|輪形月|餅搗	existing-recording
たかやなぎ	高|高揚|高柳|鷹柳	existing-recording
いしだ	伊志田|石多|石田	existing-recording
いまい	今井|今伊|今居	existing-recording
たぐち	多口|太口|田口	existing-recording
ふるた	古田|振田|旧田	existing-recording
いしかわ	石嘉波|石川|石河	existing-recording
うちむら	内村|家村|打村	existing-recording
おおいし	大石|太石|生石	existing-recording
にしかわ	仁志川|西川|西河	existing-recording
にしたに	西渓|西溪|西谷	existing-recording
はぎわら	穐原|萩原|萩谷	existing-recording
ひがしの	東の|東埜|東野	existing-recording
ほりかわ	堀川|堀河|掘川	existing-recording
まつなが	末永|松永|松長	existing-recording
まるやま	丸山|円山|圓山	existing-recording
やまうち	山内|山家|山打	existing-recording
やまかわ	八間川|山川|山河	existing-recording
やまなか	中山|山中|山仲	existing-recording
くろだ	畔田|黒田	existing-recording
とよた	常世田|豊田	existing-recording
よこい	横井|横居	existing-recording
いわさわ	岩沢|岩澤	existing-recording
うちやま	内山|打山	existing-recording
かわぐち	川口|河口	existing-recording
くぼやま	久保山|窪山	existing-recording
くわばら	林|桑原	existing-recording
なかにし	中西|仲西	existing-recording
にしやま	螺山|西山	existing-recording
はまぐち	浜口|濱口	existing-recording
まえはら	前原|真栄原	existing-recording
まつした	松下|枩下	existing-recording
まつやま	松山|枩山	existing-recording
みやかわ	宮川|宮河	existing-recording
よこかわ	横川|横河	existing-recording
よこがわ	横川|横河	existing-recording
よこやま	槙山|横山	existing-recording
いからし	五十嵐	existing-recording
いしはら	石原	existing-recording
はらぐち	原口	existing-recording
みやした	宮下	existing-recording
やまぐち	山口	existing-recording
やました	山下	existing-recording
あんどう	安堂|安島|安東|安籐|安藤|安道|安達|阿藤	surname-source-estimated-count-order
ふじもと	不二本|冨士元|冨士本|冨路本|富士元|富士本|扶持本|藤下|藤之|藤元|藤基|藤幹|藤本|藤源|藤茂登|藤間	surname-source-estimated-count-order
わたべ	和田部|渡辺|渡邊|渡部|綿部	surname-source-estimated-count-order
ほしの	保志野|保篠|千野|干野|星乃|星名|星埜|星能|星野	surname-source-estimated-count-order
くまがい	熊ケ井|熊井|熊懐|熊谷|能谷|隈谷	surname-source-estimated-count-order
おざき	小|小崎|小嵜|尾|尾ざき|尾前|尾埼|尾崎|尾嵜|尾碕	surname-source-estimated-count-order
すがの	寿賀野|管埜|管野|菅埜|菅田|菅野|萱野|須加野|須賀野	surname-source-estimated-count-order
ほんま	本摩|本眞|本真|本間|本馬|本麻	surname-source-estimated-count-order
すどう	主藤|周東|周藤|守藤|崇道|数土|数度|数藤|數藤|洲藤|簀戸|簾藤|角藤|訪藤|諏藤|集堂|須東|須籐|須藤|須頭|首藤|鷲頭	surname-source-estimated-count-order
おだ	侭田|小多|小田|尾田|恩田|折田|押田|於田|生田|緒田|織多|織戸|織田|纓田|老田	surname-source-estimated-count-order
かまた	兼田|加満多|構田|炯田|烟田|煙田|狩俣|畑田|蒲田|釜田|鍬田|鎌多|鎌田|鎗田|鹿又	surname-source-estimated-count-order
しのはら	信原|四の原|四ノ原|四原|小竹原|志濃原|志野原|條原|椎原|漆原|猪原|篠原|篠塚	surname-source-estimated-count-order
まつばら	末原|松原|桑原	surname-source-estimated-count-order
こが	久我|児過|古家|古川|古我|古河|古賀|古閑|小川|小河|小菓|小賀|小閑|小鹿|後閑|木賀|甲賀|空閑|虎牙	surname-source-estimated-count-order
なりた	成田	surname-source-estimated-count-order
こいずみ	児泉|古泉|小井住|小出水|小泉|小涌|巨泉|幸泉|鯉住	surname-source-estimated-count-order
おくむら	大久村|奥村|奥邑|奥邨|奧村|奧邨|越久村|遠久村	surname-source-estimated-count-order
おか	丘|尾下|尾家|岡|岡浪|岳|皐|緒家|遠香|邱|阜|阿|陸	surname-source-estimated-count-order
おくだ	億田|奥多|奥田|奧多|奧田|小管|屋田|於久田|置田|越久田	surname-source-estimated-count-order
すぎうら	杉原|杉浦|椙浦	surname-source-estimated-count-order
ひらやま	平山|檜山|比良山|衡山	surname-source-estimated-count-order
しろいし	城石|白石	surname-source-estimated-count-order
いまむら	いま村|今村|今邑|今邨	surname-source-estimated-count-order
てらだ	寺田|教授田	surname-source-estimated-count-order
あおやま	碧山|粟生山|青山	surname-source-estimated-count-order
なかお	中尾|中生|中緒|中雄|仲尾	surname-source-estimated-count-order
おぐら	小倉|小掠|小暮|小椋|小蔵|尾倉|御倉|椋倉|雄倉	surname-source-estimated-count-order
しぶや	志部谷|渋屋|渋田|渋矢|渋谷|澁屋|澁谷	surname-source-estimated-count-order
うえむら	上村|上邑|上邨|植村|植邑|植邨	surname-source-estimated-count-order
ただ	丹田|他田|但田|只|唯|多々|多多|多田|多陀|夛田|太田|惟|田々|田多	surname-source-estimated-count-order
あまの	天乃|天埜|天納|天野|尼野|海士野|海野|甘濃|甘野|阿万野|雨野	surname-source-estimated-count-order
ねもと	根元|根本|祢元|禰元|禰本	surname-source-estimated-count-order
さくま	佐々間|佐久真|佐久間|佐久馬|佐熊|作久間|作間|作馬|作麻|咲間|左久間|左熊|昨間	surname-source-estimated-count-order
つのだ	佃|津ノ田|津埜田|津野田|角井|角田|都野田	surname-source-estimated-count-order
いいづか	飯塚	surname-source-estimated-count-order
にし	二司|二四|仁司|仁志|仁紫|児子|尼子|西	surname-source-estimated-count-order
むとう	六藤|夢藤|武島|武東|武籐|武藤|無藤	surname-source-estimated-count-order
しらい	市来|志良井|志良以|白井|白居|白猪|白飯	surname-source-estimated-count-order
つかもと	塚元|塚本|墳本|束元|束本|柄本|津下本	surname-source-estimated-count-order
さかた	佐嘉田|佐方|佐片|坂多|坂夛|坂太|坂田|境田|左方|相方|酒多|酒田|阪田	surname-source-estimated-count-order
えのもと	朴|柄本|栄野元|榎元|榎戸|榎本|榮野元|槙本|永野元|江ノ本|江之本|江本|江野本|荏本	surname-source-estimated-count-order
おはら	オハラ|大原|孝月|小原|尾原|苧原	surname-source-estimated-count-order
おがさわら	小河原|小笠原	surname-source-estimated-count-order
おかべ	丘辺|丘邊|丘部|園部|小加部|岡戸|岡辺|岡邉|岡邊|岡部	surname-source-estimated-count-order
もりした	守下|杜下|森下|盛下	surname-source-estimated-count-order
あさい	安佐伊|旭井|朝井|朝位|朝居|朝生|浅井|浅居|浅生|淺井|淺居|温井|阿佐井|阿佐伊|麻井|麻居|麻生	surname-source-estimated-count-order
かんだ	上多|上田|勘田|堅田|寒田|感田|栞田|甘田|神多|神田|管田|舘田|苅田|菅田|観田|諫田|還田|鑑田|閉田|閑田|関田|館田	surname-source-estimated-count-order
なかい	中井|中伊|中位|中居|中猪|中相|中飯|仲井|仲居|半井|那加井|金井	surname-source-estimated-count-order
みやがわ	三宅川|三谷川|宮側|宮川|宮河|水谷川	surname-source-estimated-count-order
いながき	伊奈垣|板垣|稲垣|稲墻|稲嶺|稲恒|稲牆|稻垣	surname-source-estimated-count-order
おおかわ	大川|大河|大生川|大皮|大鼓|太川|太河	surname-source-estimated-count-order
おさだ	他田|小佐田|尾定|押田|治田|納田|織田|蓬田|長多|長田	surname-source-estimated-count-order
わかばやし	少林|若林	surname-source-estimated-count-order
いいじま	伊井島|飯島|飯嶋|飯嶌	surname-source-estimated-count-order
たに	多仁|多児|太仁|峪|渓|溪|田仁|田荷|谷|谿	surname-source-estimated-count-order
いしつか	石冢|石塚	surname-source-estimated-count-order
おいかわ	乃川|及川|及河|小井川|尾井川|生川|笈川|笈河|翁川|老川|請川|追川|追河	surname-source-estimated-count-order
たしろ	丹代|多代|多城|大代|太代|太城|田代|田城|田白|鍛代	surname-source-estimated-count-order
えぐち	恵口|惠口|永口|江口	surname-source-estimated-count-order
なかや	中埜|中夜|中家|中屋|中弥|中矢|中舎|中谷|仲家|仲屋|仲矢|仲谷|半谷	surname-source-estimated-count-order
きしもと	吉本|岸下|岸元|岸本|根岸	surname-source-estimated-count-order
あらかわ	新川|新河|洗川|荒川|荒河|荒皮	surname-source-estimated-count-order
もりやま	守山|杜山|森山|毛利山|盛山|護山	surname-source-estimated-count-order
ほそかわ	細川|細河	surname-source-estimated-count-order
おかの	丘乃|丘野|小神野|岡ノ|岡埜|岡野	surname-source-estimated-count-order
かない	兼井|叶井|嘉那井|家内|金井|金尾|金居|鹿内	surname-source-estimated-count-order
とだ	冨田|刀田|十多|土多|土田|富多|富田|戸田|杜多|樋田|灯田|登田|礪田|部田|都田|門田|飛田	surname-source-estimated-count-order
いなば	井奈波|伊名波|伊奈葉|印波|印浪|因幡|妹葉|稲場|稲波|稲浪|稲田|稲葉|稻葉|鰍場	surname-source-estimated-count-order
つだ	侭田|津多|津田|都田|附田	surname-source-estimated-count-order
もりかわ	及川|守川|守河|杜川|森側|森川|森河|盛川|盛河	surname-source-estimated-count-order
どい	土井|土居|土生|土肥|戸井|渡井|道井	surname-source-estimated-count-order
ほし	保子|保志|帆士|干|星|穂志	surname-source-estimated-count-order
おちあい	小地合|御地合|男知合|落台|落合	surname-source-estimated-count-order
はたけやま	圃山|畑ケ山|畑山|畠山	surname-source-estimated-count-order
みかみ	三上|三守|三瓶|三神|三紙|三香美|参上|味上|御神|民上|水上|海上|見上|見神	surname-source-estimated-count-order
まちだ	丁田|待田|松田|町多|町田|眞知田|真智田|真知田|街田	surname-source-estimated-count-order
ながお	上尾|中尾|奈賀尾|永尾|永雄|長央|長尾|長翁|長老|長舗|長鋪|長雄	surname-source-estimated-count-order
なかはら	中原|仲原|名嘉原|名荷原	surname-source-estimated-count-order
つつみ	包|坊|堤|堤見|塘|津々見|津積|筒美|筒見|防|鼓	surname-source-estimated-count-order
のざき	乃咲|埜|埜崎|埜嵜|能|能崎|野|野咲|野崎|野嵜|野碕	surname-source-estimated-count-order
なかざわ	中沢|中澤|仲沢|仲澤|半沢|半澤|長澤	surname-source-estimated-count-order
よねだ	亀田|余根田|米多|米夛|米田|米陀	surname-source-estimated-count-order
かねだ	兼子|兼田|金多|金田|鎌田	surname-source-estimated-count-order
ほった	堀田|本多|法田|発田|發田	surname-source-estimated-count-order
みよし	三代|三吉|三善|三好|三次|三由|三義|三膳|三良|三芳|三貴|味好|実義|明吉|皆吉|美代司|美吉|美好|美由|見吉|見好|見義|見膳|身吉	surname-source-estimated-count-order
すぎた	杉多|杉太|杉田|杉谷|椙田|過田	surname-source-estimated-count-order
にしの	西ノ|西乃|西之|西埜|西廼|西濃|西野	surname-source-estimated-count-order
さえき	三枝木|佐伯|佐易|佐柄木|冴木|小枝樹|斉木	surname-source-estimated-count-order
やまぎし	山岸	surname-source-estimated-count-order
いずみ	井角|伊住|伊積|伊豆味|伊豆海|伊豆見|出巳|出水|出海|厳見|和泉|泉|泉水|泉美|泉見|湖|湶|飯泉	surname-source-estimated-count-order
かい	亥|会|加井|加衣|嘉井|戎|改|改井|會|柯意|楫|海|甲伊|甲斐|花郁|蓋|解|貝|貝岐|買|賀井|開|階|雅井|鹿井	surname-source-estimated-count-order
おおたけ	大丈|大宅|大岳|大嵩|大嶽|大巌|大武|大竹|太田家|太竹|応武|應武|水岳	surname-source-estimated-count-order
かさはら	上砂原|嵩原|笠原|葛原	surname-source-estimated-count-order
くろき	畔木|黒木|黒樹	surname-source-estimated-count-order
とくなが	久|富永|得永|徳中|徳久|徳永|徳長|督永|篤永	surname-source-estimated-count-order
おおき	仰木|多木|大亀|大喜|大城|大基|大岐|大木|大槻|大樹|大気|大氣|大耒|大起|大輝|大鬼|太喜|御沖|王城|鳳稀|黄木	surname-source-estimated-count-order
きし	來住|吉仕|吉志|喜始|喜志|城至|季子|岸|岸野|崕|崖|希志|幾志|木師|木志|来住|紀司|紀氏|貴司|貴志	surname-source-estimated-count-order
すだ	住田|周田|壽田|守田|寿多|寿田|小木|巣田|栖田|砂田|簀田|簾田|酢田|隅田|須多|須太|須田	surname-source-estimated-count-order
しんでん	信田|新伝|新多|新田|槙田|真殿|神田	surname-source-estimated-count-order
うめだ	埋田|梅多|梅田|楳田	surname-source-estimated-count-order
さかきばら	榊原|榊田	surname-source-estimated-count-order
おくやま	奥山|奧山|緒久山	surname-source-estimated-count-order
つちだ	土多|土田|槌田|辻田|鎚田|鑓田	surname-source-estimated-count-order
おおしろ	大代|大城|大白|太白	surname-source-estimated-count-order
たきざわ	滝沢|滝澤|瀧沢|瀧澤	surname-source-estimated-count-order
おおむら	大室|大村|大椋|大牟羅|大邑|大邨	surname-source-estimated-count-order
きんじょう	今上|金城|金成|錦城	surname-source-estimated-count-order
かわばた	川幡|川淵|川畑|川畠|川端|川羽田|川鮨|川鰭|河幡|河畑|河畠|河端|河鰭	surname-source-estimated-count-order
いぐち	井口|伊口|入口|出口|猪口|生口|違口	surname-source-estimated-count-order
かじわら	柁原|柏原|梶原|樫原|鍛原	surname-source-estimated-count-order
みやぎ	味八木|宮儀|宮城|宮木|見矢木	surname-source-estimated-count-order
よしわら	吉原|艶原|葭原	surname-source-estimated-count-order
しょうじ	勝治|将司|小児|小司|小路|少路|尚司|庄司|庄子|庄治|庄田|庄路|床次|所司|政司|昌子|東海林|東海枝|正司|正地|正寺|正治|正示|正路|生地|生子|荘司|荘子|莊司|鐘司|鐘治|障子	surname-source-estimated-count-order
ひが	日嘉|日賀|比企|比嘉|比果|比賀|額賀	surname-source-estimated-count-order
もぎ	持木|望木|毛木|百鬼|茂|茂幾|茂木	surname-source-estimated-count-order
ひだか	日|日高|日髙|日鷹|桧高|樋|樋高|檜高|氷|氷高|肥高|飛多下|飛高|飛鷹	surname-source-estimated-count-order
むかい	向|向井|向伊|向居|向日|迎|迎井|迎伊|迎居	surname-source-estimated-count-order
まつしま	松島|松嶋|松嶌	surname-source-estimated-count-order
しもだ	下多|下田|下駄|嶋田|志茂田|霜田	surname-source-estimated-count-order
にしもと	西元|西幹|西本	surname-source-estimated-count-order
おぎの	小木埜|小木野|扇能|荻埜|荻布|荻曽|荻曾|荻野|萩野	surname-source-estimated-count-order
つかだ	塚田|家田|束田|柄田|津嘉田|都賀田	surname-source-estimated-count-order
おくの	おく乃|億野|奥ノ|奥乃|奥埜|奥野|奧埜|奧野|屋野|於久野	surname-source-estimated-count-order
いしぐろ	石畔|石畝|石黒	surname-source-estimated-count-order
ひろた	博田|寛田|尋田|広多|広田|廣多|廣田|弘太|弘田|風呂田	surname-source-estimated-count-order
ふじかわ	不二川|冨士川|富士川|籐川|藤側|藤川|藤河	surname-source-estimated-count-order
くりた	九里田|操田|栗太|栗田|繰田	surname-source-estimated-count-order
きたの	北の|北乃|北之|北埜|北濃|北能|北農|北野|喜多埜|喜多濃|喜多野|喜夛野|来野|波多野|貴多野	surname-source-estimated-count-order
かわら	川原|川浪|川良|河原|河良|瓦	surname-source-estimated-count-order
うの	卯之|卯埜|卯野|右野|夘埜|夘野|宇埜|宇能|宇野|有野|海野|烏ノ|烏野|生野|羽野|鴻野|鵜埜|鵜生|鵜野	surname-source-estimated-count-order
たにがわ	谷側|谷川|谷河	surname-source-estimated-count-order
こたに	児谷|古谷|固谷|子谷|孤渓|小峪|小渓|小谷|戸谷|故谷|木谷|胡谷|虎谷|鼓谷	surname-source-estimated-count-order
ふじの	冨士埜|冨士野|富士乃|富士埜|富士野|藤乃|藤埜|藤野	surname-source-estimated-count-order
にわ	上神|丹|丹波|丹生|丹羽|二和|二羽|二輪|仁和|仁羽|庭|新羽|新輪|日和|日輪|羽生|荷輪	surname-source-estimated-count-order
ふじおか	冨士岡|富士岡|藤丘|藤岡|藤田|藤陵	surname-source-estimated-count-order
あおやぎ	青|青屋義|青柳|青栁	surname-source-estimated-count-order
ふるや	古家|古屋|古屋敷|古矢|古箭|古谷|古野|振屋|降屋|降矢|降谷	surname-source-estimated-count-order
ふじむら	冨士村|富士村|籐村|藤村|藤邑|藤邨	surname-source-estimated-count-order
ひらかわ	平川|平河	surname-source-estimated-count-order
かめい	亀井|亀位|亀居|瓶井|瓶居	surname-source-estimated-count-order
たかしま	孝島|宗島|宗嶋|崇島|崇嶋|武島|竹島|貴島|隆島|隆嶋|高島|高嶋|高嶌|髙島|髙嶋|鷹島|鷹嶋	surname-source-estimated-count-order
みわ	三和|三羽|三輪|参輪|己波|已波|巳波|未和|神々|箕輪|美和|美環|美輪|蓑輪|釼羽	surname-source-estimated-count-order
ふじさわ	ふじ沢|冨士沢|籐沢|藤沢|藤澤	surname-source-estimated-count-order
しのざき	島|島崎|柴|柴崎|楢|楢崎|篠|篠埼|篠崎|篠嵜	surname-source-estimated-count-order
みやはら	宮原	surname-source-estimated-count-order
たかい	丼|喬|多加井|嵩井|貴井|隆|高|高井|高伊|高位|高居|高階|髙井|鷹井|鷹居	surname-source-estimated-count-order
しもむら	下村|下邑|下邨|志茂村|霜村	surname-source-estimated-count-order
たかせ	嵩瀬|高世|高勢|高清|高瀬|髙瀬	surname-source-estimated-count-order
やまむら	山村|山県|山縣|山邑|山邨|朴	surname-source-estimated-count-order
ねぎし	根岸	surname-source-estimated-count-order
かわもと	川下|川元|川本|河元|河本	surname-source-estimated-count-order
やなぎさわ	柳原|柳沢|柳澤|椥澤	surname-source-estimated-count-order
でぐち	出久地|出口	surname-source-estimated-count-order
こもり	児守|児森|兜森|古守|古森|古閑|子守|小守|小桧|小森|小森田|小檜|小毛利|小盛|木森|狐森	surname-source-estimated-count-order
よしざわ	吉沢|吉澤|吉臭|由沢|由澤|義沢|義澤|芳沢|芳澤|芹沢|葭沢|霞沢	surname-source-estimated-count-order
たけい	丈井|岳井|嵩井|手計|武井|武居|武江|田形|竹井|竹位|竹射|竹居	surname-source-estimated-count-order
ながの	奈賀野|永埜|永納|永野|長埜|長能|長野	surname-source-estimated-count-order
たけむら	岳村|嵩村|嶽村|武村|武邑|武邨|竹村|竹邑|竹邨|篁|篁村	surname-source-estimated-count-order
みやざわ	三谷沢|三谷澤|宮沢|宮澤	surname-source-estimated-count-order
ひらまつ	平松|比良松	surname-source-estimated-count-order
くろさわ	黒沢|黒澤	surname-source-estimated-count-order
しむら	使村|司村|市村|師村|志村|志邨|枝村|柴村|柴邨|清村|紫村|詩村|資村	surname-source-estimated-count-order
みぞぐち	溝口	surname-source-estimated-count-order
たわら	俵|多原|田原|表	surname-source-estimated-count-order
いなだ	伊名田|伊奈田|伊灘|稲多|稲田|稻田|苗田|鰰田	surname-source-estimated-count-order
あさだ	朝多|朝田|浅田|淺田|阿佐田|阿早田|麻多|麻田	surname-source-estimated-count-order
つつい	津々井|筒井|筒井ドマ|筒威|筒居|筒猪|躑井|都築	surname-source-estimated-count-order
やなぎだ	柳多|柳田|桝田	surname-source-estimated-count-order
おおはら	大原|大洞	surname-source-estimated-count-order
はやしだ	林多|林田	surname-source-estimated-count-order
おおひら	大平|大平落|大比羅|大比良|大衡|覆平	surname-source-estimated-count-order
ふくなが	福永|福長	surname-source-estimated-count-order
せと	世戸|世渡|世登|勢戸|勢登|瀬下|瀬戸|瀬戸川|瀬渡|瀬田|瀬登|背戸|背渡|脊戸|門廻	surname-source-estimated-count-order
いりえ	井江|入栄|入江|杁江|煎江	surname-source-estimated-count-order
てづか	手塚|手墳|手束|船橋	surname-source-estimated-count-order
きたはら	北原|喜多原	surname-source-estimated-count-order
しのだ	信多|信太|信田|史陀|忍田|指田|柴田|條田|笹田|筱田|篠田	surname-source-estimated-count-order
ゆあさ	岩佐|油浅|湯朝|湯浅|湯淺|由浅	surname-source-estimated-count-order
つるた	寉田|弦田|敦田|津留田|薗|霍田|鶴田	surname-source-estimated-count-order
こいで	古出|小井出|小井手|小出|湖出	surname-source-estimated-count-order
ぬまた	沼田	surname-source-estimated-count-order
ながおか	永丘|永岡|臥竜岡|臥龍岡|長岡	surname-source-estimated-count-order
やじま	八島|八嶋|八縞|宅島|家島|家嶋|屋島|屋嶋|弥島|彌島|矢島|矢嶋|矢嶌|谷島|谷嶋|野島	surname-source-estimated-count-order
たかまつ	喬松|高末|高松|髙松|鷹松	surname-source-estimated-count-order
やまおか	山丘|山岡	surname-source-estimated-count-order
ほりぐち	堀口|掘口	surname-source-estimated-count-order
いわせ	岩世|岩佐|岩勢|岩瀬|嵒瀬|巌瀬|盤瀬|石瀬|磐瀬	surname-source-estimated-count-order
おおつき	大即|大属|大嵩崎|大彬|大月|大朏|大榮|大槻|大津奇|大津寄|大築|大規|大貫|大都城|大附|太槻|王月	surname-source-estimated-count-order
いしやま	岨|石山	surname-source-estimated-count-order
いしざき	佐々治|石|石埼|石崎|石嵜|石橋|石碕|磯崎	surname-source-estimated-count-order
いけがみ	井家上|池上|池亀|池加美|池尻|池神	surname-source-estimated-count-order
そうま	惣間|惣馬|早馬|相馬|草間|蒼馬	surname-source-estimated-count-order
にのみや	二ノ宮|二ノ美屋|二之宮|二宮|二野宮|新宮|荷宮	surname-source-estimated-count-order
そのだ	其田|囿田|圃田|園田|岡田|曽田|曾野田|添田|甲田|箕田|苑田|薗田	surname-source-estimated-count-order
ひらおか	平丘|平岡|廣岡|比羅岡|比良岡	surname-source-estimated-count-order
かしわぎ	柏|柏崎|柏木|柏樹|栢木|樫木	surname-source-estimated-count-order
はなだ	椛田|畠田|花田|芲田	surname-source-estimated-count-order
しまざき	島|島埼|島崎|島嵜|嶋|嶋埼|嶋崎|嶋嵜|嶌|嶌崎|嶌嵜|手川|洲|洲崎	surname-source-estimated-count-order
すぎはら	杉原|椙原|鴫原	surname-source-estimated-count-order
かのう	加名生|加濃|加納|加能|加野|可能|叶内|叶野|喜納|嘉納|家納|狩埜|狩野|稼農|諧|賀納|過能|金太|金生|鍛野|鹿之賦|鹿生|鹿納|鹿能|鹿野	surname-source-estimated-count-order
むらせ	村勢|村瀨|村瀬|邑瀬|邨瀬	surname-source-estimated-count-order
かたぎり	形切|方桐|片切|片桐|片霧	surname-source-estimated-count-order
うちうみ	内海|打海	surname-source-estimated-count-order
おち	尾地|尾池|尾知|恩地|生地|落|落知|越|越地|越智|越知	surname-source-estimated-count-order
くらた	倉多|倉田|内蔵田|内藏田|庫田|椋田|槍田|蔵多|蔵田|藏田|鎗田|鞍田	surname-source-estimated-count-order
ふくはら	伏原|復原|普久原|服原|福原|譜久原	surname-source-estimated-count-order
にしはら	西原	surname-source-estimated-count-order
まつの	末野|松の|松乃|松之|松信|松埜|松延|松田|松野|枩埜|枩野|眞津野|真津野	surname-source-estimated-count-order
かさい	下西|加西|可西|嘉斉|嘉斎|家西|嵩井|川西|河西|笠井|笠居|葛西|迦西|香西	surname-source-estimated-count-order
あきもと	明元|昭元|昭本|淳元|淳本|璃元|璃本|秋元|秋吉|秋本|穐元|穐本|飽本|龝元|龝本	surname-source-estimated-count-order
こさか	児坂|古坂|古阪|子坂|孤坂|小坂|小板|小酒|小阪	surname-source-estimated-count-order
たはた	把田|田幡|田畑|田畠|田端|田羽田	surname-source-estimated-count-order
たにもと	渓本|谷元|谷本|谷許	surname-source-estimated-count-order
せんだ	仙太|仙田|先田|千多|千旦|千田|千駄|専田|專田|扇田|泉多|泉田|疋田|船田|薦田	surname-source-estimated-count-order
ひの	日埜|日納|日野|昆埜|昆野|曰野|桧野|樋埜|樋野|檜野|比野|氷野|火埜|火野|肥野|脾野	surname-source-estimated-count-order
よしい	仁井|吉ヰ|吉井|吉伊|吉位|吉居|吉江|善井|喜井|好井|好居|由井|由居|由木|福井|義井|義居|良井|芳井|芳居|葭井|香井	surname-source-estimated-count-order
ふかざわ	深井|深川|深沢|深津|深澤|深谷|深野	surname-source-estimated-count-order
にしざわ	西沢|西澤	surname-source-estimated-count-order
あいざわ	会沢|会澤|合沢|合澤|哀澤|四十沢|四十澤|埃沢|愛沢|愛澤|會沢|會澤|相沢|相澤|藍沢|藍澤|逢沢|逢澤|阿久沢|阿久澤|鮎沢|鮎澤	surname-source-estimated-count-order
とくだ	富多|富田|得田|徳多|徳大寺|徳田|篤田	surname-source-estimated-count-order
しんたに	新内|新谷|深谷|湊谷|申谷|眞谷|真渓|真谷|神谷|薪谷|進谷	surname-source-estimated-count-order
たがみ	多上|田上|田神|田頭	surname-source-estimated-count-order
こやなぎ	古|古柳|小|小やなぎ|小柳|小柳津|畔柳|鼓柳	surname-source-estimated-count-order
すげ	管|菅	surname-source-estimated-count-order
よねやま	木山|米山	surname-source-estimated-count-order
ほそや	穂曽谷|細家|細屋|細矢|細谷|細野	surname-source-estimated-count-order
もりおか	守丘|守岡|師岡|森丘|森岡|盛岡|盛田|諸岡	surname-source-estimated-count-order
いまいずみ	今和泉|今泉	surname-source-estimated-count-order
はまの	増浜|浜の|浜埜|浜野|濱埜|濱野|濵野	surname-source-estimated-count-order
はたなか	圃中|幡中|旗中|畑中|畑仲|畠中|畠仲|端中|籏中|羽田中	surname-source-estimated-count-order
はが	垪和|塀和|波賀|祝賀|羽下|羽我|羽賀|花香|芳我|芳賀|葉賀	surname-source-estimated-count-order
いそべ	五十部|磯辺|磯邉|磯邊|磯部|礒辺|礒邉|礒邊|礒部	surname-source-estimated-count-order
おおい	多井|多飯|大井|大伊|大依|大堰|大威|大居|大炊|大鋳|大鑄|大飯|太井|殷|翁井|蔀	surname-source-estimated-count-order
あきた	明田|昭田|淳田|璃田|秋田|穐田|肯聖|阿北|飽田|龝田	surname-source-estimated-count-order
おおさき	大|大さき|大先|大前|大向|大咲|大埼|大崎|大嵜|大幸|大迫	surname-source-estimated-count-order
うえき	上岐|上木|上浴|宇江喜|植喜|植木|樹|樹木	surname-source-estimated-count-order
しらかわ	白側|白川|白河	surname-source-estimated-count-order
つぼい	坪井|坪居|壷井|壺井|壺居	surname-source-estimated-count-order
なかもと	中元|中本|中許|仲元|仲本|冲本|名嘉元|沖本	surname-source-estimated-count-order
みながわ	三永川|南川|宮川|水川|水無川|湊川|源川|皆川|皆河|皆谷|美名川|美奈川	surname-source-estimated-count-order
あさみ	亜佐実|亜佐水|亜佐海|亜佐美|亜佐見|朝三|朝実|朝民|朝水|朝海|朝美|朝見|浅味|浅実|浅水|浅海|浅美|浅見|淺海|淺見|阿佐実|阿佐水|阿佐海|阿佐美|阿佐見|阿左美|阿左見|麻実|麻水|麻海|麻生|麻美|麻見	surname-source-estimated-count-order
あいはら	会原|合原|在原|庵原|愛原|會原|栗飯原|相原|粟飯原|荏原|蓬原|藍原	surname-source-estimated-count-order
ほそだ	細田	surname-source-estimated-count-order
おぎわら	おぎ原|尾木原|荻原	surname-source-estimated-count-order
みたに	三渓|三谷|三谿|弥谷|御谷|御谿|水谷|深谷|看谷|神谷|箕谷|美谷|見谷	surname-source-estimated-count-order
ふくやま	冨久山|副山|富久山|普久山|服山|福久山|福山|筒山|譜久山	surname-source-estimated-count-order
きしだ	喜志多|喜志田|岸大|岸太|岸田|木志田|貴師田	surname-source-estimated-count-order
おおとも	大伴|大供|大友|大巴|大智|大朋|大朝|大知|大鞆|大類|巨知|横供|王供	surname-source-estimated-count-order
はたけ	畑|畑ケ|畑毛|畠|畠ケ|羽竹|葉武	surname-source-estimated-count-order
きはら	來原|向原|喜原|季原|岐原|幾原|木原|桐原|樹原|生原|紀原|記原|貴原|郷原|鬼原	surname-source-estimated-count-order
かわせ	川勢|川瀬|河瀬	surname-source-estimated-count-order
ひらばやし	平林	surname-source-estimated-count-order
しおだ	四方田|垣田|塩多|塩田|子浦田|潮田	surname-source-estimated-count-order
かわち	嘉和知|川内|川地|川治|川知|河内|河地|河池|河知|西	surname-source-estimated-count-order
しまむら	四万村|島村|島邑|嶋村|嶋邑|嶋邨|嶌村|志摩村|志摩邑|志磨村	surname-source-estimated-count-order
とおやま	東山|當山|藤山|通山|遠山|陶山	surname-source-estimated-count-order
おおつぼ	大坪|大壷|大窪	surname-source-estimated-count-order
かみやま	上山|加美山|祗山|神家満|神山|紙山|霊山	surname-source-estimated-count-order
なんば	並波|南場|南塲|南波|南端|南羽|南葉|名波|灘波|灘浪|難場|難波|難羽	surname-source-estimated-count-order
みつい	三っ井|三ツ井|三ツ居|三井|三位|三居|三津井|三都井|光井|光居|光移|密井|密居|水井|満井|満居|美津井|蜜井	surname-source-estimated-count-order
なかざと	中里|仲里	surname-source-estimated-count-order
みむら	三村|三邑|三邨|味村|実村|實村|巳村|御村|水村|美村|見村|見邨|覧村|観村	surname-source-estimated-count-order
みつはし	三ッ橋|三ツ橋|三嘴|三槁|三橋|三津橋|三箸|三觜|光橋	surname-source-estimated-count-order
いわした	岩下|岩月|磐下	surname-source-estimated-count-order
くりやま	久里山|九里山|栗山	surname-source-estimated-count-order
いで	井出|井手|井田|伊出|伊達|出田|射手|居出|生出	surname-source-estimated-count-order
まつかわ	末川|松川|松河|馬津川	surname-source-estimated-count-order
はやさか	早坂|早阪	surname-source-estimated-count-order
かわはた	川幡|川旗|川畑|川畠|川端|川籏|川羽田|河幡|河畑|河畠|河端|河鰭	surname-source-estimated-count-order
さたけ	佐多家|佐武|佐竹|寒竹|小竹|左武|左竹	surname-source-estimated-count-order
かめやま	亀山|穐山	surname-source-estimated-count-order
はまざき	浜|浜崎|濱|濱崎	surname-source-estimated-count-order
あさくら	朝倉|浅倉|浅桜|浅蔵|淺倉|麻倉	surname-source-estimated-count-order
たちばな	多智花|多知花|太智花|橘|橘内|橘樹|橘花|田知花|立智花|立花|立華|竜華|舘鼻|館花|龍華	surname-source-estimated-count-order
やなぎ	八柳|柳|柳木|栁|桝|楊|楊柳|矢泙	surname-source-estimated-count-order
くさの	久佐野|艸野|草埜|草野	surname-source-estimated-count-order
ほりい	堀井|堀夷|堀居|掘井	surname-source-estimated-count-order
ほさか	保坂|保阪|帆坂|帆阪|甫坂|穂先|穂坂|穂阪	surname-source-estimated-count-order
むらおか	岡村|村上|村岡|邑岡	surname-source-estimated-count-order
しが	刺賀|四家|志賀|慈賀|滋賀|糸賀	surname-source-estimated-count-order
はんだ	伴田|判田|半田|反田|斑田|畔田|範田|繁多|繁田|能田|若田|藩田|阪田|飯田	surname-source-estimated-count-order
たかむら	宝村|篁|貴村|高村|高邑|鷹村	surname-source-estimated-count-order
わかまつ	若山|若松|雀松	surname-source-estimated-count-order
こみや	古宮|古都|小宮|小宮谷|小美屋|猫宮|込宮|込谷	surname-source-estimated-count-order
かりの	仮野|刈野|狩埜|狩野|猪野|苅野|雁野	surname-source-estimated-count-order
みずかみ	水上|水神|水賀美	surname-source-estimated-count-order
おおつ	大ツ|大図|大津|大都|太津|奥津|奧津|巨津	surname-source-estimated-count-order
たかおか	孝岡|高丘|高岡|高岳|高生加|髙岡|鷹岡	surname-source-estimated-count-order
なかね	中値|中根|中祢|中禰|仲嶺|仲根|仲祢	surname-source-estimated-count-order
かめだ	亀多|亀田|瓶田	surname-source-estimated-count-order
たていし	健石|堅石|建石|楯石|盾石|碣石|立石|竪石|舘石|館石	surname-source-estimated-count-order
しばざき	嶋|嶋崎|柴|柴崎|柴嵜|紫嵜|芝|芝埼|芝崎|芝嵜	surname-source-estimated-count-order
いちむら	一村|一邑|一邨|壱智村|壱村|市村|市邨	surname-source-estimated-count-order
せがわ	世川|勢川|清川|瀬川|瀬河|牲川|畝川|谷川	surname-source-estimated-count-order
みしま	三島|三嶋|三嶌|三縞|南島|實島|美島|美嶋|美馬|蓑島|見島|見嶋	surname-source-estimated-count-order
てらしま	寺島|寺嶋|寺嶌	surname-source-estimated-count-order
なら	奈良|楢|那良	surname-source-estimated-count-order
あらがき	新垣|荒垣	surname-source-estimated-count-order
せいの	制野|勢能|勢野|情埜|情野|政野|正野|清埜|清野|生ノ|生野|青野	surname-source-estimated-count-order
まなべ	曲直部|港元|眞辺|眞部|眞鍋|真辺|真邉|真邊|真部|真鍋|間辺|間邉|間部|間鍋	surname-source-estimated-count-order
ひら	平|平良|日良|比良|陽羅|飛良	surname-source-estimated-count-order
たまい	多満井|玉井|玉伊|玉居|田舞	surname-source-estimated-count-order
みずぐち	水口	surname-source-estimated-count-order
ふじさき	不二咲|不二崎|冨士|冨士崎|富士|富士崎|籐咲|藤先|藤咲|藤埼|藤崎|藤嵜	surname-source-estimated-count-order
きうち	城内|嬉内|木内|橘内|紀内|記内|貴内	surname-source-estimated-count-order
うえまつ	上園|上松|回末|栽松|植松|植枩	surname-source-estimated-count-order
くの	久埜|久納|久能|久野|九埜|九能|九野|工野|椹野|玖野	surname-source-estimated-count-order
えとう	依藤|夷藤|恵藤|惠藤|栄東|栄藤|永藤|江島|江嶋|江東|江渡|江籐|江藤|江頭|絵東|衛籐|衛藤|衞藤|遠籐|遠藤|重藤	surname-source-estimated-count-order
しんどう	伸銅|信藤|新堂|新延|新洞|新籐|新藤|新道|新銅|晋道|清藤|眞藤|眞道|眞銅|真堂|真藤|真道|真銅|神童|神藤|神道|神頭|親藤|辛藤|進堂|進導|進東|進籐|進藤|進道	surname-source-estimated-count-order
はしぐち	橋口	surname-source-estimated-count-order
おおぬま	大沼	surname-source-estimated-count-order
たまき	圭紀|多巻|多満城|多牧|楡木|玉亀|玉城|玉妃|玉寄|玉暉|玉木|玉来|玉杵|玉樹|玉気|玉氣|玉生|玉置|玉記|玉貫|玉貴|玉起|琳谷|瑞樹|瑶樹|環|環樹|田卷|田巻|田槇|田槙|田牧	surname-source-estimated-count-order
たかみ	深見|田上|田神|能仁|貴水|高三|高味|高実|高實|高水|高美|高見|髙見|鷹見	surname-source-estimated-count-order
ふかや	富谷|布河谷|染谷|深屋|深沢|深谷|深野	surname-source-estimated-count-order
てらもと	寺下|寺元|寺本	surname-source-estimated-count-order
もりや	守也|守家|守屋|守矢|守舎|守谷|杜屋|森家|森屋|森江|森矢|森舍|森谷|森野|盛也|盛家|盛屋|盛矢|盛谷	surname-source-estimated-count-order
みやじ	宮司|宮地|宮子|宮字|宮寺|宮時|宮治|宮路|宮道|都地	surname-source-estimated-count-order
ふじもり	冨士森|冨士盛|富士森|富士盛|籐森|藤守|藤森|藤盛|藤護	surname-source-estimated-count-order
すがや	周嘉谷|清家|管家|管谷|菅家|菅屋|菅萱|菅谷|菅野|須賀谷	surname-source-estimated-count-order
もうり	守利|摸利|模利|毛利|毛織|毛里|茂利|藻利	surname-source-estimated-count-order
なみき	並城|並木|並樹|南木|双木|双樹|波木|浪木|竝木|行木|雙木	surname-source-estimated-count-order
ありま	在間|在馬|天利|安利麻|有満|有間|有馬|有麻|蟻馬	surname-source-estimated-count-order
おおえ	大兄|大家|大恵|大戸|大枝|大栄|大植|大榮|大江|大衛|大重|太江|小江|應永|近江	surname-source-estimated-count-order
みやじま	宮島|宮嶋|宮嶌|美谷島|美谷嶋	surname-source-estimated-count-order
しもやま	下中|下山|志茂山|霜山	surname-source-estimated-count-order
ありだ	有田|蟻田	surname-source-estimated-count-order
なす	七寸|南寿|名須|奈数|奈須|生池|茄子|那州|那須	surname-source-estimated-count-order
たかはら	崇原|高原|鷹原	surname-source-estimated-count-order
やべ	八戸|八辺|八部|夜部|家辺|屋部|矢屏|矢辺|矢邉|矢邊|矢部|谷戸|谷部|野部	surname-source-estimated-count-order
いちはら	一原|市原|市橋|檪原|櫟原	surname-source-estimated-count-order
いしわた	石和田|石渡|石綿|石腸	surname-source-estimated-count-order
いの	ヰ野|井之|井埜|井能|井野|亥埜|亥角|亥野|伊之|伊埜|伊能|伊野|出野|夷野|居埜|居野|猪|猪埜|猪能|猪野|生野|稲和|飯野	surname-source-estimated-count-order
とりい	取井|取違|島居|花表|莱表|華表|酉井|鳥井|鳥居|鳥生|鳥飼	surname-source-estimated-count-order
せきや	瀬木谷|石屋|磧谷|赤谷|関哉|関家|関屋|関弥|関矢|関谷|関野|關屋|關谷	surname-source-estimated-count-order
さかした	坂下|酒下|阪下	surname-source-estimated-count-order
いたがき	坂垣|板垣|板柿|稲垣	surname-source-estimated-count-order
まつざわ	松沢|松澤|枩沢	surname-source-estimated-count-order
のがみ	乃上|埜上|濃上|能上|野上|野神	surname-source-estimated-count-order
みはら	三原|実原|巳原|御原|柞原|水原|美原|見原|身原	surname-source-estimated-count-order
さかがみ	坂上|坂神|阪上|阪神	surname-source-estimated-count-order
たざき	多|多崎|太|太崎|太嵜|田|田崎|田嵜	surname-source-estimated-count-order
いわさ	岩佐|岩左|岩朝|岩沙|岩浅|岩狭|岩砂|岩込|巌佐|磐佐|磐浅	surname-source-estimated-count-order
まつき	末木|松喜|松城|松木|松来|松樹|松生|松貴|真月|茨木	surname-source-estimated-count-order
ひらお	平夫|平尾|平生|平緒|平雄	surname-source-estimated-count-order
とやま	冨山|十山|外山|富山|度山|戸山|斗山|枦山|渡山|當山|登山|砥山|砺山|礪山|豊山|都山|陶山|鳥山	surname-source-estimated-count-order
はせ	初瀬|土師|波勢|波瀬|羽瀬|羽生|葉瀬|長谷|馳	surname-source-estimated-count-order
なるせ	成世|成勢|成清|成瀬|鳴瀬	surname-source-estimated-count-order
そめや	染也|染屋|染矢|染谷|染野|深谷|粕谷	surname-source-estimated-count-order
こむろ	古室|小室|戸室	surname-source-estimated-count-order
たきもと	多喜本|滝元|滝本|瀧元|瀧本|瀧源|隴本	surname-source-estimated-count-order
ながせ	永勢|永瀬|那俄性|那我性|長世|長勢|長瀬|長背	surname-source-estimated-count-order
うさみ	右左美|右左見|宇佐み|宇佐神|宇佐美|宇佐見|宇左美|宇沙美|宇沙見|守佐美	surname-source-estimated-count-order
のもと	埜元|埜本|納元|納本|能本|野下|野元|野本	surname-source-estimated-count-order
こでら	児寺|古寺|子寺|小寺|木寺	surname-source-estimated-count-order
いたくら	井田倉|坂倉|板倉|板蔵|板鞍	surname-source-estimated-count-order
やましろ	山代|山代谷|山城|山白|山背|矢磨城	surname-source-estimated-count-order
あきば	昭場|昭庭|昭葉|淳場|淳庭|淳葉|璃場|璃庭|璃葉|秋場|秋塲|秋庭|秋羽|秋葉|秋馬|穐場|穐庭|穐葉|龝場|龝庭|龝葉	surname-source-estimated-count-order
つかはら	塚原|墳原|束原	surname-source-estimated-count-order
たかさき	先|嵜|高先|高函|高咲|高埼|高岬|高崎|高嵜|高碕|高草木|鷹|鷹崎	surname-source-estimated-count-order
かどわき	加登脇|角脇|門分|門脇	surname-source-estimated-count-order
いしがき	石垣|石城|石崖|石鍵	surname-source-estimated-count-order
たきぐち	太岐口|滝口|瀧口	surname-source-estimated-count-order
うみの	梅野|海埜|海農|海野|羽海野	surname-source-estimated-count-order
いだ	井田|亥田|伊多|伊田|位田|依田|出田|射田|居田|市田|庵田|怡田|恰田|朶|猪田|生田|維田|茨田|要田|飯田	surname-source-estimated-count-order
さんや	三夜|三矢|三谷|山家|山谷|山野	surname-source-estimated-count-order
はせべ	初瀬部|忰部|支部|羽曽部|長谷場|長谷部|馳部	surname-source-estimated-count-order
おおくら	仰倉|大倉|大庫|大椋|大洞|大蔵|大藏|巨椋|王鞍	surname-source-estimated-count-order
しん	伸|信|心|志ん|愼|慎|成|新|晋|梓|森|沈|湊|王|甲|申|眞|真|神|秦|蓁|辛|進	surname-source-estimated-count-order
えざき	恵|恵崎|惠|惠崎|永崎|江|江先|江崎|江嵜|江碕|絵崎	surname-source-estimated-count-order
たかなし	伊集|小鳥遊|高梨|高梨子|高無|高階|鳥楽|鳥遊里	surname-source-estimated-count-order
まさき	万佐木|仁木|勝木|将木|征木|政喜|政木|昌木|松前|柾|柾木|柾輝|正伯|正來|正喜|正城|正木|正来|正置|正鬼|眞先|眞崎|真佐喜|真佐木|真先|真咲|真崎|真幸|真木|真樹|真置|薜|間|間崎|馬|馬崎	surname-source-estimated-count-order
いまだ	井麻田|今多|今田	surname-source-estimated-count-order
しいな	惟杏|新名|枇|椎名|椎奈|椎姓|椎菜|椎野	surname-source-estimated-count-order
あいかわ	会川|合川|哀川|四十川|愛川|愛河|曾川|會川|淡川|相川|相河|芥川|藍川|阿井川	surname-source-estimated-count-order
ひらつか	平塚|平墳	surname-source-estimated-count-order
おく	億|奥|奧|尾久|尾来|屋|於久|玉|越久|邑久	surname-source-estimated-count-order
こせき	今関|古石|古積|古籍|古跡|古閑|古関|小世木|小瀬木|小石|小跡|小関|小關|巨関|越石|輿石	surname-source-estimated-count-order
ししど	完土|完戸|宍倉|宍土|宍戸|猪戸|獅子戸|獅戸|穴戸|肉戸	surname-source-estimated-count-order
しま	司馬|島|嶋|嶌|嶼|志万|志广|志摩|志満|志真|志磨|志間|志馬|志麻|洲|紫摩|縞|陦	surname-source-estimated-count-order
つづき	仲|津々木|津月|筑木|続|続木|続葛|綴喜|續|續木|都々木|都竹|都筑|都築	surname-source-estimated-count-order
いわなが	伊永|岩永|岩長	surname-source-estimated-count-order
ふじき	不二木|不二樹|冨士木|富士木|藤喜|藤城|藤木|藤来|藤樹|藤生|藤紀|藤記|藤鬼	surname-source-estimated-count-order
きだ	來田|依田|其田|北田|善田|喜多|喜田|嘉田|城多|城田|季田|寄田|岐田|幾田|旗田|木多|木田|来田|樹田|橘田|機田|気多|気田|氣田|生田|礒田|穐田|箕田|紀國|紀田|綺田|葵田|記田|貴田|郷田|黄田	surname-source-estimated-count-order
ほそい	保曾井|細井|細居	surname-source-estimated-count-order
ほりこし	堀腰|堀越|掘越	surname-source-estimated-count-order
えがわ	会川|得川|恵川|枝川|柄川|栄川|榮川|永川|江川|江河|潁川|穎川|衛川|衛河|衣川|衣河|頴川|頴河	surname-source-estimated-count-order
こすぎ	古杉|孤杉|小|小杉|小椙	surname-source-estimated-count-order
かなや	加那屋|叶屋|奏谷|神谷|金|金家|金屋|金崎|金弥|金彌|金矢|金谷|金野	surname-source-estimated-count-order
いしまる	石丸	surname-source-estimated-count-order
きんざん	金山	surname-source-estimated-count-order
ながやま	修山|永山|長山	surname-source-estimated-count-order
たがわ	多川|多河|多皮|夛川|太川|太河|宇田川|嶋田|田側|田川|田河	surname-source-estimated-count-order
すわ	挾訪|斯波|栖和|洲和|狭訪|諏方|諏訪|陬波|須和|須輪	surname-source-estimated-count-order
いぬい	乾|伊縫|戊亥|戌井|戌亥|戍亥|成亥|犬井|犬居|狗井	surname-source-estimated-count-order
かなもり	兼守|兼森|兼盛|金守|金森|金森寺|金盛|鉄穴森|鐵穴森	surname-source-estimated-count-order
しもかわ	下川|下河|枝茂川|霜川	surname-source-estimated-count-order
くろいわ	玄岩|黒岩|黒巌	surname-source-estimated-count-order
とがし	冨樫|富堅|富樫|藤樫	surname-source-estimated-count-order
ほその	穂園|細埜|細野	surname-source-estimated-count-order
ふせ	伏|圦|富施|布勢|布施|布瀬|扶瀬|普世	surname-source-estimated-count-order
すぎむら	杉村|杉邑|杉邨|椙村	surname-source-estimated-count-order
きただ	北田|喜タ田|喜夕田|喜多田|来田	surname-source-estimated-count-order
さんじょう	三上|三城|三条|三條|三絛|山上|山城|山条|山畳	surname-source-estimated-count-order
おおぬき	大抜|大拔|大樌|大貫|太貫	surname-source-estimated-count-order
おおくま	大久間|大熊|大隅|大隈|逢隈	surname-source-estimated-count-order
のはら	埜原|野原	surname-source-estimated-count-order
うめはら	梅原|梅沢|楳原	surname-source-estimated-count-order
いしもと	石元|石本	surname-source-estimated-count-order
よねざわ	米沢|米澤	surname-source-estimated-count-order
おのだ	小ノ田|小埜田|小野田|尾野田|斧田|織田|鉞田|鍼田	surname-source-estimated-count-order
すえなが	季長|未永|末永|末長	surname-source-estimated-count-order
あかまつ	明松|朱松|紅松|赤松|赤枩	surname-source-estimated-count-order
みやわき	宮傍|宮脇|美谷脇	surname-source-estimated-count-order
あくつ	圷|堆|安久津|安久都|明津|阿|阿久井|阿久津|雄	surname-source-estimated-count-order
おおや	君家|大宅|大家|大屋|大弥|大爺|大矢|大箭|大谷|大野|太宅|太屋|太矢|小宅|小屋|尾家|巨谷|応矢|相宅|雄谷	surname-source-estimated-count-order
みやの	三谷野|宮埜|宮野	surname-source-estimated-count-order
ふるさわ	古沢|古澤	surname-source-estimated-count-order
しまぶくろ	島袋|嶋袋	surname-source-estimated-count-order
いまにし	今西	surname-source-estimated-count-order
しおや	塩家|塩屋|塩矢|塩谷|塩野|志甫谷|汐谷|潮屋|潮谷	surname-source-estimated-count-order
くらもち	久楽持|久樂持|久良持|倉持|蔵持|藏持|車持|鞍持	surname-source-estimated-count-order
すいでん	水殿|水田	surname-source-estimated-count-order
かざま	凡間|架間|笠間|風戸|風見|風間	surname-source-estimated-count-order
もとはし	元橋|本槁|本橋|根橋	surname-source-estimated-count-order
あそう	亜槍|亜生|吾生|安双|安増|安生|安相|安雙|朝生|浅生|淺生|阿叢|阿曽|阿曽宇|阿曾|阿生|阿相|麻創|麻生	surname-source-estimated-count-order
かがわ	加川|加河|加賀和|加賀川|可川|嘉川|歌川|花川|賀川|鍜川|香川|香河|鹿川	surname-source-estimated-count-order
すがぬま	管沼|菅沼|萓沼|萱沼	surname-source-estimated-count-order
いくた	井久田|半田|城田|域田|幾田|活田|生多|生方|生田|育田|行田|郁田|鋳久田	surname-source-estimated-count-order
きた	來田|北|向南|喜多|喜夛|喜田|坎|城多|城田|季多|木多|木太|木田|来多|来田|橘田|紀太|紀田|記田|貴多|貴夛|貴田	surname-source-estimated-count-order
かどた	加渡田|廉田|楞田|角田|門多|門田	surname-source-estimated-count-order
いがわ	井川|井河|伊川|居川|渭川|猪川|生川|衣川	surname-source-estimated-count-order
にしぐち	西口	surname-source-estimated-count-order
おおわだ	多和田|夛和田|大和田|大多和|大輪田	surname-source-estimated-count-order
たいら	呈|坦|多以良|多伊良|多比良|大良|大蘿|平|平良|庄|泰羅|泰良	surname-source-estimated-count-order
なかばやし	中林|仲林	surname-source-estimated-count-order
こくぼ	古久保|国保|国母|國保|國母|小久保|小窪	surname-source-estimated-count-order
うめもと	梅元|梅基|梅本|楳元|楳本|楳茂都	surname-source-estimated-count-order
すが	壽賀|寿賀|洲|洲賀|清|管|菅|須ヶ|須加|須賀	surname-source-estimated-count-order
うらた	卜田|宇良田|浦田|裏田	surname-source-estimated-count-order
さがわ	佐川|佐河|寒川|嵯川|左川|斉川|沙川|瀬川|狭川|瑳川|砂川|砂河	surname-source-estimated-count-order
とみおか	冨丘|冨岡|冨岳|富丘|富岡|富岳|富嶽	surname-source-estimated-count-order
いわぶち	岩淵|岩渊|岩渕|嵒淵|巌渕|巖淵|石淵|磐淵|磐渕	surname-source-estimated-count-order
いわま	岩摩|岩満|岩磨|岩間|巌真|巌間|巖間	surname-source-estimated-count-order
おおたき	大たき|大多喜|大滝|大瀧|大焚|大田喜|太田喜|王滝	surname-source-estimated-count-order
えびはら	恵比原|戎原|海老原|蛯原|蝦原|鰕原	surname-source-estimated-count-order
どばし	土橋	surname-source-estimated-count-order
きもと	來本|喜本|城本|大本|奇本|岐本|木元|木本|木許|来本|棋本|樹本|機本|櫃本|祈本|穐本|紀元|紀本|絹本|肝登|行元|記本|貴元|貴本|輝元|騎本|驥本|鬼本	surname-source-estimated-count-order
くさか	久下|久佐賀|久坂|久左賀|久積|久阪|匂坂|日下|日坂|艸加|艸香|草下|草加|草河|草花|草薙|草賀|草香|草鹿	surname-source-estimated-count-order
かわべ	川戸|川辺|川邉|川邊|川部|川鍋|河戸|河端|河辺|河邉|河邊|河部	surname-source-estimated-count-order
すぎの	杉埜|杉野|椙野	surname-source-estimated-count-order
きど	喜怒|喜戸|喜渡|嘉戸|城戸|城門|岐土|帰土|帰度|幾度|幾戸|木戸|機戸|気戸|紀|紀戸|貴戸|鬼怒	surname-source-estimated-count-order
かねまる	兼丸|金丸|金円|金圓|鉦丸	surname-source-estimated-count-order
すながわ	砂川|砂河	surname-source-estimated-count-order
ながさき	永崎|永嵜|長|長先|長崎|長嵜	surname-source-estimated-count-order
はねだ	判門田|羽場|羽太|羽子田|羽根田|羽毛田|羽田|羽祢田|羽禰田	surname-source-estimated-count-order
めぐろ	目黒	surname-source-estimated-count-order
こぬま	古沼|小沼	surname-source-estimated-count-order
たちかわ	刀川|多知川|大刀川|太刀川|橘川|田地川|田智川|立川|立河|舘川|達川	surname-source-estimated-count-order
ひらさわ	平沢|平澤	surname-source-estimated-count-order
もりわき	守脇|森分|森脇|盛脇	surname-source-estimated-count-order
よだ	与田|世田|代田|余田|依田|寄田|與田|蓬田|誉田|除田|頼田|餘田	surname-source-estimated-count-order
はくちょう	白鳥	surname-source-estimated-count-order
さなだ	佐名田|佐奈田|左奈田|早田|猿投|眞田|眞那田|真多|真田|真那田	surname-source-estimated-count-order
あさかわ	朝川|朝河|浅川|浅河|淺川|阿佐川|麻川|麻河	surname-source-estimated-count-order
あまみや	天宮|天明屋|天都|尼宮|海人宮|甘宮|雨宮|雨森|雨谷	surname-source-estimated-count-order
いたばし	板槁|板橋	surname-source-estimated-count-order
やまがた	山像|山形|山方|山片|山田|山県|山縣|山肩|山鹿	surname-source-estimated-count-order
かげやま	影山|景山|蔭山|闕山|陰山	surname-source-estimated-count-order
いしざか	石坂|石阪	surname-source-estimated-count-order
かんざき	勘崎|官崎|歓崎|歡崎|甘崎|監|監崎|神|神先|神前|神向|神咲|神埼|神崎|神嵜|菅|菅崎|菅嵜|金崎|門崎|閑崎|関崎	surname-source-estimated-count-order
おおはた	大圃|大幡|大旗|大服|大機|大波多|大湊|大畑|大畠|大秦|大端|大籏|大羽田|大葉田|太畑|巨畠|王畑	surname-source-estimated-count-order
ふかだ	深田	surname-source-estimated-count-order
てらお	寺尾|寺生	surname-source-estimated-count-order
そね	僧根|曽子|曽弥|曽根|曽爾|曽祢|曽禰|曽称|曾根|曾祢|曾禰|祖根|素根	surname-source-estimated-count-order
やだ	八多|八田|家田|屋田|弥田|矢多|矢田|箭田|谷多|谷田|野田	surname-source-estimated-count-order
みえだ	三枝|美枝	surname-source-estimated-count-order
たかくら	大下倉|貴倉|高倉|高座|高椋|高蔵|高藏|鷹倉	surname-source-estimated-count-order
きたざわ	北沢|北澤|喜多沢|喜多澤	surname-source-estimated-count-order
はしづめ	橋爪|橋瓜|橋詰|橋都|端爪|端詰	surname-source-estimated-count-order
かつまた	且又|且股|勝亦|勝俣|勝又|勝山|勝股|勝間田|勝馬田	surname-source-estimated-count-order
あかぎ	垢木|明城|明木|朱城|朱木|紅城|紅木|赤井|赤城|赤木|赤来	surname-source-estimated-count-order
うだがわ	宇多川|宇田川|宇田河|宇陀川|雅楽川	surname-source-estimated-count-order
きよた	喜代多|喜代田|強田|木与田|清多|清田	surname-source-estimated-count-order
うめつ	梅津|楳津	surname-source-estimated-count-order
たんの	丹埜|丹農|丹野|但野|旦野|淡野|端野	surname-source-estimated-count-order
うつのみや	宇津宮|宇都ノ宮|宇都宮	surname-source-estimated-count-order
やながわ	柳川|柳河|梁川|梁河|楊河|簗川	surname-source-estimated-count-order
おのえ	小野柄|小野江|尾上|尾之江|斧江|近江	surname-source-estimated-count-order
あしだ	疋田|脚田|芦田|茨田|葦田|葭田|蘆田|足田	surname-source-estimated-count-order
せお	世尾|世雄|妹尾|清尾|清雄|瀬尾|瀬生|背尾|脊尾	surname-source-estimated-count-order
いわき	井脇|伊脇|威脇|岩切|岩城|岩木|岩槻|岩気|岩脇|岩鬼|巌木|巖城|巖木|盤城|石城|磐城|磐木	surname-source-estimated-count-order
じんの	仁乃|仁野|甚野|神乃|神埜|神農|神野|秦野|迅野|陣ノ|陣埜|陣野|陳野	surname-source-estimated-count-order
えはら	恵原|枝原|榎原|江原|絵原|荏原|重原|頴原	surname-source-estimated-count-order
よこお	横尾|横生	surname-source-estimated-count-order
つるおか	寉岡|弦岡|敦岡|鶴岡|鶴皐	surname-source-estimated-count-order
いけうち	池内	surname-source-estimated-count-order
やなぎはら	柳原|楊原|榊原	surname-source-estimated-count-order
さかの	佐可野|坂埜|坂野|境野|酒野|阪埜|阪野	surname-source-estimated-count-order
くりばやし	栗林|紅林	surname-source-estimated-count-order
にしわき	西脇|西腋	surname-source-estimated-count-order
くめ	久留|久目|久米|九目|粂	surname-source-estimated-count-order
くわた	加田|多|栗田|桑多|桑波田|桑田|波田|鍬田	surname-source-estimated-count-order
かど	上|加々|加土|加度|加戸|加斗|加渡|加登|加百|嘉土|嘉戸|圭|角|賀戸|門|門戸|鹿渡	surname-source-estimated-count-order
ゆうき	佑木|優希|優紀|優貴|優起|優輝|勇木|勇樹|勇気|勇貴|又紀|友季|友希|友紀|夕希|夕木|夕紀|夕貴|悠城|悠木|悠樹|憂木|憂杞|有希|有木|有紀|有輝|柚木|楢木|油木|涌喜|湯城|由布木|由木|祐基|祐希|祐木|祐樹|祐記|結城|結木|結束|行木|裕木|裕貴|遊亀|遊喜|遊木|雄城|雄基|雄旗|雄紀|雄輝	surname-source-estimated-count-order
かわにし	川西|河西	surname-source-estimated-count-order
ひびの	日々野|日尾野|日比埜|日比野|比日野|雲雀田	surname-source-estimated-count-order
もりぐち	守口|森利口|森口|盛口	surname-source-estimated-count-order
にしじま	西島|西嶋|西嶌	surname-source-estimated-count-order
こぼり	児堀|古保里|古堀|古壕|小堀|小掘	surname-source-estimated-count-order
うめむら	梅原|梅村|梅邑|梅邨|楳村	surname-source-estimated-count-order
うえすぎ	上杉|上椙|上薄|植|植杉|植椙	surname-source-estimated-count-order
とびた	飛多|飛田|鳶田|鴇田	surname-source-estimated-count-order
うらの	浦埜|浦野|裏埜|裏野	surname-source-estimated-count-order
てしま	手島|手嶋|手嶌|豊島|豊嶋	surname-source-estimated-count-order
いはら	井原|伊原|位原|在原|威原|居原|庵原|廬原|渭原|猪原|飯原	surname-source-estimated-count-order
しゅどう	主籐|主藤|周東|周藤|朱通|集堂|首藤	surname-source-estimated-count-order
こすげ	古菅|小杉|小管|小莞|小菅	surname-source-estimated-count-order
あかさか	明坂|明阪|朱坂|朱阪|紅坂|紅阪|赤坂|赤阪	surname-source-estimated-count-order
たばた	多幡|多畑|多端|多羽田|多葉田|夛葉田|太幡|太葉田|把田|抱田|煙田|田幡|田旗|田畑|田畠|田端|田籏|田羽多|田馬場	surname-source-estimated-count-order
たまおき	玉沖|玉男木|玉置	surname-source-estimated-count-order
あおの	碧野|蒼野|青ノ|青埜|青生野|青能|青野	surname-source-estimated-count-order
よがわ	与川|余川|横川|與川	surname-source-estimated-count-order
かしわら	柏原|梶原|樫原	surname-source-estimated-count-order
おだか	小高|小鷹|尾|尾高|尾鷹	surname-source-estimated-count-order
おおばやし	大林	surname-source-estimated-count-order
みずしま	三都島|未津島|水島|水嶋|水嶌|水嶼|水縞|美津島	surname-source-estimated-count-order
ごうだ	剛田|合田|幸田|後宇多|會田|業田|江田|神田|郷田|閤田	surname-source-estimated-count-order
あさぬま	朝沼|浅沼|浅湫|淺沼|麻沼	surname-source-estimated-count-order
うめざわ	梅原|梅沢|梅津|梅澤|楳沢|楳澤	surname-source-estimated-count-order
たけはら	岳原|嵩原|武原|竹ケ原|竹原	surname-source-estimated-count-order
つのたに	角谷	surname-source-estimated-count-order
みやさか	三坂|宮坂|宮阪	surname-source-estimated-count-order
わきた	和喜多|和喜田|和岐多|和木田|涌田|湧田|稙田|脇田	surname-source-estimated-count-order
ありが	在我|在賀|有我|有賀|蟻我|蟻賀	surname-source-estimated-count-order
しだ	信太|信田|史陀|四田|志多|志太|志田|指田|支田|柴田|歯朶|氏田|滋田|至田|芝田|蒔田	surname-source-estimated-count-order
もとむら	元村|基村|宗村|本村|本邑|本邨	surname-source-estimated-count-order
いけもと	池元|池本	surname-source-estimated-count-order
みさわ	三佐和|三沢|三澤|参沢|実沢|御沢|御澤|美沢|美澤|見沢|見澤	surname-source-estimated-count-order
しばやま	司馬山|柴山|芝山	surname-source-estimated-count-order
しまず	島図|島壽|島寿|島津|島頭|嶋寿|嶋津|嶋頭|嶌頭|志満津	surname-source-estimated-count-order
あかし	丹|明|明司|明石|朋石|紅|赤司|赤士|赤志|赤枝|赤石|赤詞	surname-source-estimated-count-order
かすが	加菅|春日|春曰|粕賀	surname-source-estimated-count-order
いけや	伊ケ谷|池ケ谷|池家|池屋|池谷|池野	surname-source-estimated-count-order
みやざと	宮里	surname-source-estimated-count-order
おおした	大下|大舌|太下	surname-source-estimated-count-order
やまと	倭|大倭|大和|家満登|屋麻戸|山戸|山登|山藤|山遠|山都|山門|日本|矢的	surname-source-estimated-count-order
かつた	且田|割田|勝田|活田|葛田|葛西	surname-source-estimated-count-order
たきがわ	多喜川|多岐川|滝川|滝河|瀑布川|瀧川|瀧河|龍川	surname-source-estimated-count-order
かせ	下瀬|加世|加勢|加瀬|可世|可瀬|喜瀬|嘉世|嘉勢|嘉瀬|河瀬|稼勢|綛|賀世|賀勢|賀瀬	surname-source-estimated-count-order
なかつか	中務|中司|中塚|中墳|中束|仲塚|仲墳|永塚|長塚	surname-source-estimated-count-order
くすのき	柊ノ木|楠|楠ノ木|楠之木|楠木|樟木	surname-source-estimated-count-order
まえじま	前島|前嶋	surname-source-estimated-count-order
あいだ	会田|合田|四十田|愛田|曾田|會田|相田|英田|蓬田|藍田|間|阿以田	surname-source-estimated-count-order
かきぬま	垣沼|柿沼	surname-source-estimated-count-order
とつか	冨塚|十塚|十束|戸塚|砥柄	surname-source-estimated-count-order
おんだ	奥田|御田|思田|恩多|恩田|押田|穏田|薗田|負田|遠田|隠田|音田	surname-source-estimated-count-order
そが	十河|増家|嵯峨|曹我|曽我|曽賀|曾我|曾賀|相賀|蘇我	surname-source-estimated-count-order
ささがわ	佐々川|佐々河|左三川|笹川|笹河|篠川	surname-source-estimated-count-order
たにむら	渓村|谷屯|谷村|谷邑|谷邨	surname-source-estimated-count-order
かわごし	川腰|川越|河越	surname-source-estimated-count-order
まえの	前埜|前納|前野|間江野	surname-source-estimated-count-order
こくぶ	国冨|国分|国府|国武|国部|國分|國府|國部	surname-source-estimated-count-order
いしの	井篠|石之|石之野|石埜|石濃|石野	surname-source-estimated-count-order
ふるやま	古山	surname-source-estimated-count-order
くすもと	久須本|楠元|楠木|楠本|樟本|玖珠本	surname-source-estimated-count-order
よしざき	与志崎|吉|吉崎|吉嵜|好崎|島|島崎|悳埼|由崎|義崎|芳崎|葭崎	surname-source-estimated-count-order
いその	五十野|井園|伊園|石園|磯之|磯埜|磯野|礒埜|礒野	surname-source-estimated-count-order
しらき	下白木|新良貴|白城|白季|白木|白榊|白記|素木	surname-source-estimated-count-order
ささぐり	小栗|笹栗|篠栗|蕪木	surname-source-estimated-count-order
すがい	洲貝|管井|管居|菅井|菅居|菅生|酉水|須加井|須見|須谷|須貝|須賀井|須階|須飼	surname-source-estimated-count-order
のじま	乃嶋|埜島|埜嶋|廼島|能島|能嶋|野島|野嶋|野嶌	surname-source-estimated-count-order
ばんどう	伴登|伴藤|半藤|坂堂|坂東|坂藤|板東|楾|藩藤|阪堂|阪東	surname-source-estimated-count-order
なつめ	夏目|夏芽|奈爪|棗|棘	surname-source-estimated-count-order
おかやま	丘山|岡山|阜山	surname-source-estimated-count-order
くさかべ	久坂部|日下辺|日下邊|日下部|日壁|苅部|草壁	surname-source-estimated-count-order
いもと	井元|井本|亥本|以元|伊元|伊本|位本|依本|威本|射本|居本|岩本|意元|猪本|衣本	surname-source-estimated-count-order
くまだ	久万田|久萬田|久間田|山田|曲田|熊田|隈田	surname-source-estimated-count-order
はなおか	花岡|華丘|華岡|鼻岡	surname-source-estimated-count-order
たかはた	飛幡|高幡|高幢|高旗|高畑|高畠|高端|高籏	surname-source-estimated-count-order
いしくら	石倉|石蔵|石藏|石鞍	surname-source-estimated-count-order
おき	億岐|冲|大木|小木|尾喜|尾木|尾櫃|沖|澳|穏岐|置|興|苧木|起|長|隠岐|隠樹|雄木	surname-source-estimated-count-order
なか	中|仲|仲嘉|名佳|名加|名嘉|名荷|名香|奈加|奈河|奈賀|姓嘉|波照間|那加|那珂|那賀	surname-source-estimated-count-order
たぶち	多淵|多渕|田伏|田淵|田渊|田渕|田端|田緑|田縁	surname-source-estimated-count-order
たき	但木|只木|多伎|多喜|多岐|多幾|多木|多気|多氣|多紀|多記|太木|太記|滝|瀧|田喜|田木|田貴|立木|臺|茶木|高城|龍	surname-source-estimated-count-order
もちだ	持田|望田|用田|糯田|餅田	surname-source-estimated-count-order
くらもと	倉元|倉本|庫元|庫本|椋元|椋本|蔵元|蔵本|蔵求|藏元|藏本|鞍元|鞍本	surname-source-estimated-count-order
すえきち	末吉	surname-source-estimated-count-order
こうべ	兄部|光部|川邉|幸部|広部|康辺|江部|河辺|河邉|溝部|甲辺|甲部|神戸|神辺|神部|興辺|興邊|高邉|高部	surname-source-estimated-count-order
ふくち	福地|福智|福池|福知	surname-source-estimated-count-order
はま	播摩|播磨|波磨|波間|浜|濱|濵|破魔|羽磨|羽間|羽馬|葉間	surname-source-estimated-count-order
たどころ	撮所|田処|田所|田攸|田沢|田處	surname-source-estimated-count-order
きとう	喜籐|喜納|喜藤|喜頭|嘉籐|嘉藤|奇藤|木島|木藤|木頭|犬童|生稲|生陶|竒藤|紀籐|紀藤|貴答|輝東|鬼島|鬼藤|鬼頭	surname-source-estimated-count-order
おきた	冲田|大喜多|小北|尾北|沖山|沖田|置田|翁田|興田|荻田|起多|起田|隠岐田	surname-source-estimated-count-order
しおみ	塩味|塩美|塩見|汐見|潮海|潮見|鹽見	surname-source-estimated-count-order
わかやま	和哥山|和歌山|若山	surname-source-estimated-count-order
もりい	守井|守居|守舎|森井|森伊|森位|森居|盛井|盛居	surname-source-estimated-count-order
くろさき	黒|黒咲|黒埼|黒崎	surname-source-estimated-count-order
はった	八ッ田|八太|八田|冶田|初田|服田	surname-source-estimated-count-order
てらさわ	寺沢|寺澤	surname-source-estimated-count-order
さわい	佐合|沢井|沢居|沢飯|澤丼|澤井|澤合|澤居|澤飯	surname-source-estimated-count-order
もりなが	守永|守長|森永|森長|盛永|盛長|護永|護良	surname-source-estimated-count-order
しげまつ	東松|滋松|繁松|茂松|重松	surname-source-estimated-count-order
おおうら	大浦|大裏|太浦|太裏	surname-source-estimated-count-order
もとやま	元山|基山|帰山|本山|苞山|茂登山|許山	surname-source-estimated-count-order
たかや	多賀谷|深谷|貴家|降矢|隆谷|高八|高宅|高家|高屋|高矢|高谷|鷹屋|鷹谷	surname-source-estimated-count-order
てらにし	寺西|手良西	surname-source-estimated-count-order
むらき	村城|村木|邑木	surname-source-estimated-count-order
おおたか	大|大孝|大嵩|大貴|大雄|大高|大鷹|太高	surname-source-estimated-count-order
いむら	井村|井邑|井邨|伊屯|伊村|倭村|出村|居村|猪村|稲村|野村	surname-source-estimated-count-order
しげた	信田|滋田|繁田|習田|茂田|重太|重田	surname-source-estimated-count-order
たしり	田尻	surname-source-estimated-count-order
いま	井馬|今|伊馬|意真	surname-source-estimated-count-order
ふかい	桴海|深井|深居	surname-source-estimated-count-order
かすや	加須屋|柏谷|粕屋|粕谷|糟屋|糟谷|糠谷	surname-source-estimated-count-order
ながさか	永坂|永阪|長坂|長阪	surname-source-estimated-count-order
なんぶ	南武|南浮|南辺|南部|楠辺|楠部	surname-source-estimated-count-order
ひらが	平加|平家|平河|平賀	surname-source-estimated-count-order
きくた	喜久田|木久田|菊多|菊田|規矩田	surname-source-estimated-count-order
たまだ	玉田|瓊田	surname-source-estimated-count-order
うかい	亥飼|宇加井|宇海|宇貝|鳥飼|鵜海|鵜飼|鵜養	surname-source-estimated-count-order
よねくら	米倉|米蔵|米藏	surname-source-estimated-count-order
てらおか	寺岡	surname-source-estimated-count-order
おかじま	丘島|岡島|岡嶋	surname-source-estimated-count-order
いそざき	五十崎|磯前|磯埼|磯崎|磯嵜|礒崎|礒嵜	surname-source-estimated-count-order
いわたに	岩渓|岩溪|岩谷|磯谷	surname-source-estimated-count-order
いのまた	井ノ又|井俣|猪之俣|猪亦|猪俣|猪又|猪岐|猪股|猪野又	surname-source-estimated-count-order
くまくら	久間倉|熊倉|熊鞍|隈倉	surname-source-estimated-count-order
ささわら	笹原	surname-source-estimated-count-order
さくらだ	佐倉田|桜多|桜田|櫻田	surname-source-estimated-count-order
ますい	倍井|升井|升居|増井|増位|増居|摩寿意|枡井|枡居|桝井|桝居|満寿居|益井|益位|益居|眞水|真住居|真水|舛井|馬〆|馬酔|鱒井	surname-source-estimated-count-order
のろ	呂野|埜呂|能呂|野呂|野老|野路|野露	surname-source-estimated-count-order
ちねん	地念|智念|知念	surname-source-estimated-count-order
うじいえ	宇治家|氏家	surname-source-estimated-count-order
ふるはし	古槁|古橋|古端|旧橋	surname-source-estimated-count-order
おおぜき	大堰|大席|大関|大關	surname-source-estimated-count-order
ながはま	永はま|永浜|永濱|長|長浜|長濱	surname-source-estimated-count-order
とみさわ	冨沢|冨澤|富沢|富澤	surname-source-estimated-count-order
おまた	小亦|小俣|小又|小幡|小股|小跨|尾亦|尾俣|尾又|尾股|男全|緒俣	surname-source-estimated-count-order
こぐち	古口|小口|木口|湖口|炬口|胡口	surname-source-estimated-count-order
こだいら	児平|古平|小平	surname-source-estimated-count-order
ごみ	五味|五見|伍味|古味|吾味|後味	surname-source-estimated-count-order
こぐれ	古暮|小塊|小昏|小暮|小桧|小椋|小榑|小槫|小檜|木暮|木桧|木榑|木槫|木檜	surname-source-estimated-count-order
かわぞえ	川副|川添|河副|河添	surname-source-estimated-count-order
にいむら	二村|仁井村|仁村|新村	surname-source-estimated-count-order
かじた	梶多|梶田|楫田|鍛冶田|鍛治田|鍛田|鍜治田|鍜田	surname-source-estimated-count-order
にしい	西井|西伊|西依|西居|西飯	surname-source-estimated-count-order
にしうら	西占|西浦|西裏	surname-source-estimated-count-order
したじ	下地	surname-source-estimated-count-order
ひらもと	平下|平元|平本|柊本|比良元	surname-source-estimated-count-order
いわむら	岩村|岩邑|磐村	surname-source-estimated-count-order
やなせ	柳勢|柳清|柳瀬|梁川|梁瀬|矢那瀬|箙瀬|簗瀬	surname-source-estimated-count-order
まるた	丸太|丸田|円田|圓田	surname-source-estimated-count-order
かの	下野|仮野|假野|加埜|加納|加野|可野|叶|叶野|嘉納|嘉野|狩埜|狩野|神農|管野|花野|葛野|蚊野|賀野|香野|鹿埜|鹿野	surname-source-estimated-count-order
くらはし	倉槁|倉橋|椋椅|蔵橋|藏橋|鞍橋	surname-source-estimated-count-order
はない	花井|英井|華井|華緯	surname-source-estimated-count-order
おおこし	大腰|大越	surname-source-estimated-count-order
ながぬま	永沼|長沼	surname-source-estimated-count-order
いまがわ	今川|今河	surname-source-estimated-count-order
かしま	下島|加島|加嶋|加嶌|嘉島|嘉嶋|嘉志摩|栢間|樫間|花島|葛島|賀島|賀嶋|辛島|錺間|香島|香嶋|鹿島|鹿嶋|鹿嶌|鹿間	surname-source-estimated-count-order
すぎさき	杉|杉埼|杉崎|椙崎	surname-source-estimated-count-order
つじむら	辻村|辻邑|辻邨	surname-source-estimated-count-order
つかこし	塚越|柄越	surname-source-estimated-count-order
こみね	古峯|古峰|小宮根|小峯|小峰|小嶺|木峰	surname-source-estimated-count-order
てらさき	寺|寺前|寺岬|寺崎|寺嵜|手崎	surname-source-estimated-count-order
まつや	松家|松屋|松矢|松谷	surname-source-estimated-count-order
ふじしま	冨士島|藤島|藤嶋|藤嶌	surname-source-estimated-count-order
ももせ	桃瀬|百々瀬|百瀬|百生	surname-source-estimated-count-order
あがつま	上妻|吾妻|我妻|阿我妻	surname-source-estimated-count-order
ふたびん	二瓶	surname-source-estimated-count-order
てらい	寺井|寺居|照井	surname-source-estimated-count-order
じない	似内|寺内	surname-source-estimated-count-order
みなと	三奈戸|尹戸|港|湊|源|秦	surname-source-estimated-count-order
しんぼ	新保|新甫|新穂|眞保|真保|神保	surname-source-estimated-count-order
かんばら	上原|咸原|寒原|監原|神原|管原|菅原|蒲原|金原|鑑原|関原	surname-source-estimated-count-order
あかばね	明羽|明羽根|朱羽|朱羽根|紅羽|紅羽根|赤刎|赤羽|赤羽根	surname-source-estimated-count-order
とも	伴|友|塘|奉|智|鞆	surname-source-estimated-count-order
かわな	川名|川和|川奈|川姓|川菜|川那|河名|河奈|河姓|河菜	surname-source-estimated-count-order
だて	伊逹|伊達|安達|舘|館	surname-source-estimated-count-order
ふるいち	古一|古市|古都	surname-source-estimated-count-order
ますこ	升子|増児|増古|増子|枡子|桝子|猿女|益子|舛子|鱒子	surname-source-estimated-count-order
ほんごう	北郷|本剛|本合|本江|本郷	surname-source-estimated-count-order
たきた	多喜田|多岐田|滝太|滝田|瀧田|田北|竜田|龍田	surname-source-estimated-count-order
うら	宇羅|宇良|浦|火浦|蒲|裏	surname-source-estimated-count-order
しながわ	信川|品川	surname-source-estimated-count-order
しのづか	信塚|篠塚	surname-source-estimated-count-order
とうの	凍野|堂野|塔尾|塔野|嶝野|当野|投野|東乃|東埜|東尾|東野|桐野|當野|等農|統乃|藤埜|藤野|遠野|陳野|陶野	surname-source-estimated-count-order
むろい	室井|無量井|百里|諸井	surname-source-estimated-count-order
いしざわ	石沢|石澤	surname-source-estimated-count-order
とい	問|問井|土居|土肥|外井|戸井|東院|樋|渡井|登井|都井|間	surname-source-estimated-count-order
くまさわ	熊沢|熊澤|隈澤	surname-source-estimated-count-order
まの	幡野|槙野|潤野|眞埜|眞野|真埜|真野|磨野|間埜|間野|馬野|麻埜|麻野	surname-source-estimated-count-order
のま	乃万|埜間|野末|野満|野間|野馬|飲間	surname-source-estimated-count-order
おおまえ	大前	surname-source-estimated-count-order
ぐんじ	群司|群地|軍事|軍侍|軍司|軍地|軍待|軍次|軍治|郡司|郡地|郡士|郡志|郡治	surname-source-estimated-count-order
かね	兼|加根|周|嘉根|矩|賀根|金|鐘	surname-source-estimated-count-order
ひらはら	平原|櫟原	surname-source-estimated-count-order
まとば	射場|的場|的塲|的羽|的葉|的馬|間戸場|馬戸場	surname-source-estimated-count-order
なかおか	中丘|中岡|中生加|仲岡|永丘|永岡	surname-source-estimated-count-order
すなが	壽永|寿永|巣永|洲永|砂永|砂賀|砂長|須永|須長	surname-source-estimated-count-order
かたの	交野|加田野|形埜|形野|方野|潟野|片埜|片田野|片野|肩野|賀田野	surname-source-estimated-count-order
えだ	会田|依田|得田|恵田|會田|朶|枝|栄田|榎田|江田|重田	surname-source-estimated-count-order
むらこし	村越	surname-source-estimated-count-order
えがしら	江頭	surname-source-estimated-count-order
しんかわ	信川|新川|新河|晋川|真川|親川|進川	surname-source-estimated-count-order
むらなか	村中|村仲|村奈嘉|邑中|邨中	surname-source-estimated-count-order
おおみや	厳|大光明|大味谷|大宮|大都|近江屋|近江矢|近江谷	surname-source-estimated-count-order
じんぼ	仁保|新保|真保|神保	surname-source-estimated-count-order
ふじやま	不二山|冨士山|富士山|藤山	surname-source-estimated-count-order
てるい	照井|輝井	surname-source-estimated-count-order
なぐも	南雲|名雲|奈雲	surname-source-estimated-count-order
あつみ	佗美|厚み|厚味|厚海|厚美|厚見|安海|握美|敦美|敦見|淳美|淳見|渥実|渥實|渥海|渥美|渥見|温水|温海|熱海|熱美|熱見	surname-source-estimated-count-order
あんざい	安在|安才|安斉|安斎|安済|安濟|安積|安細|安薺|安西|安財|安雑|安齊|安齋|案済|案西	surname-source-estimated-count-order
ながとも	氷塘|永友|永塘|長侶|長友	surname-source-estimated-count-order
さか	三箇|佐加|佐賀|坂|酒|阪	surname-source-estimated-count-order
のじり	埜尻|野じり|野尻	surname-source-estimated-count-order
おおいわ	大岩|大磐	surname-source-estimated-count-order
きんばら	金原	surname-source-estimated-count-order
ひさだ	久夛|久田|壽田|悲佐田	surname-source-estimated-count-order
ゆかわ	勇川|油川|油河|湯川|湯河|由川|祐川|結川|遊川|陽川	surname-source-estimated-count-order
すみた	住田|墨田|壽田|寿美田|清田|湫|湫田|澄田|炭多|炭田|純田|角田|隅田	surname-source-estimated-count-order
やすはら	保原|安原|康原|泰原	surname-source-estimated-count-order
あかい	丹|明井|明居|朱井|朱居|紅井|紅居|緋い|緋井|緋居|赤井|赤居|閼伽井|阿加井|阿迦井	surname-source-estimated-count-order
ひろかわ	宏川|広川|広河|廣川|廣河|弘川|祐川|紘川|裕川	surname-source-estimated-count-order
もりしま	守島|守嶋|森島|森嶋|森嶌|盛島|盛嶋	surname-source-estimated-count-order
くりもと	操本|栗元|栗本|栗源	surname-source-estimated-count-order
たかす	多賀須|高壽|高寿|高州|高巣|高栖|高洲|高須|高鷲|鷹巣|鷹栖	surname-source-estimated-count-order
やぶき	八吹|家葺|屋吹|屋葺|矢吹|矢葺|箭吹|籔木|薮亀|薮木|藪亀|藪木	surname-source-estimated-count-order
ますやま	升山|増山|曽山|枡山|桝山|益山|舛山|鱒山	surname-source-estimated-count-order
おおかわら	大川原|大河原	surname-source-estimated-count-order
まつはし	松橋|松端	surname-source-estimated-count-order
ふしみ	伏見|穴見|節見	surname-source-estimated-count-order
おやまだ	小山田	surname-source-estimated-count-order
ありむら	在村|有村|蟻村	surname-source-estimated-count-order
ふなこし	冨名腰|冨姓腰|富名腰|富姓腰|舟腰|舟越|舩越|船越	surname-source-estimated-count-order
いしおか	石丘|石岡	surname-source-estimated-count-order
しおざき	塩埼|塩境|塩崎|塩嵜|塩沢|志尾|志尾崎|汐|汐崎|潮|潮先|潮崎	surname-source-estimated-count-order
かじ	加地|加持|加治|勝|可児|可知|嘉地|嘉寺|嘉治|家治|柁|梶|楫|賀司|賀地|賀治|鍛|鍛冶|鍛次|鍛治|鍛示|鍜|鍜冶|鍜次|鍜治|鍜示|鹿地	surname-source-estimated-count-order
つむら	ツムラ|津村|津邑|津邨|積良|辻村|都村	surname-source-estimated-count-order
きたおか	北岡|喜多岡|貴田岡	surname-source-estimated-count-order
ましこ	増古|増子|猿子|益子	surname-source-estimated-count-order
つぼた	坪多|坪田|壷田|壺田	surname-source-estimated-count-order
さがら	佐伽羅|佐加良|佐柄|佐良|左柄|早良|根良|相原|相柄|相楽|相樂|相良|艸楽|設楽|讃良	surname-source-estimated-count-order
かねの	金之|金埜|金納|金野|鐘野	surname-source-estimated-count-order
かみおか	上岡|亀岡|神岡|紙岡|頂岳	surname-source-estimated-count-order
いしむら	石村|石邑|石邨	surname-source-estimated-count-order
たかつ	高津|鷹津	surname-source-estimated-count-order
よしみ	吉味|吉巳|吉末|吉水|吉泉|吉海|吉美|吉見|吉誼|善見|大見|好実|好美|好見|由美|由見|禧美|美見|義見|能美|能見|芳見	surname-source-estimated-count-order
せきもと	堰本|碩本|磧本|積本|関元|関基|関本|關本	surname-source-estimated-count-order
なかもり	中守|中森|中盛|仲森|仲盛	surname-source-estimated-count-order
にしもり	西守|西成|西森|西盛	surname-source-estimated-count-order
ふじたに	冨士谷|富士渓|富士谷|藤多|藤渓|藤谷	surname-source-estimated-count-order
やざき	八崎|八嵜|家崎|屋崎|矢ケ|矢ケ崎|矢埼|矢崎|矢嵜|谷|谷崎|野|野崎	surname-source-estimated-count-order
いそがい	五十貝|印具|磯海|磯谷|磯貝|礒海|礒谷|礒貝	surname-source-estimated-count-order
みどりがわ	緑川	surname-source-estimated-count-order
やまき	八万木|八卷|八巻|八槇|八槙|八牧|山喜|山城|山奇|山岐|山嵜|山木|山来|山橲|山鬼|矢巻|矢放|矢牧|矢蒔	surname-source-estimated-count-order
たにだ	澗田|谷多|谷田	surname-source-estimated-count-order
ふじまき	不二牧|富士巻|藤卷|藤収|藤巻|藤牧|藤纒	surname-source-estimated-count-order
くわの	久和野|桑埜|桑野|鍬農|鍬野	surname-source-estimated-count-order
いなむら	稲村|稲邑|稻村|苗村	surname-source-estimated-count-order
かじやま	加治山|柁山|梶上|梶山|楫山|楮山|樫山|白梼山|白檮山|華地山|鍛冶山|鍛治山|鍵山	surname-source-estimated-count-order
ふくし	福司|福士|福島	surname-source-estimated-count-order
たかさか	高坂|高阪|髙坂|鷹阪	surname-source-estimated-count-order
かきうち	垣内|垣内田|垣田|柿内|柿打	surname-source-estimated-count-order
たかさわ	高沢|高澤|鷹沢|鷹澤	surname-source-estimated-count-order
やまわき	山脇|山腋	surname-source-estimated-count-order
なかそね	中宗根|中曽根|中曽祢|中曽称|中曾根|仲宗根|仲曽根|仲曾根	surname-source-estimated-count-order
せきの	昔農|碩野|積野|赤野|釈野|関乃|関埜|関野|關野	surname-source-estimated-count-order
もりさき	守|守先|守崎|森|森先|森咲|森埼|森崎|森嵜|森碕|盛|盛崎	surname-source-estimated-count-order
はまなか	浜中|浜仲|濱中|濱仲|葉真中	surname-source-estimated-count-order
みずもと	水元|水本	surname-source-estimated-count-order
こむら	古村|古邑|子村|小村|小椋|小邑|小邨|戸村|杏村|許村	surname-source-estimated-count-order
なかみち	中満|中路|中道|仲道	surname-source-estimated-count-order
たなはし	店橋|柵橋|棚槁|棚橋|棚端|田奈橋	surname-source-estimated-count-order
うしじま	牛島|牛嶋|牛嶌	surname-source-estimated-count-order
すみよし	住吉|住好|住芳|炭吉	surname-source-estimated-count-order
まつばやし	松林	surname-source-estimated-count-order
ゆもと	柚本|油本|湯元|湯本|由本|行元	surname-source-estimated-count-order
たにうち	渓内|溪内|谷内	surname-source-estimated-count-order
にむら	丹村|二村|二邨|仁村|仁邨|荷村	surname-source-estimated-count-order
さこだ	佐古田|佐子田|佐小田|作田|岶田|峪田|硲田|迫田|逧田	surname-source-estimated-count-order
てるや	照屋|照谷	surname-source-estimated-count-order
さかき	佐柿|坂喜|坂城|坂寄|坂木|彭城|栄木|榊|榊木|賢木|酒城|酒寄|酒木|酒樹|阪木|阪記	surname-source-estimated-count-order
こみやま	児宮山|児見山|古宮山|古美山|古見山|小味山|小宮山|小深山|小美山|小見山|籠山|込山	surname-source-estimated-count-order
こたけ	古武|固武|小宅|小岳|小嶽|小武|小竹	surname-source-estimated-count-order
ふなき	舟喜|舟城|舟木|舟槻|舟生|舩木|舩槻|舩樹|船喜|船城|船木|船槻|船樹|船生	surname-source-estimated-count-order
たまかわ	玉川	surname-source-estimated-count-order
ひがしやま	東山	surname-source-estimated-count-order
かきざき	垣崎|柿崎|柿嵜|柿澤|蛎埼|蛎崎|蠣埼|蠣崎	surname-source-estimated-count-order
かが	伽賀|何|佳賀|利|加我|加賀|加鹿|可賀|可香|嘉賀|甲賀|鹿賀	surname-source-estimated-count-order
かきもと	加木元|垣元|垣本|柿下|柿元|柿本|桓本	surname-source-estimated-count-order
しおの	塩埜|塩生|塩野|志生野|志緒野|汐野|潮野	surname-source-estimated-count-order
つばき	椿|越宗|鍔木	surname-source-estimated-count-order
いいむら	飯村	surname-source-estimated-count-order
しおざわ	塩沢|塩澤|志保沢|志保澤|汐沢|汐澤|潮沢|潮澤	surname-source-estimated-count-order
にいみ	二井見|仁井見|新免|新実|新實|新居見|新海|新美|新色|新見	surname-source-estimated-count-order
まるおか	丸岡|丸岳|円岡|圓岡	surname-source-estimated-count-order
おおさか	大坂|大幸|大笹|大阪|逢坂|逢阪	surname-source-estimated-count-order
うめき	埋木|梅城|梅木|梅樹|楳木	surname-source-estimated-count-order
あかつか	明塚|暁霞|朱塚|紅塚|赤塚|赤柄	surname-source-estimated-count-order
つるみ	寉見|津留見|蔓見|霍見|鶴味|鶴海|鶴見|鶴身	surname-source-estimated-count-order
よしたけ	儀武|吉岳|吉武|吉竹|善丈|善竹|善誉|喜健|嘉剛|好武|好竹|義剛|義岳|義武|芳岳|芳武|芳竹|葭竹	surname-source-estimated-count-order
えつかわ	越川	surname-source-estimated-count-order
たざわ	多沢|多澤|柁沢|田沢|田澤	surname-source-estimated-count-order
やざわ	八沢|八澤|屋沢|屋澤|柳澤|矢沢|矢澤|谷沢|谷澤	surname-source-estimated-count-order
たかもり	孝森|隆盛|高守|高森|高橋|高盛|鷹森	surname-source-estimated-count-order
げや	下家|下野	surname-source-estimated-count-order
きよはら	喜代原|浄原|清原|聖原	surname-source-estimated-count-order
からさわ	唐沢|唐澤|柄沢|柄澤|椛澤|樺沢|樺澤|涸沢|辛沢	surname-source-estimated-count-order
こまい	古米|小舞|小間井|小馬井|狛井|駒井|駒居	surname-source-estimated-count-order
こばし	児橋|兒橋|古橋|小槁|小橋|巨橋	surname-source-estimated-count-order
こうやま	倖山|光山|公山|向山|孔山|幸山|教山|桑山|洪山|甲山|神山|耕山|鉱山|鎬山|香山|高山|鴻山	surname-source-estimated-count-order
いざわ	丼澤|井沢|井澤|伊沢|伊澤|兎澤|出沢|射和|居沢|居澤|猪沢|猪澤|胆沢|胆澤|飯沢	surname-source-estimated-count-order
さわ	佐和|佐波|佐羽|左和|左巴|左波|沙和|沢|澤	surname-source-estimated-count-order
さんびん	三瓶	surname-source-estimated-count-order
ひらま	平間|平馬	surname-source-estimated-count-order
さめじま	鮫島|鮫嶋	surname-source-estimated-count-order
きじま	亀島|來島|來嶋|喜島|喜嶋|城島|城嶋|基島|木島|木嶋|木嶌|来島|来嶋|杵島|杵嶋|槐島|生島|耒嶋|記島|貴島|貴嶋|雉間|鬼島|鬼嶋|鬼嶌	surname-source-estimated-count-order
うだ	兎田|卯田|右田|宇多|宇田|宇田川|宇陀|打它|浮田|烏田|瓜田|菟田|蒔田|鵜田	surname-source-estimated-count-order
つじい	辻井|辻居|逵井	surname-source-estimated-count-order
たかすぎ	貴杉|隆杉|高|高杉|高椙	surname-source-estimated-count-order
はらしま	原島|原嶋|原嶌	surname-source-estimated-count-order
たけばやし	武林|竹林	surname-source-estimated-count-order
かわうち	川内|河内	surname-source-estimated-count-order
たかばやし	高林|鷹林	surname-source-estimated-count-order
ひきた	匹田|引田|曳田|比喜多|疋檀|疋田|蟇田|鴇田	surname-source-estimated-count-order
にしざき	和|和崎|西|西崎|西嵜|西碕	surname-source-estimated-count-order
なくら	名倉|奈倉|奈蔵	surname-source-estimated-count-order
いそだ	五十田|磯田|礒田	surname-source-estimated-count-order
ささもと	佐々本|笠本|笹元|笹本|笹源|篠元|篠本	surname-source-estimated-count-order
はちまん	八万|八幡|八萬	surname-source-estimated-count-order
はなわ	塙|墫|花和|花曲|花輪|華輪|鼻和|鼻輪	surname-source-estimated-count-order
いぬかい	犬甘|犬貝|犬飼|犬養|狗飼	surname-source-estimated-count-order
ふくざわ	深澤|福沢|福澤	surname-source-estimated-count-order
はとり	八取|服取|服部|羽取|羽鳥|葉鳥|鳥羽	surname-source-estimated-count-order
かも	下茂|加我|加毛|加百|加茂|嘉茂|甲賀|賀茂|鴨|鹿毛	surname-source-estimated-count-order
よねや	哩谷|米家|米屋|米矢|米谷|米野	surname-source-estimated-count-order
ひらいし	平石	surname-source-estimated-count-order
はかまだ	羽鎌田|袴田	surname-source-estimated-count-order
かつやま	克山|勝山|嘉津山|堪山|戛山|戞山|曽山|活山|葛山	surname-source-estimated-count-order
なるみ	成味|成実|成實|成海|成美|成見|生三|鳥海|鳴海|鳴美|鳴見	surname-source-estimated-count-order
しまもと	島元|島本|嶋元|嶋本|嶌本	surname-source-estimated-count-order
にしがき	西垣|西墻|西柿|西牆	surname-source-estimated-count-order
つしま	但馬|対島|対嶋|対馬|對島|對嶋|對馬|島津|津島|津嶋|津嶌|津洲|都島|都嶋	surname-source-estimated-count-order
もりの	守埜|守能|守野|森ノ|森乃|森埜|森能|森野|毛利野|牡野|盛野	surname-source-estimated-count-order
かなもと	叶本|神本|金元|金本	surname-source-estimated-count-order
ながや	永冶|永屋|永治|永矢|永谷|鍋谷|長家|長尾|長屋|長矢|長谷|長野	surname-source-estimated-count-order
じょうち	上地|上智|城地|城知|帖地|状地	surname-source-estimated-count-order
むらお	村主|村尾|村生|村防|村雄|邨尾|邨生	surname-source-estimated-count-order
ふなばし	舟橋|舩橋|船橋	surname-source-estimated-count-order
いわはし	岩橋|岩階	surname-source-estimated-count-order
むらもと	村元|村本|邑元|邑十|邑本	surname-source-estimated-count-order
うらかわ	浦川|浦河|裏川|裏河	surname-source-estimated-count-order
やまうら	山浦|山裏	surname-source-estimated-count-order
しろ	代|城|志路|館	surname-source-estimated-count-order
きだに	喜谷|木谷	surname-source-estimated-count-order
さわむら	沢村|沢邑|沢邨|澤村|澤邑	surname-source-estimated-count-order
にいさと	新郷|新里	surname-source-estimated-count-order
わかすぎ	若|若杉|若椙	surname-source-estimated-count-order
こぐま	小熊	surname-source-estimated-count-order
かつら	勝占|勝羅|勝良|勝連|曽良|桂|葛|葛良|藤	surname-source-estimated-count-order
かみ	上|上見|何美|加三|加味|加美|加見|嘉美|嘉見|神|紙|賀味|賀美|賀見|香美	surname-source-estimated-count-order
おだじま	小田島|小田嶋|小田嶌|尾田島|織田島	surname-source-estimated-count-order
おおすぎ	大|大杉|大椙|大隅	surname-source-estimated-count-order
ちょう	丁|帳|廳|張|徴|晁|曹|朝|町|腸|臧|蝶|調|趙|鄭|鍾|長|頂	surname-source-estimated-count-order
あかほり	明堀|朱堀|紅堀|赤堀|赤掘	surname-source-estimated-count-order
はやせ	早勢|早瀬|速瀬|隼瀬	surname-source-estimated-count-order
よこみぞ	横溝	surname-source-estimated-count-order
しば	司波|司馬|志場|志波|志浪|志羽|志葉|志馬|斯波|柴|柴葉|榛葉|標葉|欺波|清波|紫波|紫葉|芝|鳥羽	surname-source-estimated-count-order
いせ	井勢|井瀬|亥瀬|以勢|伊世|伊佐|伊勢|伊瀬|伊青|威世|猪瀬	surname-source-estimated-count-order
おさない	小内|小山内|長内	surname-source-estimated-count-order
そえだ	副枝|副田|添田	surname-source-estimated-count-order
かわまた	川亦|川俣|川又|川眞田|川真田|川股|河亦|河俣|河又|河股	surname-source-estimated-count-order
ときた	任田|土岐田|土木田|常多|常田|戸北|戸木田|戸貴田|敞田|時田|蒔田|解田|説田|豆生田|鴇田|鴾田|齋田	surname-source-estimated-count-order
いしげ	井茂|伊茂|石下|石毛	surname-source-estimated-count-order
しろま	城間|白間	surname-source-estimated-count-order
たかつか	中司|竹束|貴家|高司|高塚|鷹塚	surname-source-estimated-count-order
ながみね	永岑|永峯|永峰|永嶺|長宗|長岑|長峯|長峰|長嶺	surname-source-estimated-count-order
みやむら	宮村	surname-source-estimated-count-order
いたや	伊田屋|板屋|板山|板矢|板谷	surname-source-estimated-count-order
ふかがわ	梁川|深川|深河	surname-source-estimated-count-order
せりざわ	堰沢|芹沢|芹澤	surname-source-estimated-count-order
たかく	田覚|高久|高工|鷹久	surname-source-estimated-count-order
こうもと	光本|公本|好元|好本|孝本|幸元|幸本|広元|広本|廣元|廣本|河元|河本|洪本|甲元|甲本|神本|興本|興茂|行本|講元|講本|香元|香本|高元|高本|鴻本	surname-source-estimated-count-order
たけやま	岳山|嶽山|武山|瑞慶山|竹山|茸山	surname-source-estimated-count-order
ほしな	保志名|保科|星名|星奈|星姓|星科|法信|穂科	surname-source-estimated-count-order
やない	家内|屋内|染井|柳|柳井|柳内|柳居|桝井|梁井|楊|楊井|矢内|箭内|簗井|谷内|谷苗|野内	surname-source-estimated-count-order
とりうみ	取海|鳥海	surname-source-estimated-count-order
まるお	丸尾|丸応|丸應|丸王|円尾|圓尾	surname-source-estimated-count-order
おおさこ	大佐古|大幸|大砂古|大硲|大窄|大迫|大追	surname-source-estimated-count-order
まつば	松場|松波|松葉|松馬|枩場	surname-source-estimated-count-order
なおい	名生|猶井|直井|直居	surname-source-estimated-count-order
いいぬま	飯沼	surname-source-estimated-count-order
ひらいわ	平岩|平石	surname-source-estimated-count-order
ながまつ	永末|永松|長松	surname-source-estimated-count-order
よねむら	米村	surname-source-estimated-count-order
たにやま	渓山|谷山	surname-source-estimated-count-order
とくやま	得山|徳山|悳山|渡久山|篤山	surname-source-estimated-count-order
しおかわ	塩川|塩河|志お川|汐川|潮川	surname-source-estimated-count-order
くにい	国ヰ|国井|国居|國丼|國井	surname-source-estimated-count-order
おおがみ	大|大上|大狼|大神|大賀美	surname-source-estimated-count-order
たけしま	嵩島|武島|武嶋|竹島|竹嶋|竹嶌	surname-source-estimated-count-order
やすおか	保岡|安岡|泰丘|泰岡|泰阜	surname-source-estimated-count-order
いど	井土|井戸|井門|伊土|伊戸|出戸|居戸|怡土	surname-source-estimated-count-order
きりやま	切山|喜里山|桐山|貴理山|霧山	surname-source-estimated-count-order
みずこし	水こし|水漉|水腰|水越	surname-source-estimated-count-order
しんじょう	慎城|新上|新城|新定|新庄|新条|新條|新正|新荘|新莊|晋勝|眞城|眞浄|真城|真常|真庄|真浄|神城|神成	surname-source-estimated-count-order
べっぷ	別府|別符|別部	surname-source-estimated-count-order
くろせ	黒瀬|黒精	surname-source-estimated-count-order
やまじ	山司|山地|山次|山池|山治|山路|山道	surname-source-estimated-count-order
かんばやし	上林|勘林|官林|寒林|神林|管林|舘林|鎌林|閑林	surname-source-estimated-count-order
つくだ	九十田|付田|佃|作田|侭田|津久田|營田|突田|筑田|築田|紹田|造田|附田	surname-source-estimated-count-order
おばま	オバマ|小|小汀|小浜|小濱|尾浜	surname-source-estimated-count-order
つげ	告|拓植|拓殖|柘|柘植|津下|津毛|詫|都祁|黄揚|黄楊	surname-source-estimated-count-order
おおすが	大壽賀|大寿賀|大菅|大須賀	surname-source-estimated-count-order
いかり	一光|五十里|井刈|井狩|井苅|伊加利|伊狩|伊苅|怒|猪刈|猪狩|碇|錠|錨	surname-source-estimated-count-order
あかま	明間|朱間|紅間|赤摩|赤真|赤磨|赤間	surname-source-estimated-count-order
こうだ	倖田|光多|光田|公田|古宇田|合田|向後|向田|国府台|国府田|國府田|堅田|好田|孝多|孝田|小宇田|幸多|幸田|広田|廣田|弘田|後田|杲田|槁田|江田|河田|洪田|浩田|溝田|甲田|畊田|神多|神田|紅田|耕田|胡宇田|荒田|行田|迎田|鉱田|香田|高田|鴻生田|鴻田|黄田	surname-source-estimated-count-order
ひなた	向陽|日南田|日名田|日向|日当|日永田|日當|日那田|日陽|暄|比奈田	surname-source-estimated-count-order
いわの	岩乃|岩埜|岩野|巌野|巖野|石野|礒野	surname-source-estimated-count-order
やすえ	保江|安恵|安枝|安永|安江|泰江	surname-source-estimated-count-order
たけのうち	武ノ内|武之内|武内|武野内|竹ノ内|竹之内|竹内|竹野内	surname-source-estimated-count-order
くまの	熊埜|熊野|隈野	surname-source-estimated-count-order
ふくどめ	福留	surname-source-estimated-count-order
いこま	井駒|伊駒|居駒|所古|生馬|生駒|田林	surname-source-estimated-count-order
おおいずみ	大泉	surname-source-estimated-count-order
やぎぬま	八木沼|柳沼|桝沼	surname-source-estimated-count-order
おおこうち	大川内|大河内|大高知	surname-source-estimated-count-order
ひらしま	平島|平嶋|平嶌|平州|平洲	surname-source-estimated-count-order
いわみ	岩味|岩水|岩美|岩見|巌見|巖見|石水|石見	surname-source-estimated-count-order
わき	和喜|和木|和気|和氣|和記|和鬼|涌喜|脇|輪木	surname-source-estimated-count-order
あおしま	青島|青嶋|青嶌	surname-source-estimated-count-order
すざき	周|周崎|壽|壽崎|壽嵜|寿|寿埼|寿崎|寿嵜|州|州崎|州嵜|数|数崎|朱雀|汀|洌|洌崎|洌嵜|洲|洲岬|洲崎|洲嵜|素|素崎|諏先|諏崎|酢|酢崎|阪口|須|須崎|須嵜|鷲|鷲崎|鷲嵜	surname-source-estimated-count-order
むらかわ	村側|村川|村河|邑川|邨川	surname-source-estimated-count-order
ふじ	不二|不士|冨士|富司|富士|籐|芙二|藤	surname-source-estimated-count-order
しんやま	信山|新山|晋山|榛山|辛山	surname-source-estimated-count-order
ふじえ	冨士栄|富士栄|富士江|渋江|藤恵|藤朶|藤枝|藤栄|藤江|藤重	surname-source-estimated-count-order
とりごえ	酉越|鳥越	surname-source-estimated-count-order
さるわたり	去渡|猿渡	surname-source-estimated-count-order
そうだ	双田|宗田|崇田|左右田|惣多|惣田|想田|早田|曽田|曾田|會田|棗田|相田|総田|荘田|莊田|蒼田|造田|鎗田|隻田|雙田|颯田	surname-source-estimated-count-order
くまもと	熊元|熊本|隈元|隈本	surname-source-estimated-count-order
いしがみ	石上|石神|磧上|階上	surname-source-estimated-count-order
うえにし	上西|植西	surname-source-estimated-count-order
やまにし	山西	surname-source-estimated-count-order
かみお	上尾|神尾|神生|神翁|紙尾	surname-source-estimated-count-order
なかひら	中平|中比良|仲平	surname-source-estimated-count-order
なとり	名取|名執|名里|名鳥|姓取|汝鳥	surname-source-estimated-count-order
ふかみ	不可三|冨加美|冨加見|冨賀見|富加美|富加見|富賀見|深味|深水|深海|深美|深見|渤海	surname-source-estimated-count-order
あかみね	明峯|明峰|明嶺|朱峯|朱峰|朱嶺|紅峯|紅峰|紅嶺|赤峯|赤峰|赤嶺|阿嘉嶺|阿賀嶺	surname-source-estimated-count-order
うえじま	上島|上嶋|上嶌|植島|植嶋	surname-source-estimated-count-order
さきやま	佐木山|先山|前山|向山|咲山|埼山|崎山|嵜山|左木山|栄山|碕山	surname-source-estimated-count-order
やはぎ	矢作|矢矧|矢荻|矢萩|谷萩	surname-source-estimated-count-order
かまくら	蒲倉|釜倉|鎌倉	surname-source-estimated-count-order
ひょうどう	俵藤|俵道|俵頭|兵働|兵動|兵東|兵等|兵籐|兵藤|兵道|兵頭	surname-source-estimated-count-order
こまつざき	小松|小松崎|小松嵜	surname-source-estimated-count-order
こづか	古塚|子塚|小塚|小柄|木塚|狐塚|狐墳|狸塚	surname-source-estimated-count-order
しゅうぞう	宗像	surname-source-estimated-count-order
わたぬき	六月朔日|四月一日|四月朔|四月朔日|四月朔月|渡抜|渡拔|渡樌|渡貫|綿引|綿抜|綿拔|綿秡|綿脱|綿貫	surname-source-estimated-count-order
すなだ	妙田|砂田	surname-source-estimated-count-order
いわきり	岩切	surname-source-estimated-count-order
はるた	春多|春田|東田|治多|治田|美田	surname-source-estimated-count-order
ながえ	永恵|永方|永柄|永栄|永榮|永江|流江|長廻|長柄|長栄|長永|長江|長衛	surname-source-estimated-count-order
すみ	スミ|住|墨|壽美|壽見|寿命|寿美|寿見|洲見|清|済|渥美|澄|炭|純|角|隅|須美|須見|鷲見	surname-source-estimated-count-order
あきよし	日吉|明吉|昭吉|淳吉|璃吉|秋吉|秋好|秋由|秋芳|穐吉|穐好|龝吉|龝好	surname-source-estimated-count-order
やすもと	保元|保本|安元|安本|家寿多|康元|康本|泰元|泰本|行元|靖本	surname-source-estimated-count-order
しおはら	塩原|栞原|汐原	surname-source-estimated-count-order
にいくら	新倉|新座|新蔵|新鞍	surname-source-estimated-count-order
たけや	武屋|武矢|武箭|武谷|竹家|竹屋|竹矢|竹舎|竹谷	surname-source-estimated-count-order
はぎの	荻野|萩埜|萩野	surname-source-estimated-count-order
まつざか	松坂|松塚|松阪	surname-source-estimated-count-order
さくらば	桜場|桜庭|桜葉|櫻場|櫻庭|櫻羽	surname-source-estimated-count-order
おにずか	鬼塚|鬼束	surname-source-estimated-count-order
あらや	新家|新屋|新矢|新谷|粕谷|荒家|荒屋|荒矢|荒耶|荒谷|荒野|阿頼耶|顕谷	surname-source-estimated-count-order
いしつ	石津	surname-source-estimated-count-order
せきかわ	堰川|昔川|積川|関川|関河|關川	surname-source-estimated-count-order
ひらき	平城|平木|比良木|発|白木|開|開キ	surname-source-estimated-count-order
かじたに	加持谷|柁谷|梶谷|楫谷|鍛冶谷|鍛治谷|鍛谷|鍜治谷|鍜谷|鍵谷|閑治谷	surname-source-estimated-count-order
そのべ	其部|園延|園辺|園邊|園部|磯部|薗辺|薗邉|薗部|蘇野辺	surname-source-estimated-count-order
いちはし	一橋|壱橋|市原|市槁|市橋	surname-source-estimated-count-order
ふなはし	舟槁|舟橋|舩橋|船梁|船槁|船橋|鮒橋	surname-source-estimated-count-order
ました	味舌|増田|猿田|益田|眞下|真下|蒔田|間下	surname-source-estimated-count-order
ひるた	日留田|昼田|晝田|比畄田|比留田|蛙田|蛭多|蛭田	surname-source-estimated-count-order
ひろおか	宏岡|広岡|広陵|廣岡|弘岡|肱岡	surname-source-estimated-count-order
ふじえだ	冨士枝|富士枝|藤枝|藤條	surname-source-estimated-count-order
たけがわ	嶽川|武川|竹川	surname-source-estimated-count-order
ませ	摩瀬|猿|眞勢|眞瀬|真勢|真瀬|間瀬|馬瀬|麻世	surname-source-estimated-count-order
おかばやし	岡林	surname-source-estimated-count-order
にかいどう	二楷堂|二階堂|仁階堂	surname-source-estimated-count-order
とき	兆向|十亀|十時|土岐|土生|戸來|戸岐|戸木|戸来|斎|斗鬼|時間|月時|登喜|登岐|都喜|都木|釋|鴇|鴾|鶚	surname-source-estimated-count-order
おおおか	大丘|大尾嘉|大岡|太岡	surname-source-estimated-count-order
いけの	池|池ノ|池之|池埜|池生|池野|生野	surname-source-estimated-count-order
かがや	加々谷|加賀|加賀屋|加賀谷|可香谷|河々谷|蚊谷	surname-source-estimated-count-order
たけざわ	岳沢|岳澤|嶽沢|嶽澤|武沢|武澤|竹沢|竹澤	surname-source-estimated-count-order
いそ	五十|井曽|井曾|伊蘇|李素|石|磯|礒	surname-source-estimated-count-order
さはら	佐原|佐良|在原|左原|左良|沙原|砂原	surname-source-estimated-count-order
いそむら	五十村|磯村|磯邑|礒村	surname-source-estimated-count-order
いちのせ	一の瀬|一ノ世|一ノ勢|一ノ清|一ノ瀬|一乃瀬|一之瀬|一瀬|一野瀬|市ノ瀬|市之瀬|市埜瀬|市瀬|市野瀬	surname-source-estimated-count-order
くろす	黒子|黒巣|黒須	surname-source-estimated-count-order
ひがしだ	東田	surname-source-estimated-count-order
とば	戸場|戸張|戸波|戸羽|羽場|羽鳥|門馬|鳥場|鳥羽	surname-source-estimated-count-order
かわじり	川尻|河尻	surname-source-estimated-count-order
ともだ	伴田|供田|共田|友田|塘田|明田|朋田|鞆田	surname-source-estimated-count-order
きしの	岸埜|岸野|木住野|来住野|耒住野|貴篠	surname-source-estimated-count-order
たつみ	多積|巽|田積|立己|立巳|立美|立見|立身|竜己|竜巳|竜見|辰己|辰已|辰巳|辰田|辰美|辰見|辰身|達己|達美|達見|達身|選|震|龍味|龍巳|龍水|龍湖|龍美|龍見	surname-source-estimated-count-order
せいけ	成毛|清家	surname-source-estimated-count-order
おおみ	会美|大三|大参|大味|大寳|大己|大巳|大御|大水|大海|大深|大箕|大美|大見|大観|奥海|巨海|淡海|淤見|近江|近美|逢見|青海	surname-source-estimated-count-order
そえじま	副島|副嶋|副嶌|島藤|添島|添嶋	surname-source-estimated-count-order
たいが	大峩|大河|大画|大賀	surname-source-estimated-count-order
もとき	元喜|元城|元基|元希|元木|旧木|本城|本木|蘓来	surname-source-estimated-count-order
むらの	村埜|村野|邑野|邨野	surname-source-estimated-count-order
わきざか	脇坂|脇阪	surname-source-estimated-count-order
おおほり	大堀|大掘|大洞	surname-source-estimated-count-order
たかいし	貴石|高石|鷹石	surname-source-estimated-count-order
まぶち	満淵|満渕|眞淵|眞渕|真淵|真渕|磨渕|間淵|間渕|馬淵|馬渕|麻布地	surname-source-estimated-count-order
いぬづか	犬塚|犬束	surname-source-estimated-count-order
なかぞの	中ぞの|中囿|中園|中苑|中薗|仲園|長園	surname-source-estimated-count-order
ふなつ	舟津|舩津|船津	surname-source-estimated-count-order
とむら	仁村|十村|外村|外邨|富村|戸村|戸邨|斗村|渡村|登村	surname-source-estimated-count-order
きくがわ	喜久川|菊川|菊河|規工川	surname-source-estimated-count-order
ほりお	堀尾|堀生|掘尾	surname-source-estimated-count-order
よねかわ	米川|米河	surname-source-estimated-count-order
いさか	井坂|井阪|伊坂|伊阪|位坂|匂坂|居坂|居阪|猪坂|猪阪	surname-source-estimated-count-order
ほしかわ	乾川|千川|干川|星川|星河	surname-source-estimated-count-order
よしまつ	吉末|吉松|義松|芳松	surname-source-estimated-count-order
さやま	佐山|作山|左山|早山|曽山|狭山|狹山|猿山|相山|砂山|細山|茶山	surname-source-estimated-count-order
すやま	周山|壽山|寸山|寿山|嵩山|州山|巣山|数山|栖山|洲山|硯山|簀山|諏山|酢山|陶山|隅山|須山	surname-source-estimated-count-order
おくたに	奥渓|奥谷|奧渓|奧谷	surname-source-estimated-count-order
たが	丹賀|多嘉|多家|多賀|夛賀|田賀|田鹿	surname-source-estimated-count-order
おおさと	大郷|大里	surname-source-estimated-count-order
よしなり	吉成|吉馴|善成|芳成	surname-source-estimated-count-order
ありよし	在吉|有吉|有好|有芳|蟻吉|蟻義	surname-source-estimated-count-order
たにおか	渓岡|澗岡|谷丘|谷岡	surname-source-estimated-count-order
わかつき	和哥月|和歌月|若月|若槻|若築|若附	surname-source-estimated-count-order
たまる	多丸|太丸|田丸|田円|田圓	surname-source-estimated-count-order
かじかわ	柁川|梶川|梶河|舵川|鍛冶川|鍛川|鍛治川|鍜川|鍜治川	surname-source-estimated-count-order
つぼうち	坪内|壷内|壹内|壺内	surname-source-estimated-count-order
おだぎり	小田切|小田桐	surname-source-estimated-count-order
かめや	亀屋|亀矢|亀谷|亀野|龜谷	surname-source-estimated-count-order
つじの	叶野|辻ノ|辻埜|辻野	surname-source-estimated-count-order
かたくら	形倉|方倉|片倉	surname-source-estimated-count-order
ほうじょう	保条|北城|北条|北條|北篠|北絛|名越|奉城|宝城|宝定|宝条|宝生|彭城|放上|放生|方丈|方城|法上|法定|法条|豊饒|邦城|鳳城|鳳条	surname-source-estimated-count-order
きたぐち	北口	surname-source-estimated-count-order
ひおき	日沖|日置|氷置|火置	surname-source-estimated-count-order
すぎたに	杉渓|杉溪|杉谷	surname-source-estimated-count-order
かわきた	川北|川喜多|川喜田|川来|扮陽|汾陽|河北|河喜多	surname-source-estimated-count-order
みやたけ	宮岳|宮武|宮竹|都竹	surname-source-estimated-count-order
おおもと	大元|大友|大本|応本|王本	surname-source-estimated-count-order
さんち	山地	surname-source-estimated-count-order
えもと	会本|恵元|恵本|惠本|慧本|易本|會本|枝元|柄元|柄本|榎元|榎本|江元|江本|画本|絵本|繪本|衛本|重本	surname-source-estimated-count-order
えびさわ	恵比沢|海老沢|海老澤|蛯沢|蛯澤|蝦沢|鰕沢|鰕澤	surname-source-estimated-count-order
あかざわ	明沢|明澤|朱沢|朱澤|紅沢|紅澤|赤沢|赤澤	surname-source-estimated-count-order
どかた	土方	surname-source-estimated-count-order
いなみ	井並|井波|井浪|以南|伊並|伊南|伊奈見|伊波|伊浪|位並|印南|印波|印浪|居波|稲並|稲実|稲實|稲波|稲美|稲見	surname-source-estimated-count-order
はるやま	春山|晴山|治山|羽山|遙山|遥山	surname-source-estimated-count-order
しばはら	司馬原|志波原|柴原|芝原	surname-source-estimated-count-order
だいもん	代門|大門	surname-source-estimated-count-order
おおわき	大和貴|大脇|太脇	surname-source-estimated-count-order
ひろさわ	広沢|広澤|廣沢|廣澤|弘沢|弘澤	surname-source-estimated-count-order
ほりべ	堀辺|堀邊|堀部|掘部	surname-source-estimated-count-order
とや	土屋|土谷|外谷|戸屋|戸矢|戸谷|戸野|斗谷|渡矢|登矢|登谷|都屋|都谷|鳥家|鳥谷	surname-source-estimated-count-order
おかやす	岡保|岡安	surname-source-estimated-count-order
さた	三田|佐多|佐太|佐田|左田|沙汰|砂田	surname-source-estimated-count-order
ありもと	在元|在本|有元|有本|蟻元|蟻本	surname-source-estimated-count-order
ふじくら	藤倉|藤蔵	surname-source-estimated-count-order
みのわ	三ノ輪|三之輪|三埜|三輪|三野|三野輪|味野和|箕和|箕輪|簑和|簑島|簑輪|簔和|簔輪|美ノ輪|美濃和|美濃羽|美濃輪|美野輪|蓑和|蓑輪	surname-source-estimated-count-order
たけいし	岳石|嶽石|武石|獄石|竹石|筒石	surname-source-estimated-count-order
かたひら	加田平|片平	surname-source-estimated-count-order
あり	呵里|安里|有|蟻|阿利|阿理|阿里	surname-source-estimated-count-order
しだら	設楽|設樂|邑楽	surname-source-estimated-count-order
みやお	宮尾|宮生|都尾	surname-source-estimated-count-order
やしま	八島|八嶋|八嶌|八州|八洲|屋島|屋嶋|矢島|矢嶋|箭島|谷島|谷嶋	surname-source-estimated-count-order
ひめの	姫埜|姫野	surname-source-estimated-count-order
ほそみ	細海|細美|細見	surname-source-estimated-count-order
たやま	多山|夛山|太山|田山	surname-source-estimated-count-order
すえひろ	季広|末広|末廣|末弘	surname-source-estimated-count-order
たさか	多坂|田坂|田阪	surname-source-estimated-count-order
あかお	明尾|朱尾|紅尾|赤尾	surname-source-estimated-count-order
そがべ	宗我部|曽我辺|曽我部|曾伐部|曾我辺|曾我部	surname-source-estimated-count-order
おぎそ	小木曽|小木曾	surname-source-estimated-count-order
あかいし	明石|朱石|紅石|赤石	surname-source-estimated-count-order
てらやま	寺山	surname-source-estimated-count-order
まみや	万宮|眞宮|真宮|間宮|間見谷|馬宮	surname-source-estimated-count-order
きたうら	北多浦|北浦|北裏|木多浦	surname-source-estimated-count-order
なかごみ	中込	surname-source-estimated-count-order
つじだ	辻田	surname-source-estimated-count-order
ふかつ	冨加津|富加津|普勝|武津|深柄|深津|深澤	surname-source-estimated-count-order
せとぐち	世戸口|瀬之口|瀬戸口|瀬野口	surname-source-estimated-count-order
いとい	井樋|威徳井|糸井|糸居|糸魚	surname-source-estimated-count-order
むた	俗多|六田|武田|無田|牟田|蛭田	surname-source-estimated-count-order
まかべ	眞壁|真ケ部|真加部|真壁|真賀部|間ケ部|間ヶ部|間壁|間賀部|馬壁	surname-source-estimated-count-order
えがみ	廻神|恵紙|江上|江神|江頭|繪上	surname-source-estimated-count-order
こまつばら	古松原|小松原	surname-source-estimated-count-order
いせき	一関|井堰|井塞|井石|井碩|井磧|井跡|井関|井關|伊勢亀|伊勢城|伊勢木|伊石|伊関|偉関|勢石|夷石|居石|居関	surname-source-estimated-count-order
わかい	別井|和加井|和貝|和賀井|渡会|若井|若合|若居|若生	surname-source-estimated-count-order
さくた	佐久田|作田|昨田|朔多|柵田	surname-source-estimated-count-order
よこうち	横内|横打	surname-source-estimated-count-order
なかえ	中得|中恵|中栄|中榮|中永|中江|中重|仲得|仲栄|仲榮|仲江|仲絵	surname-source-estimated-count-order
たかがき	嵩垣|高垣|高柿|高蛎|高蠣	surname-source-estimated-count-order
すぎえ	杉恵|杉江|椙江	surname-source-estimated-count-order
とりやま	烏山|鳥山|鳳山	surname-source-estimated-count-order
ふるの	古埜|古野	surname-source-estimated-count-order
くによし	一美|国吉|国好|国義|国芳|國吉|國好|國芳|城吉|邦義	surname-source-estimated-count-order
すえまつ	寿栄松|居松|末末|末松|末桝	surname-source-estimated-count-order
はんざわ	判沢|判澤|半沢|半澤|半谷|榛沢|榛澤|繁沢|繁澤|飯沢	surname-source-estimated-count-order
すえつぐ	末次|末継|末続|末續	surname-source-estimated-count-order
きら	吉良|喜良|幾良|木浪|木羅|綺羅|雲英	surname-source-estimated-count-order
たかみや	貴宮|高宮|髙宮|鷹宮	surname-source-estimated-count-order
かねかわ	兼川|金川|金河	surname-source-estimated-count-order
つゆき	津行|津雪|筑城|築城|露木|露樹	surname-source-estimated-count-order
ふじま	不嶋|藤間|藤麻	surname-source-estimated-count-order
かわつ	川津|河津	surname-source-estimated-count-order
くさま	日馬|艸間|草間	surname-source-estimated-count-order
しんきょ	新居	surname-source-estimated-count-order
ひび	日弃|日日|日比|比々	surname-source-estimated-count-order
ふたみ	二タ見|二三|二味|二夕見|二美|二見|双海|双見	surname-source-estimated-count-order
あさひ	旭|旭林|旭森|朝日|朝比|朝輝|朝陽|朝飛|浅日|浅樋|浅比|阿佐比|麻日	surname-source-estimated-count-order
おくはら	大工原|奥原|奥波羅|奧原|屋原|澳原	surname-source-estimated-count-order
みね	三根|小峯|岑|岸|峯|峰|峰田|嶺|美弥|美根|美祢|美禰|見根|領	surname-source-estimated-count-order
すみの	住埜|住野|清野|澄野|灰野|炭野|角埜|角野|隅埜|隅野|須箕	surname-source-estimated-count-order
かみじょう	上城|上庄|上床|上条|上條|上篠|上絛|神城|神定|神成	surname-source-estimated-count-order
たから	多嘉良|多賀良|宝|寳|寶|臣財|財|鈩|隆良|高平|高良	surname-source-estimated-count-order
うめの	宇芽野|梅埜|梅野|楳野	surname-source-estimated-count-order
はしだ	枦田|梁田|橋田|櫨田|端田	surname-source-estimated-count-order
いわがみ	岩上|岩守|岩神|石上|磐上	surname-source-estimated-count-order
ふじひら	富士平|藤平	surname-source-estimated-count-order
しもだいら	下平|下田平	surname-source-estimated-count-order
ありかわ	在川|有側|有川|有河|蟻川	surname-source-estimated-count-order
しんざん	信山|新山|深山|真山	surname-source-estimated-count-order
しろた	代田|城|城多|城田|志呂太|白多|白太|白田	surname-source-estimated-count-order
ながよし	永吉|永好|永由|永礼|永芳|長吉|長慶|長葭	surname-source-estimated-count-order
さかね	佐金|坂根|坂禰|境根|境禰|嵯峨根|砂金|酒根|酒禰|阪根|阪禰	surname-source-estimated-count-order
やまむろ	山室	surname-source-estimated-count-order
かとり	下鳥|加取|加鳥|嘉鳥|楫取|火取|火鳥|神取|角取|賀鳥|香取|鹿取|鹿執	surname-source-estimated-count-order
わしお	鷲夫|鷲尾|鷲男|鷲雄	surname-source-estimated-count-order
たい	但井|台|唐|多井|多居|太|太井|太居|戴|泰|熊|田井|田居|碓井|臺|載|鯛	surname-source-estimated-count-order
のさか	乃坂|埜坂|埜阪|登坂|野坂|野栄|野阪	surname-source-estimated-count-order
えじり	江尻	surname-source-estimated-count-order
いながわ	伊名川|伊奈川|猪名川|稲川|稲河|稻川	surname-source-estimated-count-order
はやの	早埜|早野|速野|隼野	surname-source-estimated-count-order
はやみ	早味|早弓|早水|早美|早見|早速|速水|速見|逸見|頓宮	surname-source-estimated-count-order
ひさまつ	久末|久松|寿松	surname-source-estimated-count-order
おだわら	大田原|小田原|緒田原|織田原	surname-source-estimated-count-order
おりはら	折原|折腹|織原	surname-source-estimated-count-order
しらつち	白土	surname-source-estimated-count-order
さとみ	佐富|郷海|里深|里見	surname-source-estimated-count-order
おきの	冲野|沖埜|沖野|興野|荻野	surname-source-estimated-count-order
にしで	仁志出|西出|西手	surname-source-estimated-count-order
させ	三瀬|佐世|佐治|佐瀬|佐生	surname-source-estimated-count-order
かみさか	上坂|上阪|神坂|神阪	surname-source-estimated-count-order
きりゅう	吉|吉柳|城里生|木立|木竜|木龍|桐生|桔流|霧生|鬼柳|鬼立	surname-source-estimated-count-order
いしもり	石守|石杜|石森|石盛	surname-source-estimated-count-order
いけなが	池永|池長	surname-source-estimated-count-order
しなだ	信田|品田	surname-source-estimated-count-order
さわぐち	沢口|澤口	surname-source-estimated-count-order
やえがし	八重柏|八重樫	surname-source-estimated-count-order
いけはら	池原|生原|荊原	surname-source-estimated-count-order
なべしま	鍋島|鍋嶋|鍋嶌	surname-source-estimated-count-order
しょうだ	勝田|升田|将田|小田|少田|庄田|床田|敞田|昇田|枡田|椙田|正多|正田|清田|生多|生田|笑田|粧田|荘田|莊田|鍬田|鎗田	surname-source-estimated-count-order
ひしぬま	菱沼	surname-source-estimated-count-order
いわくら	岩倉|岩峅|岩庫|巌倉|巖倉|石倉	surname-source-estimated-count-order
にしおり	西織|錦織	surname-source-estimated-count-order
なかざき	中|中崎|中嵜|仲|仲崎|仲嵜	surname-source-estimated-count-order
かつき	加月|勝喜|勝岐|勝月|勝木|嘉月|甲木|禾木|葛城|葛生|香月	surname-source-estimated-count-order
みやまえ	宮前	surname-source-estimated-count-order
へみ	逸見	surname-source-estimated-count-order
ゆだ	弓田|指田|油田|湯田|由多|由田|遊田	surname-source-estimated-count-order
みやべ	宮辺|宮邉|宮邊|宮部	surname-source-estimated-count-order
ささだ	佐々田|佐定|真々田|笹田|細田	surname-source-estimated-count-order
いずみや	出宮|出水屋|出雲屋|出雲谷|和泉屋|和泉谷|泉宮|泉家|泉屋|泉谷|泉野	surname-source-estimated-count-order
いまおか	今岡	surname-source-estimated-count-order
くまざき	熊|熊埼|熊崎|隈|隈崎|隈嵜	surname-source-estimated-count-order
さかまき	坂巻|坂槙|坂牧|坂蒔|榊巻|逆巻|酒巻|酒牧|阪巻|阪牧	surname-source-estimated-count-order
しろいわ	城岩|白岩	surname-source-estimated-count-order
ふじしろ	冨士代|富士代|藤代|藤城|藤後|藤白	surname-source-estimated-count-order
こしば	古柴|古芝|小斯波|小柴|小椎葉|小芝|越場|越馬	surname-source-estimated-count-order
えじま	小嶋|恵島|恵嶋|惠島|柄島|榎島|永島|江島|江嶋|江嶌|絵島|繪島	surname-source-estimated-count-order
ふちがみ	淵上|渊上|渕上	surname-source-estimated-count-order
みやなが	宮永|宮良|宮長	surname-source-estimated-count-order
きみじま	君島|君嶋	surname-source-estimated-count-order
ゆざわ	湯沢|湯澤|遊沢|遊澤	surname-source-estimated-count-order
しまの	島乃|島埜|島野|嶋埜|嶋野|嶌野	surname-source-estimated-count-order
にしな	二科|二階|仁信|仁品|仁科|仁階|西名|西奈|西那|西銘	surname-source-estimated-count-order
たての	堅野|建野|楯野|立石|立野|竪野|舘埜|舘農|舘野|辰野|館埜|館農|館野	surname-source-estimated-count-order
だいどう	台堂|大同|大堂|大東|大洞|大童|大藤|大道|大銅|太洞	surname-source-estimated-count-order
もんま	文間|紋間|門眞|門真|門間|門馬	surname-source-estimated-count-order
きやま	亀山|來山|喜山|嘉山|城山|基山|奇山|季山|寄山|帰山|木山|杞山|来山|桐山|樹山|歸山|生山|祈山|穐山|紀山|耆山|貴山|鬼山	surname-source-estimated-count-order
おのづか	小埜塚|小野塚|尾乃塚	surname-source-estimated-count-order
やまぎわ	山極|山際	surname-source-estimated-count-order
ささおか	佐々岡|小砂丘|笠岡|笹岡|篠岡	surname-source-estimated-count-order
ほんじょう	本上|本城|本定|本庄|本庶|本条|本條|本正|本浄|本淨|本荘|本莊	surname-source-estimated-count-order
なりさわ	成沢|成澤|盛沢	surname-source-estimated-count-order
いいお	飯尾	surname-source-estimated-count-order
たかくわ	栗|高|高桑|高鍬|髙桑	surname-source-estimated-count-order
なかせ	中世|中勢|中瀬|仲世|仲瀬|永瀬	surname-source-estimated-count-order
まつふじ	末藤|松富士|松藤	surname-source-estimated-count-order
みやおか	宮丘|宮岡|宮岳	surname-source-estimated-count-order
かわくぼ	川久保|川窪|河久保|河窪	surname-source-estimated-count-order
でんや	伝谷|傅谷|傳谷|田野	surname-source-estimated-count-order
さんかく	三角	surname-source-estimated-count-order
きざき	城崎|木|木前|木咲|木埼|木崎|木嵜|樹咲|生咲|稀崎|紀先|紀崎|記崎|鬼崎|鬼嵜	surname-source-estimated-count-order
のせ	乃生|埜勢|埜瀬|能世|能勢|能政|能星|能瀬|野世|野勢|野瀬	surname-source-estimated-count-order
いしじま	石島|石嶋|石嶌	surname-source-estimated-count-order
ののむら	埜々村|野々村|野の村|野ヶ村	surname-source-estimated-count-order
やなぎもと	柳下|柳元|柳本	surname-source-estimated-count-order
なかがき	中垣|中恒|中柿|仲垣	surname-source-estimated-count-order
あおた	粟生田|青田|麥田	surname-source-estimated-count-order
うめざき	梅|梅先|梅咲|梅埼|梅崎|梅嵜|楳|楳崎	surname-source-estimated-count-order
あかいけ	朱池|紅池|緋池|赤地|赤池	surname-source-estimated-count-order
またよし	又吉	surname-source-estimated-count-order
きたばやし	北林|喜多林	surname-source-estimated-count-order
ふくむら	服村|福村|福邑|譜久|譜久村	surname-source-estimated-count-order
こぐろ	小黒	surname-source-estimated-count-order
すげた	菅多|菅田	surname-source-estimated-count-order
すみだ	住田|墨田|清田|澄田|炭多|炭田|角田|隅田	surname-source-estimated-count-order
あさおか	旦丘|旭丘|旭岡|朝丘|朝岡|浅丘|浅岡|淺岡|麻丘|麻岡	surname-source-estimated-count-order
せきど	石戸|赤土|関戸|關戸	surname-source-estimated-count-order
はにゅう	丹生|埴生|波入|瓜生|破入|羽二生|羽入|羽生|針生	surname-source-estimated-count-order
もろおか	両岡|室岡|師岡|諸岡	surname-source-estimated-count-order
かしわざき	柏|柏崎|柏嵜	surname-source-estimated-count-order
ふなやま	舟山|舩山|船山	surname-source-estimated-count-order
あさり	朝利|朝里|浅利|浅理|浅里|淺利|漁|麻利|麻里	surname-source-estimated-count-order
せんなみ	仙波|千並|千波	surname-source-estimated-count-order
まつまる	松丸	surname-source-estimated-count-order
くすだ	久須田|楠多|楠田|樟田	surname-source-estimated-count-order
つくい	佃井|出井|撞井|津久井|津久居|筑井|筑居|築井|都久井	surname-source-estimated-count-order
いさ	井佐|伊佐|伊左|伊差|伊砂|伊阿弥|入佐|石原	surname-source-estimated-count-order
うらがみ	浦上	surname-source-estimated-count-order
いたみ	井民|伊丹|板美|板見	surname-source-estimated-count-order
こせ	古世|古瀬|子瀬|小瀬|巨勢|巨瀬|木瀬|許勢	surname-source-estimated-count-order
やしろ	八代|八城|八尋|家代|家城|屋代|屋城|弥代|弥城|矢代|矢城|矢後|社|社城|谷代|谷城|野城	surname-source-estimated-count-order
しほう	四方|志方	surname-source-estimated-count-order
ゆさ	弓指|油佐|湯佐|湯澤|由佐|遊佐|遊左	surname-source-estimated-count-order
いっこ	一戸	surname-source-estimated-count-order
みぞかみ	溝上	surname-source-estimated-count-order
ささい	佐々井|佐才|佐斉|佐斎|佐齊|漸井|笹井|笹生|篠井	surname-source-estimated-count-order
きたお	北尾|北折|北生|北纓|喜多尾|喜多生|木多夫|貴多雄	surname-source-estimated-count-order
ながたに	中谷|永谷|長谷	surname-source-estimated-count-order
わかさ	和家佐|若佐|若嵯|若桜|若狭|若狹|若砂	surname-source-estimated-count-order
にいづま	新妻	surname-source-estimated-count-order
ぐしかた	具志堅	surname-source-estimated-count-order
たんじ	丹司|丹地|丹次|丹治|鍛治	surname-source-estimated-count-order
なかはし	中橋|中端|中箸|仲橋	surname-source-estimated-count-order
おおはま	大|大浜|大濱	surname-source-estimated-count-order
とがわ	冨川|利川|十川|十河|土川|土河|外側|外川|外河|富川|戸川|戸河|東川|東河|渡川|澄川|登川|登河|砥川|豊川|都川|騰川	surname-source-estimated-count-order
やまぞえ	山副|山添	surname-source-estimated-count-order
みと	三刀|三戸|三津|三登|三都|光戸|味土|弥登|末都|水戸|水渡|美登|美都|見戸|見留	surname-source-estimated-count-order
いのせ	井ノ瀬|井野瀬|亥ノ瀬|伊能勢|伊野勢|伊野瀬|猪瀬|猪野瀬|豕瀬	surname-source-estimated-count-order
おおがき	大垣|大柿|太垣	surname-source-estimated-count-order
まつくら	松倉|松庫|松蔵|枩倉	surname-source-estimated-count-order
ふかせ	深瀬	surname-source-estimated-count-order
ところ	処|土小呂|山老|床呂|戸頃|所|蓊|處|野老	surname-source-estimated-count-order
くわやま	久和山|桑山	surname-source-estimated-count-order
はましま	嶌|浜島|浜嶋|濱島|濱嶋	surname-source-estimated-count-order
あやべ	彩部|文部|絢部|綾辺|綾邉|綾邊|綾部	surname-source-estimated-count-order
すぎおか	丘|杉丘|杉岡|椙岡	surname-source-estimated-count-order
ひやま	北嶋|披山|日山|桧山|桶山|樋山|檜山|比山|氷山|火山|煙山|燿山|肥山|蔭山|陰山|飛山	surname-source-estimated-count-order
べっしょ	別処|別所|別荘|別處	surname-source-estimated-count-order
いっしょく	一色	surname-source-estimated-count-order
はるな	春名|春姓|春菜|春那|晏梛|榛名|榛姓	surname-source-estimated-count-order
ときわ	常盤|常磐|常葉|時和	surname-source-estimated-count-order
かつの	勝埜|勝野|葛野|鹿角	surname-source-estimated-count-order
ほづみ	保泉|保積|八月一日|八月朔日|八朔日|宝積|寳積|穂積|穗積	surname-source-estimated-count-order
ねず	寢占|根津|祢津|禰津	surname-source-estimated-count-order
きしかわ	基志川|岸川	surname-source-estimated-count-order
のと	納戸|能任|能土|能塒|能戸|能渡|能登|能都|能門|衲|農登|野塔|野徒|野戸|野登	surname-source-estimated-count-order
かさまつ	傘松|兼松|笠松|重松	surname-source-estimated-count-order
おおぐし	大串|大楠|大櫛	surname-source-estimated-count-order
くが	久下|久家|久峨|久峩|久我|久莪|久賀|久香|九賀|玖珂|空賀|空閑|苦爪|陸	surname-source-estimated-count-order
あなん	アナン|亜南|穴南|阿南	surname-source-estimated-count-order
たてやま	堅山|建山|楯山|樅山|立山|竪山|舘山|館山	surname-source-estimated-count-order
いが	井賀|伊加|伊賀|伊香|芳賀	surname-source-estimated-count-order
おくい	奥井|奥居|奧井|奧居|尾食|舎夷	surname-source-estimated-count-order
うちかわ	内川|内河|打川	surname-source-estimated-count-order
たけの	岳野|嵩野|嶽ノ|嶽野|武埜|武野|獄野|竹ノ|竹之|竹埜|竹野|笨	surname-source-estimated-count-order
ひこさか	彦坂|彦阪	surname-source-estimated-count-order
ひきち	引地|挽地|曳地|曵地|疋地	surname-source-estimated-count-order
たぬま	田沼	surname-source-estimated-count-order
かみかわ	上川|上河|加美川|神川|神河|紙川	surname-source-estimated-count-order
むろた	宗田|宝田|室田|榁田|無漏田|牟田	surname-source-estimated-count-order
おくだいら	奥平|奧平	surname-source-estimated-count-order
みねぎし	峯岸|峰岸|嶺岸	surname-source-estimated-count-order
きたもと	北元|北基|北本|喜多元|喜多本|喜夛本|貴多本	surname-source-estimated-count-order
こまき	こま木|古巻|古牧|古蒔|小巻|小摩木|小枚|小槙|小牧|小間喜|小間木|胡麻木|駒城|駒帰|駒木|驪城	surname-source-estimated-count-order
こうご	古後|向後|向郷|幸伍|幸後|紅呉|香具|高後	surname-source-estimated-count-order
たべ	喰|多辺|多部|田倍|田戸|田辺|田邉|田邊|田部	surname-source-estimated-count-order
あらまき	新巻|新槙|新牧|新蒔|荒卷|荒巻|荒槙|荒牧|荒蒔	surname-source-estimated-count-order
おしだ	忍田|押田|鴛田	surname-source-estimated-count-order
ゆぎ	柚木|由木|結城|行木	surname-source-estimated-count-order
えのき	恵野木|桧|榎|榎木	surname-source-estimated-count-order
あさひな	旭奈|朝夷|朝日南|朝日名|朝日向|朝日奈|朝比奈|朝雛|浅日奈|浅比奈|浅雛|麻日奈|麻比奈	surname-source-estimated-count-order
すぎもり	杉守|杉森|杉盛|椙杜|椙森	surname-source-estimated-count-order
こばやかわ	小早川	surname-source-estimated-count-order
あかがわ	明川|朱川|紅川|赤川|赤河	surname-source-estimated-count-order
うりう	瓜生	surname-source-estimated-count-order
しいば	推葉|椎場|椎葉|榛葉|標葉	surname-source-estimated-count-order
やまな	山名|山奈|山那	surname-source-estimated-count-order
いわお	厳|岩|岩尾|岩生|岩男|嵒|巌|巖|礒	surname-source-estimated-count-order
うらやま	浦山|裏山	surname-source-estimated-count-order
はさま	挾間|架場|波佐間|狭間|羽佐間|羽様|迫|迫間	surname-source-estimated-count-order
あしざわ	芦沢|芦澤|葦沢|葦澤|蘆沢|蘆澤|足沢|足澤	surname-source-estimated-count-order
もろはし	両橋|師橋|諸星|諸橋	surname-source-estimated-count-order
いしたに	石谷|稲子谷	surname-source-estimated-count-order
こまだ	児玉|小馬田|狛田|駒田	surname-source-estimated-count-order
あんぽ	安保	surname-source-estimated-count-order
うしだ	丑田|潮田|牛多|牛田	surname-source-estimated-count-order
きたい	北井|北居|北飯|喜多井|希代|稀与|稀代|鍛|鍛代|鍜代	surname-source-estimated-count-order
よしずみ	吉住|吉栖|吉泉|吉澄|吉積|善積|妙泉|義積|芳住	surname-source-estimated-count-order
かねみつ	兼光|兼満|金三津|金光|金満|鐘光	surname-source-estimated-count-order
いいやま	飯山	surname-source-estimated-count-order
ひよし	日吉|日好|日巡|日新|日義|旭吉|桧吉|檜吉|比嘉|比義|比良|肥吉	surname-source-estimated-count-order
くにもと	国元|国友|国本|國元|國本|邦本	surname-source-estimated-count-order
かしわ	柏|榊|樫羽	surname-source-estimated-count-order
やなか	家中|屋中|屋仲|彌中|柳香|田中|矢中|矢仲|箭中|谷中|谷仲	surname-source-estimated-count-order
まえざわ	前沢|前澤	surname-source-estimated-count-order
じもん	寺門	surname-source-estimated-count-order
みやい	宮井|宮居|見屋井|雅意	surname-source-estimated-count-order
くるす	久留主|久留巣|久留栖|久留須|來栖|來須|来子|来栖|来須|栗栖|耒栖	surname-source-estimated-count-order
にいの	二井野|二居野|仁井野|新井野|新埜|新濃|新納|新野	surname-source-estimated-count-order
さくらぎ	桜木|桜樹|櫻木	surname-source-estimated-count-order
くしだ	串田|久信田|久志田|櫛田	surname-source-estimated-count-order
うい	宇井|宇居|生井|鵜井|鵜居|黄	surname-source-estimated-count-order
かじもと	加治本|嘉治本|梶元|梶本|楫本|楮元|楮本|樫本|鍛元|鍛冶本|鍛本|鍛治元|鍛治本|鍜本|鍜治本	surname-source-estimated-count-order
まじま	向島|摩島|摩嶋|槙島|満嶌|眞島|眞嶋|真島|真嶋|磨島|間島|間嶋|馬島|馬嶋	surname-source-estimated-count-order
たべい	田辺井|田部井	surname-source-estimated-count-order
つがわ	対川|津川|津河|都川|都河	surname-source-estimated-count-order
すけがわ	すけ川|介川|佑川|助川|祐川|魚生川	surname-source-estimated-count-order
きば	喜葉|喜馬|季羽|木場|木塲|木庭|木羽|木葉|蒐場|騎馬|黄葉	surname-source-estimated-count-order
げんや	元谷|原野|源谷	surname-source-estimated-count-order
やなぎや	柳家|柳屋|柳谷|柳貴家	surname-source-estimated-count-order
うるしばら	漆原	surname-source-estimated-count-order
くわな	桑名|桑姓|桑那|沓名|鍬名	surname-source-estimated-count-order
ひしだ	指田|菱田	surname-source-estimated-count-order
なかじょう	中城|中場|中条|中條|中絛|中荘|中静|仲上|仲修|仲城|仲条|仲條|仲門	surname-source-estimated-count-order
しんかい	信開|愼改|慎改|新改|新海|新貝|新開|新階|新飼|深海|眞海|眞貝|眞開|真海|真貝|真開|神開	surname-source-estimated-count-order
なかま	中万|中摩|中澗|中眞|中真|中磨|中間|中馬|仲摩|仲眞|仲真|仲磨|仲間|仲馬|仲麻|名嘉眞|名嘉真|名嘉間	surname-source-estimated-count-order
うつぎ	卯木|卯都木|宇ツ木|宇次|宇津城|宇津木|宇都城|宇都木|打木|擣木|梼木|棯|楊盧木|槍|空木	surname-source-estimated-count-order
ひわたり	日渡|日理|桧渡|樋渡|檜渡|肥渡|飛渡	surname-source-estimated-count-order
くまき	久間木|岸野|熊喜|熊木|隈木	surname-source-estimated-count-order
きよかわ	喜代川|清人|清原|清川|清河|鏡川	surname-source-estimated-count-order
すぎ	寿木|尋木|杉|杦|椙	surname-source-estimated-count-order
たにざき	谷|谷埼|谷崎|谷嵜	surname-source-estimated-count-order
うちぼり	内堀	surname-source-estimated-count-order
たみや	丹宮|堂官|堂宮|多宮|民也|民宅|民家|民屋|民谷|田宮	surname-source-estimated-count-order
なかつじ	中辻|中逵|仲辻	surname-source-estimated-count-order
たにの	谷之|谷埜|谷野	surname-source-estimated-count-order
はしば	榛葉|槁場|橋傍|橋場|橋塲|橋端|橋葉|櫨場|波柴|端場|端羽|羽柴|羽芝|葉柴	surname-source-estimated-count-order
やすの	安埜|安野|康野|秦野	surname-source-estimated-count-order
かめおか	亀丘|亀岡|甕岡|龜岡	surname-source-estimated-count-order
よこざわ	横沢|横澤	surname-source-estimated-count-order
ほりのうち	堀ノ内|堀之内|堀之園|堀之薗|堀内|堀野内|掘之口	surname-source-estimated-count-order
しらはま	白|白浜|白濱	surname-source-estimated-count-order
あおい	碧|碧い|葵|葵井|蒼|蒼井|藍井|青|青井|青位|青居	surname-source-estimated-count-order
やまのうち	山ノ内|山之内|山内|山野内	surname-source-estimated-count-order
なかがみ	中上|中務|中督|中神|中紙|中鏡|中頭|仲上|仲神	surname-source-estimated-count-order
いまえだ	今枝	surname-source-estimated-count-order
よねもと	米之|米元|米本	surname-source-estimated-count-order
いまつ	井松|今津|居松	surname-source-estimated-count-order
にき	二喜|二木|仁喜|仁木	surname-source-estimated-count-order
さかうち	坂内|阪内	surname-source-estimated-count-order
わたびき	棉引|綿引	surname-source-estimated-count-order
きの	久ノ|吉埜|吉野|喜|喜納|喜野|城能|城野|奇|嬉野|木の|木ノ|木埜|木野|機野|紀|紀乃|紀埜|紀野|記野|貴野|輝乃	surname-source-estimated-count-order
ひらいで	平井出|平出	surname-source-estimated-count-order
たかやす	高安|高田|髙安	surname-source-estimated-count-order
あらた	安良田|改田|新|新タ|新多|新田|荒田|阿羅田|阿良田	surname-source-estimated-count-order
うえたけ	上武|上竹|植武|植竹	surname-source-estimated-count-order
さわの	沢埜|沢野|澤埜|澤野	surname-source-estimated-count-order
はすみ	波澄|羽住|羽純|羽角|羽隅|荷見|葉済|蓮実|蓮實|蓮水|蓮見	surname-source-estimated-count-order
こやの	児屋野|児矢野|古家野|古屋野|古矢野|古谷埜|古谷野|小家野|小屋野|小矢野|小谷埜|小谷野	surname-source-estimated-count-order
ふじなが	冨士永|富士永|藤永|藤長	surname-source-estimated-count-order
おおまち	大待|大町|大間知|太町	surname-source-estimated-count-order
いずみだ	出水田|和泉田|泉田	surname-source-estimated-count-order
ふかの	深乃|深埜|深野	surname-source-estimated-count-order
やまごえ	山越	surname-source-estimated-count-order
ほりもと	堀元|堀本|掘本|湟本	surname-source-estimated-count-order
にひら	二平|仁平|仁衡	surname-source-estimated-count-order
なかつ	中津|中澤|仲津	surname-source-estimated-count-order
ふかわ	不川|冨川|冨河|婦川|富川|布川|布河|府川|扶川|普川|深和|深川|深瀬|符川|粉川|腐川	surname-source-estimated-count-order
なかはた	中幡|中畑|中畠|中端|仲幡|仲畑|仲畠|仲端	surname-source-estimated-count-order
やまべ	山家|山戸|山辺|山邉|山邊|山部	surname-source-estimated-count-order
あわの	栗野|淡野|粟埜|粟納|粟野|阿波野|阿野	surname-source-estimated-count-order
おおすみ	大|大住|大墨|大壽美|大寿美|大数見|大澄|大炭|大角|大隅|大隈|太隅	surname-source-estimated-count-order
かつべ	克辺|克邉|勝辺|勝部	surname-source-estimated-count-order
ごんだ	権太|権田|權太|權田|近田	surname-source-estimated-count-order
もりない	森内	surname-source-estimated-count-order
ひろい	博井|広井|広居|廣井|廣居|弘井|拾井|日路井	surname-source-estimated-count-order
ふなだ	舟田|舩田|船多|船田|道祖田|鮒田	surname-source-estimated-count-order
おおいで	大井手|大出|生出	surname-source-estimated-count-order
きはた	喜幡|喜畑|木幡|木畑|木畠	surname-source-estimated-count-order
ひがしだに	東谷	surname-source-estimated-count-order
みやぐち	三山口|宮口	surname-source-estimated-count-order
わくい	和久井|泉井|涌井|湧井	surname-source-estimated-count-order
とうごう	十合|十河|当合|当郷|東后|東郷|當郷|藤郷|陶郷	surname-source-estimated-count-order
まつだいら	松平	surname-source-estimated-count-order
とうじょう	斗条|東上|東城|東定|東条|東條|東浄|東生|東篠|東絛|棟上|洞城|籐乗|藤乗|藤城|藤条|藤條	surname-source-estimated-count-order
いちの	一ノ|一野|市埜|市野	surname-source-estimated-count-order
すずむら	鈴村|錫村	surname-source-estimated-count-order
みずおち	水落|水越	surname-source-estimated-count-order
たかはま	高|高はま|高浜|高濱|鷹浜|鷹濱	surname-source-estimated-count-order
おくもと	億本|奥元|奥本|奧元|奧本|澳本|納元|納本	surname-source-estimated-count-order
ちはら	千原|地原|智原|知原|茅原|茆原|血原	surname-source-estimated-count-order
みずむら	水村	surname-source-estimated-count-order
ひるま	昼間|昼馬|晝間|晝馬|比留間|肥留間|菱沼|蛙間|蛭間|飛留間	surname-source-estimated-count-order
かち	下地|佳知|加地|加智|加治|加知|勝|可地|可知|梯|甲地|賀知	surname-source-estimated-count-order
たがしら	田頭	surname-source-estimated-count-order
つの	津埜|津野|築野|角|角野|都濃|都野	surname-source-estimated-count-order
ちゅうじょう	中上|中城|中条|中條|仲城|仲条|仲條	surname-source-estimated-count-order
やなぎした	柳下	surname-source-estimated-count-order
さかべ	坂辺|坂邊|坂部|堺部|酒辺|酒部|阪辺|阪部	surname-source-estimated-count-order
むこうだ	向田|迎田	surname-source-estimated-count-order
おぬき	大貫|小抜|小貫|尾抜	surname-source-estimated-count-order
ちの	児野|千乃|千之|千埜|千野|地野|智野|知埜|知能|知野|芳野|芽野|茅埜|茅野|血野	surname-source-estimated-count-order
かわぎし	川岸|川崖|河岸	surname-source-estimated-count-order
ひご	備後|日吾|日後|日護|比後|比護|肥后|肥吾|肥後|肥田	surname-source-estimated-count-order
だいとう	台当|大刀|大刃|大唐|大塔|大東|大桃|大藤|大頭	surname-source-estimated-count-order
みや	三家|三屋|三弥|三矢|三箭|三谷|宮|宮屋|己谷|巳谷|未谷|深屋|箕矢|美矢|美谷|美野|見矢|雅	surname-source-estimated-count-order
たけもり	嶽森|嶽盛|武守|武森|武盛|獄盛|竹守|竹森|竹盛	surname-source-estimated-count-order
うしやま	丑山|牛山|込山	surname-source-estimated-count-order
ひた	喜多|披田|日田|樋田|氷田|肥田|飛田	surname-source-estimated-count-order
ささやま	佐々山|笹山|篠山|細山	surname-source-estimated-count-order
ささ	佐々|佐佐|左々|左雨|楽々|百々|百百|笹|篠	surname-source-estimated-count-order
いうち	井内|伊内|似内|居内	surname-source-estimated-count-order
ますもと	升元|升本|増元|増本|松本|枡元|枡本|桝元|桝本|益元|益本|舛之|舛元|舛本|鱒本	surname-source-estimated-count-order
ふるほん	古本	surname-source-estimated-count-order
ふるき	古城|古木|振木|故木	surname-source-estimated-count-order
しんぼり	新堀|新掘|深堀	surname-source-estimated-count-order
まつみや	松宮|松見弥	surname-source-estimated-count-order
みたむら	三多村|三田|三田村|味田村|御田村|美田村|見田村	surname-source-estimated-count-order
さいき	佐井木|佐伯|佐永|佐長|再木|再起|妻木|左伊木|彩木|戈木|才木|才記|斉喜|斉城|斉木|斉記|斎伯|斎喜|斎城|斎木|斎樹|済喜|済木|濟木|祭城|祭木|祭貴|税木|細木|菜木|西亀|西城|西岐|西木|采木|齊喜|齊城|齊木|齋喜|齋木	surname-source-estimated-count-order
うすだ	旧田|碓田|確田|磨田|臼田|薄田	surname-source-estimated-count-order
いちだ	一田|位田|壱田|市田|櫟田|臺田	surname-source-estimated-count-order
どうか	堂下|堂加|道下|道過|銅家	surname-source-estimated-count-order
うおずみ	魚住|魚澄	surname-source-estimated-count-order
みなみの	南埜|南野	surname-source-estimated-count-order
おおふじ	大冨|大富|大富士|大籐|大藤|太藤	surname-source-estimated-count-order
はちたに	八谷|蜂谷	surname-source-estimated-count-order
やかた	八下田|八方|家形|屋形|屋方|屋片|矢形|矢方|舘|谷方|輻形|館	surname-source-estimated-count-order
あれ	荒	surname-source-estimated-count-order
うしお	丑尾|海塩|潮|牛尾|生塩	surname-source-estimated-count-order
かきはら	垣原|柿原|柿木原|硴原|蛎原|蠣原	surname-source-estimated-count-order
しろみず	城水|白水	surname-source-estimated-count-order
あかぼし	明星|朱星|紅星|赤星	surname-source-estimated-count-order
おりた	折田|織多|織田|苙田	surname-source-estimated-count-order
こうた	交田|光田|公太|古典田|古宇田|向田|国府田|國府田|孝太|小唄|小宇田|幸多|幸田|広太|庚田|康|康太|恆太|恒太|河田|溝田|甲田|耕田|胡宇田|航太|行田|香田|高多|黄田	surname-source-estimated-count-order
みの	三埜|三野|味埜|味野|己野|巳野|御野|箕|箕野|簑|簔|美乃|美濃|美農|美野|蓑|身野	surname-source-estimated-count-order
まるや	丸家|丸屋|丸矢|丸谷|丸野|円谷|満類屋	surname-source-estimated-count-order
くらしま	倉島|倉嶋|倉嶌|蔵島|蔵嶋|鞍島|鞍嶋	surname-source-estimated-count-order
ながはら	永原|長原	surname-source-estimated-count-order
まえ	前|真江|間恵|間永|間江	surname-source-estimated-count-order
はまむら	浜ノ井|浜村|濱村	surname-source-estimated-count-order
やぎゅう	八柳|柳父|柳牛|柳生|矢生	surname-source-estimated-count-order
かく	佳久|佳矩|力久|加く|加九|加來|加来|加耒|各|塙|状書|葛|覚|角|賀久|賀來|賀来|賀耒|郭|閣|霍|鶴	surname-source-estimated-count-order
もろぼし	諸星	surname-source-estimated-count-order
のじ	埜地|埜路|能地|野事|野地|野治|野路	surname-source-estimated-count-order
はなぶさ	纈纐|纐纈|花房|英|萃房|萼|蕚	surname-source-estimated-count-order
きりはら	切原|桐原|梧原|霧原	surname-source-estimated-count-order
ふかまち	深町	surname-source-estimated-count-order
かなさき	叶崎|金|金咲|金埼|金崎	surname-source-estimated-count-order
うざわ	兎沢|右沢|右澤|宇沢|宇澤|雨澤|鵜沢|鵜澤	surname-source-estimated-count-order
おきもと	冲本|沖元|沖本|置本|興元|起本	surname-source-estimated-count-order
さかくら	坂倉|坂蔵|境倉|板倉|酒倉|阪倉	surname-source-estimated-count-order
とよおか	十八日|豊丘|豊岡	surname-source-estimated-count-order
きぐち	埜口|木倶知|木口	surname-source-estimated-count-order
いふじ	井藤|位藤	surname-source-estimated-count-order
だいこく	大国|大穀|大黒	surname-source-estimated-count-order
いわかわ	岩川|岩河|巌川|巖川	surname-source-estimated-count-order
おおいけ	大池|太池|尾池	surname-source-estimated-count-order
やまもり	山守|山森|山盛	surname-source-estimated-count-order
てらむら	寺村|寺邑|手良村	surname-source-estimated-count-order
ひらぬま	平沼	surname-source-estimated-count-order
こう	上|亢|侯|候|功|向|呉|国府|國府|塙|姜|孔|寇|工|幸|庚|康|後|杭|江|河|洪|港|煌|甲|神|耕|耿|胡|荒|菰生|蛤|許|輝|辜|隆|項|顧|高|鴻|黄	surname-source-estimated-count-order
たんげ	丹下|丹家|田家	surname-source-estimated-count-order
ごんどう	権堂|権東|権籐|権藤|権道|権頭|權堂|權藤	surname-source-estimated-count-order
よしやま	代司山|佳山|吉山|善山|嘉山|四山|好山|愿山|由山|美山|義山|能山|芳山|葭山|霊山	surname-source-estimated-count-order
よしとみ	佳冨|佳富|吉冨|吉富|好冨|好富|宜志富|福富|義富|芳冨|芳富	surname-source-estimated-count-order
みやき	味八木|宮喜|宮城|宮岐|宮木|宮気	surname-source-estimated-count-order
よなみね	与那峯|与那峰|与那嶺|比嘉|米峰|與那嶺|興那嶺|輿那嶺	surname-source-estimated-count-order
いまぜき	今関	surname-source-estimated-count-order
ふじお	冨士尾|富士尾|籐尾|藤尾|藤生|藤雄	surname-source-estimated-count-order
とくまる	得丸|徳丸	surname-source-estimated-count-order
みつもり	三ッ森|三ツ森|三守|三森|三津守|三盛|光守|光森|光盛|満森	surname-source-estimated-count-order
てらかわ	寺川|寺河|寺若	surname-source-estimated-count-order
おのざわ	小ノ沢|小ノ澤|小埜沢|小埜澤|小野沢|小野澤|斧沢|斧澤	surname-source-estimated-count-order
こたき	古滝|古瀧|小多喜|小滝|小瀧|小谷	surname-source-estimated-count-order
しらさき	白|白崎|白嵜	surname-source-estimated-count-order
みずさわ	水沢|水澤|沓沢	surname-source-estimated-count-order
とみやま	兎耳山|冨山|富山|富見山|戸見山|當山|豊見山	surname-source-estimated-count-order
たけち	威知|嵩地|武地|武市|武智|武知|竹地|竹知|高市	surname-source-estimated-count-order
きよみや	清宮	surname-source-estimated-count-order
しんけ	新家|新毛|真家	surname-source-estimated-count-order
やすたけ	保武|保竹|安宅|安岳|安武|安竹	surname-source-estimated-count-order
やつ	祢津|萢|谷津|野津	surname-source-estimated-count-order
えむら	恵村|惠村|枝村|榎村|榮村|永村|江村|江邑|江邨|絵村|繪村	surname-source-estimated-count-order
にしうち	西内	surname-source-estimated-count-order
いばらき	伊原木|茨城|茨木|荊木|莿木	surname-source-estimated-count-order
はるき	春喜|春埼|春木|春樹|春紀|春貴|晴木|晴樹|晴紀|治貴|治輝|美樹|陽木	surname-source-estimated-count-order
ふくさき	服|服崎|福|福崎	surname-source-estimated-count-order
やすむら	保村|安村|安邨|康村|泰村|靖村	surname-source-estimated-count-order
さが	佐我|佐賀|嵯峨|嵳峩|嶬峨|左賀|沙雅|瑳峨|相賀|砂賀|礒|雑賀	surname-source-estimated-count-order
さこ	佐古|佐子|佐小|佐故|佐湖|作古|作小|作故|峪|嶝|左古|左子|左居|栄生|砂子|硲|硲間|窄|迫|追|酒匂|雑古	surname-source-estimated-count-order
わきもと	脇元|脇坂|脇本	surname-source-estimated-count-order
かな	上垣|上東|上栗|上渡|上田|上遠|亀矢|亀里|仮屋瀬|佳那|加辺|勘沢|可児|唐桶|唐津屋|嘉名|嘉奈|姜|家山|川味|川泉|川浜|川角|川迫|川附|河並|河原井|河喜多|神南|神喰|神埜|神奈|神家|神本|秦|苅住|茅窪|菅間|蚊野|賀原|賀名|金|金庭|金恵|金桝|金橋|金気|金阪|金龍|釜洞|釜須|鎌江|門脇|香奈|鴨野|鹿股	JMnedict-category
なごや	七五三|名児屋|名児耶|名児谷|名児野|名兒椰|名兒耶|名古屋|名古谷|名古野|名吾屋|名吾谷|名吾野|名子屋|名護屋|名護谷|名護野|名越|奈児屋|奈児谷|奈児野|奈古屋|奈古谷|奈古野|奈吾屋|奈吾谷|奈吾野|奈護屋|奈護谷|奈護野|姓古屋|姓越|那児屋|那児谷|那児野|那古屋|那古谷|那古野|那吾屋|那吾谷|那吾野|那小屋|那護屋|那護谷|那護野	JMnedict-category
ゆき	優希|優紀|友紀|夕紀|夕貴|幸|弓季|有喜|有希|有木|有紀|有輝|柚木|油木|湯城|湯木|湯来|熊木|由妃|由姫|由季|由岐|由希|由木|由樹|由紀|由記|由貴|祐希|結城|行|行木|裕基|裕紀|裕貴|門|靭|靱	JMnedict-category
あいば	会場|会庭|会羽|会葉|会馬|合場|合庭|合羽|合葉|合馬|愛場|愛庭|愛波|愛羽|愛葉|愛馬|會場|染葉|相場|相塲|相庭|相波|相羽|相葉|相馬|藍場|藍庭|藍羽|藍葉|藍馬|間場|間馬|餐場|餐庭|饗場|饗塲|饗庭	JMnedict-category
かんの	冠野|勘野|勧野|完野|官能|官野|寒野|寛野|漢野|環乃|環野|神呪|神埜|神尾|神能|神農|神野|管の|管埜|管能|管野|簡野|舘野|菅埜|菅納|菅能|菅野|萓野|萱野|観野|貫野|閑納|閑野|間野|関野|館野	JMnedict-category
とうま	冬馬|唐真|問馬|塔間|富摩|富真|対馬|對馬|当マ|当摩|当眞|当真|当磨|当間|当馬|当麻|東間|東馬|田馬|當山|當摩|當眞|當真|當磨|當間|當麻|登米|稲摩|籐間|藤真|藤間|藤馬|透馬|透魔|遠間|都馬	JMnedict-category
あき	丙|亜季|亜希|亜旗|亜樹|亜紀|安吉|安喜|安岐|安木|安来|安紀|安芸|安藝|安輝|安騎|明|明喜|昭|晶|暁|淳|璃|秋|穐|空|蕪木|阿嘉|阿基|阿岐|阿木|阿紀|阿貴|麻紀|龝	JMnedict-category
しょう	井|向|商|城|姜|小|尚|庄|性|惷|敞|正|潮|焦|照|熊|璋|盛|祥|章|翔|肖|菖|萎|葉|蒋|蕭|趙|邵|鍾|鐘|陳|馮	JMnedict-category
すさき	周|周崎|壽|壽崎|壽嵜|寿|寿埼|寿崎|寿嵜|州|州崎|数|数崎|汀|洌|洌崎|洌嵜|洲|洲岬|洲崎|洲嵜|素|素崎|諏先|諏崎|酢|酢崎|須|須崎|須嵜|鷲|鷲崎|鷲嵜	JMnedict-category
たくま	卓間|卓麻|多久間|多熊|宅万|宅摩|宅磨|宅萬|宅間|宅麻|宅麿|拓磨|琢磨|琢間|琢麻|田久麻|田熊|田隈|託万|託摩|託磨|託間|託麻|託麿|詑摩|詫万|詫广|詫摩|詫磨|詫間|詫麻|詫麿	JMnedict-category
そう	僧|叢|壮|宋|宗|庄|徐|惣|惣伊田|想|掃|曹|曽|曽宇|曾|曾宇|湊|秦|筝|総|聡|臧|荘|莊|蒼|薮|藪|蘇|走|鄒	JMnedict-category
かん	乾|勘|咸|姜|完|官|寒|寛|干|幹|康|漢|甘|神|管|簡|耿|舘|菅|観|鑑|閑|間|関|霞|韓|館	JMnedict-category
ますみ	倍味|十寸見|升味|升箕|升見|増味|増水|増美|増見|枡実|枡見|桝実|桝實|桝見|益満|益見|眞澄|眞角|眞隅|真住|真澄|真角|真隅|磨墨|舛見|鱒見|麻住	JMnedict-category
ひだ	妣田|披田|斐太|日田|曵田|桧田|桶田|樋田|橘田|檜田|比田|氷田|火田|疋田|秘田|稗田|緋田|肥坐|肥多|肥田|蛭田|飛多|飛弾|飛彈|飛田|飛騨	JMnedict-category
あさか	安坂|安積|朝下|朝加|朝坂|朝夏|朝河|朝火|朝積|朝賀|朝香|東日下|浅加|浅積|浅賀|浅霞|浅香|淺賀|淺香|阿坂|阿阪|麻加|麻積|麻賀|麻霞|麻香	JMnedict-category
こうち	上地|光地|公地|厚地|古内|古泓|好地|小内|川内|川智|幸内|幸地|河内|河地|河智|甲地|神内|神地|耕地|胡内|興地|香地|高地|高智|高知|鴻池	JMnedict-category
みさき	三|三前|三埼|三崎|三嵜|味崎|岬|岬崎|御|御前|御崎|御嵜|汀|箕崎|美|美佐木|美咲|美埼|美崎|見|見先|見咲|見崎|見嵜|身|身崎	JMnedict-category
いつき	一木|一樹|乙生|五傳木|五城|五木|五来|五紀|井槻|伊月|伊槻|伍樹|壱岐|壹岐|居築|居附|斉|斉宮|斎|斎宮|樹|逸木|齊宮|齋|齋宮	JMnedict-category
かや	下家|佳也|加屋|加悦|加舍|加舎|加谷|嘉屋|嘉陽|彼谷|架谷|栢|榧|茅|萓|萱|蚊屋|賀屋|賀谷|賀陽|香夜|駕屋|鹿屋|鹿野	JMnedict-category
さい	佐井|佐居|催|哉|宰|尾才|崔|左居|彩|惣|戈|才|斉|斎|柴|栽|済|犀|菜|蔡|裁|西|齊|齋	JMnedict-category
しの	信乃|信濃|只野|史乃|史野|司野|士野|小竹|市野|志乃|志之|志埜|志野|施野|柴野|滋埜|滋野|筱|篠|糸納|紫乃|紫野|詩乃|資野	JMnedict-category
みつや	三ッ谷|三ツ家|三ツ屋|三ツ矢|三ツ谷|三家|三屋|三廼|三津屋|三津矢|三津谷|三矢|三箭|三谷|三野|光家|光屋|光谷|密谷|満屋|満谷|滿屋|萬谷|蜜谷	JMnedict-category
かがみ	加々美|加々見|加ケ美|加ケ見|加ヶ見|加加美|加賀実|加賀美|加賀見|各務|各牟|各見|嘉神|火神|賀上|鏡|鏡味|鏡見|鑑|香々美|香々見|香我美|香美	JMnedict-category
かやま	下山|佳山|加山|可山|嘉山|嘉弥真|垣山|夏山|家山|栢山|樺山|檜山|烏山|花山|茅山|茅間|莪山|華山|萱間|賀山|香山|鳥山|鹿山	JMnedict-category
さいもと	催本|再本|塞本|崔本|戈本|才元|才本|斉元|斉本|斎本|最本|歳本|済本|祭本|税本|蔡本|道祖本|采元|采本|際本|雑本|齊元|齊本	JMnedict-category
さいじょう	才上|斉条|斉條|斉正|斎上|斎条|斎條|斎正|最上|最乗|葛城|西上|西城|西庄|西性|西条|西條|西浄|西篠|西絛|齊條|齊正|齋正	JMnedict-category
しき	四季|四木|四鬼|市来|式|志喜|志岐|志木|志樹|志気|志氣|志紀|志記|志貴|敷|氏木|獅騎|磯城|紫木|織|茨木|鋪	JMnedict-category
とう	党|勝|吐生|唐|塔|塘|杜|東|桐|湯|滕|燈|當醒|瞳|竇|糖|董|藤|鐙|陶|騰|黨	JMnedict-category
さかえ	佐替|坂恵|坂栄|坂榮|坂江|堺栄|境|寒川江|寒河江|栄|栄江|榊枝|榮|盛|酒得|酒栄|酒榮|酒江|酒衛|阪栄|阪江|阪衛	JMnedict-category
しんの	信濃|信野|新埜|新延|新納|新野|晋野|森野|榛野|槙野|泰野|津野|深野|清野|眞野|真野|神埜|神納|神野|秦|秦野|進野	JMnedict-category
たかし	堯|孝|孝史|孝志|尚|尚師|尭|峰|崟|考|長|隆|隆司|隆志|高|高司|高士|高子|高師|高志|鷹司|鷹觜	JMnedict-category
はざま	峡|廻間|挟間|挾間|波佐間|波左間|波座真|狭間|狹間|玻座真|硲|硲間|羽佐間|羽左間|羽様|羽間|谷|迫|迫間|迴|間|陌間	JMnedict-category
こうさか	上坂|上阪|勾坂|匂坂|向坂|向阪|川坂|幸坂|幸阪|横坂|河坂|甲坂|甲阪|神坂|神阪|耕阪|香坂|香阪|高坂|高阪|髙坂|鴻坂	JMnedict-category
けんじょう	乾条|乾條|健城|兼城|兼定|剣城|堅城|権丈|権城|献上|眷上|萱場|見上|見乗|見城|見定|見常|見条|見條|見生|賢生|軒上	JMnedict-category
さこう	佐光|佐口|佐向|佐孝|佐幸|佐甲|佐神|佐糠|佐香|佐鴻|左向|左孝|左鴻|廻口|酒光|酒勺|酒勾|酒匂|酒向|酒生|酒迎	JMnedict-category
しかま	四亀|四窯|四竃|四竈|四釜|四釡|志佳摩|志賀間|志釜|志鎌|而摩|色摩|色魔|錺間|飾磨|飾間|飾麻|鹿摩|鹿真|鹿釜|鹿間	JMnedict-category
よしき	仁木|吉喜|吉城|吉岐|吉敷|吉木|吉樹|吉機|吉祇|吉織|吉舗|吉規|吉識|好城|好木|宜喜|恵喜|由木|義木|芳木|芳樹	JMnedict-category
こうざき	上|上崎|光|光崎|幸|幸崎|洪|甲|甲崎|神前|神崎|神嵜|講ざき|鉱崎|鑛崎|香|香崎|高|高崎|鴻|鴻崎	JMnedict-category
ゆい	勇伊|唯|有為|柚井|楡井|油井|油居|油比|涌井|湯井|由|由井|由宇|由居|由比|由良|碓井|結衣|維|許斐	JMnedict-category
ゆう	于|余|兪|劉|勇|唯有|夕|尤|柚|柳|游|湯|王|由宇|祐|遊|邵|雄|餘|饒	JMnedict-category
たいま	大間|大麻|太磨|太間|太麻|対間|対馬|對間|当摩|当間|当麻|汰麻|泰磨|泰間|泰麻|當間|當麻|碓麻|袋麻|黛麻	JMnedict-category
はりま	幡摩|幡磨|張摩|張磨|張間|播島|播广|播摩|播眞|播真|播磨|播間|播馬|播麿|梁間|波利摩|針磨|針間|針間矢|針馬	JMnedict-category
いき	井城|井木|伊喜|伊岐|伊木|伊記|位寄|壱岐|壹岐|夷亀|居城|居木|居聞|息|檍|猪城|猪木|生亀|隠岐	JMnedict-category
ばん	万|伴|判|坂|塙|墫|挽|播|方|晩|潘|番|磐|萬|蕃|藩|鑁|阪|鷭	JMnedict-category
かりや	仮家|仮屋|仮谷|假家|假屋|假谷|刈宿|刈屋|刈谷|加利屋|狩屋|狩矢|狩谷|狩野|苅屋|苅矢|苅谷|苅部|雁屋	JMnedict-category
すみや	住吉|住屋|住矢|住谷|墨屋|墨矢|墨谷|寿美谷|栖宮|清家|炭屋|炭矢|炭谷|角家|角屋|角矢|角谷|隅屋|隅谷	JMnedict-category
となみ	冨浪|利波|利浪|励波|十南|土浪|外波|当波|戸並|戸波|戸浪|斗南|栃波|渡並|當波|砺波|礪|礪波|都波	JMnedict-category
ひかわ	干川|披川|斐川|日川|桧川|桧皮|樋川|檜川|檜皮|比嘉|比川|氷川|火川|簸川|翠川|肥川|陽川|飛川|飛河	JMnedict-category
みその	三其|三園|三曽野|三曾野|三薗|味噌野|味園|味曽埜|味曽野|味曾埜|味曾野|弥園|御園|御園生|御苑|御薗|美園|美薗|聖園	JMnedict-category
みつき	三つ木|三ッ木|三ツ木|三岐|三木|三槻|三樹|三津木|光來|光木|光来|参木|密木|満木|満来|滿木|美月|見月|観月	JMnedict-category
みつぎ	三ッ木|三ツ木|三儀|三木|三樹|三次|三津木|光城|光木|参木|御調|満木|税|見次|見継|調|貢|身次|鑑継	JMnedict-category
わたり	亘|亘利|亘理|和多利|和田利|和足|度|斎|日理|津|済|渉|渉里|渡|渡り|渡利|渡理|渡里|綿利	JMnedict-category
かいどう	改働|改藤|改道|海堂|海東|海棠|海籐|海藤|海道|皆籐|皆藤|街道|貝道|開籐|開藤|開道|階堂|階藤|魁道	JMnedict-category
たかあき	孝哲|孝彰|孝明|孝昭|孝顕|貴明|貴昭|貴朗|貴章|賢昭|隆明|隆晃|隆秋|隆顕|高彰|高明|高秋|高章|高顕	JMnedict-category
えい	嬴|廉|張|恵井|惠井|施|栄|永|江ヰ|江井|江居|營|穎娃|英|衛|衣斐|頴姓|頴娃	JMnedict-category
せん	仙|前|千|宣|専|山|巽|戦|栴|沈|泉|潜|筅|線|茜|鄒|銭|錢	JMnedict-category
そわ	十和|山寺|岨|峙|曽和|曽波|曽羽|曽輪|曾和|曾波|曾羽|曾輪|楚和|楚輪|祖和|素和|素輪|蘇和	JMnedict-category
ひき	匹|引|挽|日岐|日木|日比|日置|樋木|比企|比喜|比嘉|比木|比気|比氣|氷木|疋|飛来|飛気	JMnedict-category
ほう	侯|包|峰|彭|扈|方|朴|洞|祝|祝部|芳生|訪|豊|賀|鮑|鳳|黄|龐	JMnedict-category
えびす	夷|夷子|恵比壽|恵比寿|恵比須|恵美須|恵飛須|惠比寿|惠比須|惠飛須|戎|戎子|槐|胡|胡子|蛭子|蛯子|蝦子	JMnedict-category
かいの	加井野|廻野|戒能|戒野|改之|改野|楫野|海埜|海野|灰野|甲斐埜|甲斐野|界野|解野|貝埜|貝野|開野|飼野	JMnedict-category
かじや	加冶屋|加治家|加治屋|加治矢|加治谷|梶家|梶屋|梶矢|梶谷|楫屋|鍛冶|鍛冶屋|鍛冶谷|鍛屋|鍛治屋|鍛治谷|鍛谷|鍜治屋	JMnedict-category
きどう	其道|切通|喜堂|喜道|城堂|城道|木堂|木籐|木藤|木道|機動|機道|紀藤|綺堂|貴堂|鬼同|鬼堂|鬼頭	JMnedict-category
こうら	光良|児浦|兒浦|功良|古浦|向良|子浦|小宇羅|小浦|小裏|幸良|江良|甲羅|甲良|神良|香良|高羅|高良	JMnedict-category
さそう	三倉|佐々布|佐佐布|佐双|佐増|佐宗|佐想|佐生|佐相|佐草|口行|哘|左草|条生|條生|砂生|笹生|篠生	JMnedict-category
せんば	仙場|仙庭|仙波|仙浪|仙葉|先場|先馬|前場|千場|千把|千波|千羽|千馬|干場|戦場|泉波|船場|銭場	JMnedict-category
たくみ	佗美|侘美|内匠|匠|多久美|多久見|太組|宅味|宅美|宅見|工|巧|巽|田久見|田汲|田組|能|託見	JMnedict-category
ますや	升也|升屋|升谷|増屋|増矢|増谷|枡家|枡屋|枡矢|桝家|桝屋|桝矢|桝谷|舛家|舛屋|舛矢|舛谷|鱒谷	JMnedict-category
みずき	劉|売豆紀|水喜|水城|水月|水木|水樹|水気|水氣|水筑|水紀|水記|水輝|湖岐|瑞樹|端樹|調|賣豆紀	JMnedict-category
やすみ	休|休見|保美|保見|八住|八尋|八角|八隅|安宅|安實|安海|安澄|安美|安見|易水|矢住|矢角|霞	JMnedict-category
いのもと	井|井ノ元|井ノ本|井之元|井之本|井元|井本|井野元|井野本|亥野本|伊野本|居本|猪ノ元|猪ノ本|猪下|猪元|猪本|猪野元	JMnedict-category
かき	加木|加来|加耒|可貴|嘉喜|嘉規|垣|墻|柿|柿木|欠|甲木|稼木|花木|賀喜|賀木|賀来	JMnedict-category
さき	佐喜|佐岐|佐木|先|先規|前|崎|嵜|左木|左貴|柴|柴崎|楸|茶木|讃岐|象|酒寄	JMnedict-category
そや	十八|征弓|征矢|曽家|曽屋|曽矢|曽谷|曾家|曾屋|曾矢|染谷|礎家|祖家|祖谷|粕谷|糟谷|蘇谷	JMnedict-category
よし	与志|余志|佳|吉|喜|嘉|嘉志|四戸|好|平|祝|義|良|芳|葭|要|賀	JMnedict-category
えなみ	印南|叡南|恵南|恵波|惠南|撰|枝並|榎並|榎波|榎浪|檜並|江並|江南|江波|江浪|海浪|益並	JMnedict-category
きしま	喜島|喜嶋|喜志麻|城島|城嶋|岸間|木島|木嶋|来島|来嶋|杵島|杵嶋|生島|貴島|貴嶋|鬼島|鬼嶋	JMnedict-category
こうじ	光寺|国府寺|圀府寺|孝治|小池|小路|幸地|幸嶋|幸次|幸治|幸路|糀|興治|香至|高司|高吉|麹	JMnedict-category
こうや	功家|幸屋|幸弥|昿野|港谷|甲屋|甲谷|神屋|神谷|荒埜|荒野|講屋|降矢|高屋|高谷|高野|鴻矢	JMnedict-category
さいが	佐井賀|才賀|斉賀|斎賀|斎鹿|最賀|済賀|濟賀|西家|西河|西賀|西駕|財賀|雑賀|雜賀|齊賀|齋賀	JMnedict-category
ただの	但埜|但野|只埜|只野|唯野|多々納|多々野|多多納|多多野|多田納|多田野|夛々野|忠の|忠野|湛野|田々野|田多野	JMnedict-category
とうだ	任田|刀田|唐田|塘田|峠田|当田|東田|桐田|桶田|洞田|湯田|灯田|燈田|當田|等田|遠田|頭田	JMnedict-category
やはた	八反田|八幡|八旗|八田|八畑|八籏|八羽田|矢八|矢幡|矢旗|矢畑|矢羽多|矢羽田|谷幡|谷畑|谷端|野畑	JMnedict-category
かわのべ	川ノ辺|川ノ邉|川ノ邊|川之辺|川埜辺|川埜邊|川延|川辺|川述|川野辺|川野邉|川野邊|川野部|河之邊|河沼|河野辺|河野邊	JMnedict-category
こうむら	光村|光邨|古布村|好村|幸村|江村|河村|河邨|洪村|甲村|神村|紅村|興村|香村|高村|高邑|鴻村	JMnedict-category
さいかわ	佐井川|宰川|彩河|戈川|才川|斉川|斉河|斎川|斎河|犀川|蔡川|西川|釆川|采川|際川|齊川|齋川	JMnedict-category
こや	児野|古家|古屋|古矢|古谷|呉屋|姑射|小屋|小弥|小矢|小谷|昆陽|木屋|湖屋|籠谷|胡屋	JMnedict-category
せい	勢|尹|情|成|斉|斎|星|清|瀬井|生|盛|精|聖|茜|青|靖	JMnedict-category
たか	多加|多可|多賀|多鹿|山|崇|王|田嘉|田家|田香|田鹿|貴|隆|駿|高|鷹	JMnedict-category
たち	伊達|城|多地|多智|多知|太刀|太智|太知|橘|田地|田知|立作|舘|裁|達知|館	JMnedict-category
とみ	冨|冨美|十三|宝|富|富田|富美|戸美|戸見|渡見|登美|登見|福|臣|頓|鳥見	JMnedict-category
みほ	三保|三甫|三穂|実歩|実穂|御大|海保|海蜂|美保|美峰|美帆|美歩|美浦|美穂|美豊|見保	JMnedict-category
あさじ	朝侍|朝地|朝寺|朝治|朝茅|浅地|浅寺|浅治|浅知|浅茅|浅路|麻地|麻寺|麻治|麻茅|麻路	JMnedict-category
あずみ	厚見|吾住|安住|安厨味|安曇|安棲|安海|安積|安見|安雲|東海|阿住|阿墨|阿曇|阿澄|阿須美	JMnedict-category
いのべ	井ノ辺|井ノ邊|井ノ部|井延|井野辺|井野邉|井野部|伊延|伊野辺|伊野部|射延|猪辺|猪部|稲野辺|鋳延|鑄廷	JMnedict-category
さいか	妻鹿|才荷|斉加|斉賀|斉鹿|斎加|斎賀|斎鹿|西河|雑加|雑賀|雜賀|齊加|齊賀|齋賀|齋鹿	JMnedict-category
さいだ	佐井田|宰田|幸多|幸田|座田|彩田|才田|斉田|斎田|済田|税田|細田|西田|財田|齊田|齋田	JMnedict-category
じょう	丈|上|城|城生|壌|常|徐|条|條|盛|篠|粂|蒸|鄭|錠|饒	JMnedict-category
すなみ	寿南|寿波|巣南|忠海|斯波|洲並|洲波|洲浪|砂美|砂見|角南|陶南|陶浪|須並|須波|須浪	JMnedict-category
たつの	樹野|瀧野|田角|立埜|立野|竜埜|竜堅|竜野|舘野|辰ノ|辰埜|辰濃|辰野|達野|龍埜|龍野	JMnedict-category
ちくま	千久間|千曲|千熊|千酌|地久間|知久間|知久馬|竹万|竹萬|竹間|竹馬|竹麻|筑摩|筑磨|筑間|築磨	JMnedict-category
はたや	幡屋|幡矢|幡谷|旗屋|旗谷|畑屋|畑矢|畑谷|畠屋|畠山|畠谷|端谷|籏屋|籏谷|羽田谷|蜂谷	JMnedict-category
みやま	三山|味山|実山|宮山|宮磨|宮間|宮馬|宮麻|實山|御山|海山|深山|美山|見山|観山|觀山	JMnedict-category
よしば	与芝|吉場|吉柴|吉波|吉羽|吉葉|喜羽|椎葉|由波|美馬|與芝|與茂|良羽|良葉|葭葉|葮葉	JMnedict-category
あいのや	会乃谷|会之谷|会野谷|合乃谷|合之谷|合野谷|愛乃谷|愛之谷|愛野谷|相乃谷|相之谷|相埜谷|相野谷|藍乃谷|藍之谷|藍野谷	JMnedict-category
かごしま	神子島|神子嶋|篭島|篭嶋|篭嶌|籠島|籠嶋|籠嶌|駕篭島|駕籠島|鹿児島|鹿児嶋|鹿児嶌|鹿兒島|鹿子島|鹿子嶋	JMnedict-category
けんもつ	健物|剣持|剣物|剱持|剱物|劒持|劒物|劔持|劔物|堅物|監物|見物|見目|釖持|釼持|釼物	JMnedict-category
こうはた	光畑|光籏|向畑|幸畑|江幡|江畑|河畑|河端|甲畑|畑|降幡|降旗|降籏|香畑|香畠|高畑	JMnedict-category
しょうの	勝埜|勝野|将野|庄ノ|庄司|庄埜|庄野|情野|正之|正埜|正野|生野|笙野|荘野|菖野|醤野	JMnedict-category
とうどう	任堂|刀堂|当堂|搭堂|東堂|東童|東等|東藤|東道|滔々|登籐|登藤|藤堂|藤当|藤東|藤當	JMnedict-category
ほうらい	宝来|宝耒|宝莱|寳來|寳来|寶來|寶来|蓬來|蓬来|蓬耒|蓬莢|蓬莱|蓬菜|蓬萊|逢来|逢莱	JMnedict-category
いば	井場|井庭|井波|亥場|伊場|伊庭|伊波|伊葉|伊覇|射場|射庭|射馬|居場|居馬|揖場	JMnedict-category
おみ	使主|大見|小箕|小見|尾実|尾美|尾見|尾身|於見|淤見|穂実|臣|麻続|麻績|麻見	JMnedict-category
かた	加多|加太|加田|嘉多|嘉田|堅|家田|形|方|架田|片|縣|肩|蚊田|香田	JMnedict-category
ずし	厨司|厨子|図司|図子|図師|圓司|圖司|圖子|圖師|豆子|逗子|都志|頭司|頭士|頭師	JMnedict-category
たや	他家|他屋|他谷|多家|多屋|多矢|多谷|太矢|旅|旅家|田家|田屋|田矢|田谷|田野	JMnedict-category
てい	丁|亭|出井|堤|定|帝威|廷|手井|梯|碇|禎|程|貞|邱|鄭	JMnedict-category
とね	刀弥|刀根|刀祢|刀禰|刀称|刃根|利子|利根|戸根|戸禰|東畝|東稔|渡根|登根|鳥鼠	JMnedict-category
ふけ	冨宅|冨家|吹ケ|吹ヶ|富宅|富家|富計|布家|普家|泓|浮池|深日|湫|福家|老家	JMnedict-category
よご	与吾|与呉|与後|与語|余伍|余合|余吾|余呉|余悟|余湖|余語|與語|興語|餘吾|餘語	JMnedict-category
あきの	明野|昭乃|昭野|淳乃|淳野|璃乃|璃野|秋乃|秋埜|秋濃|秋野|穐乃|穐埜|穐野|龝野	JMnedict-category
あきは	昭場|昭庭|昭葉|淳場|淳庭|淳葉|璃場|璃庭|璃葉|秋場|秋葉|穐場|穐庭|穐葉|龝庭	JMnedict-category
いかい	五十井|井介|井海|井貝|井開|井階|伊介|伊加井|伊海|伊貝|伊飼|位飼|猪海|猪甘|猪飼	JMnedict-category
いぶき	井吹|井蕗|伊冨貴|伊吹|伊夫伎|伊夫気|伊夫貴|伊富喜|伊富貴|似吹|居吹|生吹|胆吹|膽吹|雪吹	JMnedict-category
きさき	亀|亀崎|喜|喜崎|妃|岐|岐崎|木佐木|木崎|木左木|生咲|碕木|薪先|貴|貴崎	JMnedict-category
くすみ	久住|久墨|久寝|久栖|久角|久須美|久須見|九住|九角|九首見|来住|来栖|楠美|楠見|葛見	JMnedict-category
こさき	児|児崎|古|古崎|古嵜|子崎|小先|小埼|小崎|小嵜|木崎|湖|湖咲|湖埼|湖崎	JMnedict-category
さいた	再田|才田|採田|斉田|斎田|最田|済田|濟田|税田|細田|西田|財田|際田|齊田|齋田	JMnedict-category
さいの	才野|斉埜|斉野|斎埜|斎野|歳野|濱野|細野|菜野|西野|雑野|齊埜|齊野|齋埜|齋野	JMnedict-category
たんぼ	丹保|丹圃|丹穂|反保|反怖|反甫|多武保|旦保|旦暮|旦部|田圃|田方|田甫|畝|短保	JMnedict-category
とうき	唐木|当喜|当岐|当木|東儀|東城|東帰|東木|東鬼|當喜|登記|礒木|闘牙|陶器|頭鬼	JMnedict-category
とくら	十倉|土倉|土庫|土蔵|外倉|得楽|徳倉|徳楽|徳良|戸倉|戸蔵|斗蔵|登倉|計倉|都倉	JMnedict-category
とさき	吐前|土佐木|外崎|戸|戸咲|戸崎|斗崎|渡|渡崎|濤崎|登|登崎|都|都崎|都嵜	JMnedict-category
ともの	伴|伴埜|伴野|供野|友乃|友埜|友生|友納|友野|大野|明野|朝埜|朝野|知野|鞆野	JMnedict-category
はやま	吐山|坡山|巴山|早山|早間|早馬|早麻|晴山|杷山|波山|浪山|端山|羽山|苞山|葉山	JMnedict-category
ふなと	岐|舟戸|舟渡|舟濤|舟登|舩戸|舩渡|舩登|船戸|船所|船渡|船登|船砥|船都|道祖田	JMnedict-category
ほうき	伯木|伯耆|保木|宝亀|宝喜|宝寄|宝起|寳喜|法吉|法喜|法木|法貴|箒|蜂起|鋒城	JMnedict-category
まがた	曲田|澗潟|眞ケ田|眞形|眞方|眞縣|真ケ田|真形|真方|真県|真縣|間加田|間形|間片|間賀田	JMnedict-category
みたけ	三宅|三岳|三嶽|三武|三竹|三諾|御岳|御嵩|御嶽|御獄|美竹|見岳|見嶽|見武|見竹	JMnedict-category
やしき	八敷|家敷|家舗|屋式|屋敷|屋舗|屋鋪|矢式|矢敷|矢舗|矢鋪|谷敷|谷鋪|邸|野柴木	JMnedict-category
あまがい	天下井|天海|天谷|天貝|尼海|尼貝|甘海|甘貝|雨ケ谷|雨ヶ谷|雨海|雨甲|雨甲斐|雨谷|雨貝	JMnedict-category
うのさわ	卯之沢|卯之澤|宇ノ沢|宇ノ澤|宇之沢|宇之澤|宇埜沢|宇埜澤|宇野沢|宇野澤|鵜ノ沢|鵜ノ澤|鵜之沢|鵜沢|鵜澤	JMnedict-category
おさかべ	刑部|小坂辺|小坂部|小酒部|忍壁|越坂部|越阪部|長ケ部|長ヶ部|長下部|長加部|長壁|長我部|長日部|長賀部	JMnedict-category
かんざわ	乾澤|勘澤|好澤|官沢|官澤|寒沢|寒風澤|神沢|神澤|管沢|管澤|菅沢|菅澤|蒲沢|蒲澤	JMnedict-category
かんどう	勘藤|勧堂|甘道|神藤|管藤|考藤|菅籐|菅藤|観堂|貫洞|還藤|間藤|関籐|関藤|齋藤	JMnedict-category
せんどう	仙堂|仙藤|仙道|仙頭|千同|千堂|千東|千籐|千藤|千頭|専當|専頭|泉頭|潜道|船頭	JMnedict-category
たかとう	孝藤|尊藤|東|高任|高刀|高堂|高塔|高東|高筒|高籐|高藤|高遠|高頭|髙藤|鷹啄	JMnedict-category
ひろしげ	宏茂|広滋|広瀬|広繁|広茂|広重|廣滋|廣繁|廣茂|廣重|引茂|引重|弘繁|弘茂|弘重	JMnedict-category
ますじま	升島|升嶋|増島|増嶋|増嶌|枡島|枡嶋|桝島|桝嶋|益島|益嶋|舛島|舛嶋|鱒島|鱒嶋	JMnedict-category
みのしま	みの島|三野島|箕島|箕嶋|箕嶌|簑島|簑嶋|簑嶌|簔島|簔嶋|美ノ嶋|美濃島|美濃嶋|蓑島|蓑嶋	JMnedict-category
ばんじょう	万丈|万上|伴丈|播上|畔上|番匠|番城|番場|番定|番条|番條|番正|磐城|萬上|阪上	JMnedict-category
えき	亦|場|役|恵木|悦喜|易|榎|江木|浴|益|絵木|釋|駅|驛	JMnedict-category
えん	円|園|圓|塩|役|李|演|燕|艶|苑|薗畠|袁|閻|阮	JMnedict-category
かべ	加辺|加邉|加部|可部|嘉部|壁|川邉|日部|河辺|河邉|河部|甲辺|甲部|賀部	JMnedict-category
きい	喜井|喜伊|城井|城居|季井|木井|生井|紀|紀井|紀伊|記井|記伊|貴井|逵井	JMnedict-category
しい	四井|四位|四夷|士井|師井|志井|志伊|志位|志比|推井|施|施井|椎|椎井	JMnedict-category
そだ	其田|孫田|早田|曽田|曾田|會田|添田|疋田|祖多|祖田|租田|素田|蘇田|鼠田	JMnedict-category
たん	丹|単|唐|敦|旦|檀|段|淡|湯|炭|端|談|譚|陳	JMnedict-category
はし	吐師|土師|士師|枦|梯|橋|櫨|波止|波紫|稗|端|箸|羽志|羽紫	JMnedict-category
はり	張|播|梁|波利|波理|波里|畭|発|羽利|羽里|葉利|葉里|針|開	JMnedict-category
はん	伴|半|坂|扮|樊|潘|端|範|范|藩|阪|陳|韓|黄	JMnedict-category
ふき	不喜|不木|伏木|冨気|冨氣|吹|吹気|婦木|布木|府木|普喜|福貴|蕗|附木	JMnedict-category
みす	三寿|三栖|三笥|三須|御簾|御須|深栖|深須|簾|簾田|美須|翆|翠|見須	JMnedict-category
よう	余|叶|姚|姜|容|揚|楊|洋|甕|葉|要|遥|陳|陽	JMnedict-category
あいそ	会曽|会磯|合曽|合磯|愛曽|愛磯|相曽|相曾|相磯|相礒|相蘇|相蘓|藍曽|藍磯	JMnedict-category
あがた	安型|安形|安方|県|縣|英田|英賀田|阿形|阿我田|阿方|阿片|阿県|阿縣|阿賀田	JMnedict-category
あさお	旦尾|朝尾|朝生|朝雄|浅お|浅尾|浅生|浅雄|浅黄|淺尾|麻尾|麻王|麻生|麻苧	JMnedict-category
あづま	吾妻|四阿|安妻|我妻|新妻|朝妻|東|東吾|東妻|東生|東都|浅妻|阿妻|阿津間	JMnedict-category
うつみ	内海|宇佐美|宇津味|宇津宮|宇津美|宇津見|宇積|宇都美|宇都見|慈|打味|打海|羽都美|鶴見	JMnedict-category
おうじ	応地|応治|應地|應治|王司|王子|王寺|王氏|生地|皇子|蔭地|覆地|黄地|黄路	JMnedict-category
おうち	大内|小内|尾内|応地|應地|王地|生地|相知|近内|逢地|邑智|鴬地|鶯地|黄地	JMnedict-category
おおと	一青|大利|大友|大図|大土|大戸|大桃|大渡|大登|大藤|大都|大音|應戸|網戸	JMnedict-category
かいだ	介田|会田|廻田|戒田|改田|會田|海田|甲斐田|皆田|貝田|買田|開田|飼田|養田	JMnedict-category
かじま	下嶋|加島|加嶋|嘉島|嘉嶋|梶間|梶馬|楫間|賀島|鍛島|鍜島|鹿児島|鹿島|鹿嶋	JMnedict-category
きょう	享|京|叶|喬|境|姜|洪|経|經|許|郷|鏡|馨|驚	JMnedict-category
くしま	串間|串馬|久島|久嶋|久嶌|九島|九嶋|九嶌|工島|工嶋|巨島|来島|櫛間|玖島	JMnedict-category
こうき	公木|合木|好奇|小浮|幸喜|幸木|廣木|後記|甲木|行木|降旗|香木|高木|黄木	JMnedict-category
こざき	児崎|兒崎|古|古崎|古嵜|孤|孤崎|小崎|小嵜|木崎|木嵜|湖崎|狐崎|胡崎	JMnedict-category
ことう	児塔|古東|古藤|古頭|小嶌|小東|小籐|小藤|巨藤|後等|戸藤|故東|湖東|虎頭	JMnedict-category
こんだ	今田|合田|昆田|根田|権田|權田|紺多|紺田|誉多|誉田|譽田|近多|近田|金田	JMnedict-category
さくら	サクラ|三倉|佐久良|佐倉|佐蔵|佐鞍|作倉|作良|左倉|彩桜|桜|櫻|砂倉|紗倉	JMnedict-category
すがわ	住川|壽川|巣河|栖川|洲川|洲河|澄川|簀川|菅和|菅川|菅河|陶川|須川|須河	JMnedict-category
すはら	主原|壽原|寿原|州原|巣原|数原|春原|杉原|栖原|洲原|諏原|酢原|陶原|須原	JMnedict-category
すもと	住本|壽本|寿元|寿本|州本|巣元|栖元|栖本|洲元|洲本|酢本|須元|須基|須本	JMnedict-category
たかき	夘|多加喜|孝樹|槻|貴樹|隆毅|高城|高木|高来|高槻|高樹|高紀|高貴|鷹木	JMnedict-category
たつい	立井|立居|竜井|竜居|竜揖|辰井|辰亥|辰居|達井|達伊|達居|龍井|龍居|龍揖	JMnedict-category
たつき	吹付|堅月|多附|建木|田付|田月|田附|立木|竜木|辰喜|辰木|達木|龍城|龍木	JMnedict-category
とうや	刀祢|塔屋|塔谷|当谷|東家|東矢|東耶|東谷|洞爺|糠谷|納谷|董家|藤谷|遠矢	JMnedict-category
ばんの	万埜|万野|伴埜|伴野|坂の|坂埜|坂野|幡野|板埜|板野|番野|盤野|阪埜|阪野	JMnedict-category
ひろの	博野|宏乃|広埜|広納|広能|広野|廣埜|廣野|弘埜|弘野|日露野|洋乃|浩野|裕乃	JMnedict-category
ますの	升埜|升野|増埜|増野|枡埜|枡野|桝埜|桝野|益埜|益野|舛埜|舛野|鱒埜|鱒野	JMnedict-category
みかわ	三加和|三川|三河|参川|参河|味川|実川|御川|箕川|美川|美河|見川|見河|身川	JMnedict-category
みつま	三ツ間|三妻|三津間|三満|三潴|三瀦|三磨|三豬|三間|三馬|光間|満間|滿間|美津馬	JMnedict-category
もとい	一井|元井|元位|元居|基|基井|宗意|旧井|本井|本告|本射|本居|瓦井|許斐	JMnedict-category
あいさわ	会沢|会澤|合沢|合澤|愛沢|愛澤|會沢|相川|相沢|相澤|藍沢|藍澤|逢沢|逢澤	JMnedict-category
かわなべ	川名部|川奈辺|川奈部|川辺|川邉|川邊|川那辺|川那部|川鍋|河奈辺|河辺|河那辺|河那部|河鍋	JMnedict-category
かんとう	川武当|漢東|甲藤|神東|神藤|神頭|管東|管頭|考藤|菅籐|菅藤|菅頭|間藤|関東	JMnedict-category
くさなぎ	日|日柳|艸薙|草|草なぎ|草凪|草剪|草名木|草摘|草柳|草梛|草繋|草薙|草難	JMnedict-category
けんざき	健崎|剣|剣崎|剱|剱崎|建崎|検|検崎|監崎|見|見崎|釼|釼崎|険崎	JMnedict-category
けんもち	剣持|剣物|剱持|劍持|劒持|劔持|堅持|堅物|建持|監物|見持|賢持|釼持|間持	JMnedict-category
こじょう	古城|古場|古庄|古荘|小城|小条|小條|小篠|居城|後条|木城|湖上|湖城|虎城	JMnedict-category
さいはら	哉原|在原|宰原|才原|斉原|斎原|材原|栽原|祭原|菜原|蔡原|裁原|西原|財原	JMnedict-category
なみかわ	並川|並河|南川|南河|南美川|波川|波河|浪川|浪河|涛川|滑川|濤川|竝川|行川	JMnedict-category
はまさき	合浜|浜|浜先|浜咲|浜埼|浜崎|浜嵜|濱|濱先|濱咲|濱埼|濱崎|濱嵜|濱碕	JMnedict-category
ますがた	升形|升方|升潟|増形|枡堅|枡形|枡潟|桝形|桝潟|益形|益賀多|舛形|舛潟|鱒形	JMnedict-category
ますざわ	升沢|升澤|増沢|増澤|枡沢|枡澤|桝沢|桝澤|益沢|益澤|舛沢|舛澤|鱒沢|鱒澤	JMnedict-category
ますぶち	升淵|升渕|増淵|増渕|枡淵|枡渕|桝淵|桝渕|益淵|益渕|舛淵|舛渕|鱒淵|鱒渕	JMnedict-category
みつしま	三ツ島|三ツ嶋|三嶌|三津島|光島|光嶋|光嶌|密島|密嶋|満島|満嶋|満嶌|美津島|美津嶋	JMnedict-category
やまのべ	山ノ辺|山ノ邉|山埜辺|山埜邊|山家|山延|山廼辺|山廼邉|山辺|山邉|山野辺|山野邉|山野邊|山野部	JMnedict-category
あい	亜衣|会|四十|安威|安居|愛|曾|會|相|羅|艾|藍|阿井	JMnedict-category
あみ	亜味|亜美|亜見|吾美|吾見|安見|有末|網|羅|阿弥|阿彌|阿美|阿見	JMnedict-category
いと	い藤|一戸|一糸|井戸|井斗|井登|伊徒|伊都|依戸|怡土|糸|系|絲	JMnedict-category
うえ	上|卯江|右江|宇恵|宇惠|宇栄|宇榮|宇江|宇衛|於|植|樹|表	JMnedict-category
おう	呉|応|旺|欧|歐|汪|沃|泓|王|甕|翁|黃|黄	JMnedict-category
きべ	吉部|岐部|峡部|忌部|掃部|木戸|木辺|木邉|木邊|木部|礒部|紀部|金辺	JMnedict-category
くま	久万|久磨|久萬|久間|九間|来間|熊|球磨|空閑|粂|阿|隅|隈	JMnedict-category
けん	乾|健|厳|権|甄|県|研|筧|縣|観|謙|間|阮	JMnedict-category
こし	古志|古思|小志|小紫|湖岐|胡志|腰|越|越志|輿|顧|顧志|高志	JMnedict-category
にい	丹|丹生|乳井|二井|二位|二居|仁井|仁位|仁居|倪|新|新井|新居	JMnedict-category
あいみ	会美|会見|合美|合見|哀美|哀見|愛美|愛見|會見|相美|相見|藍美|藍見	JMnedict-category
あきら	審|審良|徳|新|明|明楽|明樂|晃|東|桶|璋|秋楽|秋良	JMnedict-category
いかわ	井側|井川|井河|亥川|伊川|伊香輪|位川|威川|居川|猪川|生川|移川|衣川	JMnedict-category
いざき	井先|井崎|井嵜|伊佐木|伊崎|伊嵜|位崎|出|出崎|居|居崎|猪|猪崎	JMnedict-category
いじま	井島|井嶋|伊島|伊嶋|伊嶌|似鳥|居島|居嶋|意島|意嶋|猪島|異島|飯島	JMnedict-category
うのき	卯の木|卯ノ木|卯之木|卯木|卯野木|夘木|夘野木|宇ノ木|宇之木|宇野木|鵜の木|鵜ノ木|鵜木	JMnedict-category
えもり	恵守|恵森|惠守|枝守|枝森|枝盛|榎森|江守|江森|江盛|絵守|衛守|重盛	JMnedict-category
おさき	大|大崎|小|小崎|尾|尾先|尾前|尾崎|御崎|緒崎|長岐|雄|雄崎	JMnedict-category
かどの	上遠埜|上遠野|加戸野|加登野|廉野|楞野|稜野|葛野|角埜|角能|角野|門埜|門野	JMnedict-category
けんだ	乾田|兼多|兼田|券田|剣田|剱田|劒田|劔田|堅田|権田|見田|釼田|鑓田	JMnedict-category
こしま	児嶋|古島|古嶋|古閑|小島|小嶋|故島|狐島|狐嶋|腰間|越磨|越間|顧島	JMnedict-category
さつき	五月|五月女|佐月|佐築|左津木|札場|札木|柵木|沙月|皐|皐月|砂月|薩木	JMnedict-category
しどう	仕道|四童子|四籐|四藤|四道|子道|師藤|志籐|志藤|志道|押鐘|次藤|紫藤	JMnedict-category
しんや	新家|新屋|新矢|新谷|新野|榛谷|標葉|清家|眞屋|真家|真屋|神野|親家	JMnedict-category
たけべ	健部|岳辺|岳邊|嶽部|建部|武辺|武邊|武部|竹辺|竹邉|竹邊|竹部|竹鄭	JMnedict-category
だいご	代古|多胡|大伍|大古|大后|大喜|大後|大胡|大語|大護|太期|醍湖|醍醐	JMnedict-category
とがり	外狩|尖|戸ケ里|戸借|戸刈|戸加里|戸河里|戸狩|戸苅|戸賀里|渡刈|渡苅|鋒	JMnedict-category
ともり	伴|供利|兜森|十森|友利|土森|戸守|戸森|渡守|渡森|登森|都守|都森	JMnedict-category
ながわ	南川|南河|名川|名河|奈川|奈河|姓川|永川|菜川|那川|長和|長川|長河	JMnedict-category
ねじめ	寝占|寢占|根〆|根メ|根占|根路銘|祢占|祢寝|禰|禰占|禰寝|禰寢|称寝	JMnedict-category
ほうり	宝利|宝理|宝里|寶利|寶里|法利|法理|法里|祝|祝子|祝部|芳里|賓利	JMnedict-category
みつの	三ッ野|三ツ野|三之|三埜|三津野|三角|三觜|三野|光埜|光野|密野|満野|美津濃	JMnedict-category
みとう	三富|三藤|三頭|味藤|実藤|御藤|末藤|海藤|美藤|美頭|見当|見當|見藤	JMnedict-category
よしや	吉家|吉屋|吉矢|吉谷|善家|嘉屋|由谷|芳屋|芳谷|葭家|葭屋|葭矢|葭谷	JMnedict-category
あかがみ	明上|明神|明紙|朱上|朱神|朱紙|紅上|紅神|紅紙|赤上|赤神|赤紙|赤髪	JMnedict-category
かいもと	戎本|改元|會本|海元|海本|皆元|解本|貝元|貝本|開元|開本|階本|飼本	JMnedict-category
かばさわ	加波沢|加羽沢|加羽澤|椛山|椛沢|椛澤|樺沢|樺澤|糀沢|蒲沢|蒲澤|賀波沢|賀波澤	JMnedict-category
かんのう	勘納|勧農|官能|寛應|感応|感應|神呪|神能|神農|管納|菅能|金納|閑納	JMnedict-category
きのもと	吉ノ元|吉之元|木ノ元|木ノ本|木之元|木之本|木元|木本|木野元|木野本|紀ノ本|紀之本|紀野本	JMnedict-category
こうたに	向谷|孝谷|幸谷|河谷|洪谷|甲谷|糀谷|絞谷|耕谷|興谷|蛤谷|香谷|高谷	JMnedict-category
せんざき	仙崎|僊|僊崎|先|先崎|先嵜|千|千先|千埼|千崎|千嵜|専崎|扇崎	JMnedict-category
たけさき	嶽|嶽さき|嶽崎|武|武崎|滝ケ|滝ケ崎|瀧ケ崎|瀧ヶ崎|竹|竹前|竹埼|竹崎	JMnedict-category
たてもと	堅本|建元|建本|楯本|立元|立本|竪元|竪本|舘元|舘本|鍵本|館元|館本	JMnedict-category
とうやま	塔山|当山|東山|桐山|樋山|橙山|當山|藤山|諌山|通山|遠山|陶山|頭山	JMnedict-category
なかとう	中垰|中塔|中塘|中峠|中東|中桐|中當|中納|中藤|仲唐|仲東|仲藤|半藤	JMnedict-category
まきもと	填山|填本|巻本|慎本|播本|槇本|槙元|槙本|牧元|牧本|眞木元|真木元|蒔本	JMnedict-category
ますざき	升|升崎|増|増崎|増嵜|枡|枡崎|桝|桝崎|益崎|益嵜|舛|舛崎	JMnedict-category
ますなが	升永|増永|増長|枡永|枡長|桝永|桝長|益中|益永|益長|舛永|舛長|鱒永	JMnedict-category
みつもと	三ッ本|三ツ元|三ツ本|三元|三本|三津本|充基|光元|光本|密本|満元|満本|蜜本	JMnedict-category
もりよし	守吉|守義|守良|守芳|森吉|森喜|森好|森由|森義|森芳|盛吉|盛義|衛好	JMnedict-category
うた	右田|哥|唄|夘田|宇多|宇田|打宅|歌|菟田|雅楽|雅樂|鵜足	JMnedict-category
おぎ	守木|小城|小木|小櫃|尾儀|尾木|梛|男木|荻|雄城|雄木|鬼木	JMnedict-category
きや	喜屋|城谷|木家|木屋|木矢|木舎|木谷|機谷|気谷|氣谷|紀谷|貴家	JMnedict-category
くき	久喜|久岐|久木|久貴|久鬼|九喜|九木|九貴|九鬼|岫|工木|朽木	JMnedict-category
こん	今|孔|康|昆|根|棔|権|權|紺|襲|近|金	JMnedict-category
さじ	佐事|佐二|佐冶|佐地|佐師|佐次|佐治|左司|左次|左治|左路|幸	JMnedict-category
すま	主真|寿満|寿磨|栖間|洲間|須广|須摩|須磨|須間|須馬|須麻|須麿	JMnedict-category
たけ	健|多計|威|岳|嶽|武|武子|田家|田計|竹|長|高	JMnedict-category
たこ	多古|多湖|多胡|夛湖|夛胡|大胡|太古|田児|田子|田湖|蛸|鮹	JMnedict-category
だん	且|団|團|壇|弾|旦|檀|段|淡|田|談|黄丹	JMnedict-category
なぎ	凪|南木|南義|名城|名木|奈伎|奈木|梛|梛木|泙|菜木|那木	JMnedict-category
なや	南谷|名屋|名矢|名谷|奈谷|納|納家|納屋|納谷|納野|那谷|那須	JMnedict-category
やじ	八子|八字|家次|家治|屋次|彌次|矢持|矢次|矢治|谷地|谷治|野地	JMnedict-category
やす	八尋|叶|夜須|安|安士|安秋|安舘|屋須|康|矢須|那須|野洲	JMnedict-category
ろう	婁|朗|楼|樓|浪|盧|羅|老|虞|路|郎|魯	JMnedict-category
いちき	一岐|一木|一樹|一鬼|壱岐|市來|市喜|市木|市来|市耒|檪|檪木	JMnedict-category
いなべ	井辺|井邊|井鍋|伊部|伊鍋|員弁|稲辺|稲返|稲邉|稲邊|稲部|鋳鍋	JMnedict-category
いもり	井守|井森|井盛|伊守|伊森|伊盛|位守|居守|居森|移守|藺守|藺森	JMnedict-category
うつき	内木|卯月|卯都木|夘都木|宇津喜|宇津木|宇都城|宇都木|打木|梼木|檮木|空木	JMnedict-category
おおが	多賀|大加|大我|大牙|大神|大賀|大鋸|大鹿|太賀|相賀|鉅鹿|黄賀	JMnedict-category
おさか	大坂|小坂|小阪|尾坂|尾峪|尾硲|尾阪|綏坂|緒坂|纓坂|苧坂|苧阪	JMnedict-category
おじま	備嶋|小島|小嶋|小嶌|尾島|尾嶋|尾嶌|渡島|生島|筬島|緒島|緒嶋	JMnedict-category
かいた	介田|会田|廻田|戒田|改田|櫂田|海田|甲斐田|界田|皆田|貝田|開田	JMnedict-category
かいや	会谷|偕家|回夜|回谷|囲夜|戒屋|海谷|甲斐谷|穎谷|貝屋|貝谷|養宇	JMnedict-category
かずみ	一三|一美|一見|和泉|員見|数味|数見|數見|香住|香積|鹿住|鹿角	JMnedict-category
かせい	何|佳瀬井|加世井|加勢|加瀬井|嘉瀬井|家政|火星|瓜生|綛井|葛生|賀勢	JMnedict-category
かばた	下埜|下野|加幡|加旗|加畑|加畠|加葉田|嘉幡|椛田|樺田|蒲田|賀幡	JMnedict-category
かもん	下門|佳門|加文|加門|嘉門|掃部|歌門|神門|賀紋|賀門|香門|鴨門	JMnedict-category
かやの	加屋野|栢野|榧野|櫃野|芽野|茅埜|茅納|茅野|萓野|萱埜|萱野|蚊谷野	JMnedict-category
かんべ	上戸|上部|乾辺|勘部|官部|神戸|神辺|神邉|神邊|神部|管部|間部	JMnedict-category
きづき	城|城築|木付|木月|木津喜|木築|木附|着月|稀月|貴月|鬼月|黄月	JMnedict-category
くるま	久溜間|久留真|久留磨|久留間|久留馬|來摩|來馬|来摩|来間|来馬|車|轟	JMnedict-category
げんば	元波|元番|源場|源波|源羽|源葉|玄場|玄幡|玄番|玄羽|玄葉|玄蕃	JMnedict-category
こうず	光頭|江津|河津|甲津|神津|神頭|興津|荒津|香津|高津|高頭|鴻巣	JMnedict-category
こがわ	児川|古川|古河|好川|子川|小川|小柏|小河|湖川|爰川|粉川|粉河	JMnedict-category
ごどう	五堂|五島|五道|伍堂|午堂|午道|後堂|後籐|後藤|悟道|牛堂|護堂	JMnedict-category
さかや	坂家|坂屋|坂弥|坂矢|坂谷|堺谷|境谷|昌谷|酒家|酒屋|酒谷|阪谷	JMnedict-category
さじき	佐二木|佐治|佐治木|佐直|佐舖|佐舗|佐鋪|左治木|左直|左舗|桟敷|棧敷	JMnedict-category
しげの	渋野|滋埜|滋野|盛野|繁野|茂埜|茂野|重乃|重之|重埜|重田|重野	JMnedict-category
しゅう	周|宗|就|朱|楫|洲|祝|秋|習|肖|鄒|黄	JMnedict-category
しんじ	宍道|慎次|新司|新地|新治|森次|眞治|真治|神事|臣司|進司|進士	JMnedict-category
そがわ	十川|十河|宗川|寒川|曽川|祖川|祖月輪|租川|素川|蘇川|蘇河|走川	JMnedict-category
たがや	多ケ谷|多ヶ谷|多加谷|多賀屋|多賀谷|夛ケ谷|田ケ谷|田ヶ谷|田加谷|田谷|田賀谷|達谷窟	JMnedict-category
とうじ	冬至|十時|唐司|太治|杜氏|東児|東司|牡司|田路|通事|釼持|頭司	JMnedict-category
とざわ	兎沢|兎澤|冨沢|冨澤|戸沢|戸澤|斗沢|斗澤|杜沢|杜澤|都沢|都澤	JMnedict-category
とみや	冨屋|冨弥|冨矢|冨谷|富家|富屋|富弥|富矢|富谷|戸宮|都宮|頓宮	JMnedict-category
ながと	永利|永戸|永渡|永都|永門|長戸|長渡|長登|長藤|長途|長都|長門	JMnedict-category
にしき	二敷|二色|仁敷|日紫喜|柑子山|西亀|西喜|西木|西機|西紀|錦|錦木	JMnedict-category
のうみ	乃美|濃見|納見|納身|能味|能海|能美|能見|農海|農美|農見|野海	JMnedict-category
はしま	八島|弭間|橋間|橋馬|端島|端嶋|美馬|羽島|羽嶋|羽鳥|葉島|覇島	JMnedict-category
ひざわ	日沢|日澤|桧沢|桧澤|樋沢|樋澤|檜沢|檜澤|比沢|比澤|火沢|飛沢	JMnedict-category
ひとみ	一美|一見|一視|人美|人見|仁見|侍留|日冨|日富|樋富|眸|瞳	JMnedict-category
ほずみ	保住|保栖|保泉|保積|保角|八月一日|八月朔|八月朔日|八角|宝積|穂住|穂積	JMnedict-category
ましま	槙島|眞島|眞嶋|真島|真嶋|真嶌|間島|間嶋|間縞|間霜|馬島|馬嶋	JMnedict-category
みのべ	三部|末延|箕部|簑部|美ノ辺|美延|美濃辺|美濃邊|美濃部|美野部|蓑部|見延	JMnedict-category
めかた	目加多|目加田|目堅|目形|目方|目片|目賀多|目賀田|米ケ田|米ヶ田|米加田|米賀多	JMnedict-category
よした	与下|吉多|吉田|喜田|好多|由多|由田|美田|芦田|芳田|葭多|賀田	JMnedict-category
りょう	了|凌|寥|寮|嶺|廖|梁|漁|竜|良|量|龍	JMnedict-category
あくざわ	亜久沢|亜久澤|吾久沢|吾久澤|安久沢|安久澤|悪沢|悪澤|愛久沢|愛久澤|阿久沢|阿久澤	JMnedict-category
かいとう	垣内|海東|海籐|海藤|海透|海道|海頭|甲藤|皆籐|皆藤|開藤|魁道	JMnedict-category
くらみつ	倉光|倉満|倉益|蔵ミツ|蔵光|蔵密|蔵満|蔵滿|藏光|藏密|藏満|鞍光	JMnedict-category
こうしま	光島|光嶋|向島|幸嶋|河島|河嶋|甲島|甲嶋|神島|興島|香島|高島	JMnedict-category
ごちょう	丑膓|五丁|五町|午腸|午膓|後丁|後町|後調|後長|後鳥|牛腸|牛膓	JMnedict-category
すがさき	寿賀崎|洲賀|洲賀崎|菅崎|菅嵜|須ケ|須ケ崎|須ヶ|須加|須加崎|須賀|須賀崎	JMnedict-category
すみもと	住元|住本|墨本|清本|澄本|炭元|炭本|角本|隅元|隅本|隈元|隈本	JMnedict-category
たかみね	多嘉嶺|孝峯|孝峰|嵩峰|嵩嶺|貴峰|高実子|高峯|高峰|高嶺|高美子|鷹峰	JMnedict-category
ためがい	溜貝|為ケ井|為ヶ井|為我井|為谷|為貝|爲我井|爲貝|田米開|田辺井|田部井|集貝	JMnedict-category
ますもり	升守|升屋|升森|増守|増森|増盛|桝森|益守|益森|益盛|舛森|舛盛	JMnedict-category
みつまた	三ツ俣|三ツ又|三ツ股|三俣|三又|三服|三潴|三股|光亦|光俣|光又|光股	JMnedict-category
みなもと	南本|水元|泉|港元|湊元|湊本|源|源元|源本|皆元|皆本|美名本	JMnedict-category
もとよし	元吉|元好|元由|元義|元良|元芳|基義|本吉|本好|本由|本良|本芳	JMnedict-category
よしもり	吉守|吉森|吉毛利|吉盛|好森|慶森|由森|美森|義森|義盛|芳森|葭森	JMnedict-category
いちのざわ	一の澤|一之沢|市ノ沢|市ノ澤|市乃沢|市乃澤|市之沢|市之澤|市埜沢|市埜澤|市野沢|市野澤	JMnedict-category
えんじょう	円乗|円城|円浄|円淨|園城|圓乗|圓城|圓浄|煙上|臙条|遠上|遠城	JMnedict-category
てしがわら	刺使川原|勅使ヶ原|勅使川原|勅使河原|勅使瓦|勅旨ヶ原|勅旨川原|勅旨河原|勅旨瓦|敕使河原|鉄地川原|鉄地河原	JMnedict-category
あそ	安曽|安曾|安蘇|安蘓|相蘇|阿征|阿曽|阿曾|阿蘇|阿蘓|麻生	JMnedict-category
いい	井伊|井居|伊井|依斐|尹|猪井|生井|衣斐|飯|飯井|飯居	JMnedict-category
いな	井名|井奈|井那|今|伊名|伊奈|伊那|猪名|稲|稲奈|衣奈	JMnedict-category
おお	呉|多|大|太|小尾|応|應|於保|王|翁|雄尾	JMnedict-category
おべ	和辺|和部|小辺|小部|尾辺|尾邊|尾部|緒辺|緒部|遠辺|遠部	JMnedict-category
かこ	加古|加固|加園|加子|加戸|加来|可児|賀古|賀子|賀来|鹿子	JMnedict-category
かだ	加田|嘉田|家田|歌田|荷田|蚊田|賀田|鍜田|香田|駕田|鹿田	JMnedict-category
かわ	加和|川|川和|汾|河|河輪|細川|細河|緑川|賀羽|香和	JMnedict-category
きみ	來見|公|吉海|君|喜味|喜見|木美|木見|来見|王|紀見	JMnedict-category
けい	京|奚|岑|慶|慶伊|景|桂|毛井|系井|経|荊	JMnedict-category
こい	児井|兒井|古井|小井|小居|己斐|湖衣|狐井|胡居|許斐|鯉	JMnedict-category
こま	小間|巨摩|木間|来間|狛|胡摩|胡間|胡麻|駒|高麗|鼓間	JMnedict-category
さだ	佐多|佐太|佐田|堤|完|定|猿田|砂田|禎|英|貞	JMnedict-category
しお	司尾|四尾|塩|姉帯|子浦|志保|志尾|志芳|汐|潮|紫尾	JMnedict-category
せこ	世古|世子|世戸|世故|勢古|勢子|瀬古|瀬子|背古|脊古|迫	JMnedict-category
その	園|増野|岨野|曽野|曾野|爾|素野|苑|薗|蘇野|蘓野	JMnedict-category
たく	卓|多久|夛久|宅|工匠|度|拓|澤|田久|託|高来	JMnedict-category
たて	伊達|城|建|楯|盾|立テ|竪|経|經|舘|館	JMnedict-category
とべ	利部|十倍|卜部|戸田|戸辺|戸邉|戸邊|戸部|砥部|蔀|都部	JMnedict-category
なち	名刀|名地|名智|名知|奈智|奈知|生地|生池|那智|那知|那須	JMnedict-category
ねぎ	大戸|根宜|根宣|根木|根来|祢宜|祢宣|祢木|禰宜|禰宣|禰木	JMnedict-category
のぎ	乃木|埜木|禾|能城|能木|能義|野儀|野喜|野城|野木|野義	JMnedict-category
のり	乗|則|憲|法|海苔|祝|程|糊|謙|野理|野里	JMnedict-category
まや	厩|摩耶|眞矢|真家|真屋|真椰|真矢|真野|磨矢|磨谷|麻野	JMnedict-category
あいき	会希|会木|合希|合木|四十木|愛希|愛木|會木|相木|藍希|藍木	JMnedict-category
あぐい	亜久井|吾久井|安久井|安喰|安居|安居院|安食|日外|英比|阿久井|阿久比	JMnedict-category
あさこ	旦来|昌子|朝古|朝子|朝来|浅古|浅子|浅来|麻古|麻子|麻来	JMnedict-category
あさば	朝場|朝羽|朝葉|浅場|浅羽|浅葉|淺場|淺羽|麻場|麻羽|麻葉	JMnedict-category
あさま	朝熊|朝間|朝馬|残間|浅摩|浅熊|浅磨|浅間|淺間|麻熊|麻間	JMnedict-category
あしや	芦屋|芦矢|芦谷|芦野|葦屋|葦谷|葭家|蘆屋|蘆谷|足屋|足谷	JMnedict-category
あぜち	安瀬地|按察|畔地|畝地|畦地|畦池|畦知|畴地|疇地|阿世知|阿瀬知	JMnedict-category
あとう	亜東|亜籐|亜藤|吾東|吾籐|吾藤|安東|阿刀|阿東|阿籐|阿藤	JMnedict-category
あまき	亜麻木|味木|天城|天木|天鬼|尼城|尼木|甘城|甘木|雨城|雨木	JMnedict-category
あまぎ	天城|天木|天毎木|天衣|尼城|尼木|尼義|甘城|甘木|雨城|雨木	JMnedict-category
いくま	井熊|井隈|伊久間|伊熊|幾間|猪熊|生熊|生間|生馬|胆熊|飯久間	JMnedict-category
いさわ	井沢|井澤|伊沢|伊澤|石和|石禾|胆沢|胆澤|膽沢|膽澤|萎沢	JMnedict-category
いたに	井澗|井谷|伊谷|夷谷|射谷|居谷|板谷|猪谷|違谷|鋳谷|飴谷	JMnedict-category
いない	井上|井内|伊内|伊奈井|似内|居内|稲井|稲居|稲生|稲飯|稻井	JMnedict-category
いのき	井ノ木|井木|井野木|伊ノ木|伊野木|位野木|居軒|猪ノ木|猪之木|猪木|猪野木	JMnedict-category
いばた	井幡|井旗|井畑|井畠|井端|伊場田|伊畑|居畑|茨田|藺幡|衣幡	JMnedict-category
いまき	井巻|今き|今來|今喜|今城|今巳|今木|今来|今記|伊巻|印牧	JMnedict-category
いまた	井亦|井俣|井又|井股|今多|今夛|今田|猗股|猪俣|猪又|猪股	JMnedict-category
うかわ	卯川|右川|宇川|宇河|烏川|生川|祐川|羽川|請川|鵜川|鵜河	JMnedict-category
うはら	乳原|卯原|右原|夘原|宇原|梅原|禹原|羽原|莵原|菟原|鵜原	JMnedict-category
えんや	円谷|圓谷|塩冶|塩屋|塩谷|演屋|煙谷|燕谷|猿谷|縁谷|遠矢	JMnedict-category
おうえ	尾上|尾宇江|尾栄|尾植|応江|應江|横江|近江|雄上|麻植|黄江	JMnedict-category
おうた	太田|央田|宝田|往田|応田|應田|桜多|梗田|櫻田|王田|負田	JMnedict-category
おうみ	大海|小海|尾海|往見|押見|淡海|王見|蒼海|近江|逢見|青海	JMnedict-category
おおぎ	仰木|大儀|大城|大木|大気|大義|扇|扇喜|扇子|正親|黄木	JMnedict-category
おおじ	大司|大地|大字|大慈|大治|大路|太路|尾子|王子|王治|逵	JMnedict-category
おかた	丘田|大形|小形|小方|尾形|尾方|尾片|岡太|岡田|緒形|緒方	JMnedict-category
おかわ	大川|小川|小河|尾川|尾河|岡羽|岡輪|於川|緒川|緒河|苧側	JMnedict-category
おしま	大島|小島|小嶋|尾島|尾嶋|御縞|於島|渡島|男島|雄島|雄嶋	JMnedict-category
おもと	小元|小本|尾元|尾本|於本|於茂登|梶本|緒本|織本|苧本|雄本	JMnedict-category
かいき	回木|改喜|改木|海基|海木|海来|海気|海記|皆木|貝木|魁輝	JMnedict-category
かざわ	何澤|加沢|加澤|嘉沢|嘉澤|柿沢|樺澤|賀沢|賀澤|韮沢|鹿澤	JMnedict-category
かしろ	加代|加城|嘉代|嘉白|歌代|神代|葛城|賀代|賀城|香城|鹿城	JMnedict-category
かじの	加治野|揖野|梶埜|梶野|楫野|楮野|樫野|茅野|鍛冶野|鍛治野|鍜治野	JMnedict-category
かつみ	一見|且味|且見|克己|克巳|勝海|勝美|勝見|勝身|捷見|葛美	JMnedict-category
かどや	円谷|加登谷|格谷|角家|角屋|角矢|角舎|角谷|門屋|門矢|門谷	JMnedict-category
かなえ	奏衣|海南江|金営|金得|金枝|金栄|金榮|金江|金衛|金重|鼎	JMnedict-category
かもと	下元|加元|加本|嘉元|嘉本|家本|賀元|賀本|鴨東|鹿元|鹿本	JMnedict-category
かんば	上場|勘場|干場|干葉|樺|神庭|神波|神羽|萓場|萱場|蒲	JMnedict-category
きかわ	亀川|吉川|寄川|木川|木河|木皮|樹川|紀川|衣川|鬼川|黄川	JMnedict-category
きとら	喜寅|喜登良|喜虎|木乕|木寅|木虎|記虎|貴寅|貴登羅|貴虎|鬼乕	JMnedict-category
きよし	喜代志|喜吉|喜好|喜義|喜芳|寄吉|木吉|清|清志|清枝|許士	JMnedict-category
くらち	久良知|倉内|倉地|倉智|倉知|蔵地|蔵知|藏地|藏知|鞍智|鞍知	JMnedict-category
こうが	公賀|古河|幸我|幸賀|後閑|甲賀|荒賀|香賀|高河|高荷|高賀	JMnedict-category
こかわ	古川|古河|古角|小川|小河|是川|木川|粉川|粉河|胡川|鼓川	JMnedict-category
このみ	小能見|小野美|木の実|木乃美|木実|木實|木稲|此見|菓|許斐|許野見	JMnedict-category
さかわ	佐川|佐河|坂和|坂輪|嵯川|左川|狭川|酒匂|酒向|酒和|酒輪	JMnedict-category
さがみ	佐上|佐神|佐賀美|佐賀見|坂上|左神|沙加美|瑳峨見|目|相見|詠	JMnedict-category
しとう	仕藤|佐藤|刺刀|司東|市東|志藤|柴桃|柴藤|紫桃|紫瞳|紫藤	JMnedict-category
すがま	冽鎌|州鎌|洌鎌|洲鎌|菅間|須ケ間|須ヶ間|須蒲|須釜|須釡|須鎌	JMnedict-category
すとう	ストウ|主藤|周東|周藤|数登|数藤|簾藤|須東|須籐|須藤|首藤	JMnedict-category
すみい	住井|住威|住居|墨井|寿美井|澄井|炭井|角井|角居|隅井|隅居	JMnedict-category
せんの	仙野|先野|千|千之|千埜|千能|千野|宣野|専能|専野|銑野	JMnedict-category
そうの	僧野|宗野|惣埜|惣野|相野|総野|草野|荘乃|荘埜|荘野|莊埜	JMnedict-category
だんの	団埜|団野|團野|壇野|旦野|柤野|檀野|段埜|段野|淡野|男野	JMnedict-category
とうち	兎内|十部|叶内|戸内|斗内|東地|東落|當内|登内|藤内|頭地	JMnedict-category
とざき	土崎|外埼|外崎|戸|戸咲|戸塚|戸崎|戸嵜|時|時崎|濤崎	JMnedict-category
なかじ	中司|中地|中智|中次|中治|中路|仲地|仲智|仲治|仲路|名梶	JMnedict-category
ながみ	名上|永巳|永海|永美|永見|流水|詠|長巳|長神|長美|長見	JMnedict-category
はかた	伯方|伯田|八角|博多|博夛|博田|墓田|波方|羽方|羽片|葉方	JMnedict-category
はじめ	一|大|新|本|東|源|甚目|甲|祝|秀通|長	JMnedict-category
はんの	伴野|判野|半ノ|半埜|半野|反野|坂野|墫野|幡野|阪野|飯野	JMnedict-category
ひがの	日下野|日向|日向埜|日向野|日賀野|曰下野|樋上|氷鉋|氷飽|永鉋|飛賀野	JMnedict-category
まつえ	末栄|末永|松会|松杖|松枝|松栄|松榮|松江|松英|松重|松隈	JMnedict-category
まつか	三箇|松加|松嘉|松家|松香|眞下|眞角|真塚|真柄|真角|間塚	JMnedict-category
みすみ	三住|三栖|三角|三觜|三隅|三須|公事|巳角|御角|美棲|美澄	JMnedict-category
みつた	三ツ田|三津田|三田|光多|光田|満多|満田|滿田|美蔦|蜜田|見田	JMnedict-category
みつだ	三ッ田|三ツ田|三津田|三田|光多|光田|密田|満多|満田|滿田|見津田	JMnedict-category
みふね	三舟|三舩|三船|御舟|御舩|御船|神船|美舟|美舩|美船|見船	JMnedict-category
やかべ	八加部|八壁|宅部|屋嘉部|矢ケ部|矢ヶ部|矢加部|矢可部|矢壁|矢賀谷|矢賀部	JMnedict-category
やこう	八国生|八子|八高|夜光|夜香|矢光|矢功|矢古宇|矢向|矢後|谷古宇	JMnedict-category
やもと	八元|八本|家本|屋本|弥元|弥本|柳元|矢元|矢本|箭本|谷本	JMnedict-category
やわた	八和田|八幡|八綿|屋和田|屋渡|屋綿|矢和多|矢和田|矢幡|矢羽多|矢羽田	JMnedict-category
よしま	与島|余島|余嶋|儀間|吉眞|吉真|吉間|好間|義間|芳間|葭間	JMnedict-category
りゅう	劉|廖|柳|楊|流|游|溜|琉|竜|笠|龍	JMnedict-category
あいしま	会島|会嶋|合島|合嶋|合嶌|愛島|愛嶋|相島|相嶋|藍島|藍嶋	JMnedict-category
あいじま	会島|会嶋|合島|合嶋|愛島|愛嶋|會嶋|相島|相嶋|藍島|藍嶋	JMnedict-category
あかはね	明羽|明羽根|朱羽|朱羽根|紅羽|紅羽根|赤埴|赤波根|赤羽|赤羽根|赤翼	JMnedict-category
おくずみ	奥住|奥墨|奥泉|奥積|奥角|奥隅|奧住|奧墨|奧泉|奧角|奧隅	JMnedict-category
かいほう	海保|海北|海宝|海寳|海寶|海峯|海峰|海方|海法|海鋒|海鵬	JMnedict-category
かわすみ	川住|川墨|川済|川澄|川角|川隅|河住|河済|河澄|河角|河隅	JMnedict-category
くらます	倉升|倉増|倉枡|倉益|蔵升|蔵増|蔵枡|蔵桝|蔵満|蔵舛|藏増	JMnedict-category
こうさき	光|光崎|幸|幸崎|桁崎|神前|神崎|耕|耕崎|講|講崎	JMnedict-category
しばさき	柴|柴咲|柴埼|柴崎|柴嵜|篠|篠崎|芝|芝先|芝崎|芝嵜	JMnedict-category
しゅとう	主籐|主藤|主頭|出頭|周東|周藤|酒匂|銖藤|首東|首藤|鷲頭	JMnedict-category
しんがい	愼改|慎改|新海|新粥|新谷|新貝|新鎧|新開|新階|眞貝|真貝	JMnedict-category
たいなか	堆中|堤中|多井中|対中|對中|平中|泰中|田井中|胎中|躰中|鯛中	JMnedict-category
ながさこ	永さこ|永廻|永迫|長佐古|長峪|長嶝|長廻|長栄|長榮|長硲|長迫	JMnedict-category
はたもと	幡基|幡本|播本|旗本|畑元|畑本|畠元|畠本|秦本|端本|籏本	JMnedict-category
ひとつや	一ッ谷|一ツ家|一ツ屋|一ツ矢|一ツ谷|一家|一津屋|一津矢|一津谷|一舎|簾田	JMnedict-category
ひろしま	宏洲|寛島|広島|広嶋|広嶌|広嶼|廣島|廣嶋|廣嶌|弘島|弘嶋	JMnedict-category
ひろはた	広幡|広畑|広畠|広端|広鰭|廣幡|廣畑|廣畠|廣鰭|弘畑|弘畠	JMnedict-category
まきしま	填島|填嶋|巻島|巻嶋|槇島|槇嶋|槙島|槙嶋|牧島|牧嶋|牧嶌	JMnedict-category
まきやま	万亀山|填山|巻山|慎山|槇山|槙山|牧山|真木山|穐山|萬亀山|蒔山	JMnedict-category
むねかた	宗像|宗尊|宗形|宗方|宗片|崇像|棟形|棟方|楝形|胸形|胸方	JMnedict-category
もりずみ	両角|守住|守純|森住|森泉|森済|森澄|森隅|盛住|盛澄|諸角	JMnedict-category
よしなか	吉中|吉仲|善中|好中|義中|義仲|義沖|芳中|芳仲|葭中|葭仲	JMnedict-category
よしみね	吉岑|吉峯|吉峰|吉嶺|善峰|好峯|好峰|歓峯|歓峰|良峯|良峰	JMnedict-category
りょうだ	両田|了田|梁田|椋田|猟田|竜田|綾田|良田|菱田|領田|龍田	JMnedict-category
いべ	井辺|井邉|井邊|井部|伊辺|伊邉|伊邊|伊部|位部|衣裴	JMnedict-category
うき	卯木|宇喜|宇城|宇木|宇樹|宇気|浮|浮気|浮氣|鵜木	JMnedict-category
うね	宇根|宇祢|宇禰|有年|畝|畦|羽根|釆|采|鵜根	JMnedict-category
えみ	恵美|恵見|愛水|永見|江美|江見|笑|蝦|衣斐|重見	JMnedict-category
おい	及位|小井|小居|尾井|尾位|尾居|王|生井|生地|老	JMnedict-category
かと	下戸|加戸|加斗|加登|加百|嘉戸|嘉登|家登|蚊戸|賀登	JMnedict-category
かば	加幡|加波|嘉場|椛|椛場|樺|萓場|萱場|蒲|賀場	JMnedict-category
くに	久仁|久迩|久邇|九二|六合|国|國|本郷|邦|都	JMnedict-category
くら	久良|九羅|九良|倉|内蔵|大倉|蔵|藏|鞍|馬	JMnedict-category
げん	元|原|厳|嚴|弦|源|玄|絋|耿|阮	JMnedict-category
した	下|仕田|信太|信田|司田|士田|始田|志田|思多|支田	JMnedict-category
すえ	季|寿恵|末|末永|淘江|諏江|陶|陶器|須恵|須江	JMnedict-category
たご	多吾|多湖|多胡|田児|田古|田子|田後|田悟|田湖|田胡	JMnedict-category
とが	化間|問可|戸叶|戸賀|斗賀|栂|渡加|都我|都賀|門叶	JMnedict-category
とぎ	利|土宜|土岐|塗木|富木|樗木|當木|研|磨|都城	JMnedict-category
とく	土喰|常盤山|得|徳|徳久|戸来|朱|渡来|禿|篤	JMnedict-category
とし	上野|俊|利|十司|土師|塗師|寿|敏|渡司|都志	JMnedict-category
とま	外間|当間|当麻|戸摩|戸澗|戸間|泊|笘|苫|都間	JMnedict-category
のべ	埜辺|埜邊|埜部|廷|納部|野辺|野邉|野邊|野部|饒辺	JMnedict-category
はだ	八田|波多|波田|派田|浪田|畠田|秦|羽田|芳田|葉田	JMnedict-category
ひや	日谷|樋谷|比屋|比谷|氷谷|火矢|火谷|肥谷|部屋|飛矢	JMnedict-category
ひろ	博|宏|寛|尋|広|廣|弘|此|蓉|飛呂	JMnedict-category
ゆり	勇利|友利|友里|岼|油利|由利|由理|由良|由里|百合	JMnedict-category
れい	丁|冷|励|嶺|来|鈴|麓|麗|黎|齢	JMnedict-category
あざみ	執見|浅見|生明|芥生|莇|薊|阿佐美|阿左見|風見|麻佐美	JMnedict-category
あじち	兄父|味地|安持地|安次知|安父|按察|阿地知|阿字地|阿慈地|阿慈知	JMnedict-category
あびる	安比留|安美留|安蒜|安蛭|我蛭|畔蒜|阿比畄|阿比留|阿蒜|阿蛭	JMnedict-category
あまち	天内|天地|天池|天知|尼地|尼知|甘地|甘知|雨地|雨知	JMnedict-category
あもう	亜望|吾望|天生|天羽|天羽生|尼羽|甘羽|阿望|阿毛|雨羽	JMnedict-category
いがい	井街|井貝|伊貝|伊賀井|居賀井|為我井|猪狩|猪飼|衣袈井|飯飼	JMnedict-category
いがた	井形|井方|井潟|伊加田|伊形|伊賀田|居潟|生形|鋳方|鎔	JMnedict-category
いがみ	井上|井神|伊上|伊神|伊賀美|位上|居神|意加美|猪上|藺上	JMnedict-category
いがり	五十里|井狩|井苅|伊狩|伊賀利|猪狩|猪苅|猪飼|碇|錨	JMnedict-category
いしま	井島|井嶋|井嶌|伊島|伊嶋|伊嶌|位島|異島|石間|石馬	JMnedict-category
いちい	一井|一伊|一居|壱井|市井|市位|市居|檪|櫟|櫟井	JMnedict-category
いのう	井尾|井箟|井納|井能|伊納|伊能|威能|居能|稲生|飯尾	JMnedict-category
いのや	井之谷|井谷|井野屋|伊埜谷|伊野谷|居野家|池ノ谷|猪谷|猪野|猪野屋	JMnedict-category
いよだ	井余田|井餘田|伊与田|伊予田|伊代田|伊與田|伊興田|伊豫田|伊輿田|彌田	JMnedict-category
うしろ	卯城|右代|右城|宇代|宇城|後|後呂|後路|牛呂|鵜城	JMnedict-category
うどう	兎洞|卯道|右働|夘道|宇堂|宇洞|宇藤|有仂|有働|有動	JMnedict-category
うもと	兎本|卯元|卯本|夘本|宇元|宇本|禹本|莵本|菟本|鵜本	JMnedict-category
うるま	売間|宇瑠間|宇留間|漆間|潤間|粉間|粳間|賣間|閏間|閠間	JMnedict-category
おおか	大加|大可|大嘉|大家|大岡|大椛|大賀|大鹿|尾岡|鉅鹿	JMnedict-category
おおこ	多胡|大古|大庫|大戸|大湖|大箇|大胡|大鋸|大鼓|太子	JMnedict-category
おおち	大内|大地|大智|大池|大知|百千|相知|邑智|鴬地|黄地	JMnedict-category
おさべ	刑辺|刑部|小坂部|押部|梭部|治部|筬部|長谷部|長辺|長部	JMnedict-category
かいち	加市|垣内田|海内|皆地|貝市|開地|開市|開智|階地|鶏内	JMnedict-category
かくち	加口|加鬮|嘉口|格地|此内|覚地|覚知|角地|託|賀口	JMnedict-category
かこう	加光|加好|加幸|加甲|加香|嘉香|花香|賀光|賀好|鹿子生	JMnedict-category
かすい	加耒|加須井|春日井|槽井|籾井|粕井|糟井|葭井|賀須井|香水	JMnedict-category
かつや	勝冶|勝屋|勝矢|勝箭|勝谷|勝野|葛谷|葛野|鰹屋|鰹谷	JMnedict-category
かはら	加原|可原|夏原|家原|河原|華原|葛原|賀原|香原|鹿原	JMnedict-category
かまい	構|構井|構居|蒲井|蒲生|釜井|釜居|釡井|鎌井|鎌居	JMnedict-category
かんな	勘那|喚阿|漢那|神南|神名|貫名|鉄穴|鉋|鐡穴|鐵穴	JMnedict-category
こうさ	匝嵯|小宇佐|幸佐|幸左|江左|甲佐|神作|香沙|高佐|黄砂	JMnedict-category
こうづ	広津|弘津|江津|河津|甲津|神津|神澤|興津|高津|高頭	JMnedict-category
こうみ	古海|小海|巨海|幸壬|幸見|江見|神海|近江|香味|高味	JMnedict-category
こさい	小佐井|小作井|小左井|小才|小斉|小斎|小菜|小采|小齊|小齋	JMnedict-category
こしの	古志野|小神野|小篠|腰野|越埜|越廼|越納|越能|越野|輿野	JMnedict-category
こはた	古幡|古畑|小幡|小旗|小畑|小畠|木幡|木畑|木畠|降旗	JMnedict-category
こびき	古挽|古曳|古曵|小引|小日置|小曳|小曵|小此木|故引|木挽	JMnedict-category
こふじ	児藤|古藤|小不二|小冨士|小富士|小籐|小藤|木藤|湖藤|胡藤	JMnedict-category
さつか	佐塚|作花|属|屬|栗冠|目|眼目|粟冠|自|雑花	JMnedict-category
さわき	佐分|佐脇|左脇|沢城|沢木|沢樹|沢紀|澤城|澤木|澤樹	JMnedict-category
しかた	四方|四方田|士堅|士方|志形|志方|指方|紫加田|鹿多|鹿田	JMnedict-category
すごう	周郷|州合|巣合|洲合|莞生|菅生|諏合|諏郷|須合|須郷	JMnedict-category
たけし	武士|武子|武市|武志|武枝|武次|猛|竹子|竹市|長	JMnedict-category
たさい	太宰|太才|太斉|太細|太齊|太齋|田才|田斉|田斎|田財	JMnedict-category
ただき	但木|只木|唯木|多々木|忠木|旦木|正木|田々木|祇樹|祗樹	JMnedict-category
たなみ	多並|棚見|田並|田南|田名網|田名見|田波|田浪|田竝|田苗見	JMnedict-category
たんぽ	且保|丹保|丹甫|反保|反怖|反甫|旦保|田甫|畝|端保	JMnedict-category
つずき	劉|筑木|続木|続葛|續|調|都月|都竹|都筑|都築	JMnedict-category
ながき	名垣|永喜|永城|永木|永来|永樹|長喜|長城|長岐|長木	JMnedict-category
ひさか	久下|久加|久賀|久香|日坂|日阪|樋坂|檜坂|氷坂|火坂	JMnedict-category
ひづめ	十二月晦日|日極|日爪|日詰|樋爪|樋詰|火爪|火詰|肥瓜|蹄	JMnedict-category
ひろし	宏|寛司|広|広司|広志|廣司|弘|洋|洪|秦	JMnedict-category
ひわだ	日和田|桧和田|桧波田|桧田|桧皮|桧皮田|檜和田|檜皮田|肥和田|鶸田	JMnedict-category
ほかり	保刈|保苅|帆刈|帆加利|帆苅|甫仮|穂刈|穂苅|穗刈|穗苅	JMnedict-category
まさか	政嘉|政香|眞坂|眞阪|真下|真坂|真家|真阪|間坂|間阪	JMnedict-category
みかた	三ケ田|三ヶ田|三方|三賢|味形|味方|実方|美方|見形|見方	JMnedict-category
みなべ	三辺|三邉|三邊|三部|三鍋|南部|水辺|皆部|見辺|見邊	JMnedict-category
みのだ	三野田|実能田|稔田|箕田|簑田|簔田|美濃田|美能田|美野田|蓑田	JMnedict-category
みのや	三野谷|箕屋|箕矢|箕谷|美ノ谷|美濃屋|美濃谷|美農谷|蓑屋|蓑谷	JMnedict-category
みもり	三保|三守|三森|三盛|味森|御守|未森|水漏|美森|見森	JMnedict-category
やとう	八登|屋藤|弥登|弥藤|弥頭|矢藤|矢頭|箭頭|谷藤|野藤	JMnedict-category
よしお	佳央|吉尾|吉生|吉雄|善尾|由尾|由雄|義尾|芳尾|芳王	JMnedict-category
あかさき	明崎|明碕|朱崎|朱碕|紅崎|紅碕|赤|赤崎|赤嵜|赤碕	JMnedict-category
あかざき	明崎|明碕|朱崎|朱碕|紅崎|紅碕|赤|赤ザキ|赤崎|赤碕	JMnedict-category
あきかわ	昭川|昭河|淳川|淳河|璃川|璃河|秋川|秋河|穐川|穐河	JMnedict-category
あきがわ	昭川|昭河|淳川|淳河|璃川|璃河|秋川|秋河|穐川|穐河	JMnedict-category
あきさだ	昭定|昭貞|淳定|淳貞|璃定|璃貞|秋定|秋貞|穐定|穐貞	JMnedict-category
あきさわ	昭沢|昭澤|淳沢|淳澤|璃沢|璃澤|秋沢|秋澤|穐沢|穐澤	JMnedict-category
いちのき	一の樹|一ノ子|一ノ木|一之木|一木|市ノ木|市野木|檪|櫟|櫟木	JMnedict-category
いのくち	井ノ口|井之口|井口|井野口|伊之口|伊野口|猪ノ口|猪之口|猪口|生口	JMnedict-category
いのはら	井ノ原|井之原|井原|伊野原|居原|猪の原|猪ノ原|猪之原|猪原|猪野原	JMnedict-category
いんどう	印堂|印東|印籐|印藤|印道|印頭|因藤|引頭|犬堂|犬童	JMnedict-category
うのざわ	宇ノ沢|宇ノ澤|宇之沢|宇野沢|宇野澤|鵜ノ澤|鵜之沢|鵜之澤|鵜野沢|鵜野澤	JMnedict-category
うぶかた	冲方|土方|宇夫形|宇夫方|幼方|生形|生方|産形|産方|産賀	JMnedict-category
かいざわ	会沢|海沢|甲斐沢|甲斐澤|螺沢|螺澤|貝沢|貝澤|開沢|開澤	JMnedict-category
かねます	兼増|兼枡|兼桝|兼益|金升|金増|金枡|金桝|金益|金舛	JMnedict-category
かねよし	兼吉|兼好|兼良|兼芳|金吉|金善|金好|金慶|金義|金芳	JMnedict-category
かやもり	栢森|栢盛|榧守|榧森|櫃守|茅守|茅森|萓森|萱守|萱森	JMnedict-category
こうはら	向原|孝原|嵩原|幸原|洪原|甲原|神原|荒原|香原|鴻原	JMnedict-category
ごじょう	五上|五条|五條|午上|半場|後上|後城|後条|後條|護城	JMnedict-category
さいかち	塊|槐|皀|西梅枝|西海土|西海士|西海持|西海枝|西海知|齊勝	JMnedict-category
さいごう	彩豪|才郷|斉郷|斎江|斎郷|細郷|西郷|郷西|齊郷|齋江	JMnedict-category
さいしょ	宰所|才所|撮所|斉所|斎所|最初|最所|税所|齊所|齋所	JMnedict-category
しげよし	成由|繁吉|繁好|茂好|茂由|重吉|重好|重義|重良|重芳	JMnedict-category
ししくら	四倉|完倉|宍倉|師子倉|猊倉|獅々倉|獅倉|獅子倉|穴倉|肉倉	JMnedict-category
しょうや	勝屋|勝谷|升谷|庄屋|庄矢|庄谷|庄野|正谷|照屋|觴谷	JMnedict-category
しんめい	信明|新免|新名|新姪|新明|眞明|真明|神名|神明|震明	JMnedict-category
じょうの	丈野|城埜|城生|城生野|城野|情野|条野|條野|浄野|錠野	JMnedict-category
せんごく	仙国|仙國|仙石|仙谷|仙黒|僊石|千国|千斛|千石|戦国	JMnedict-category
たちもり	日|日明|日月|朔晦|立森|立盛|舘森|舘盛|館森|館盛	JMnedict-category
なかます	中升|中増|中枡|中桝|中益|中舛|仲升|仲増|仲桝|仲舛	JMnedict-category
のりもと	乗元|乗本|乘本|企元|則元|則本|徳本|法元|法本|紀元	JMnedict-category
ひるかわ	日留川|昼川|昼河|晝川|晝河|比尚川|比留川|肥留川|蛭川|蜷川	JMnedict-category
ますかた	升方|増形|枡方|枡潟|桝方|桝潟|益県|益縣|益賀多|舛方	JMnedict-category
ますひろ	升広|升廣|増広|増廣|増弘|桝広|益広|益弘|舛広|舛廣	JMnedict-category
みつかわ	三ツ川|三川|三津川|光川|光河|密川|樒川|櫁川|満川|満河	JMnedict-category
みつざき	三|三埼|三崎|光|光崎|光嵜|満|満先|満崎|満嵜	JMnedict-category
みつざわ	三ツ沢|三ツ澤|三沢|三津沢|三澤|光沢|光澤|満沢|満澤|蜜澤	JMnedict-category
みつはら	三原|三春|三津原|光原|密原|密波羅|水原|満原|蜜原|蜜波羅	JMnedict-category
みつよし	三ツ芳|三善|三好|三慶|三次|三芳|光吉|光善|光好|満吉	JMnedict-category
もりくに	保国|保國|守国|守邦|森国|森國|盛国|護国|護國|護邦	JMnedict-category
もりしげ	守繁|守茂|守重|森繁|森茂|森重|盛繁|盛茂|盛重|護重	JMnedict-category
やがさき	矢々崎|矢ケ|矢ケ崎|矢ケ嵜|矢ヶ崎|矢崎|矢我崎|谷ケ|谷ケ崎|谷ヶ崎	JMnedict-category
わたらい	度会|度合|度會|渡井|渡会|渡來|渡曾|渡會|渡来|渡耒	JMnedict-category
あんじょう	安上|安住|安城|安定|安成|安生|安莊|安蔵|安静|莇生	JMnedict-category
さいしょう	宰相|斉正|斎正|最勝|最匠|最生|最相|西勝|齊正|齋正	JMnedict-category
しょうやま	商山|圧山|少山|庄山|承山|昇山|椙山|樅山|正山|生山	JMnedict-category
じょうこう	丈光|上光|上甲|城光|城向|城幸|城甲|常光|常恒|浄光	JMnedict-category
なんじょう	南上|南城|南場|南塲|南条|南條|南篠|南絛|南荘|楠城	JMnedict-category
ほうしょう	保正|北条|宝勝|宝性|宝正|宝生|寳生|法性|法正|蓬生	JMnedict-category
あわ	亜波|吾波|安和|安房|安発|淡|粟|阿波|阿輪	JMnedict-category
いし	井士|井師|以志|伊師|伊志|尹|帷子|猪子|石	JMnedict-category
えま	依馬|栄馬|江間|江馬|江麻|絵馬|絵麻|英真|衣麻	JMnedict-category
おが	大鋸|小可|小賀|小鹿|尾賀|男鹿|緒賀|鉅鹿|雄鹿	JMnedict-category
おや	大宅|大屋|大矢|小矢|尾家|尾屋|尾矢|尾谷|苧谷	JMnedict-category
かに	加仁|加児|可児|可兒|嘉仁|河児|蟹|蠏|賀仁	JMnedict-category
こた	仔汰|児田|兒田|古田|孤田|居田|故田|木田|菰田	JMnedict-category
こだ	古田|子田|小多|小打|小田|後田|来田|菰田|袴田	JMnedict-category
この	児野|古埜|古野|小野|昆野|木野|河野|狐野|鼓野	JMnedict-category
ごう	五王|剛|呉|江|洪|豪|轟|郷|黄	JMnedict-category
さお	佐尾|佐生|小尾|左尾|差尾|棹|樟|竿|竿尾	JMnedict-category
しも	下|下モ|下伏|下茂|司茂|圷|志毛|志茂|霜	JMnedict-category
じん	仁|任|張|施|甚|神|秦|陣|陳	JMnedict-category
たじ	丹比|丹治|多地|多次|太治|田地|田次|田治|田路	JMnedict-category
たね	多根|多祢|多禰|太根|植|田根|種|種子|胤	JMnedict-category
たま	但馬|多摩|柳|玉麻|田广|田摩|田真|田間|詫間	JMnedict-category
なわ	名和|名波|名輪|奈波|姓和|縄|繩|那和|那波	JMnedict-category
はく	伯|朴|柏|泊|白|白玖|葉久|薄|迫	JMnedict-category
はの	土野|埴野|把野|杷野|波野|浪野|羽野|芳野|葉野	JMnedict-category
はば	八幡|坡場|巾|幅|波場|羽場|羽塲|羽馬|馬場	JMnedict-category
はぶ	吐生|土生|土部|垣生|垣部|埴生|幡豆|羽生|羽部	JMnedict-category
ひじ	小童|日出|日地|日置|樋路|比地|比治|臂|非治	JMnedict-category
ふわ	不波|不渡|不破|冨和|富和|布輪|府和|府玻|普和	JMnedict-category
まさ	勝|庄|政|昌|正|眞佐|真佐|真砂|雅	JMnedict-category
まち	坊|町|町知|真地|真智|磨知|街|間地|馬遅	JMnedict-category
みえ	三枝|三栄|三榮|三江|三重|弥栄|榮|深江|美恵	JMnedict-category
みせ	三勢|三瀬|店|御勢|美世|美勢|見世|見勢|見瀬	JMnedict-category
みち	味地|味知|惣|水戸|石渡|見知|通|道|長	JMnedict-category
やち	八千|屋地|矢地|矢治|萢|谷内|谷地|谷知|野地	JMnedict-category
ゆざ	弓座|油坐|油座|湯坐|湯座|遊佐|遊在|遊坐|遊座	JMnedict-category
あいち	会知|合知|愛地|愛智|愛知|相地|相智|相知|藍知	JMnedict-category
あかき	明城|明木|朱城|朱木|紅城|紅木|赤城|赤木|赤鬼	JMnedict-category
あきや	明也|昭谷|淳谷|璃谷|秋家|秋屋|秋谷|穐谷|龝谷	JMnedict-category
あびこ	吾孫|吾孫子|安孫子|安彦|我孫|我孫子|阿彦|阿美古|鮑子	JMnedict-category
あまや	天宅|天矢|天谷|天野|尼谷|甘谷|雨夜|雨矢|雨谷	JMnedict-category
あやせ	彩世|彩勢|彩瀬|文世|文瀬|絢世|絢瀬|綾世|綾瀬	JMnedict-category
あらの	新埜|新延|新納|新野|昿野|荒埜|荒納|荒能|荒野	JMnedict-category
いげた	井ケ田|井ゲ田|井ヶ田|井下田|井桁|井毛田|伊下田|垳田|為計田	JMnedict-category
いさき	井先|井崎|伊佐木|伊咲|伊崎|位崎|壱岐|猪崎|績木	JMnedict-category
いさみ	五老海|伊佐美|伊佐見|勇|勇磨|勇美|勇見|諌見|諫見	JMnedict-category
いなが	井中|井永|井長|伊永|居永|居長|為永|稲永|稲賀	JMnedict-category
いのい	五ノ井|井ノ井|井伊|伊之井|伊井|家井|居井|猪井|猪居	JMnedict-category
いのお	井ノ尾|井之尾|井尾|伊野尾|猪之尾|猪尾|猪野尾|稲生|飯尾	JMnedict-category
いはた	井旗|井畑|井畠|井端|井籏|伊畑|胆畑|膽畑|謄畑	JMnedict-category
いやま	井山|伊山|医山|居山|猪山|諌山|醫山|鋳山|飯山	JMnedict-category
うじま	卯嶋|宇島|宇嶋|氏間|牛島|鵜島|鵜嶋|鵜嶌|鶫島	JMnedict-category
えばた	恵畑|惠畑|江場田|江幡|江畑|江畠|江端|絵幡|絵畑	JMnedict-category
おうの	大野|応野|押野|王野|相埜|相野|負野|逢野|黄野	JMnedict-category
おおご	大五|大古|大子|大庫|大後|大期|大湖|大胡|大護	JMnedict-category
おくや	億谷|奥家|奥屋|奥矢|奥谷|奧家|奧屋|奧矢|奧谷	JMnedict-category
おもや	尾茂弥|尾茂谷|重屋|重矢|重谷|面家|面屋|面矢|面谷	JMnedict-category
かくた	加久田|加来田|嘉久田|覚田|覺田|角田|赫多|赫田|額田	JMnedict-category
かくま	加久間|加隈|覚間|角眞|角真|角間|角馬|鶴間|鹿熊	JMnedict-category
かすみ	加角|加隅|可須水|嘉住|春見|鍛炭|霞|香住|鹿住	JMnedict-category
かただ	加多駄|堅多|堅田|形田|潟田|瀉田|片多|片田|縣田	JMnedict-category
かなが	加中|加永|可長|嘉壽|嘉寿|嘉永|賀中|賀永|賀長	JMnedict-category
かなべ	加辺|川那辺|神辺|神部|金名部|金辺|金邉|金邊|金部	JMnedict-category
かねと	兼頭|金任|金刀|金刃|金戸|金砺|金礪|金都|金鋳	JMnedict-category
かまや	蒲屋|蒲谷|釜屋|釜矢|釜谷|釡谷|鎌屋|鎌矢|鎌谷	JMnedict-category
かみい	上井|上居|神井|神位|神居|神移|紙井|紙居|鴨生	JMnedict-category
かみの	上埜|上農|上野|神之|神咒|神埜|神農|神野|紙野	JMnedict-category
かよう	加用|加陽|加養|嘉陽|回陽|荷葉|萱生|賀陽|鹿養	JMnedict-category
かるべ	刈部|加留部|苅辺|苅部|軽辺|軽邊|軽部|輕部|雁部	JMnedict-category
きすみ	亥角|來住|木住|木栖|木角|木須見|来住|来栖|耒住	JMnedict-category
きたに	喜谷|旗谷|木渓|木谷|樹谷|気谷|氣谷|記谷|貴谷	JMnedict-category
きよみ	喜代美|喜読|浄見|淨見|清実|清巳|清水|清海|清見	JMnedict-category
くとう	久東|久納|久藤|九島|九東|九頭|宮東|工藤|苦桃	JMnedict-category
くぬぎ	久貫|切刀|功刀|功力|巧刀|椚|樟|橡|欅	JMnedict-category
くらい	位|倉井|倉居|庫井|蔵井|蔵居|藏井|藏居|鞍井	JMnedict-category
くらの	九良野|倉ノ|倉之|倉埜|倉野|蔵埜|蔵野|藏野|鞍野	JMnedict-category
こうい	光位|厚井|向井|孝井|幸井|甲井|講井|香井|鴻井	JMnedict-category
こうど	孝戸|河戸|甲戸|神戸|神門|興戸|香戸|香渡|鴻戸	JMnedict-category
こうり	古宇利|向里|孤爪|桑折|甲利|郡|郭|香里|高麗	JMnedict-category
こおだ	光田|向田|国府田|國府田|幸田|弘田|甲田|袴田|香田	JMnedict-category
こしお	古塩|小塩|小汐|腰尾|腰越|越塩|越尾|越汐|越生	JMnedict-category
こなみ	児波|児浪|小並|小南|小波|小浪|斯波|木南|木浪	JMnedict-category
こまた	古俣|子俣|小亦|小俟|小俣|小又|小股|小跨|駒田	JMnedict-category
ごこう	五光|五孝|五更|五香|伍香|呉黄|後光|後神|御幸	JMnedict-category
さいお	才尾|斉尾|斉生|斎尾|斎生|道祖尾|采尾|齊尾|齋尾	JMnedict-category
さいす	才須|斉数|斉須|斎数|斎須|西済|西須|齊須|齋須	JMnedict-category
さかり	佐仮|佐假|十八女|坂利|坂梨|坂理|栄利|榮利|盛	JMnedict-category
さきま	佐久間|佐喜眞|佐喜真|先間|咲間|埼間|崎摩|崎間|嵜間	JMnedict-category
さなぎ	佐|佐名木|佐姓木|佐柳|佐薙|眞城|眞木|真城|真木	JMnedict-category
しげみ	成見|滋巳|繁実|繁實|繁見|茂美|茂見|重三|重見	JMnedict-category
しずか	四塚|安|後川|志塚|閑|静|静雅|静香|靜	JMnedict-category
しもと	下戸|下斗|下登|四元|四本|志本|紙本|蔀|資元	JMnedict-category
しもの	下之|下埜|下廼|下濃|下茂野|下農|下野|志茂野|霜野	JMnedict-category
しんぽ	信保|振甫|新保|新甫|新穂|新舗|眞保|真保|神保	JMnedict-category
すみえ	住家|住栄|墨江|墨絵|澄江|炭恵|炭江|角江|隅江	JMnedict-category
せいや	勢屋|征矢|情家|星屋|晴谷|清家|清谷|清野|聖夜	JMnedict-category
せきた	世喜多|世木田|堰田|尺田|積田|赤田|関田|關田|雪田	JMnedict-category
せやま	世家真|世山|勢山|妹山|政山|施山|瀬山|背山|脊山	JMnedict-category
たかわ	多川|多河|滝川|田川|田河|貴和|高和|高羽|高輪	JMnedict-category
たがい	互|互井|多貝|多賀井|為我井|田加井|田貝|田賀井|田飼	JMnedict-category
たけみ	嶽見|武美|武見|武視|竹味|竹美|竹見|竹視|竹身	JMnedict-category
たこう	多功|多幸|田光|田向|田幸|田耕|田香|田高|竹生	JMnedict-category
たさき	多崎|太|太崎|太嵜|田|田先|田向|田埼|田崎	JMnedict-category
たたら	多々羅|多々良|多多良|多田羅|田々楽|田々羅|田多良|鈩|鑪	JMnedict-category
たつた	瀧田|田嶌|立田|竜田|辰田|達田|高多|高田|龍田	JMnedict-category
たつま	立磨|立間|立麻|辰満|辰間|辰馬|達摩|達磨|達間	JMnedict-category
たつや	巽谷|立谷|竜谷|辰家|辰谷|達家|達屋|達谷|龍谷	JMnedict-category
たるみ	垂水|垂見|多留美|多留見|樽味|樽海|樽美|樽見|田留見	JMnedict-category
つるぎ	刀儀|剣|剱|劒|劔|釼|鶴來|鶴木|鶴来	JMnedict-category
とくち	得地|得知|徳地|徳知|戸久地|戸口|渡久地|渡久知|都口	JMnedict-category
とぐち	土口|外口|戸久地|戸口|渡久地|渡久知|渡具知|渡口|登口	JMnedict-category
とさか	戸坂|戸阪|渡坂|登坂|登阪|重阪|鳥坂|鳥頭|鶏冠	JMnedict-category
としだ	俊田|利田|十信田|十志田|土信田|土師田|土志田|年田|歳田	JMnedict-category
とじま	外島|戸島|戸嶋|登島|登嶋|砥島|砥嶋|豊島|飛島	JMnedict-category
とらい	乕井|寅井|戸来|戸耒|渡來|渡来|虎井|虎居|鳥井	JMnedict-category
なかば	中|中場|中庭|中羽|中葉|仲|半場|夏秋|央	JMnedict-category
ながす	中洲|永生|永須|長主|長寿|長州|長洲|長生|長須	JMnedict-category
ながら	乍|名柄|奈柄|永良|長柄|長楽|長樂|長羅|長良	JMnedict-category
にいや	二井家|二井屋|二井矢|仁居舎|新井谷|新家|新屋|新矢|新谷	JMnedict-category
はいし	拜師|拜詞|拝司|拝師|拝志|拝詞|林石|羽石|葉石	JMnedict-category
はいの	南風野|拜野|拝野|沛野|灰埜|灰野|羽井野|蝿野|配野	JMnedict-category
はちや	八屋|八矢|八谷|峯谷|峰谷|蜂屋|蜂矢|蜂谷|鉢谷	JMnedict-category
はまべ	浜辺|浜邉|浜邊|浜部|濱辺|濱邉|濱邊|濱部|邉	JMnedict-category
ひうら	日浦|日裏|桧浦|樋浦|樋裏|檜浦|比浦|火浦|非浦	JMnedict-category
ひえだ	日枝|日永田|桧枝|檜杖|檜枝|檜田|比延田|比枝|稗田	JMnedict-category
ひしき	日敷|日柴喜|日柴鬼|日紫喜|日紫鬼|菱城|菱木|飛舗|飛鋪	JMnedict-category
ひたに	日渓|日溪|日谷|樋谷|樽谷|比谷|氷谷|辺谷|部谷	JMnedict-category
ひもり	日守|日森|日盛|杼森|桧森|樋守|樋森|檜森|火森	JMnedict-category
ひろえ	広恵|広江|広絵|広重|廣恵|廣惠|廣江|弘枝|弘江	JMnedict-category
ふかし	冨樫|冲|奥|奧|富樫|沖|泓|深志|淵	JMnedict-category
ふじみ	不二見|冨士見|富士美|富士見|藤実|藤實|藤美|藤見|藤身	JMnedict-category
ふじや	冨士屋|古士屋|富士屋|富士谷|藤家|藤屋|藤弥|藤矢|藤谷	JMnedict-category
ふなば	舟場|舟羽|舟迫|舩場|船場|船波|船端|船迫|船馬	JMnedict-category
ほさき	保崎|帆|帆先|帆咲|帆崎|穂|穂先|穂崎|穗崎	JMnedict-category
まがき	曲垣|曲木|栫|眞垣|真垣|笆|籬|藩|間垣	JMnedict-category
まがり	回|曲|曲り|曲里|眞賀里|真賀里|鈎|鉤|間狩	JMnedict-category
まきや	巻矢|槇矢|槙家|槙矢|槙谷|牧屋|牧谷|眞喜屋|真喜屋	JMnedict-category
まさい	勝井|政井|政居|柾井|正井|正勇|正意|溝祭|真井	JMnedict-category
まざき	真埼|真崎|真嵜|真碕|間|間崎|馬|馬崎|麻崎	JMnedict-category
ましお	増尾|眞塩|眞尾|眞汐|真塩|真尾|真汐|真潮|馬塩	JMnedict-category
またの	亦野|俟野|俣埜|俣野|又農|又野|満多野|股埜|股野	JMnedict-category
まだて	眞舘|眞達|真舘|真達|真館|間立|間舘|間館|馬立	JMnedict-category
まつみ	末海|松三|松味|松実|松實|松海|松美|松見|松身	JMnedict-category
みきた	三北|三喜多|三喜田|三木田|右田|幹田|御喜田|見喜田|造酒田	JMnedict-category
みさか	三坂|三阪|御坂|御阪|神坂|美坂|美阪|見坂|見阪	JMnedict-category
みない	南井|御薬袋|水井|水内|皆井|皆居|美奈井|薬袋|藥袋	JMnedict-category
もとや	元家|元屋|元矢|元谷|本家|本屋|本矢|本谷|資谷	JMnedict-category
やがい	屋嘉比|屋貝|矢ヶ井|矢外|矢谷|矢貝|矢飼|谷貝|谷開	JMnedict-category
やがみ	八上|八神|屋上|弥上|矢上|矢神|矢頭|谷上|谷神	JMnedict-category
よつや	四ッ谷|四ツ家|四ツ屋|四ツ谷|四家|四屋|四津谷|四谷|肆谷	JMnedict-category
あいさか	会坂|合坂|合阪|愛坂|相坂|相阪|藍坂|逢坂|逢阪	JMnedict-category
あいさき	会崎|合|合崎|四十|四十崎|愛崎|相崎|相嵜|藍崎	JMnedict-category
あいざき	会崎|合崎|四十崎|愛咲|愛崎|相崎|相嵜|藍崎|逢崎	JMnedict-category
あしかり	芦刈|芦狩|芦苅|葦刈|葦苅|蘆刈|蘆苅|足刈|足苅	JMnedict-category
いけのべ	池ノ戸|池ノ辺|池乃戸|池之戸|池延|池戸|池辺|池邊|池野辺	JMnedict-category
いさがわ	五十川|伊佐川|伊差川|去來川|去来川|率川|砂川|砂河|諫川	JMnedict-category
いのぐち	丼ノ口|井ノ口|井之口|井口|井埜口|井野口|伊之口|猪ノ口|猪口	JMnedict-category
いのさか	井ノ坂|井ノ阪|井之坂|亥ノ坂|亥之坂|伊之坂|猪ノ坂|猪坂|猪阪	JMnedict-category
いのした	井ノ下|井下|井下田|井之下|井野下|亥下|伊下|居下|猪下	JMnedict-category
うるしま	売島|宇畄島|宇留島|宇留嶋|漆島|漆嶋|漆嶌|漆間|賣島	JMnedict-category
えのさわ	榎沢|榎澤|江の沢|江野沢|江野澤|絵ノ沢|絵ノ澤|絵野沢|絵野澤	JMnedict-category
おのうえ	小ノ上|小埜上|小野上|尾の上|尾ノ上|尾上|尾之上|尾山|斧上	JMnedict-category
かいはつ	改発|改發|海発|海發|貝発|貝發|開初|開発|開發	JMnedict-category
かいはら	改原|海原|灰原|甲斐原|解原|貝原|買原|開原|飼原	JMnedict-category
かくやま	岳山|格山|片山|覚山|角山|郭山|隔山|霍山|香久山	JMnedict-category
かしむら	加志村|可士村|柏村|梶村|樫志村|樫村|橿村|鹿師村|鹿志村	JMnedict-category
かしょう	仮称|加小|加生|嘉正|嘉生|嘉祥|家称|華翔|香庄	JMnedict-category
かねがえ	金ガ江|金ケ江|金ヶ江|金替|鍾ケ江|鐘カ江|鐘ケ江|鐘ヶ江|鐘江	JMnedict-category
かまもと	構本|竃本|竈本|蒲本|釜元|釜本|釡本|鎌元|鎌本	JMnedict-category
かんさき	官崎|寒崎|甘崎|神崎|管崎|観|観崎|閑|閑崎	JMnedict-category
くにとう	国当|国東|国藤|国遠|国頭|國東|國藤|國遠|國頭	JMnedict-category
くまがわ	久万川|求磨川|求麻川|熊川|熊河|阿川|隅川|隈川|隈河	JMnedict-category
こうさい	光斉|光斎|光齋|向西|香西|高妻|高才|高斎|高齋	JMnedict-category
こうざい	上妻|光在|河西|香西|高材|高西|鴻斉|鴻斎|鴻齋	JMnedict-category
こうじま	光島|向島|国府島|幸島|幸嶋|香島|香嶋|鴻島|鴻嶋	JMnedict-category
こうせい	交世|光成|光星|幸世|弘勢|恒成|香西|高世|高姓	JMnedict-category
こうづき	上月|倖月|光月|孝月|梗月|江月|神月|香月|高月	JMnedict-category
こうどう	光藤|幸堂|幸藤|幸道|弘道|河道|甲藤|講堂|高堂	JMnedict-category
こうもり	光森|公森|公盛|幸森|後閑|甲守|甲森|甲盛|耕守	JMnedict-category
こうろぎ	奐梠|奥呂木|溝呂木|神路祇|興侶|興呂木|興梠|興梠木|高梠	JMnedict-category
こびやま	古日山|古桧山|古檜山|媚山|小旙|小日山|小桧山|小檜山|小飛山	JMnedict-category
さいやま	催山|崔山|斉山|斎山|歳山|菜山|采山|雑山|齊山	JMnedict-category
さきさか	前坂|匂坂|匂阪|向坂|向阪|和氣坂|咲坂|崎坂|崎阪	JMnedict-category
しおさき	塩先|塩崎|塩嵜|汐|汐先|汐崎|潮|潮先|潮崎	JMnedict-category
しげもと	滋元|繁元|繁本|茂元|茂本|蕃本|重元|重初|重本	JMnedict-category
しんとう	信藤|新東|新籐|新納|新藤|新道|真藤|神藤|進藤	JMnedict-category
すのうち	則内|州之内|巣之内|巣内|洲之内|簾内|須ノ内|須之内|須内	JMnedict-category
せきざわ	世木沢|堰沢|堰澤|苅間沢|赤沢|赤澤|関沢|関澤|關澤	JMnedict-category
せんざい	仙才|仙斉|仙斎|仙済|仙齋|千才|千歳|千財|千載	JMnedict-category
そうやま	壮山|惣山|早山|曽山|桧山|檜山|相山|荘山|莊山	JMnedict-category
たいらく	大楽|大樂|太楽|太樂|平久|平子|平楽|泰楽|泰樂	JMnedict-category
たつかわ	巽川|瀧川|立川|竜川|竜河|辰川|達川|龍川|龍河	JMnedict-category
たつざわ	瀧澤|立沢|立澤|竜沢|竜澤|辰沢|辰澤|龍沢|龍澤	JMnedict-category
たつみや	巽谷|竜宮|辰宮|辰己屋|辰己谷|辰巳屋|辰巳谷|達宮|龍宮	JMnedict-category
たつもと	瀧本|立元|立本|竜本|辰元|辰本|達本|龍元|龍本	JMnedict-category
たてかわ	堅川|建川|楯川|立川|立河|竪川|舘川|蓼川|館川	JMnedict-category
つるさき	嵜|津留|津留埼|津留崎|津留嵜|都留崎|鶴|鶴崎|鶴嵜	JMnedict-category
つるまき	弦巻|弦牧|敦巻|釣巻|鶴巻|鶴槙|鶴牧|鶴蒔|鶴薪	JMnedict-category
とうざき	党崎|唐|唐崎|東崎|濤崎|籐咲|藤|藤咲|藤崎	JMnedict-category
とうしま	塔島|当島|当嶋|東島|當島|藤島|遠島|遠嶋|遠嶌	JMnedict-category
とうもと	塔元|塔本|嶝本|当本|東元|東本|當本|豆本|頭本	JMnedict-category
とちもと	杤本|杼元|杼本|栃元|栃本|栩本|橡本|檪本|櫟本	JMnedict-category
とどころ	冨所|外処|外所|外處|富所|戸所|税所|都所|頓所	JMnedict-category
なかだい	中代|中内|中台|中大|中太|中臺|仲代|仲台|仲臺	JMnedict-category
にのかた	二の方|二ノ形|二ノ方|二之形|二之方|二方|弐方|貮方|貳方	JMnedict-category
はたさき	旗崎|畑|畑先|畑崎|畠崎|端崎|籏|籏先|籏崎	JMnedict-category
ひのもと	日ノ本|日元|日本|日野本|桧本|樋之本|樋本|樋野本|陽ノ下	JMnedict-category
ひろさき	先|先崎|広|広崎|広嵜|廣崎|廣嵜|弘前|弘崎	JMnedict-category
ひろもと	博元|博本|広元|広本|廣元|廣本|弘元|弘本|泓本	JMnedict-category
ひろよし	広吉|広好|広良|広芳|廣吉|廣芳|弘吉|弘宜|弘欣	JMnedict-category
まきむら	填村|枝村|槇村|槙村|牧村|牧邨|眞村|真樹村|蒔村	JMnedict-category
ますくら	升倉|増倉|枡倉|枡蔵|桝倉|桝蔵|益倉|舛倉|鱒倉	JMnedict-category
ますとみ	増冨|増富|枡富|桝冨|桝富|益冨|益富|舛冨|舛富	JMnedict-category
ますむら	升村|増村|増邨|枡村|桝村|益村|益邑|舛村|鱒村	JMnedict-category
みついし	三ッ石|三ツ石|三津石|三石|光石|密石|満石|滿石|蜜石	JMnedict-category
みつむら	三ツ村|三ツ邑|三村|三津村|三邑|三邨|光村|密村|満村	JMnedict-category
みのうら	三ノ浦|箕浦|箕裏|簑内|簑浦|簔浦|美濃浦|蓑浦|見ノ浦	JMnedict-category
よしくに	吉国|吉國|善国|善國|義国|義國|義邦|良国|良邦	JMnedict-category
よしくら	吉倉|吉蔵|善倉|嘉倉|由倉|義倉|芳倉|芳蔵|芳藏	JMnedict-category
よしなみ	吉並|吉波|吉浪|善並|善浪|嘉波|好並|良波|芳浪	JMnedict-category
いちじょう	一乗|一乘|一城|一場|一条|一條|一絛|市場|市条	JMnedict-category
きたじょう	北上|北城|北多條|北条|北條|北篠|喜多条|喜多條|喜多絛	JMnedict-category
ほうりゅう	寳龍|法竜院|法隆|法龍院|炮流|砲流|豊留|鳳竜|鳳龍	JMnedict-category
まんどころ	万処|万所|政処|政所|満処|満處|滿處|萬処|萬所	JMnedict-category
じょうじょう	上条|上條|上烝|亟々|城定|城条|条々|條々|重城	JMnedict-category
あと	安刀|安戸|後|跡|阿刀|阿戸|阿斗|阿都	JMnedict-category
あま	天|安間|安馬|尼|阿万|阿満|阿磨|阿萬	JMnedict-category
あら	安楽|安羅|安良|新|新良|荒|阿羅|阿良	JMnedict-category
いぎ	井木|井義|伊儀|伊木|伊木美|猪儀|猪木|行木	JMnedict-category
いよ	五代|井世|井豫|伊与|伊予|伊與|伊豫|壱与	JMnedict-category
いわ	伊和|伊波|伊輪|居和|岩|岩館|巌|窟	JMnedict-category
うお	卯尾|壬生|宇夫|宇尾|烏尾|魚|鵜尾|鵜生	JMnedict-category
えち	恵智|恵知|惠智|愛知|曳地|江知|越|越智	JMnedict-category
えび	恵比|恵美|惠美|江尾|海老|蝦|衣斐|衣非	JMnedict-category
おば	千葉|大場|大庭|大葉|小場|尾羽|木場|雄場	JMnedict-category
かげ	勘解|影|慶毛|景|蔭|賀家|陰|鹿毛	JMnedict-category
かし	下司|加司|加志|家始|樫|橿|甲子|菓子	JMnedict-category
がく	学|岳|嶽|楽|賀久|郭|鄂|額	JMnedict-category
きじ	喜地|喜治|木地|木次|木治|生地|貴治|雉	JMnedict-category
きせ	吉瀬|喜世|喜勢|喜瀬|木勢|木瀬|貴瀬|黄瀬	JMnedict-category
きん	今|張|琴|蔡|近|金|金武|錦	JMnedict-category
くじ	久司|久地|久志|久慈|久次|久滋|久茲|九地	JMnedict-category
くす	久住|久寿|久須|来栖|楠|樟|玖珠|玖須	JMnedict-category
けた	化田|桁|毛田|気多|気田|氣多|氣田|計田	JMnedict-category
けら	家老|懈良|毛良|系良|螻|解良|觧良|計良	JMnedict-category
こば	古場|古庭|古羽|古葉|小場|木場|木塲|木庭	JMnedict-category
さく	佐久|作|作久|朔|柵|策|迫|魚躬	JMnedict-category
さち	佐地|佐治|佐知|左地|幸|幸知|桂|蔡	JMnedict-category
さと	佐渡|佐登|智|玉水|葛巻|郡|郷|里	JMnedict-category
すい	住井|垂|帥|栖井|碓井|諏江|須井|首井	JMnedict-category
すど	周藤|寸土|数土|數土|洲戸|簀戸|簣戸|須戸	JMnedict-category
せの	世野|勢濃|妹野|瀬之|瀬埜|瀬能|瀬野|背野	JMnedict-category
ぜん	全|冉|前|善|禅|膳|鄭|銭	JMnedict-category
そら	宇宙|曽羅|曽良|曾羅|曾良|楚良|相良|祖羅	JMnedict-category
たつ	樹|瀧|立|竜|舘|辰|達|龍	JMnedict-category
たな	丹|多那|夛那|棚|田名|田姓|田濤|田那	JMnedict-category
だい	代|内|台|台場|大|奈|室|臺	JMnedict-category
なお	名尾|名生|名直|奈尾|浪越|猶|直|羅	JMnedict-category
なみ	七海|並|南|名波|奈三|波|浪|濤	JMnedict-category
のみ	乃美|能美|能見|野水|野美|野見|鑿|飲	JMnedict-category
ひな	日南|日名|日向|日那|比名|比奈|毘奈|雛	JMnedict-category
まい	枚|真井|磨伊|米|舞|間井|麦|麻生	JMnedict-category
ます	万寿|升|増|枡|桝|益|舛|鱒	JMnedict-category
みお	三尾|壬生|実央|水尾|美尾|美遠|見尾|見生	JMnedict-category
みつ	三津|密|御津|水津|深津|満|美津|見津	JMnedict-category
もろ	師|毛呂|毛籠|毛路|茂呂|茂籠|茂路|諸	JMnedict-category
やえ	八戸|八江|八重|弥栄|弥重|彌栄|矢恵|野枝	JMnedict-category
やこ	八子|八箇|屋子|弥子|矢子|箭子|谷古|陽	JMnedict-category
やご	八子|家後|屋後|矢子|矢後|箭子|谷戸|野吾	JMnedict-category
やぶ	屋武|弥武|矢不|籔|籔林|薮|藪|養父	JMnedict-category
ゆや	建陽|油屋|油谷|湯屋|湯矢|湯谷|熊野|由屋	JMnedict-category
らん	樂|欄|欒|羅|藍|蘭|輝|鸞	JMnedict-category
あいた	会田|合田|愛田|會田|相多|相田|秋田|藍田	JMnedict-category
あいの	会野|合野|愛野|相埜|相野|藍野|逢野|間野	JMnedict-category
あいや	会野|合屋|合野|愛屋|愛谷|愛野|相野|藍野	JMnedict-category
あかね	明根|朱根|紅根|茜|赤根|赤祢|阿会根|阿金	JMnedict-category
あきつ	昭津|淳津|璃津|秋津|穐津|阿木津|飽津|龝津	JMnedict-category
あきま	明間|昭間|淳間|璃間|秋摩|秋間|穐間|龝間	JMnedict-category
あこう	安香|赤広|赤廣|赤生|赤穂|赤穗|阿光|阿江	JMnedict-category
あさき	朝喜|朝木|朝来|浅木|淺木|阿崎|麻喜|麻木	JMnedict-category
あさぎ	朝木|朝黄|浅儀|浅木|浅黄|淺木|麻木|麻黄	JMnedict-category
あさわ	朝和|朝輪|浅和|浅羽|浅輪|阿沢|麻和|麻輪	JMnedict-category
あしな	我科|芦名|芦姓|葦名|葦姓|足名|足姓|阿品	JMnedict-category
あしべ	芦辺|芦邉|芦邊|芦部|葦辺|蘆邉|足辺|足部	JMnedict-category
あすか	亜寿香|明日佳|明日香|明香|阿壽賀|阿寿賀|飛香|飛鳥	JMnedict-category
あみや	愛宮|網家|網屋|網矢|網谷|編谷|罟谷|阿宮	JMnedict-category
あわや	淡屋|淡谷|粟家|粟屋|粟谷|粟野|阿波屋|阿波谷	JMnedict-category
いおり	井折|井織|伊折|伊織|居織|庵|生賀|菴	JMnedict-category
いかた	井形|井方|井片|伊形|伊方|生方|鋳形|鋳方	JMnedict-category
いくの	幾乃|幾野|生乃|生埜|生野|育野|行野|郁野	JMnedict-category
いくみ	中組|井汲|井組|伊久美|伊久見|幾見|生見|郁見	JMnedict-category
いくら	井倉|以倉|伊久良|伊倉|尖倉|居蔵|猪倉|生倉	JMnedict-category
いぐさ	井艸|井草|伊草|植草|生艸|生草|藺草|蘆草	JMnedict-category
いしき	一色|伊敷|射敷|居敷|斎|石城|石木|石記	JMnedict-category
いしろ	井代|井城|井白|伊代|伊城|居代|居城|居成	JMnedict-category
いすみ	井住|井澄|井角|井隅|亥角|伊角|夷隅|泉	JMnedict-category
いづみ	井積|伊津見|伊積|出水|出海|和泉|泉|為積	JMnedict-category
います	井升|井枡|井桝|井益|今栖|今洲|今須|居升	JMnedict-category
うえじ	上エ地|上ヱ地|上地|上工地|上治|上蔀|上路|植地	JMnedict-category
うしま	上嶋|卯島|宇嶌|牛島|牛間|鵜島|鵜嶋|鵜嶌	JMnedict-category
うつぼ	卯坪|宇坪|宇津保|打保|洞|靭|靭負|靱	JMnedict-category
うとう	右藤|善知鳥|宇籐|宇藤|有藤|羽藤|鵜藤|鵜頭	JMnedict-category
うやま	卯山|右山|夘山|宇山|烏山|禹山|羽山|鵜山	JMnedict-category
うらべ	卜辺|卜部|占部|浦辺|浦邉|浦邊|浦部|裏部	JMnedict-category
えざわ	会沢|恵沢|恵澤|柄沢|柄澤|江沢|江澤|絵沢	JMnedict-category
えびな	海老名|海老姓|海老納|蛭名|蛯名|蛯姓|蝦名|蝦姓	JMnedict-category
おうが	多鹿|尾可|淡川|淡河|王賀|皇牙|相賀|相鹿	JMnedict-category
おうぎ	仰木|応儀|扇|扇子|横木|正親|青木|黄木	JMnedict-category
おうや	合家|君家|大矢|往谷|応谷|應矢|扇谷|王谷	JMnedict-category
おおせ	合瀬|大勢|大瀬|大畝|役|生瀬|生越|黄瀬	JMnedict-category
おがや	大鋸谷|小ケ谷|小栢|小萱|尾栢|男鹿谷|鋸屋|鋸谷	JMnedict-category
おこし	大越|小越|尾越|御子柴|御興|御輿|生越|起	JMnedict-category
おごう	小合|小江|小河|小郷|尾毫|尾郷|淡河|黄合	JMnedict-category
かあい	可愛|嘉会|嘉會|川合|川相|河会|河合|河相	JMnedict-category
かくい	格井|碓井|確井|筧|覚井|覺井|角井|角居	JMnedict-category
かくの	加来野|格野|覚埜|覚野|覺野|角埜|角野|郭野	JMnedict-category
かしお	カシオ|加塩|柏尾|梶尾|樫尾|橿尾|菓子尾|鹿塩	JMnedict-category
かしの	柏野|栢野|梶野|樫原|樫埜|樫野|菓子野|鹿忍	JMnedict-category
かじい	加次井|加治井|嘉治井|梶井|梶居|楫井|鍛井|鍜井	JMnedict-category
かせだ	加世多|加世田|加勢田|加瀬田|忰田|悴田|笠田|綛田	JMnedict-category
かつま	加津間|勝沼|勝眞|勝真|勝間|勝馬|羯磨|葛馬	JMnedict-category
かねき	兼城|兼木|通木|金喜|金城|金木|金生|鹿子木	JMnedict-category
かねや	兼屋|兼谷|加根屋|金屋|金矢|金谷|金野|銭谷	JMnedict-category
かはた	加旗|加畑|加畠|加籏|可畑|嘉幡|賀畑|賀畠	JMnedict-category
かむろ	加室|嘉室|家室|神室|禿|香夢楼|香室|鹿室	JMnedict-category
かもり	冠|加守|加森|加盛|嘉森|家守|掃部|香森	JMnedict-category
かやき	柏木|栢元|栢木|栢本|榧木|櫃木|茅木|鏑木	JMnedict-category
かわじ	川地|川治|川路|河二|河地|河治|河路|河除	JMnedict-category
かわと	川人|川戸|川渡|川澄|川跡|河人|河戸|河登	JMnedict-category
かんた	完田|官田|神田|簡田|舘太|菅多|菅田|韓田	JMnedict-category
きがわ	喜川|城川|木川|木皮|杞川|橘川|黄川|黄河	JMnedict-category
きつき	吉都紀|喜津木|木付|木槻|木築|木附|桔木|橘木	JMnedict-category
きない	喜内|喜納|嘉納|木内|橘内|箭内|貴内|鬼内	JMnedict-category
きのう	喜納|嘉納|奇能|寄能|木納|紀納|貴納|鬼能	JMnedict-category
きもり	喜森|城守|城森|基森|木守|木森|木盛|樹森	JMnedict-category
くずみ	久住|久澄|久須美|九頭見|来住|来栖|瞿曇|葛見	JMnedict-category
くのり	久乗|久乘|久徳|九ノ里|九乗|九法|九里|九野里	JMnedict-category
げんた	元田|堅田|源多|源大|源太|源田|玄田|現田	JMnedict-category
げんま	元馬|幻魔|弦間|源摩|源間|源馬|玄間|玄馬	JMnedict-category
こいし	古石|子石|孕石|小岩|小石|磊|興石|輿石	JMnedict-category
こうえ	児上|公江|向江|小上|幸得|神江|香江|鴻江	JMnedict-category
こうふ	国府|國府|広布|廣布|江府|河府|甲府|講夫	JMnedict-category
こしろ	古代|古城|固城|小代|小城|木城|湖城|興梠	JMnedict-category
こずみ	古住|古澄|古積|小住|小澄|小角|小隅|木積	JMnedict-category
こどう	児堂|古堂|古藤|小堂|小洞|工藤|後藤|胡堂	JMnedict-category
こもと	古元|古本|子本|小元|小本|湖本|胡元|胡本	JMnedict-category
こんど	今度|今渡|紺渡|近土|近戸|近渡|近藤|金土	JMnedict-category
こんや	今野|紺家|紺屋|紺矢|紺箭|紺谷|紺野|近谷	JMnedict-category
さいこ	彩胡|斉古|斉子|斎古|斎子|西古|西湖|齋古	JMnedict-category
さいち	才一|才知|斉地|斎地|最知|生一|西池|齋地	JMnedict-category
さいべ	才部|斉部|斎部|最部|西部|財部|雑部|齋部	JMnedict-category
さきの	先野|向野|咲野|埼野|崎埜|崎野|嵜野|舗野	JMnedict-category
さこん	佐今|佐紺|佐近|左今|左坤|左紺|左近|砂金	JMnedict-category
ささべ	佐々辺|佐々部|笹辺|笹邊|笹部|篠邊|篠部|雀部	JMnedict-category
さっか	作花|属|屬|崩谷|栗冠|目|眼目|粟冠	JMnedict-category
さつさ	佐々|佐ツ々|左々|左雨|早雨|薩|薩砂|颯佐	JMnedict-category
さわべ	沢辺|沢邉|沢邊|沢部|澤辺|澤邉|澤邊|澤部	JMnedict-category
さわら	佐原|早良|椹|相楽|相良|砂原|讃良|鰆	JMnedict-category
しくら	四倉|四蔵|四藏|宍倉|志倉|思蔵|柴倉|紫倉	JMnedict-category
しまじ	島地|島次|島治|島路|嶋司|嶋次|嶋治|嶋路	JMnedict-category
しまや	島屋|島矢|島谷|嶋屋|嶋矢|嶋谷|嶌屋|鳥谷	JMnedict-category
しめの	〆野|七五三野|主馬野|卜田|占野|四女野|注連野|示野	JMnedict-category
しんた	伸田|信太|信田|新タ|新多|新田|深田|真田	JMnedict-category
しんど	宍戸|新土|新度|新戸|新枦|眞土|進土|進戸	JMnedict-category
じんば	榛葉|治部袋|神場|神庭|神馬|陣場|陣馬|陳場	JMnedict-category
すがた	姿|眇田|管田|菅多|菅田|須加田|須方|須賀田	JMnedict-category
すすき	渚鋤|盆城|薄|薄木|進来|鈴木|須々木|須須木	JMnedict-category
すむら	周村|壽村|寸村|寿村|州村|栖村|洲村|須村	JMnedict-category
せいき	勢喜|勢木|成木|正気|清木|清樹|生木|精木	JMnedict-category
そうじ	宗治|惣司|惣次|惣路|相地|草治|荘司|荘子	JMnedict-category
そはら	曽原|曾原|素原|蕎原|蘇原|蘓原|鹿原|麁原	JMnedict-category
そりた	反田|曽利田|曽里田|曾利田|曾里田|橇田|祖利田|返田	JMnedict-category
たかま	馬|高真|高磨|高間|高麗|高麻|鷹馬|麻	JMnedict-category
たきの	多喜乃|多喜野|滝埜|滝野|瀧埜|瀧野|竜野|龍野	JMnedict-category
たけお	岳尾|嵩尾|嶽尾|武尾|武生|武雄|竹尾|竹生	JMnedict-category
たたの	只野|多々納|多々野|多田納|多田野|夛々野|田々納|田々野	JMnedict-category
たたみ	多々美|多々見|多多見|多田見|田々美|田民|畳|疊	JMnedict-category
たてだ	堅田|建多|建田|楯田|立田|竪田|舘田|館田	JMnedict-category
たてみ	建見|楯身|盾臣|立見|立身|舘美|館美|館野	JMnedict-category
たてや	建矢|楯谷|立屋|立谷|竪谷|舘谷|豎谷|館谷	JMnedict-category
たにい	渓井|溪井|谷井|谷位|谷居|谷為|谷爲|谷猪	JMnedict-category
たんば	丹場|丹波|丹羽|丹葉|但馬|反葉|旦原|萱場	JMnedict-category
だいき	代喜|代木|台木|大喜|大城|大木|大槻|大機	JMnedict-category
つぶら	円|津布楽|津布樂|津布良|粒楽|粒羅|粒良|螺良	JMnedict-category
つるや	弦屋|敦谷|釣谷|鶴家|鶴屋|鶴矢|鶴舎|鶴谷	JMnedict-category
てんま	天摩|天満|天滿|天磨|天間|天馬|天麻|転馬	JMnedict-category
とうご	東五|東后|東後|東護|籐後|藤五|藤吾|藤後	JMnedict-category
とみき	冨來|冨木|冨来|富來|富木|富来|當木|頓木	JMnedict-category
ともい	伴井|友井|友居|舮居|舮戸|艫井|艫居|鞆井	JMnedict-category
ともえ	友恵|友枝|友栄|友江|友重|土萠|巴|鞆江	JMnedict-category
なおき	尚木|尚樹|朴木|猶木|直|直喜|直希|直木	JMnedict-category
なかと	中土|中戸|中渡|中跡|中都|仲戸|仲渡|長門	JMnedict-category
なぐら	南倉|名倉|名蔵|奈倉|奈蔵|奈藏|姓倉|那倉	JMnedict-category
なつき	夏妃|夏木|夏樹|夏生|夏稀|夏紀|奈月|那月	JMnedict-category
なめら	南免羅|南面良|名免良|奈女良|奈目良|滑|滑羅|滑良	JMnedict-category
にいだ	丹伊田|二井田|仁井田|新井田|新居田|新田|新飯田|瓊井田	JMnedict-category
ぬくい	乾|抜井|抜居|抽井|拔井|明日|温井|貫井	JMnedict-category
のしろ	埜城|納代|能代|能城|苗代|野代|野城|野白	JMnedict-category
のなみ	乃南|埜波|沼波|沼浪|能波|野並|野波|野浪	JMnedict-category
のぼる	上|山|徳|昇|滝|登|野保留|鐙	JMnedict-category
はがね	刃金|刄金|羽兼|羽金|葉金|釼|鋼|鋼鉄	JMnedict-category
はたち	廿|廿千|旗智|畑地|秦地|籏智|羽立|羽達	JMnedict-category
はたみ	幡田実|播田実|播田實|播田見|旗見|畑美|畑見|畠見	JMnedict-category
はとう	波涛|波濤|波藤|波頭|羽当|羽當|羽藤|葉騰	JMnedict-category
はなや	端谷|花家|花屋|花弥|花矢|花谷|華谷|鼻谷	JMnedict-category
はまや	浜家|浜屋|浜矢|浜谷|浜野|濱屋|濱矢|濱谷	JMnedict-category
はりた	幡田|張田|播田|榛田|治田|針多|針田|鍼田	JMnedict-category
はんば	伴場|半場|半塲|半波|半羽|半谷|朱馬|番場	JMnedict-category
ばんば	万葉|伴場|坂場|番場|番塲|番馬|萬羽|馬場	JMnedict-category
ひえい	日恵井|日栄|日榮|日永|日江井|樋江井|比叡|飛永	JMnedict-category
ひがき	日垣|日墻|桧垣|桧恒|樋垣|檜垣|菱垣|飛垣	JMnedict-category
ひきの	匹野|引野|挽野|曳埜|曳野|曵野|比企野|疋野	JMnedict-category
ひさし	久|久志|寿|庇|彌|日指|栄|長	JMnedict-category
ひずめ	日極|日爪|日詰|晦日|樋爪|樋詰|肥爪|蹄	JMnedict-category
ひだい	千台|干台|干鯛|日台|日田井|日臺|樋代|比田井	JMnedict-category
ひとし	中|仁士|均|平|斎|等|釣|齋	JMnedict-category
ひはら	日原|桧原|樋原|檜原|比原|火原|肥原|飛原	JMnedict-category
ひむら	披村|日村|樋村|檜村|比村|火村|緋邑|肥村	JMnedict-category
ひろみ	博見|大海|広実|広海|広美|広見|廣海|廣見	JMnedict-category
ふくま	副馬|福島|福摩|福満|福眞|福真|福間|福馬	JMnedict-category
ふくよ	福与|福世|福予|福代|福與|福興|福豫|福輿	JMnedict-category
ふしま	不島|不嶋|伏島|伏嶋|伏間|布島|普嶋|附島	JMnedict-category
ふじと	不二門|冨士登|富士登|藤土|藤戸|藤渡|藤都|藤門	JMnedict-category
ふとう	太等|布籐|布藤|武藤|芙頭|風斗|風東|麩東	JMnedict-category
ふなや	舟屋|舩屋|舩矢|舩谷|船屋|船矢|船谷|鮒谷	JMnedict-category
ふもと	富本|布元|布本|府本|普本|杯本|阜本|麓	JMnedict-category
ほうじ	保地|傍士|宝寺|宝示|放示|法司|法寺|芳司	JMnedict-category
ほうや	保屋|保谷|寳谷|方谷|朴谷|法谷|洞谷|芳谷	JMnedict-category
まごめ	眞籠|真篭|真籠|間米|間込|馬篭|馬籠|馬込	JMnedict-category
まさご	政後|昌子|正子|正後|眞吾|眞砂|真子|真砂	JMnedict-category
まさだ	政田|柾田|椙田|正多|正田|眞田|真田|間定	JMnedict-category
まざわ	松澤|眞沢|眞澤|真沢|真澤|鎌沢|間沢|間澤	JMnedict-category
ますお	升尾|増尾|増生|枡尾|桝尾|益尾|舛尾|鱒尾	JMnedict-category
ますた	升田|増田|枡田|桝田|益田|眞寿田|真寿田|鱒田	JMnedict-category
ますほ	升保|増保|増穂|枡保|桝保|益保|舛保|鱒保	JMnedict-category
ままだ	侭田|儘田|眞々田|真々田|真間田|継田|間々田|間間田	JMnedict-category
まゆみ	檀|眉見|眞弓|真弓|舞弓|間弓|馬弓|麻弓	JMnedict-category
みさと	三郷|三里|京|箕郷|美郷|美里|見里|郷	JMnedict-category
みつお	三ツ尾|三尾|三津尾|三生|光尾|満尾|満生|滿尾	JMnedict-category
みとみ	三冨|三富|三戸見|味冨|味富|美富|見冨|見富	JMnedict-category
みとも	三共|三友|三巴|御供|御共|御友|見供|見友	JMnedict-category
みのう	参納|味生|味能|壬生|峯得|箕面|美濃|美納	JMnedict-category
みはた	三幡|三畑|御幡|御旗|御籏|美旗|美籏|見畑	JMnedict-category
みもと	三本|味元|巳本|御本|美本|見元|見本|身本	JMnedict-category
もとえ	元栄|元榮|元永|元江|基江|本枝|本江|求衛	JMnedict-category
もとだ	元多|元田|基田|本田|根田|源田|許田|轡田	JMnedict-category
もとの	元埜|元野|基乃|基野|本埜|本野|求野|滋野	JMnedict-category
もりお	守尾|守屋|守生|森尾|森生|森魚|盛尾|盛生	JMnedict-category
やなべ	家鍋|柳辺|柳邊|柳部|梁部|矢邉|矢鍋|簗部	JMnedict-category
やなみ	八並|八奈見|八浪|矢波|矢浪|箭波|箭浪|野波	JMnedict-category
やぶち	屋淵|屋渕|矢淵|矢渕|薮地|薮渕|藪地|藪渕	JMnedict-category
やまか	山加|山家|山県|山科|山縣|山賀|山香|山鹿	JMnedict-category
やむら	八村|埜村|屋村|弥村|矢村|谷村|谷邑|谷邨	JMnedict-category
よつい	四ツ井|四ツ居|四井|四位|四居|四津井|四維|四飯	JMnedict-category
わたや	渡屋|渡矢|渡谷|綿家|綿屋|綿矢|綿舎|綿谷	JMnedict-category
あいざか	会坂|合坂|合阪|愛坂|相坂|相阪|藍坂|逢坂	JMnedict-category
あかさわ	明沢|明澤|朱沢|朱澤|紅沢|紅澤|赤沢|赤澤	JMnedict-category
あかざか	明坂|明阪|朱坂|朱阪|紅坂|紅阪|赤坂|赤阪	JMnedict-category
あまかわ	塰川|塰河|天川|天河|尼川|甘川|阿間川|雨川	JMnedict-category
いしどう	石動|石堂|石塔|石搭|石直|石筒|石藤|石道	JMnedict-category
いずもと	井津元|井津本|伊豆元|伊豆本|出元|出本|和泉元|泉本	JMnedict-category
いのさき	井ノ|井ノ崎|井之崎|井崎|井野|井野崎|猪|猪崎	JMnedict-category
いのむら	井ノ村|井之村|井村|井邑|井邨|井野村|居村|猪村	JMnedict-category
うじょう	卯城|夘城|宇条|宇條|有城|雨帖|鵜城|鵜條	JMnedict-category
うねもと	宇根元|宇根本|有根元|畝本|釆元|釆本|采元|隴本	JMnedict-category
えいかわ	栄川|榮川|永川|瑛川|穎川|英川|衛川|頴川	JMnedict-category
えいもと	営本|栄元|栄本|榎本|榮元|榮本|永本|英本	JMnedict-category
えびすや	恵比寿屋|恵美須屋|戎家|戎谷|戒谷|胡家|蛭子屋|蛭子谷	JMnedict-category
おおえだ	大恵田|大条|大枝|大條|大江田|大篠|太枝|太江田	JMnedict-category
おくざき	奥埼|奥岬|奥崎|奥嵜|奧|奧岬|奧崎|屋崎	JMnedict-category
おくのや	奥の矢|奥ノ矢|奥ノ谷|奥野矢|奥野谷|奧の矢|奧ノ矢|奧野谷	JMnedict-category
かいばら	塊原|柏原|海原|灰原|甲斐原|貝原|開原|頴原	JMnedict-category
かくもと	加久本|覚元|覚本|覺本|角元|角本|赫本|郭本	JMnedict-category
かけはし	懸梯|懸橋|掛橋|桟|桟シ|梯|棧|棧シ	JMnedict-category
かげさわ	影沢|影澤|景沢|景澤|蔭沢|蔭澤|陰沢|陰澤	JMnedict-category
かげもと	影元|影本|景元|景本|蔭元|蔭本|陰元|陰本	JMnedict-category
かしやま	加島家|堅山|柏山|樫山|橿山|白梼山|白檮山|貸山	JMnedict-category
かじさわ	梶沢|梶澤|鍛冶沢|鍛冶澤|鍛治沢|鍛治澤|鍜治沢|鍜治澤	JMnedict-category
かずもと	一甫|員本|数元|数本|数許|數本|楮本|薮本	JMnedict-category
かたがみ	刀上|形上|形神|方上|潟上|片上|肩上|賀多上	JMnedict-category
かねしげ	兼茂|兼重|包重|矩茂|金栄|金繁|金茂|金重	JMnedict-category
かねもと	兼元|兼本|加根元|金元|金本|金源|鉦本|鐘本	JMnedict-category
かぶらぎ	冠城|冠木|撫木|甲木|蔓木|蕪木|鏑城|鏑木	JMnedict-category
かみたに	上谷|加美谷|加見谷|帋谷|狼谷|神谷|紙谷|角谷	JMnedict-category
かみもと	上元|上本|嘉味元|神元|神本|紙元|紙本|髪元	JMnedict-category
かみもり	上守|上森|上盛|神守|神森|神盛|紙守|紙森	JMnedict-category
かめがい	亀ケ井|亀ケ谷|亀ヶ井|亀ヶ谷|亀海|亀谷|亀貝|亀飼	JMnedict-category
かやしま	栢島|茅島|茅嶋|茅嶌|萓島|萓嶋|萱島|萱嶋	JMnedict-category
かりさわ	仮沢|仮澤|苅沢|苅澤|雁沢|雁澤|鴈沢|鴈澤	JMnedict-category
かりもと	仮元|仮本|刈本|加里本|狩元|狩本|苅元|鳫本	JMnedict-category
かりゅう	亀竜|亀龍|加竜|嘉柳|嘉流|家|家柳|狩生	JMnedict-category
かわなみ	川並|川南|川波|川浪|河並|河南|河波|河浪	JMnedict-category
かんなみ	函南|官浪|寛那見|神南|神波|神浪|管浪|菅波	JMnedict-category
かんやま	勘山|勤山|完山|寒山|管山|舘山|諌山|韓山	JMnedict-category
きただい	來代|北代|北台|北田井|北臺|喜多代|来代|耒代	JMnedict-category
きのくに	紀ノ国|紀ノ國|紀之国|紀之國|紀国|紀國|紀野国|紀野國	JMnedict-category
きのさき	城崎|木之崎|木野|木野崎|紀ノ|紀ノ崎|紀之崎|起の崎	JMnedict-category
きょうの	京埜|京野|叶野|境野|慶野|興野|郷野|響野	JMnedict-category
ぎょうぶ	刑部|堯部|尭部|形舞|形部|行武|行譜|行部	JMnedict-category
くにさき	国|国崎|国嵜|国東|国狭|國|國崎|國嵜	JMnedict-category
くにます	国増|国桝|国益|国舛|國増|國桝|國益|國舛	JMnedict-category
くらかわ	倉川|倉河|府川|庫川|蔵川|蔵河|藏川|鞍川	JMnedict-category
こうえん	光延|幸円|後延|香遠|高円|高圓|高縁|高遠	JMnedict-category
こうしん	光伸|向新|幸真|幸親|庚申|甲神|荒新|高信	JMnedict-category
こうとう	光藤|厚東|向当|向當|向頭|甲藤|甲頭|高頭	JMnedict-category
こしょう	古匠|古庄|古性|古荘|古莊|孤松|小勝|小庄	JMnedict-category
こまざき	小松|小松崎|胡摩|胡摩崎|駒|駒埼|駒崎|駒嵜	JMnedict-category
さかえだ	坂井田|坂枝|栄枝|栄田|榊枝|榮枝|榮田|酒枝	JMnedict-category
さきはま	先浜|先濱|咲浜|崎|崎浜|崎濱|嵜浜|嵜濱	JMnedict-category
さきもと	佐喜本|先本|前本|咲本|崎元|崎本|嵜元|嵜本	JMnedict-category
さわたり	佐渡|去渡|沢渡|澤渡|猿渡|砂渡|笹渡|讃渡	JMnedict-category
さんどう	三徳|三道|山同|山東|山洞|山藤|山道|山銅	JMnedict-category
しじょう	司城|四条|四條|市場|志城|志条|砥上|紫城	JMnedict-category
すがはら	春原|管原|簀河原|菅原|菅家原|須ケ原|須加原|須賀原	JMnedict-category
すみおか	住岡|墨岡|清岡|澄岡|炭岡|純岡|角岡|隅岡	JMnedict-category
そうざき	宗|宗崎|左右|左右崎|惣|惣崎|總|總崎	JMnedict-category
たかつき	鐙|高付|高務|高月|高杯|高槻|高築|高附	JMnedict-category
たくしま	多久島|多久嶋|夛久島|宅島|宅嶋|宅嶌|度島|度嶋	JMnedict-category
たつおか	立岡|竜丘|竜岡|辰岡|逵岡|達岡|龍丘|龍岡	JMnedict-category
たてわき	帯刀|帯刃|帶刀|建脇|立分|立脇|舘脇|館脇	JMnedict-category
ちょうの	丁野|喋野|眺野|萇野|蝶野|長埜|長濃|長野	JMnedict-category
とうこう	東光|東口|東向|東猴|東耕|藤光|藤稿|頭高	JMnedict-category
とのうち	外之内|外内|戸ノ内|戸之内|戸内|殿内|登之内|登内	JMnedict-category
とのむら	外村|外邨|外野村|戸埜村|戸野村|斗村|殿村|殿邑	JMnedict-category
とみます	冨増|冨枡|冨桝|冨舛|富増|富枡|富桝|富舛	JMnedict-category
とみよし	冨吉|冨善|冨好|冨美|冨芳|富吉|富好|富芳	JMnedict-category
どうどう	働々|動道|同道|百々|道同|道道|銅々|銅堂	JMnedict-category
なばため	名畑目|天生目|生天目|生田目|生畑目|矢生目|那波多目|青天目	JMnedict-category
のみやま	吸山|呑山|埜見山|能美山|能見山|許山|野美山|野見山	JMnedict-category
はたしま	幡島|旗島|旗嶋|畑島|畑嶋|畠島|畠嶋|秦嶋	JMnedict-category
はつとり	八鳥|初取|初鳥|服部|服鳥|神服|羽鳥|這禽	JMnedict-category
ひのうら	日之裏|日野浦|樋ノ浦|樋之浦|樋浦|火の浦|火ノ浦|火之浦	JMnedict-category
ひのくち	日野口|桧口|樋之口|樋野口|火の口|火ノ口|火野口|閘	JMnedict-category
ひのぐち	日野口|樋ノ口|樋之口|樋野口|檜口|火の口|火ノ口|火野口	JMnedict-category
ふたまた	二亦|二俟|二俣|二又|二叉|二股|弐又|貮又	JMnedict-category
ふなびき	舟引|舟曳|舩引|舩曳|舩曵|船引|船曳|船曵	JMnedict-category
ふるはた	古幡|古旗|古畑|古畠|古籏|降幡|降旗|降籏	JMnedict-category
ほうせん	保泉|宝泉|宝船|寶泉|法専|法泉|法銭|豊泉	JMnedict-category
ほんどう	本同|本堂|本導|本東|本藤|本道|本遠|本銅	JMnedict-category
まきはら	填原|槇原|槙原|牧原|牧野|眞原|真木原|蒔原	JMnedict-category
ますいち	升一|升市|増市|枡一|枡市|桝一|益市|舛市	JMnedict-category
ますかわ	升川|増川|枡川|桝川|益川|益河|舛川|鱒川	JMnedict-category
ますしげ	升重|増茂|増重|桝重|益繁|益重|舛繁|舛重	JMnedict-category
ますしま	升島|増島|増嶋|増嶌|桝島|益島|益嶋|舛島	JMnedict-category
みきもと	三木元|三木本|幹元|幹本|御木元|御木本|御酒本|美樹本	JMnedict-category
みつやま	みつ山|三ツ山|三山|三津山|光山|密山|満山|蜜山	JMnedict-category
みねしま	峯島|峯嶋|峯嶌|峰島|峰嶋|峰嶌|嶺島|嶺嶋	JMnedict-category
みのかわ	三濃川|実川|澪川|箕川|簑川|美濃川|美野川|蓑川	JMnedict-category
むなかた	宗像|宗形|宗方|宗片|崇像|棟形|棟方|胸形	JMnedict-category
むらさき	村|村さ来|村先|村崎|柴|紫|邑|邑崎	JMnedict-category
もりひろ	守広|守廣|守弘|森宏|森広|森廣|森弘|盛弘	JMnedict-category
もりみつ	守光|守満|森光|森満|森滿|毛利光|盛光|盛満	JMnedict-category
もろずみ	両角|師角|諸住|諸墨|諸澄|諸角|諸隅|諸隈	JMnedict-category
やまのい	山のい|山の井|山ノ井|山之井|山井|山埜井|山野井|山野居	JMnedict-category
よしかた	吉形|吉方|吉館|善方|能方|芳形|芳潟|芳片	JMnedict-category
よしひら	吉平|吉開|善平|喜平|四平|好平|義平|芳平	JMnedict-category
よしひろ	吉広|吉廣|吉弘|善弘|好博|好広|好廣|義広	JMnedict-category
わくもと	和久本|枠元|枠本|泉本|涌元|涌本|湧本|篤本	JMnedict-category
きのくにや	紀ノ国屋|紀ノ国谷|紀伊国屋|紀伊国谷|紀伊國屋|紀国屋|紀国谷|紀國谷	JMnedict-category
こうじょう	向上|校條|香城|駒城|高上馬|高乗|高城|鴻上	JMnedict-category
さいのひら	才ノ平|斉ノ平|斉之平|斉野平|斎之平|斎野平|齊之平|齊野平	JMnedict-category
しもじょう	下城|下条|下條|下絛|下茂門|下重|下門|四方城	JMnedict-category
しょうない	小内|少内|庄内|庄納|正内|照内|生内|相内	JMnedict-category
たてばやし	建林|循林|楯林|立林|竪林|舘林|達林|館林	JMnedict-category
ふるしょう	古姓|古小|古庄|古性|古正|古生|古荘|古莊	JMnedict-category
やぶのうち	籔ノ内|籔之内|薮ノ内|薮之内|薮内|藪ノ内|藪之内|藪内	JMnedict-category
あぎ	亜岐|亜木|吾岐|吾木|蕪木|阿岐|阿木	JMnedict-category
あさ	厚狭|安佐|旦|朝|浅|阿佐|麻	JMnedict-category
いえ	井恵|井江|伊得|伊江|叶|宇|家	JMnedict-category
いね	ヰ根|井上|井根|伊子|伊根|猪子|稲	JMnedict-category
いは	伊|伊波|伊浪|伊葉|伊覇|射馬|揖場	JMnedict-category
いび	井樋|井比|伊比|揖|揖斐|衣斐|許斐	JMnedict-category
いり	井利|井理|伊利|伊理|伊里|入|納	JMnedict-category
いん	印|因|嬴|尹|應|殷|院	JMnedict-category
うど	宇土|宇戸|宇渡|宇都|有土|鵜戸|鵜殿	JMnedict-category
おと	乙|尾戸|尾登|桜桃|牡渡|織戸|音	JMnedict-category
おん	厳|恩|汪|温|王|翁|苑	JMnedict-category
かけ	加計|懸|掛|欠ケ|筧|縣|鹿毛	JMnedict-category
かご	加後|加籠|加護|可児|篭|籠|鹿児	JMnedict-category
かぢ	下地|加地|加治|可知|梶|甲地|鍛治	JMnedict-category
かつ	且|克|加津|勝|勝津|濶|葛	JMnedict-category
かり	仮|刈|狩|華梨|華理|虞|賀利	JMnedict-category
がん	丸|阮|雁|顏|顔|鳫|鴈	JMnedict-category
きが	吉賀|嬉賀|木我|木賀|気賀|気駕|氣駕	JMnedict-category
きく	喜久|幾久|橲久|禧久|聞|菊|規矩	JMnedict-category
きこ	喜古|喜子|木古|木子|木許|紀古|貴虎	JMnedict-category
きな	喜名|喜納|喜菜|嘉納|岐奈|木南|樹奈	JMnedict-category
きわ	喜波|幾和|木和|木輪|箕輪|紀和|際	JMnedict-category
くし	串|久代|久司|久志|久慈|久枝|櫛	JMnedict-category
くば	久場|久波|久芳|久葉|九場|九葉|玖波	JMnedict-category
くわ	久八|久和|久羽|久芳|桑|鋤|鍬	JMnedict-category
こお	国府|國府|小尾|小生|幸|高|黄王	JMnedict-category
こぎ	古儀|古城|古木|小儀|小木|小櫃|枯木	JMnedict-category
こじ	児子|兒子|古地|小司|小治|小路|故字	JMnedict-category
こち	古地|古知|小地|小知|幸地|東風|越智	JMnedict-category
こと	児戸|古戸|古登|古都|小戸|琴|香都	JMnedict-category
こな	古奈|小名|小奈|小楠|小納|粉|粉奈	JMnedict-category
こみ	古味|古見|小味|小美|小見|巨海|故見	JMnedict-category
ごい	互井|五井|五位|伍井|午居|呉井|後伊	JMnedict-category
ごか	五加|五家|五箇|五霞|伍賀|後日|後閑	JMnedict-category
さど	佐土|佐度|佐戸|佐渡|左土|左戸|砂戸	JMnedict-category
しげ	四家|志茂|林|枝|繁|茂|重	JMnedict-category
しや	初谷|四家|士屋|夏|紫屋|謝|車	JMnedict-category
せた	世田|勢多|勢田|清多|瀬多|瀬田|頼田	JMnedict-category
そし	双紙|曽子|曽雌|曾師|曾志|曾雌|祖師	JMnedict-category
そた	曽田|曾田|楚田|甲藤|祖多|祖田|素田	JMnedict-category
そり	反|曽利|曾利|楚里|素利|蘇理|蘓理	JMnedict-category
たの	但野|多野|太野|田ノ|田之|田埜|田野	JMnedict-category
ちだ	千多|千田|地多|地田|智田|治田|知田	JMnedict-category
ちや	千屋|千谷|千野|地谷|智谷|血矢|車	JMnedict-category
つき	月|月李|枌|槻|築|築城|都築	JMnedict-category
つる	水流|津留|都瑠|都留|釣|鶴|鶴留	JMnedict-category
とた	兎田|戸田|渡多|登田|砥田|砺田|都多	JMnedict-category
とち	土地|戸地|戸知|栃|渡地|都地|都筑	JMnedict-category
との	度野|戸野|斗野|殿|登能|登野|笘野	JMnedict-category
なが	名嘉|名賀|奈賀|永|潟永|酉|長	JMnedict-category
なだ	名田|奈田|姓田|洋|灘|納田|那田	JMnedict-category
なべ	名部|奈辺|奈邉|奈邊|奈部|那部|鍋	JMnedict-category
にぶ	丹生|丹生谷|二歩|二部|仁部|任補|壬生	JMnedict-category
ねや	根屋|根矢|根箭|根谷|祢屋|禰屋|閨	JMnedict-category
はじ	吐師|土師|把子|櫨|羽地|輿|輿沁	JMnedict-category
はな	波奈|端|羽奈|花|華|葉名|鼻	JMnedict-category
はや	早|派谷|羽矢|羽谷|芳養|葉谷|長谷	JMnedict-category
ばく	場工|朴|模|獏|莫|麥|麦	JMnedict-category
ふた	不田|付田|伏田|布田|府田|普田|附田	JMnedict-category
へい	兵|坪|屏|幣|幤|平|閉伊	JMnedict-category
ほぼ	保々|保母|保浦|帆保|甫母|穂保|粗	JMnedict-category
まだ	眞田|真田|蒔田|間多|間田|須田|馬田	JMnedict-category
めい	梅|盟明|目井|米|芽|茗井|銘	JMnedict-category
やお	八尾|八百|姚|屋尾|幺|矢尾|谷尾	JMnedict-category
やず	八頭|家壽|家寿|屋頭|矢津|矢頭|谷津	JMnedict-category
やた	八田|家田|屋田|矢多|矢田|箭田|谷田	JMnedict-category
ゆげ	弓削|弓家|湯毛|由家|由解|祐下|遊戯	JMnedict-category
らい	来|籟|羅井|耒|莱|雷|頼	JMnedict-category
あいか	会賀|合賀|愛禾|愛賀|相賀|秋鹿|藍賀	JMnedict-category
あいづ	会津|合津|愛津|會津|相津|藍津|間津	JMnedict-category
あかり	亜厂|亜雁|明|明星|明里|赤利|赤理	JMnedict-category
あがわ	亜川|吾川|吾河|安川|安河|阿川|阿河	JMnedict-category
あきだ	明田|昭田|淳田|璃田|秋田|穐田|阿木田	JMnedict-category
あけち	明地|明智|明珍|明知|明致|朱智|緋智	JMnedict-category
あさと	亜砂都|吾郷|安里|朝戸|浅利|阿郷|阿里	JMnedict-category
あさや	朝矢|朝谷|浅屋|浅谷|淺谷|麻屋|麻谷	JMnedict-category
あしの	楫野|芦埜|芦野|葦埜|葦野|蘆野|足野	JMnedict-category
あたか	安宅|安高|恰|足高|阿宅|阿高|阿鷹	JMnedict-category
あまこ	天児|天兒|天古|天子|尼子|甘子|雨子	JMnedict-category
あまた	余田|天田|尼田|甘田|阿万田|阿萬田|雨田	JMnedict-category
あまだ	天田|尼田|甘田|聒田|阿万田|阿萬田|雨田	JMnedict-category
あまん	亜万|亜萬|吾万|吾萬|阿万|阿満|阿萬	JMnedict-category
あやめ	彩女|文女|絢女|綾女|綾目|菖浦|菖蒲	JMnedict-category
あらぎ	安楽|新城|新木|新記|荒城|荒木|蘭	JMnedict-category
あんど	安図|安土|安堵|安戸|安東|安渡|庵戸	JMnedict-category
いいの	伊井埜|伊井野|猪野|飯埜|飯生|飯能|飯野	JMnedict-category
いおか	井岡|亥岡|伊岡|依岡|夷岡|猪岡|飯岡	JMnedict-category
いがき	井垣|伊垣|伊墻|伊柿|居垣|猪垣|韓	JMnedict-category
いくち	井口|亥口|幾地|猪口|生口|生地|郁地	JMnedict-category
いさじ	伊三次|伊佐冶|伊佐地|伊佐次|伊佐治|伊左次|伊左治	JMnedict-category
いしこ	石古|石子|石川|石庫|石故|石河|石生	JMnedict-category
いした	井下|伊下|伊志田|位下|居下|石多|石田	JMnedict-category
いしば	井芝|石場|石庭|石破|石羽|石葉|石馬	JMnedict-category
いせい	井清|伊世井|伊勢井|伊勢居|伊青|為政|爲政	JMnedict-category
いそや	五十谷|磯屋|磯矢|磯谷|礒家|礒屋|礒谷	JMnedict-category
いだて	井立|井達|伊舘|伊達|居立|居舘|居館	JMnedict-category
いちや	一矢|一箭|一谷|壱谷|壹谷|市屋|市谷	JMnedict-category
いつみ	五三|伊津美|迹見|逸民|逸水|逸見|逸身	JMnedict-category
いよた	井余田|井餘田|伊与田|伊予田|伊代田|伊與田|伊豫田	JMnedict-category
いよべ	五百部|伊与部|伊予部|伊與部|伊興部|伊良部|伊豫部	JMnedict-category
いわや	伊和家|岩屋|岩矢|岩谷|巌谷|巖谷|窟	JMnedict-category
いんべ	井邊|伊部|印部|忌部|斉部|斎部|齋部	JMnedict-category
うさわ	卯沢|夘沢|宇沢|宇澤|鵜沢|鵜澤|鶉沢	JMnedict-category
うしき	丑木|丑米|宇式|宇敷|宇舗|牛木|牛鬼	JMnedict-category
うすき	宇宿|碓木|臼木|臼杵|薄|薄木|薄衣	JMnedict-category
うたき	卯滝|卯瀧|夘滝|宇滝|歌木|雨滝|雨瀧	JMnedict-category
うちき	内城|内木|内樹|内記|内貴|家城|打木	JMnedict-category
えいき	栄喜|栄木|榮喜|榮木|永喜|永木|英木	JMnedict-category
えいじ	影次|栄次|栄治|栄鬮|榮次|永二|永地	JMnedict-category
えはた	恵畑|江幡|江畑|江畠|江端|繪幡|荏畑	JMnedict-category
えばら	恵原|惠原|榎原|江原|潁原|荏原|頴原	JMnedict-category
えんた	円田|圓田|演田|煙田|猿田|縁田|遠田	JMnedict-category
えんだ	園田|圓田|塩田|猿田|苑田|薗田|遠田	JMnedict-category
おいし	大石|小石|尾石|生地|生石|緒石|越石	JMnedict-category
おおま	合馬|多真|大澗|大真|大磨|大間|大馬	JMnedict-category
おかじ	小梶|小鍛治|尾梶|岡地|岡持|岡治|岡路	JMnedict-category
おかつ	冲津|小勝|尾勝|岡津|沖津|緒勝|雄勝	JMnedict-category
おがみ	小上|小神|尾上|尾神|拝|男神|雄上	JMnedict-category
おくつ	奥作|奥津|奧津|小圷|澳津|興津|阿久津	JMnedict-category
おくぼ	大久保|太久保|奥保|奥防|小久保|小窪|押久保	JMnedict-category
おくま	大熊|奥間|奧間|小熊|尾曲|尾熊|緒隈	JMnedict-category
おたに	大谷|小谷|尾石|尾谷|男谷|苧谷|雄谷	JMnedict-category
おだき	小滝|小瀧|小田喜|小田岐|小田木|尾滝|麻滝	JMnedict-category
おとわ	乙羽|乙葉|大東和|廣滝|音和|音羽|音葉	JMnedict-category
かいで	海出|甲斐出|貝出|開出|飼手|鶏冠|鶏冠井	JMnedict-category
かいと	垣内|垣外|墻内|海戸|海渡|海都|貝戸	JMnedict-category
かがり	加刈|加苅|加賀利|明松|篝|荘|警	JMnedict-category
かきた	嘉喜多|嘉喜田|垣田|堅田|柿木田|柿田|蛎田	JMnedict-category
かきや	垣屋|垣矢|垣谷|我喜屋|柿屋|柿谷|蛎屋	JMnedict-category
かぎや	加木屋|加木谷|神屋|鍵屋|鍵弥|鍵矢|鍵谷	JMnedict-category
かけの	懸野|掛埜|掛布|掛野|欠野|筧|駈野	JMnedict-category
かさき	加|加崎|加嵜|嘉崎|笠木|笠置|香咲	JMnedict-category
かしだ	加志田|堅田|梶田|樫田|菓子田|賀真田|鹿田	JMnedict-category
かしば	加柴|加芝|柏葉|樫葉|花新発|香芝|鹿柴	JMnedict-category
かじお	梶尾|梶応|梶應|梶生|梶野|楫尾|樫尾	JMnedict-category
かずさ	上総|上總|和佐|数佐|数左|數佐|葛佐	JMnedict-category
かたい	堅井|形井|方井|片井|片居|花袋|賀多井	JMnedict-category
かたや	固屋|堅谷|形屋|片屋|片矢|片谷|肩谷	JMnedict-category
かねい	兼井|兼為|金井|金居|鐘井|鐘居|鐘鋳	JMnedict-category
かまえ	廓|構|構江|蒲江|賀前|釜江|鎌江	JMnedict-category
かまだ	兒玉|烟田|蒲田|釜田|釡田|鎌多|鎌田	JMnedict-category
かまの	構野|蒲野|釜埜|釜野|釡野|鎌埜|鎌野	JMnedict-category
かみた	上多|上田|加美田|嘉味田|神多|神田|紙田	JMnedict-category
かむら	佳村|加村|可村|嘉村|蚊村|賀村|香村	JMnedict-category
かやば	栢場|栢葉|榧場|櫃場|茅場|萓場|萱場	JMnedict-category
からい	加来|加耒|唐井|唐樋|嘉来|柄井|賀来	JMnedict-category
からと	唐土|唐戸|唐櫃|唐渡|唐登|嘉良戸|柄戸	JMnedict-category
かりべ	刈部|狩部|苅邊|苅部|軽辺|軽部|雁部	JMnedict-category
かんき	勘木|寒木|神吉|管木|菅木|観木|閑喜	JMnedict-category
かんと	カント|完戸|漢人|神戸|菅戸|貫戸|閑戸	JMnedict-category
きさい	市部|木斉|木斎|木済|木濟|来栖|私	JMnedict-category
きさか	喜坂|城坂|城阪|帰坂|木坂|木阪|紀坂	JMnedict-category
きたや	北宅|北家|北屋|北矢|北舎|北谷|喜多谷	JMnedict-category
きふね	木舟|木舩|木船|貴布根|貴舟|貴舩|貴船	JMnedict-category
きまた	岐亦|木亦|木俣|木全|木又|木幡|木股	JMnedict-category
きゅう	丘|久|亀|救|赳|邱|鳩	JMnedict-category
きゆう	丘|亀遊|仇|及|希有|裘|邱	JMnedict-category
くさば	日馬|艸場|艸葉|草場|草姥|草羽|草葉	JMnedict-category
くつな	久津那|久綱|忽那|怱那|朽名|朽綱|沓名	JMnedict-category
くつみ	久津美|久津見|久積|九津見|沓水|沓見|玖津見	JMnedict-category
くにや	国也|国家|国屋|国矢|国谷|國屋|國谷	JMnedict-category
くのき	久能木|久軒|久野木|九軒|柊ノ木|柊木|桾木	JMnedict-category
くまい	くま井|熊井|熊居|隈井|隈伊|隈居|雲井	JMnedict-category
くらや	倉屋|倉矢|倉谷|蔵屋|蔵矢|蔵谷|藏屋	JMnedict-category
くるみ	久留見|来実|来水|来河|来海|胡桃|菓	JMnedict-category
けいの	境野|慶埜|慶野|景野|桂野|系野|計野	JMnedict-category
げんだ	元田|堅田|巖田|権田|源田|玄田|現田	JMnedict-category
こうか	孝花|更科|江夏|江花|甲加|甲賀|藁科	JMnedict-category
こうけ	光家|古家|小受|小請|幸家|弘家|江家	JMnedict-category
こうし	合志|好士|孝子|閤師|高司|高子|高師	JMnedict-category
こうつ	小宇都|幸津|弘津|河津|興津|香津|高津	JMnedict-category
こうま	古廐|幸間|江間|洪馬|蛭間|高馬|高麗	JMnedict-category
こうろ	上良|後呂|紅露|興呂|興梠|香呂|高梠	JMnedict-category
こえだ	小枝|小條|小榎田|戸枝|条|肥田|越田	JMnedict-category
こがね	古金|子金|小懸|小賀根|小金|故金|黄金	JMnedict-category
こがみ	古上|古神|小上|小神|小紙|湖上|畔上	JMnedict-category
こくら	古倉|古蔵|小倉|小蔵|小藏|巨椋|故倉	JMnedict-category
こざわ	古沢|古澤|小沢|小澤|木澤|糊澤|菰澤	JMnedict-category
こなか	古仲|小中|小仲|小央|湖中|胡中|胡仲	JMnedict-category
こはま	児浜|児濱|古浜|小|小浜|小濱|湖浜	JMnedict-category
こぶち	古泓|古淵|古渕|子渕|小淵|小渕|杵渕	JMnedict-category
こまえ	古前|小前|狛江|生江|駒枝|駒栄|駒江	JMnedict-category
こもだ	古茂田|小森田|小茂田|荐田|菰田|蒋田|薦田	JMnedict-category
こやす	児保|児安|古安|子安|小安|小易|許安	JMnedict-category
ごうや	合家|合屋|合谷|呉屋|強矢|郷家|郷矢	JMnedict-category
ごかん	五貫|五閉|五閑|古閑|後神|後閑|後関	JMnedict-category
ごぼう	五坊|午坊|午房|後坊|御坊|牛坊|牛房	JMnedict-category
さいつ	戈津|才津|斉通|斎津|斎通|西津|齊通	JMnedict-category
さいと	佐糸|斉戸|斎戸|済渡|西途|西都|齊戸	JMnedict-category
さいば	才場|斉場|斎場|済場|齊場|齋場|齋塲	JMnedict-category
さえだ	三枝|佐枝|佐永田|小枝|左枝|真栄田|真榮田	JMnedict-category
さざき	佐埼|佐崎|佐嵜|小|小崎|左|左崎	JMnedict-category
さない	佐内|左内|早苗|眞井|真井|真居|讃井	JMnedict-category
さらい	佐來|佐来|佐良井|左良井|更井|更居|皿井	JMnedict-category
さわと	沢岻|沢戸|沢渡|沢登|沢砥|澤戸|澤登	JMnedict-category
さわみ	沢己|沢巳|沢弥|沢見|澤味|澤海|澤見	JMnedict-category
さんが	三個|三加|三箇|三賀|山家|山河|山賀	JMnedict-category
しおた	塩多|塩田|志保田|汐田|潮多|潮田|鹽田	JMnedict-category
しがき	仕垣|志垣|志柿|柴垣|紫垣|茂垣|鹿垣	JMnedict-category
しずの	勧野|志津野|鎭野|鎮野|閑野|静野|靜野	JMnedict-category
しなの	仕名野|信乃|信濃|信野|品野|科埜|科野	JMnedict-category
しのぶ	信夫|実信|實信|忍|筱生|篠生|資延	JMnedict-category
しまい	島井|島居|嶋井|嶋居|嶌井|縞居|鳥井	JMnedict-category
しまお	島尾|島生|島雄|嶋尾|嶋生|嶋雄|嶌生	JMnedict-category
しまた	喚田|四馬田|島田|嶋田|嶼田|斯眞田|斯真田	JMnedict-category
しやま	司山|四釜|市山|志山|施山|清山|紫山	JMnedict-category
しろい	城井|城居|支路遺|白井|白伊|白居|皓	JMnedict-category
しろや	代谷|城家|城屋|城谷|白屋|白矢|白谷	JMnedict-category
じんご	仁後|甚五|甚吾|甚吾田|神子|神後|陣後	JMnedict-category
じんや	甚谷|神社|神谷|陣家|陣屋|陣矢|陣谷	JMnedict-category
せいた	斉田|清板|清田|清陀|税田|精板|背板	JMnedict-category
せいだ	勢田|性田|政田|清多|清田|清陀|精田	JMnedict-category
せのう	勢濃|勢納|勢能|妹尾|妹能|瀬納|瀬能	JMnedict-category
そうか	左右加|相嘉|相賀|草加|荘加|莊加|雑賀	JMnedict-category
そうた	宗田|惣田|早田|相田|総田|造田|鎗田	JMnedict-category
そやま	岨山|曽山|曾山|楚山|祖山|素山|蘇山	JMnedict-category
たいち	大池|大知|太地|対知|泰地|田一|田井地	JMnedict-category
たかべ	堯部|多賀部|高倍|高辺|高邊|高部|鷹部	JMnedict-category
たじみ	丹治|但見|多治美|多治見|夛治見|田二見|田治見	JMnedict-category
たたい	多々井|多田井|田々井|田タ井|田多井|田田井|讃井	JMnedict-category
ただみ	只見|唯見|多々見|多多見|多田見|忠海|忠見	JMnedict-category
たなだ	多奈田|棚多|棚田|橘田|田名田|田奈田|田灘	JMnedict-category
たまや	玉宅|玉屋|玉矢|玉舎|玉谷|珠家|琳谷	JMnedict-category
たんご	丹古|丹后|丹吾|丹呉|丹後|反後|田子	JMnedict-category
たんだ	丹多|丹田|但田|反田|炭田|短田|谷田	JMnedict-category
ちぎら	千吉良|千喜良|千明|千木良|千装|千輝|千金良	JMnedict-category
ちさき	千崎|地崎|樗木|知|知崎|知嵜|苣木	JMnedict-category
ちぢわ	千々和|千々岩|千々波|千々石|千々輪|千千和|千石	JMnedict-category
ちもと	千本|地元|地本|智本|知元|知本|遅基	JMnedict-category
ちゅう	中|仲|忠|秋|邱|鄒|鄭	JMnedict-category
つかさ	佰|司|宮|政|曹|蔀|長	JMnedict-category
つきた	侭田|月田|槻田|突田|筑田|築田|附田	JMnedict-category
つくし	土筆|筑紫|築柴|築紫|辻築|都筑|都築	JMnedict-category
つくも	九九|九十九|江蒲|津久茂|津雲|白|築茂	JMnedict-category
つぼみ	四月朔日|坪見|壷見|壺見|莟|蔀|蕾	JMnedict-category
つぼや	坪屋|坪矢|坪祢|坪谷|壷屋|壷谷|壺屋	JMnedict-category
てらじ	寺主|寺司|寺地|寺師|寺次|寺治|寺路	JMnedict-category
といし	外石|戸石|斗石|渡石|登石|砥石|都石	JMnedict-category
とがみ	冨上|十神|外上|戸上|戸神|登神|砥上	JMnedict-category
とごう	十河|戸合|渡会|渡會|都合|都甲|都郷	JMnedict-category
とまつ	十松|外末|外松|戸松|渡松|登松|都松	JMnedict-category
とりや	取屋|取谷|登利屋|登利谷|部谷|鳥屋|鳥谷	JMnedict-category
どうや	同谷|堂屋|洞谷|道家|銅冶|銅屋|銅谷	JMnedict-category
なかさ	与那峯|与那嶺|中佐|中左|中狭|中狹|仲佐	JMnedict-category
なきり	万亀|名切|名桐|奈切|奈桐|百鬼|菜切	JMnedict-category
なつみ	七海|夏巳|夏海|夏聖|夏見|夏観|菜摘	JMnedict-category
なにわ	何輪|名庭|浪花|浪華|浪速|難波|難破	JMnedict-category
にいた	丹伊田|仁井田|仁伊田|新井田|新多|新田|熱田	JMnedict-category
にかみ	丹上|二上|二神|仁上|仁神|仁紙|荷上	JMnedict-category
につた	二田|仁多|新タ|新夕|新多|新田|日田	JMnedict-category
ねぎた	根喜田|根木田|祢宜田|祢宣田|禰宜田|禰宣田|称宜田	JMnedict-category
のぼり	幟|昇|登|登り|登里|舜|野堀	JMnedict-category
のまた	能又|野亦|野俣|野又|野復|野股|野間田	JMnedict-category
はくい	伯井|白井|白居|箔井|羽咋|羽喰|羽杭	JMnedict-category
はしや	橋屋|橋弥|橋彌|橋矢|橋谷|端谷|箸屋	JMnedict-category
はたべ	幡部|波多辺|波多邉|波多部|畑辺|畑邊|畑部	JMnedict-category
はだの	波多野|波田埜|波田野|秦野|羽田野|肌野|裸野	JMnedict-category
はつた	八多|八大|八太|八田|初田|服田|発田	JMnedict-category
はなみ	土海|波並|花実|花美|花見|華美|葉波	JMnedict-category
はねた	刎田|填田|波根田|羽太|羽子田|羽根田|羽田	JMnedict-category
はぶつ	土生津|土生都|羽仏|羽佛|羽布津|羽物|羽生津	JMnedict-category
はまじ	浜二|浜地|浜治|浜路|濱地|濱治|濱路	JMnedict-category
ひがい	干貝|日改|日貝|日開|桧貝|樋貝|檜貝	JMnedict-category
ひぐま	日熊|日隅|日隈|桧隈|樋熊|氷熊|永熊	JMnedict-category
ひさき	久木|久樹|久記|尋木|日|日崎|樋先	JMnedict-category
ひたち	常盤|常陸|日立|日達|旭立|月出|飛立	JMnedict-category
ひので	咄|日の出|日ノ出|日出|日野出|暘|杲	JMnedict-category
ひもと	日下|樋元|樋本|比本|氷本|緋本|肥本	JMnedict-category
ふきた	冨木田|冨貴田|吹田|柊田|福貴田|笛田|蕗田	JMnedict-category
ふきや	吹屋|吹矢|吹谷|吹野|葦屋|葺屋|蕗谷	JMnedict-category
ふくや	富家|福家|福屋|福矢|福舎|福谷|譜久山	JMnedict-category
ふたば	二場|二羽|二葉|二馬|双葉|嫩|札場	JMnedict-category
ほうだ	寳田|寶田|方田|法田|蓬田|這田|鴇田	JMnedict-category
ほうち	宝地|宝智|宝池|寶地|放地|法地|芳地	JMnedict-category
ほうの	坊野|宝野|寳野|法野|泙野|芳埜|芳野	JMnedict-category
まいた	毎田|眞板|真板|米田|舞田|蒔田|間板	JMnedict-category
まえば	前場|前塲|前波|前浪|前羽|前葉|前馬	JMnedict-category
まかり	万狩|眞苅|真狩|真苅|真賀里|真雁|間狩	JMnedict-category
まさこ	庄子|政子|昌子|真子|真砂|間佐古|間左古	JMnedict-category
まさの	政埜|政野|昌野|正埜|正野|眞砂野|真砂野	JMnedict-category
まさみ	政実|政美|政見|正美|正躰|直|真佐見	JMnedict-category
ましも	増茂|眞下|眞霜|真下|真霜|間下|馬〆	JMnedict-category
ますえ	升江|増栄|増榮|増江|桝江|益江|真末	JMnedict-category
ますど	升戸|増戸|枡戸|桝戸|益戸|舛戸|鱒戸	JMnedict-category
ませき	升木|柵木|桝木|棚木|欄|舛木|麻績	JMnedict-category
またけ	眞武|眞竹|真武|真竹|間丈|間武|間竹	JMnedict-category
まなご	眞名子|眞子|真名子|真子|真砂|真那子|麻那古	JMnedict-category
まふね	眞船|真舩|真船|間舩|間船|馬舟|馬船	JMnedict-category
まるい	丸|丸井|丸伊|丸居|円井|円居|圓井	JMnedict-category
まんば	万場|万波|万浪|万葉|萬場|萬羽|萬葉	JMnedict-category
みかど	三廉|三葛|三角|三門|御門|見角|見門	JMnedict-category
みくに	三九二|三国|三國|三洲|美久仁|見国|見國	JMnedict-category
みくら	三倉|御倉|御蔵|御藏|美久羅|美倉|見倉	JMnedict-category
みしろ	三代|三城|御城|美代|美城|見代|見城	JMnedict-category
みずま	三瀦|水摩|水沼|水澗|水真|水間|水馬	JMnedict-category
みつる	三留|三鶴|中|民津留|爾|盈|美鶴	JMnedict-category
みどり	三十利|碧|緑|翆|翠|翠幃|見取	JMnedict-category
みのり	三乗|三乘|御法|法雨|美野里|見乗|豊	JMnedict-category
みふじ	三冨士|三富士|三藤|味藤|海藤|美藤|見藤	JMnedict-category
みまた	三俣|三又|三朕|三股|己亦|巳亦|美又	JMnedict-category
みまつ	三松|味松|実松|巳松|未松|美松|見松	JMnedict-category
みやこ	京|京都|宮古|宮子|宮幸|都|都甲	JMnedict-category
みょう	三重生|名生|妙|明|繆|苗|茗	JMnedict-category
みろく	三録|弥勒|弥勤|彌勅|彌勒|美録|見録	JMnedict-category
めがた	女鹿田|目形|目賀多|目賀夛|目賀田|米加田|芽形	JMnedict-category
ももき	丁|桃季|桃木|桃樹|百々亀|百木|百鬼	JMnedict-category
もりき	守帰|守木|森木|盛喜|盛木|盛貴|護城	JMnedict-category
もりと	守人|守戸|守都|森戸|森籐|森藤|盛戸	JMnedict-category
やくぼ	八久保|八窪|家久保|弥久保|彌久保|矢久保|矢窪	JMnedict-category
やさか	八坂|八阪|弥栄|矢坂|矢板|矢阪|谷坂	JMnedict-category
やすき	保喜|保木|八鍬|安|安喜|安城|安木	JMnedict-category
やすぎ	保木|八杉|八鍬|安來|安木|安来|矢杉	JMnedict-category
やすじ	保司|保地|保志|保治|安次|安治|泰地	JMnedict-category
やたべ	八田部|矢多部|矢田|矢田辺|矢田部|谷田辺|谷田部	JMnedict-category
やつぎ	八ツ木|八木|八次|矢次|矢継|谷城|谷次	JMnedict-category
やつだ	八つ田|八田|矢津田|谷ツ田|谷多|谷津田|谷田	JMnedict-category
やぶの	籔埜|籔野|薮ノ|薮埜|薮野|藪埜|藪野	JMnedict-category
ゆうい	優位|勇井|勇伊|有井|涌井|祐井|遊井	JMnedict-category
ゆきの	幸埜|幸野|湯木野|由基野|行野|雪埜|雪野	JMnedict-category
ようだ	桑田|漸田|用田|葉田|要田|陽田|養田	JMnedict-category
よかわ	与川|世川|余川|余河|吉川|與川|誉川	JMnedict-category
よしえ	佳江|吉得|吉永|吉江|好江|義江|葭江	JMnedict-category
よしか	吉加|吉賀|吉香|吉鹿|芳家|芳賀|芳香	JMnedict-category
よなが	与永|世永|代永|代長|余永|弥永|餘永	JMnedict-category
よもと	与本|嘉本|四元|四本|湯本|與本|誉本	JMnedict-category
よりき	余力|依期|依木|寄木|寄気|尋木|頼木	JMnedict-category
わさだ	和三田|和佐田|和左田|早田|早稲田|稙田|稚田	JMnedict-category
わたせ	和多瀬|渡世|渡千|渡瀬|綿世|綿施|綿瀬	JMnedict-category
あいづき	会築|合月|合築|愛築|相月|相築|藍築	JMnedict-category
あきざわ	昭沢|淳沢|璃沢|秋沢|秋澤|穐沢|穐澤	JMnedict-category
あきつき	昭月|淳月|璃月|秋月|秋槻|穐月|龝月	JMnedict-category
あきづき	明月|明槻|秋月|秋槻|秋築|穐月|龝月	JMnedict-category
あきもり	昭森|淳森|璃森|秋守|秋森|秋盛|穐森	JMnedict-category
あさざわ	朝沢|朝澤|浅沢|浅澤|淺澤|麻沢|麻澤	JMnedict-category
あさじま	朝島|朝嶋|浅島|浅嶋|浅嶌|麻島|麻嶋	JMnedict-category
あさなみ	朝波|朝浪|浅並|浅波|浅浪|浅海|麻浪	JMnedict-category
あさもと	朝元|朝本|浅元|浅本|淺本|麻元|麻本	JMnedict-category
あらたけ	新嵩|新武|新竹|荒岳|荒嶽|荒武|荒竹	JMnedict-category
ありさわ	在原|在沢|在澤|有沢|有澤|蟻沢|蟻澤	JMnedict-category
ありのり	在徳|在礼|有乗|有徳|有礼|蟻徳|蟻礼	JMnedict-category
いかざき	五十|五十崎|五十嵐|伊ケ|伊ケ崎|伊ヶ崎|伊賀崎	JMnedict-category
いくしま	幾島|幾嶋|生島|生嶋|生嶌|生嶼|郁島	JMnedict-category
いけのや	池の谷|池ノ谷|池之谷|池屋|池谷|池野屋|池野谷	JMnedict-category
いしみね	伊志峰|伊志嶺|石峯|石峰|石嶺|石領|福仲	JMnedict-category
いそじま	五十島|五十嶋|磯島|磯嶋|礒島|礒嶋|礒嶌	JMnedict-category
いそはた	五十幡|五十畑|五十畠|磯畑|磯端|礒畑|礒端	JMnedict-category
いのかわ	井ノ川|井上川|井之川|井川|井野川|亥川|猪川	JMnedict-category
いわだて	岩岳|岩嶽|岩楯|岩立|岩舘|岩達|岩館	JMnedict-category
うたがわ	哥川|唄川|宇多川|宇田川|歌川|詩川|雅楽川	JMnedict-category
えびすい	夷井|戎井|戎居|海老水|胡井|胡居|蛭子井	JMnedict-category
えんだて	円舘|円館|圓舘|圓館|状館|犹舘|犹館	JMnedict-category
おうさか	匂坂|櫻坂|王坂|相坂|翁坂|逢坂|逢阪	JMnedict-category
おうさわ	大沢|大澤|応沢|桜沢|翁沢|翁澤|近澤	JMnedict-category
おおかた	大加田|大堅|大形|大方|大潟|大片|太方	JMnedict-category
おおだて	大健|大建|大楯|大立|大舘|大達|大館	JMnedict-category
おおとう	大塘|大峠|大東|大桃|大當|大籐|大藤	JMnedict-category
おおとり	大取|大捕|大鳥|大鳳|鳳|鴻|鵬	JMnedict-category
おおどう	大動|大同|大堂|大幢|大洞|大藤|大道	JMnedict-category
おくしま	奥島|奥嶋|奧島|奧嶋|屋島|屋嶋|弘久	JMnedict-category
おくぞの	奥園|奥苑|奥薗|奧園|奧苑|奧薗|屋園	JMnedict-category
おびなた	大日向|大日方|小日向|尾日向|帯刀|帯向|帶向	JMnedict-category
かいたに	櫂谷|海谷|甲斐谷|甲谷|貝谷|開谷|飼谷	JMnedict-category
かいもり	改森|貝守|貝森|貝盛|開森|階森|飼森	JMnedict-category
かくどう	覚堂|覚道|覺道|角堂|角藤|角道|角銅	JMnedict-category
かじはら	加治原|梶原|鍛冶原|鍛原|鍛治原|鍜原|鍜治原	JMnedict-category
かつもと	且元|且本|勝元|勝基|勝本|勝許|葛本	JMnedict-category
かつらぎ	唐木|桂城|桂木|桂樹|歌枕|葛城|葛木	JMnedict-category
かねさき	兼|兼先|兼崎|金崎|銅前|鐘|鐘崎	JMnedict-category
かねとう	兼任|兼藤|兼頭|金任|金刀|金藤|金鋳	JMnedict-category
かばしま	椛島|椛嶋|椛嶌|樺島|樺嶋|樺嶌|蒲島	JMnedict-category
かまざわ	樺澤|蒲澤|釜沢|釜澤|釡澤|鎌沢|鎌澤	JMnedict-category
かまたに	寵谷|構谷|竃谷|竈谷|蒲谷|釜谷|鎌谷	JMnedict-category
かやもと	加屋本|嘉屋本|栢元|栢本|榧本|茅本|萱本	JMnedict-category
からさき	唐|唐崎|唐嵜|柄|柄崎|辛|辛崎	JMnedict-category
かりごめ	仮込|刈込|苅篭|苅籠|苅米|苅込|苅龍	JMnedict-category
かわずみ	川住|川澄|川角|河住|河済|河澄|河角	JMnedict-category
かわとう	川東|川等|川藤|河東|河藤|若藤|鞁嶋	JMnedict-category
かんもと	勘元|完本|官本|柑本|神本|管本|閑本	JMnedict-category
きがさわ	木賀沢|気加沢|気賀沢|気賀澤|氣加澤|氣賀沢|氣賀澤	JMnedict-category
きくかわ	喜久川|掬川|聴川|菊井|菊居|菊川|菊河	JMnedict-category
きどころ	城処|城所|城處|木所|木都老|樹所|機所	JMnedict-category
きのうち	城内|木ノ内|木之内|木内|木埜内|木野内|紀之内	JMnedict-category
くさわけ	久佐訳|幵分|艸分|草分|草別|草創|草訳	JMnedict-category
くにざき	久仁崎|国|国崎|國|國崎|洲|洲崎	JMnedict-category
くらうち	倉内|庫内|臓内|蔵内|藏内|鞍内|鞍打	JMnedict-category
くらとみ	倉冨|倉富|蔵冨|蔵富|藏富|藏當|鞍富	JMnedict-category
くらなみ	倉並|倉次|倉波|倉浪|座波|蔵並|藏並	JMnedict-category
くらふじ	倉富二|倉藤|蔵冨士|蔵富士|蔵藤|藏冨士|藏藤	JMnedict-category
くるしま	久留島|久留嶋|来島|来嶋|来嶌|来留島|耒嶋	JMnedict-category
くれもと	呉元|呉本|昏本|暮本|椋元|椋本|榑本	JMnedict-category
くわさき	久和崎|桑|桑先|桑崎|鍬|鍬先|鍬崎	JMnedict-category
けんどう	剣道|建藤|権藤|犬童|見藤|賢道|間遠	JMnedict-category
けんもと	兼本|剣本|剱本|検本|樫本|見本|釼本	JMnedict-category
こうぐち	孝口|小尾口|幸口|河口|甲口|香口|高口	JMnedict-category
こうとく	光徳|坤徳|工徳|幸得|幸徳|神徳|高徳	JMnedict-category
こまさき	小馬|小馬崎|胡麻|胡麻崎|駒|駒崎|駒嵜	JMnedict-category
こもりや	古森谷|小守谷|小森屋|小森谷|篭谷|籠屋|籠谷	JMnedict-category
さいがわ	才川|斉川|斎川|犀川|西川|際川|齋川	JMnedict-category
さいさき	幸|幸崎|才|才崎|際崎|雑|雑崎	JMnedict-category
さいしま	才島|斉島|斎島|歳島|菜島|菜嶋|采島	JMnedict-category
さいしん	才新|斉信|斉心|斎信|斎心|西信|齊信	JMnedict-category
さいもん	彩紋|才門|斉門|斎門|柴門|西門|齋門	JMnedict-category
さかいや	堺屋|堺谷|境家|境屋|境谷|境野|阪井谷	JMnedict-category
さかざき	坂|坂埼|坂崎|坂嵜|阪|阪崎|阪嵜	JMnedict-category
さかより	坂寄|坂従|坂從|酒依|酒寄|阪寄|阪従	JMnedict-category
さきかわ	佐木川|先川|向川|咲川|岬川|崎川|嵜川	JMnedict-category
さこぐち	佐古口|山谷口|峪口|嶝口|硲口|窄口|迫口	JMnedict-category
さわはた	沢幡|沢畑|沢畠|澤幡|澤畑|澤畠|澤端	JMnedict-category
さんとう	三島|三東|三登|三藤|山東|山縣|山藤	JMnedict-category
しげとみ	成富|滋富|繁冨|繁富|茂富|重冨|重富	JMnedict-category
しげなが	繁永|繁長|茂永|茂長|重命|重永|重長	JMnedict-category
しげなり	木村|繁成|茂成|茂業|薫成|重成|重盛	JMnedict-category
しげもり	繁森|茂森|薫森|藩守|重守|重森|重盛	JMnedict-category
しまもり	島守|島森|島盛|嶋守|嶋森|嶌守|嶌森	JMnedict-category
しゅうじ	周家|周治|周詞|庄子|舛次|集冶|集治	JMnedict-category
しょうぶ	尚武|庄武|正歩|正部|生部|菖蒲|雀部	JMnedict-category
しんこう	信耕|心光|新光|眞光|真光|神幸|辛	JMnedict-category
しんざわ	伸澤|信沢|新沢|新澤|棒澤|榛沢|神沢	JMnedict-category
しんのう	信濃|新濃|新納|新農|神呪|神納|神農	JMnedict-category
じょうじ	上|上路|城地|庄司|政司|条時|條時	JMnedict-category
じょうだ	上多|上田|乗田|城田|定田|常田|粂田	JMnedict-category
すみかわ	住川|墨川|済川|澄川|炭川|角川|隅川	JMnedict-category
すみやま	住山|墨山|澄山|炭山|角山|隅山|隈山	JMnedict-category
せこぐち	世古口|世子口|勢古口|清湖口|瀬古口|迫口|迴口	JMnedict-category
そうかわ	十河|宗川|寒川|惣川|湊川|相川|荘川	JMnedict-category
たからだ	宝多|宝田|寳田|寶田|戝田|福|財田	JMnedict-category
たきかわ	多喜川|多岐川|滝川|滝河|瀑布川|瀧川|瀧河	JMnedict-category
たけおか	嵩岡|嶽岡|武岡|武岳|武陵|竹丘|竹岡	JMnedict-category
たけざき	岳崎|嶽崎|武|武崎|竹|竹崎|竹嵜	JMnedict-category
たけなみ	武並|武南|武波|武浪|竹並|竹波|竹浪	JMnedict-category
たけひろ	健裕|武広|武廣|武弘|竹広|竹廣|竹弘	JMnedict-category
たたみや	田々宮|畳家|畳屋|畳谷|疂屋|疂谷|疊屋	JMnedict-category
たつざき	立|立崎|竜|竜崎|竜嵜|達崎|龍崎	JMnedict-category
たつはら	田津原|立原|竜原|辰原|辰野|達原|龍原	JMnedict-category
たていわ	建岩|楯岩|立岩|竪岩|舘巌|舘巖|館巌	JMnedict-category
たてがみ	建上|建守|建神|立上|立神|立髪|鬣	JMnedict-category
たてはた	堅畠|建畑|建畠|立畑|立畠|舘畑|館畑	JMnedict-category
たてみち	堅道|建路|建道|立道|竪道|舘道|館道	JMnedict-category
たまおか	玉丘|玉岡|玉崗|玉置|瑞岡|瑞岳|霊岳	JMnedict-category
つかさき	司城|塚|塚埼|塚崎|塚碕|墳崎|調月	JMnedict-category
つちもと	土元|土基|土師|土本|土許|槌元|槌本	JMnedict-category
つぼさき	坪|坪埼|坪崎|壷|壷崎|壺|壺崎	JMnedict-category
でんどう	伝刀|伝藤|伝道|傳刀|傳道|田遠|田頭	JMnedict-category
とうかわ	十川|十河|唐川|当川|東川|東河|當川	JMnedict-category
とうはら	唐原|塔原|当原|東原|桃原|當原|遠原	JMnedict-category
とがさき	戸ケ|戸ケ崎|戸ヶ崎|戸賀|戸賀崎|栂|栂崎	JMnedict-category
とくしま	得島|得嶋|徳島|徳嶋|徳嶌|徳槁|毒島	JMnedict-category
とくたけ	得竹|徳岳|徳崇|徳嵩|徳嶽|徳武|徳竹	JMnedict-category
とくます	徳升|徳増|徳枡|徳桝|徳益|徳舛|舛	JMnedict-category
とどろき	動木|等々力|舍利弗|舎利弗|軣|轟|轟木	JMnedict-category
ともなが	供長|友永|友長|塘永|朝永|朝長|鞆永	JMnedict-category
どうかん	堂棺|堂閑|道勧|道官|道管|道菅|道閑	JMnedict-category
なかうち	中内|中宇地|中家|中納|仲内|名河内|金内	JMnedict-category
なかくき	中久喜|中久木|中岫|中茎|中莖|仲久喜|仲久木	JMnedict-category
なかたて	中建|中楯|中舘|中館|仲楯|仲舘|仲館	JMnedict-category
なかたに	中浴|中渓|中溪|中谷|仲谷|半谷|長谷	JMnedict-category
なかだて	中楯|中立|中舘|中館|仲楯|仲舘|仲館	JMnedict-category
なかみね	中岑|中峯|中峰|中嶺|仲峯|仲峰|仲嶺	JMnedict-category
なかよし	中吉|中好|中由|仲与志|仲吉|仲喜|仲由	JMnedict-category
ながすみ	永住|永澄|永角|永隅|長住|長澄|長角	JMnedict-category
ながとう	永当|永東|永藤|長東|長棟|長燈|長藤	JMnedict-category
ながはた	永幡|永畑|永畠|長幡|長畑|長畠|長端	JMnedict-category
なるしま	成島|成嶋|成嶌|筬島|鳴島|鳴嶋|鳴嶌	JMnedict-category
にしかた	西堅|西形|西方|西潟|西片|西舘|西銘	JMnedict-category
はいばら	南風原|埴原|拜原|拝原|榛原|灰原|生原	JMnedict-category
はぎのや	萩ノ谷|萩之谷|萩埜谷|萩谷|萩野屋|萩野矢|萩野谷	JMnedict-category
はなさき	花咲|花崎|華崎|鼻|鼻先|鼻崎|鼻嵜	JMnedict-category
はりもと	張元|張本|揺本|播元|播本|針元|針本	JMnedict-category
はんどう	半藤|坂東|板東|楾|飯東|飯藤|飯銅	JMnedict-category
ばんだい	万代|万歳|伴大|坂内|坂大|磐梯|萬代	JMnedict-category
ひのした	日ノ下|日下|日野下|桧下|樋下|檜下|照下土竜	JMnedict-category
ひろなか	博史|広中|広仲|廣中|廣仲|弘中|弘仲	JMnedict-category
ひろなが	広永|広長|廣永|廣長|弘永|弘長|裕長	JMnedict-category
ひろもり	広守|広森|広盛|廣森|廣盛|洋森|裕盛	JMnedict-category
ひろやす	広保|広安|広康|廣保|廣安|弘保|祐安	JMnedict-category
ふたつや	二ッ矢|二ツ家|二ツ屋|二ツ矢|二ツ谷|二津谷|二谷	JMnedict-category
ふなもり	舟守|舟森|舩守|舩盛|船守|船森|船盛	JMnedict-category
ふりはた	布利幡|振旗|振籏|降幡|降旗|降畑|降籏	JMnedict-category
ぶんどう	分藤|分道|分銅|文堂|文東|豊東|豊道	JMnedict-category
ほうずみ	八月朔日|宝住|宝積|宝角|寶積|寶角|法積	JMnedict-category
まえしろ	前代|前城|前栄城|眞栄城|眞榮城|真栄城|真榮城	JMnedict-category
まきさわ	巻沢|巻澤|槇沢|槇澤|槙沢|槙澤|牧沢	JMnedict-category
まさもと	政元|政本|昌元|昌本|松本|柾本|正本	JMnedict-category
ますおか	升岡|増岡|枡岡|桝岡|益岡|舛岡|鱒岡	JMnedict-category
ますたに	升谷|増谷|枡谷|桝谷|益谷|舛谷|鱒谷	JMnedict-category
ますはら	升原|増原|枡原|桝原|益原|舛原|鱒原	JMnedict-category
まどころ	政所|満処|満所|真所|間処|間所|間處	JMnedict-category
みくりや	三厨|三栗家|三栗屋|三栗谷|御厨|御廚|御霊谷	JMnedict-category
みつおか	三ツ岡|三岡|光岡|密岡|満岡|滿岡|蜜岡	JMnedict-category
みつくに	三ッ国|三ッ國|三ツ国|三ツ國|三國|光国|光國	JMnedict-category
みつさわ	三ツ沢|三ツ澤|三沢|三澤|光沢|密沢|蜜沢	JMnedict-category
みつはた	三ツ畑|三畑|三畠|光旗|光畑|光畠|満畑	JMnedict-category
みなかわ	水川|湊川|源川|皆川|美奈川|美那川|蜷川	JMnedict-category
みねさき	峯岬|峯崎|峯嵜|峰|峰崎|嶺|嶺崎	JMnedict-category
みねはた	岑畑|峯幡|峯畑|峯畠|峯籏|峰畑|峰籏	JMnedict-category
みねむら	岑村|峯村|峯邑|峰村|峰邑|嶺村|嶺邑	JMnedict-category
みねもと	岑本|峯元|峯本|峰元|峰本|嶺元|嶺本	JMnedict-category
みよかわ	三代川|御代川|漂川|澪川|美代川|見世川|鳰川	JMnedict-category
むらまき	村槇|村槙|村瀬|村牧|村蒔|邑瀬|邨瀬	JMnedict-category
やすもり	保森|保盛|安守|安森|安盛|安護|康守	JMnedict-category
やぶさき	八武崎|籔|籔崎|籔嵜|薮崎|藪|藪崎	JMnedict-category
やぶもと	籔元|籔本|薮下|薮元|薮本|藪元|藪本	JMnedict-category
よしうら	吉浦|好浦|由浦|義浦|芦浦|芳浦|葦浦	JMnedict-category
よしたか	吉|吉高|吉鷹|喜高|義隆|義高|義鷹	JMnedict-category
よしみず	吉水|吉清水|由水|美水|義水|芳水|輿水	JMnedict-category
わたのべ	渡延|渡辺|渡部|渡野辺|渡野邉|渡野邊|渡野部	JMnedict-category
あまがさき	尼|尼ケ|尼ケ崎|尼ヶ崎|尼ヶ嵜|尼崎|雨ケ崎	JMnedict-category
いちのさわ	一の澤|一ノ沢|一ノ澤|市ノ沢|市ノ澤|市野沢|市野澤	JMnedict-category
かわらざき	川原|川原崎|河原|河原埼|河原崎|河原嵜|瓦崎	JMnedict-category
かんじょう	勘塲|勘定|官上|神定|観城|貫定|閑定	JMnedict-category
さかのうえ	坂ノ上|坂上|坂之上|坂野上|阪ノ上|阪上|阪之上	JMnedict-category
しゅうどう	主籐|主藤|修道|周東|周藤|秀働|首藤	JMnedict-category
しょうざき	商|商崎|庄|庄崎|正|正崎|正嵜	JMnedict-category
しょうじま	庄島|庄嶋|正島|正嶋|生島|生嶋|荘島	JMnedict-category
しょうどう	兵藤|将堂|将藤|小洞|庄堂|松堂|松棠	JMnedict-category
じょうだい	丈代|上代|城代|城台|城弟|城第|城臺	JMnedict-category
じょうもと	城本|定本|常本|条元|条本|條本|錠本	JMnedict-category
たかしょう	庄|高庄|高昌|高正|高祥|鷹匠|鷹松	JMnedict-category
だいじょう	大|大上|大乗坊|大城|大場|大条|大條	JMnedict-category
だんじょう	団上|團上|壇上|弾正|檀上|段上|段城	JMnedict-category
ひようどう	俵藤|俵道|俵頭|兵働|兵動|兵東|兵道	JMnedict-category
みどりかわ	三鳥川|水鳥川|碧川|緑川|緑河|縁川|翠川	JMnedict-category
めんじょう	枝條|校条|校條|毛受|面上|面条|面條	JMnedict-category
りゅうおう	劉王|劉黄|流王|琉王|竜王|龍王|龍皇	JMnedict-category
あく	亜久|吾久|安久|悪|渥|阿久	JMnedict-category
あこ	亜古|吾子|安虎|阿児|阿古|阿子	JMnedict-category
あぶ	安保|安封|安武|安部|鐙|阿武	JMnedict-category
あや	安益|斐|杏綾|綾|謝|阿野	JMnedict-category
いじ	井地|井治|伊地|伊時|伊治|位地	JMnedict-category
いち	一|仲地|伊地|伊智|伊秩|市	JMnedict-category
うべ	卜部|占部|宇辺|宇部|羽部|鵜辺	JMnedict-category
うめ	卯目|右梅|右馬|宇目|梅|楳	JMnedict-category
えど	恵土|恵戸|榎戸|江戸|江渡|絵戸	JMnedict-category
えの	可愛|得能|恵野|江野|絵野|頴姓	JMnedict-category
えら	恵羅|恵良|惠羅|惠良|江羅|江良	JMnedict-category
おせ	大瀬|小瀬|尾勢|尾瀬|於勢|諸星	JMnedict-category
かさ	倍|加佐|嘉佐|塙|笠|賀佐	JMnedict-category
かす	加須|塩多|塩田|粕|糟|糟谷	JMnedict-category
かず	一|加津|加須|嘉数|石|賀数	JMnedict-category
きぎ	喜木|木々|木岐|碕木|鬼木|黄木	JMnedict-category
きす	木寿|木須|来栖|沖州|起須|金須	JMnedict-category
きそ	喜早|喜曽|木曽|木曾|木蘇|競	JMnedict-category
きま	來間|城間|幾馬|木間|木馬|来間	JMnedict-category
ごだ	五田|后田|後田|碁田|語田|郷田	JMnedict-category
さや	佐屋|佐矢|佐谷|沙耶|茶屋|道祖	JMnedict-category
さん	三|三用|傘|参|惨|神	JMnedict-category
しぎ	信貴|四木|志儀|志岐|椎木|鴫	JMnedict-category
しぶ	志布|志武|志辺|志部|渋|澁	JMnedict-category
しめ	七五|七五三|志馬|標|次邑久|注連	JMnedict-category
しわ	志和|志波|志浪|斯波|紫和|紫波	JMnedict-category
すう	崇|嵩|施|王素|申|鄒	JMnedict-category
せつ	世津|成津|瀬津|薛|薜|説	JMnedict-category
せら	世羅|世良|勢羅|瀬|瀬羅|瀬良	JMnedict-category
せり	世利|世理|善利|善理|瀬理|芹	JMnedict-category
そで	外|岨手|曽出|祖出|袖|走出	JMnedict-category
そん	孫|宋|宣|成|拵|曾	JMnedict-category
たぎ	多儀|多岐|多木|田儀|田宜|田木	JMnedict-category
たせ	多勢|多瀬|夛勢|田勢|田瀬|田畝	JMnedict-category
たわ	乢|垰|多和|田和|田波|田輪	JMnedict-category
ちい	乳井|地井|戚|智井|知井|筑井	JMnedict-category
ちく	千久|知久|知工|竺|筑|築	JMnedict-category
ちべ	地辺|地邉|地邊|地部|治部|知部	JMnedict-category
ちん	沈|珍|秦|錢|鍾|陳	JMnedict-category
つは	津幡|津波|津浪|津羽|津葉|津覇	JMnedict-category
つや	強矢|津埜|津屋|津谷|津野|艶	JMnedict-category
てつ	哲|徹|鉄|銕|鐡|鐵	JMnedict-category
とじ	ト字|十時|戸次|杜師|登地|都地	JMnedict-category
どう	堂|洞|童|董|道|銅	JMnedict-category
どき	土器|土城|土岐|土生|土紀|土記	JMnedict-category
にご	二子|仁伍|仁吾|仁子|仁後|児子	JMnedict-category
にべ	二部|仁平|仁瓶|仁辺|仁部|新部	JMnedict-category
ねし	子師|根司|根子|根師|根志|祢司	JMnedict-category
ねは	彌覇|根波|根羽|根葉|祢覇|禰覇	JMnedict-category
のき	軒|野城|野寄|野岐|野木|除	JMnedict-category
のの	南野|埜々|能々|能野|野々|野野	JMnedict-category
のぶ	伸|延|野武|野部|長|陣	JMnedict-category
のや	埜谷|納谷|能野|野屋|野矢|野谷	JMnedict-category
はい	圷|拝|灰|羽衣|葉井|裴	JMnedict-category
はね	刎|塙|波根|羽|羽根|羽音	JMnedict-category
ぱん	厖|彭|房|方|潘|龐	JMnedict-category
ひい	日井|樋井|檜井|比井|碓氷|肥井	JMnedict-category
ひお	日尾|日生|日置|樋尾|檜尾|肥尾	JMnedict-category
ひさ	久|日砂|桐|桧佐|檜佐|比佐	JMnedict-category
ひざ	日座|桧座|檜座|肥坐|飛坐|飛座	JMnedict-category
ふだ	冨田|布田|浮田|符田|負田|附田	JMnedict-category
ふの	不野|冨野|布埜|布野|府野|附野	JMnedict-category
ほだ	保多|保田|帆田|穂田|補田|補陀	JMnedict-category
まお	眞尾|真央|真尾|真於|間尾|麻生	JMnedict-category
まと	的|間都|離|馬戸|馬渡|馬登	JMnedict-category
まま	侭|儘|墓野|眞間|真々|真間	JMnedict-category
みず	御厨|水|水津|渓|瑞|翆	JMnedict-category
みま	三間|味間|美間|美馬|美麻|見間	JMnedict-category
みる	三入|三留|海松|満留|滿留|見留	JMnedict-category
めが	女賀|女鹿|妻我|妻鹿|目叶|目賀	JMnedict-category
めら	女良|布良|目等|目羅|目良|米良	JMnedict-category
もと	元|望都|本|毛戸|泉本|源	JMnedict-category
ゆば	弓場|弓庭|柚場|湯場|湯葉|遊馬	JMnedict-category
よい	余|余井|嘉|四位|宵|霄	JMnedict-category
よぎ	与儀|与木|世樹|與儀|興儀|輿儀	JMnedict-category
りん	倫|凌|李|林|淋|翁林	JMnedict-category
わた	和多|和太|和田|弘原海|渡|綿	JMnedict-category
あいじ	会次|合次|合路|愛次|相次|藍次	JMnedict-category
あおと	青土|青戸|青杜|青渡|青砥|青都	JMnedict-category
あかほ	明穂|朱穂|紅穂|赤保|赤穂|赤穗	JMnedict-category
あかわ	吾川|吾河|安川|安河|阿川|阿河	JMnedict-category
あきね	昭根|淳根|璃根|秋子|秋根|穐根	JMnedict-category
あきほ	昭保|淳保|璃保|秋保|秋穂|穐保	JMnedict-category
あきわ	昭和|秋和|秋庭|秋輪|穐和|龝和	JMnedict-category
あくい	亜久井|吾久井|安久井|安食|阿久井|阿久津	JMnedict-category
あさえ	朝枝|朝江|浅枝|浅江|麻枝|麻江	JMnedict-category
あしお	旦尾|芦尾|芦生|蘆尾|足尾|阿汐	JMnedict-category
あした	明日|脚田|芦田|葦田|足田|阿下	JMnedict-category
あそだ	安曽田|遊田|阿僧田|阿曽田|阿曾田|阿蘇田	JMnedict-category
あとだ	後田|跡田|迹田|阿刀|阿刀田|阿戸	JMnedict-category
あべの	安倍|安部野|猜野|阿倍|阿倍野|阿部野	JMnedict-category
あまい	天井|天衣|尼井|甘井|甘利|雨井	JMnedict-category
あまつ	天津|天都|尼津|甘津|阿松|雨津	JMnedict-category
あまみ	天海|天満|天見|尼見|甘海|阿間見	JMnedict-category
あめや	雨矢|雨谷|飴家|飴屋|飴矢|飴谷	JMnedict-category
あやの	彩野|文野|絢野|綾乃|綾埜|綾野	JMnedict-category
あんの	安濃|安野|庵ノ|庵野|案野|阿武	JMnedict-category
いおき	五百城|五百木|井沖|井置|伊尾喜|伊尾木	JMnedict-category
いかみ	井上|井神|伊神|居上|居神|猪上	JMnedict-category
いがや	井ケ谷|井萱|伊ケ谷|伊賀屋|伊賀谷|猪谷	JMnedict-category
いけべ	池戸|池辺|池邉|池邊|池部|生部	JMnedict-category
いこし	井腰|井越|伊興|伊越|射越|猪越	JMnedict-category
いごう	井合|井郷|伊郷|居郷|為郷|猪郷	JMnedict-category
いさい	井斉|井齋|以西|伊才|伊西|委細	JMnedict-category
いさこ	井硲|井迫|伊崎|伊迫|居迫|砂湖	JMnedict-category
いざい	イザイ|井斎|伊在井|伊材|伊西|伊財	JMnedict-category
いぜき	井堰|井石|井碩|井関|井關|伊関	JMnedict-category
いそう	五十右|井漕|井藻|伊相|為壮|異相	JMnedict-category
いそめ	五十免|五拾免|井染|居初|磯目|礒目	JMnedict-category
いちじ	一事|一二|伊地治|伊地知|伊知地|市地	JMnedict-category
いつぼ	井坪|井壷|井壺|伊坪|伊壷|伊壺	JMnedict-category
いづか	井塚|伊塚|夷塚|居塚|猪塚|飯塚	JMnedict-category
いどう	井堂|井洞|井道|井銅|伊堂|違道	JMnedict-category
いばら	井原|伊原|居原|庵原|猪原|茨	JMnedict-category
いまえ	井前|今枝|今栄|今榮|今江|伊前	JMnedict-category
いまち	井町|井街|今地|今知|伊町|居町	JMnedict-category
いんの	印野|員野|因埜|因野|陰能|隠野	JMnedict-category
いんば	印幡|印旛|印波|因幡|因庭|因葉	JMnedict-category
うえお	上大|上尾|上生|植尾|植生|筌尾	JMnedict-category
うがわ	卯月|右川|宇川|宇河|鵜川|鵜河	JMnedict-category
うたか	宇田賀|宇高|宇鷹|烏鷹|鵜高|鵜鷹	JMnedict-category
うたの	唄野|宇多野|宇田野|歌野|羽田野|菟田野	JMnedict-category
うづき	卯月|夘月|宇月|宇津木|宇都木|鵜月	JMnedict-category
うねだ	宇根田|溶田|畝田|畦田|羽根田|采田	JMnedict-category
うのう	右納|宇納|布生|得能|鵜生|鵜納	JMnedict-category
うめた	埋田|梅多|梅夛|梅田|楳田|生田目	JMnedict-category
うんの	吽野|海埜|海野|耘野|運野|雲野	JMnedict-category
えいた	栄多|栄田|永多|永田|穎田|詠田	JMnedict-category
えうち	恵内|江内|江打|絵内|繪内|餌打	JMnedict-category
えさか	恵坂|恵阪|榎坂|榎阪|江坂|江阪	JMnedict-category
えさわ	会沢|惠澤|柄沢|江沢|江澤|絵沢	JMnedict-category
えたに	恵谷|柄谷|榎谷|江谷|絵谷|重谷	JMnedict-category
えづら	恵面|江連|江面|江頭|絵面|繪面	JMnedict-category
えなが	得永|易永|永長|江永|江長|重永	JMnedict-category
えんの	円野|園野|奄野|延野|役野|遠野	JMnedict-category
おいた	及田|尾板|種田|笈田|老田|追田	JMnedict-category
おおだ	大打|大田|大蛇|大駄|太田|太駄	JMnedict-category
おおね	大根|大祢|大禰|大音|松根|蔔	JMnedict-category
おかど	大角|小門|尾角|尾門|岡戸|雄門	JMnedict-category
おがい	小粥|小貝|尾ケ井|尾ヶ井|都谷|魚谷	JMnedict-category
おきな	奥菜|沖名|沖奈|置名|翁|興那	JMnedict-category
おぎす	小岐須|荻子|荻州|荻巣|荻洲|荻須	JMnedict-category
おくた	奥多|奥田|奧多|奧田|尾久田|屋田	JMnedict-category
おごせ	小古瀬|小合瀬|小越|尾越|生起|生越	JMnedict-category
おさや	小長谷|筬矢|納谷|長也|長屋|長谷	JMnedict-category
おざか	乙坂|小坂|小阪|尾坂|尾阪|纓坂	JMnedict-category
おざと	小郷|小里|尾里|百里|緒里|織里	JMnedict-category
おしお	小塩|尾塩|押尾|生塩|置塩|鴛尾	JMnedict-category
おしろ	大城|小代|小城|尾城|御城|男城	JMnedict-category
おその	小園|小薗|尾園|御園|於曽能|於曾能	JMnedict-category
おぞの	小園|小薗|尾園|尾薗|御園|苧園	JMnedict-category
おたか	大|大高|小鷹|尾|尾高|尾鷹	JMnedict-category
おたけ	大竹|小宅|小竹|尾竹|男武|男竹	JMnedict-category
おだい	小代|小台|小田井|尾内|尾台|尾臺	JMnedict-category
おとば	乙葉|夫馬|音場|音羽|音葉|饗場	JMnedict-category
おとべ	乙辺|乙邊|乙部|音辺|音邊|音部	JMnedict-category
おなが	女形|小永|小長|尾永|尾長|翁長	JMnedict-category
おなぎ	大来帰|小名木|小梛|小椰|小那木|尾凪	JMnedict-category
おはた	小幡|小畑|小畠|尾幡|尾畑|緒畑	JMnedict-category
おはま	小|小浜|小濱|尾|尾浜|尾濱	JMnedict-category
おばな	小塙|小花|尾花|尾華|尾鼻|緒花	JMnedict-category
おびか	大比賀|小尾賀|小比加|小比賀|尾比賀|帯賀	JMnedict-category
おぶち	大淵|大渕|小淵|小渕|尾淵|尾渕	JMnedict-category
おむら	小村|小邑|小邨|尾村|尾邑|麻村	JMnedict-category
おもだ	小茂田|尾茂田|於茂田|表田|重田|面田	JMnedict-category
おもり	大森|小守|尾森|尾盛|臣守|重親	JMnedict-category
おりえ	折江|織りえ|織恵|織枝|織江|織衛	JMnedict-category
おりと	下戸|居戸|折戸|折登|桐戸|織戸	JMnedict-category
おんじ	恩地|恩慈|恩智|恩知|生地|遠地	JMnedict-category
おんち	御池|恩地|恩知|穏地|遠地|隠地	JMnedict-category
おんべ	御辺|御邊|恩幣|恩部|遠辺|遠部	JMnedict-category
かいえ	加家|海恵|蟹江|解江|貝江|開江	JMnedict-category
かいご	海呉|海子|海後|解語|飼午|飼牛	JMnedict-category
かいど	峡戸|廻戸|改戸|海涛|海渡|貝戸	JMnedict-category
かいみ	介見|海見|皆己|皆巳|皆見|開未	JMnedict-category
かがら	加々羅|加々良|加唐|加賀羅|加賀良|香柄	JMnedict-category
かくみ	加久見|各見|嘉久見|神代|角三|角見	JMnedict-category
かくや	格矢|格谷|角家|角屋|角矢|角谷	JMnedict-category
かけい	加計|可計|掛井|掛居|筧|賀慶	JMnedict-category
かこい	加古井|囲|圍|拵|栫|栫井	JMnedict-category
かざり	文|花厳|荘|錺|飾|餝	JMnedict-category
かしい	加椎|柏井|樫井|樫位|菓子井|香椎	JMnedict-category
かすえ	加須栄|加須榮|粕江|糟江|霞未|霞末	JMnedict-category
かずき	一木|和木|和気|小座間|数木|香月	JMnedict-category
かそり	加反|加曽利|加曽里|加曾利|賀曽利|賀曾利	JMnedict-category
かどい	加土井|角井|角居|角樋|門井|門居	JMnedict-category
かなだ	仮名田|叶田|火灘|神田|金多|金田	JMnedict-category
かなめ	中|要|要人|要倉|要目|金目	JMnedict-category
かのお	叶生|狩野|狩野尾|諧|鹿埜|鹿野	JMnedict-category
かぶと	兜|加太|加部東|甲|甲頭|鹿伏兎	JMnedict-category
かまど	竃|竃土|竃門|釜土|釜戸|鎌土	JMnedict-category
かみじ	上ミ地|上地|上治|上路|神治|神路	JMnedict-category
かもち	加持|蒲地|蒲生地|賀持|鴨池|鹿持	JMnedict-category
かわえ	川栄|川榮|川江|川衛|河合|河江	JMnedict-category
きくや	木久家|聞谷|菊家|菊屋|菊矢|菊谷	JMnedict-category
きさわ	喜沢|喜澤|木沢|木澤|鬼沢|鬼澤	JMnedict-category
きした	喜下|岸下|岸田|木下|樹下|貴下	JMnedict-category
きしろ	喜代|岐城|木代|木城|木白|稀代	JMnedict-category
きすぎ	來生|季杉|木杉|来杉|来生|樹杉	JMnedict-category
きたみ	北見|喜多美|喜多見|木多見|木田見|鬼多見	JMnedict-category
きつい	木匠|木対|木對|木津井|橘井|記対	JMnedict-category
きとく	亀徳|喜読|喜讀|寄持|寄特|木徳	JMnedict-category
きみや	君家|君矢|君耶|木宮|木實谷|樹宮	JMnedict-category
くきた	久北|久幾田|久木田|九木田|茎田|荊田	JMnedict-category
くにし	久西|国司|国志|國司|國志|工西	JMnedict-category
くまべ	久間部|熊辺|熊部|隈武|隈辺|隈部	JMnedict-category
くもん	久門|九紋|九門|公文|公門|貢門	JMnedict-category
くらき	久良岐|久良木|倉木|倉起|椋木|蔵木	JMnedict-category
くりす	久利須|来栖|栗巣|栗栖|栗洲|栗須	JMnedict-category
くりや	厨|厨屋|操谷|栗屋|栗矢|栗谷	JMnedict-category
けいま	京馬|慶馬|桂馬|競馬|繋馬|計馬	JMnedict-category
こいた	小井田|小板|己斐田|濃田|肥田|鯉田	JMnedict-category
こいだ	古井田|小井田|小飯田|恋田|肥田|鯉田	JMnedict-category
こかじ	古梶|古鍛冶|古鍛治|小梶|小鍛治|小鍜治	JMnedict-category
こかど	児門|古角|古門|小角|小賀戸|小門	JMnedict-category
こかん	古閑|小管|小菅|小貫|後閑|木間	JMnedict-category
こがい	古河井|子飼|小海|小粥|小貝|小飼	JMnedict-category
こがた	古堅|古形|古方|小形|小方|樵田	JMnedict-category
こきた	五喜田|五木田|古北|小北|小木田|小来田	JMnedict-category
こくし	国司|国師|國司|國師|小串|黒子	JMnedict-category
こくま	古熊|国馬|國馬|小久間|小熊|小隈	JMnedict-category
ここう	古香|小光|小向|小湟|小甲|小郷	JMnedict-category
こざい	古在|古戝|古財|小佐井|小材|小財	JMnedict-category
こしじ	腰地|越司|越地|越智|越治|越路	JMnedict-category
こした	児下|小下|胡下|越多|越田|輿田	JMnedict-category
こたか	児高|兒高|古高|小|小高|小鷹	JMnedict-category
こだち	古立|小太刀|小立|小舘|小達|木立	JMnedict-category
こちや	古知屋|古知谷|古茶|小地谷|小茶|東風谷	JMnedict-category
こつか	児塚|古塚|孤塚|小塚|弧塚|狐塚	JMnedict-category
こぶけ	古武家|小吹|小夫家|小更|小武家|小泓	JMnedict-category
こます	小升|小増|小枡|小桝|小益|小舛	JMnedict-category
こみの	小簑|小美濃|小美野|小蓑|小見野|込野	JMnedict-category
こもた	古茂田|小茂田|籠田|荐田|菰田|薦田	JMnedict-category
こわた	古和田|小和田|小渡|小綿|木幡|木綿	JMnedict-category
こんま	今間|今駒|小馬|近馬|金万|金馬	JMnedict-category
ごへい	五幣|五幤|五弊|五瓶|後平|御幣	JMnedict-category
ごらい	五来|五耒|午来|牛來|牛来|牛耒	JMnedict-category
さいま	才間|斉間|斎間|済間|齊間|齋間	JMnedict-category
さかん	佐官|佐貫|左官|左館|盛|目	JMnedict-category
さがた	佐形|佐潟|佐賀田|嵯峨田|差形|相方	JMnedict-category
さがね	佐金|坂根|嵯峨根|早鉦|相根|砂金	JMnedict-category
さがの	佐ケ野|佐加野|佐賀野|嵯峨埜|嵯峨濃|嵯峨野	JMnedict-category
さきべ	崎辺|崎邊|崎部|嵜辺|辺|雀部	JMnedict-category
ささの	佐々埜|佐々野|笹埜|笹野|篠埜|篠野	JMnedict-category
さしま	佐島|佐嶋|佐嶌|差間|幸島|指間	JMnedict-category
さたか	佐|佐多賀|佐高|坂多|坂田|左高	JMnedict-category
さなみ	佐南|佐奈美|佐楢見|佐波|左波|差波	JMnedict-category
さのう	佐濃|佐納|佐能|佐農|左納|左農	JMnedict-category
さはた	佐畑|佐畠|左畑|差畑|瀬端|茶畑	JMnedict-category
さぶり	三分利|佐分|佐分利|佐夫利|佐部利|左振	JMnedict-category
さわや	沢屋|沢矢|沢谷|澤屋|澤矢|澤谷	JMnedict-category
さんか	三五|三家|三箇|三荷|三鹿|山家	JMnedict-category
さんき	三城|三帰|三木|三鬼|参木|讃岐	JMnedict-category
さんべ	三瓶|三辺|三邉|三邊|三部|山家	JMnedict-category
ざんま	三間|坐馬|座馬|残熊|残間|残馬	JMnedict-category
しげる	林|栄|森|盛|茂|重留	JMnedict-category
しこう	仕幸|四光|執行|市東|志功|志幸	JMnedict-category
ししだ	宍田|師々田|師資田|志々田|獅々田|獅子田	JMnedict-category
しせき	司跡|司関|四関|始関|志関|紫関	JMnedict-category
しとみ	侍留|四冨|四富|志冨|志富|蔀	JMnedict-category
しのう	信乃|司農|士農|志農|柴生|篠生	JMnedict-category
しめき	〆木|七五三木|志女木|志目|標|締木	JMnedict-category
しもん	シモン|下門|子門|志門|神門|緇門	JMnedict-category
しらく	白久|白句|白楽|白樂|白陸|設楽	JMnedict-category
しらす	白州|白数|白數|白洲|白砂|白須	JMnedict-category
しんが	信賀|新加|新賀|新鹿|申賀|進賀	JMnedict-category
しんき	伸樹|信貴|新喜|新木|真木|進木	JMnedict-category
しんだ	侭田|信太|信田|新田|眞田|真田	JMnedict-category
しんば	新場|新葉|棒葉|榛葉|神庭|神馬	JMnedict-category
しんめ	新名|新目|眞目|真目|神馬|鎮目	JMnedict-category
じゅん	李|楯|淳|荀|金|順	JMnedict-category
じよん	丁|張|李|田|鄭|金	JMnedict-category
すいた	出田|吹田|忰田|水田|蓑田|薦田	JMnedict-category
すえき	居樹|数枝木|未木|末岐|末木|陶木	JMnedict-category
すみき	住木|栖木|清木|炭木|角木|隅木	JMnedict-category
すもり	壽盛|寿盛|巣守|巣森|洲盛|須森	JMnedict-category
せいい	勢井|成井|清井|清居|生井|聖居	JMnedict-category
せざき	妹|妹崎|瀬|瀬先|瀬崎|瀬嵜	JMnedict-category
せとう	勢藤|勢頭|瀬東|瀬籐|瀬藤|瀬頭	JMnedict-category
せはた	勢旗|勢籏|瀬畑|瀬畠|瀬端|畝畑	JMnedict-category
せんや	仙谷|千矢|千谷|扇谷|染矢|銭谷	JMnedict-category
そうさ	ソウサ|匝嵯|匝瑳|双佐|宗佐|惣佐	JMnedict-category
そうず	僧都|僧頭|双津|寒水|左右都|相津	JMnedict-category
そうば	早場|相場|相庭|相羽|相葉|相馬	JMnedict-category
そうや	増谷|宗谷|惣谷|湊谷|糟谷|颯矢	JMnedict-category
そがみ	曽我美|曽我見|曾我美|曾我見|曾紙|祖上	JMnedict-category
そねた	埔田|曽余田|曽根田|曾根田|枠田|桶田	JMnedict-category
そのき	其木|園城|園木|彼杵|曽ノ木|苑樹	JMnedict-category
たいこ	大古|大胡|太皷|太鼓|平子|醍醐	JMnedict-category
たいじ	大路|太地|泰地|田井地|田井治|鯛治	JMnedict-category
たいだ	多井田|対田|紿田|給田|退田|鯛田	JMnedict-category
たかね	田兼|高子|高峰|高嶺|高根|高領	JMnedict-category
たかば	高場|高塲|高羽|高葉|鷹場|鷹羽	JMnedict-category
たがた	多形|多方|田形|田方|田潟|田片	JMnedict-category
たけえ	武江|武衛|武重|竹江|竹衛|竹重	JMnedict-category
たけた	嵩田|建多|武多|武田|滝田|竹田	JMnedict-category
たけば	武半|武場|武者|竹場|竹葉|竹馬	JMnedict-category
たけま	岳間|武間|武馬|竹万|竹間|竹馬	JMnedict-category
ただい	只井|唯井|多多井|多田井|忠井|正井	JMnedict-category
ただら	只羅|多々良|多田羅|多田良|田々楽|田多羅	JMnedict-category
たつだ	立田|竜田|竜蛇|辰田|達田|龍田	JMnedict-category
たない	丹内|多内|多名井|棚井|田内|田名井	JMnedict-category
たにや	田二谷|谷家|谷屋|谷矢|谷谷|谷野	JMnedict-category
たのう	多納|太農|田濃|田生|田納|田能	JMnedict-category
たひら	多平|多比羅|多比良|田平|田比良|高比良	JMnedict-category
たべた	多辺田|多邊田|多部田|夛部田|田部多|田部田	JMnedict-category
たまえ	玉得|玉栄|玉榮|玉江|玉衛|田前	JMnedict-category
たまお	玉分|玉尾|玉生|玉緒|玉置|玉青	JMnedict-category
たまの	玉の|玉乃|玉埜|玉生|玉野|珠野	JMnedict-category
たまり	多満里|溜|玉利|玉理|玉里|田鞠	JMnedict-category
たもつ	保|保津|値|存|完|有	JMnedict-category
だいく	代工|台区|大久|大句|大工|大空	JMnedict-category
ださい	太斉|太斎|太歳|太細|太齊|駄斉	JMnedict-category
ちしま	千島|千嶋|千嶌|地島|地嶋|茅島	JMnedict-category
ちよん	丁|全|千|田|鄭|金	JMnedict-category
ちわき	千脇|地脇|智脇|池湧|知脇|血脇	JMnedict-category
ついき	対木|對木|椎木|立木|筑城|築城	JMnedict-category
つきじ	月地|月時|突地|筑地|築地|都築	JMnedict-category
つくま	津久間|津曲|津熊|津隈|筑磨|筑間	JMnedict-category
つじま	津島|津嶋|築島|辻満|辻真|辻間	JMnedict-category
つづく	続|続葛|續|都竹|都筑|都築	JMnedict-category
つづら	廿|廿楽|廿樂|葛籠|設楽|都築	JMnedict-category
つねき	常喜|常城|常木|恒木|恒枝|村主	JMnedict-category
つねみ	常味|常察|常泉|常深|常見|恒見	JMnedict-category
つばた	柴田|津幡|津畑|津畠|津端|鍔田	JMnedict-category
つるが	孰賀|敦加|敦賀|釣賀|鶴我|鶴賀	JMnedict-category
てつや	鉄屋|鉄矢|鐡屋|鐵屋|鐵矢|鐵谷	JMnedict-category
でんの	伝能|伝野|傅野|傳野|田埜|田野	JMnedict-category
といた	問田|戸井田|戸板|樋田|砥板|筧田	JMnedict-category
とうえ	当江|戸上|東江|渡上|當江|登上	JMnedict-category
とうげ	唐下|垰|塔下|峠|東家|藤解	JMnedict-category
とうね	刀根|刀祢|東根|籐根|藤根|頭根	JMnedict-category
とうみ	任海|唐箕|東海|東見|渡海|田海	JMnedict-category
とうめ	冬目|当目|当銘|當目|當銘|遠目	JMnedict-category
とえだ	十枝|十重田|土江田|戸枝|豊枝|都枝	JMnedict-category
とかわ	兎川|十川|十河|外川|戸川|渡河	JMnedict-category
とがの	兎我野|戸叶|戸鹿野|栂埜|栂野|門叶	JMnedict-category
とくい	得井|得居|得猪|徳井|徳居|禿井	JMnedict-category
とこう	戸光|戸構|戸項|斗光|登光|都甲	JMnedict-category
とさわ	兎沢|戸沢|戸澤|杜沢|登沢|登澤	JMnedict-category
とちき	杤木|杼木|栃木|栩木|樗木|都知木	JMnedict-category
とばり	冨張|富張|帳|戸張|戸破|登張	JMnedict-category
とまる	外丸|戸丸|渡丸|溜|登丸|都丸	JMnedict-category
とみお	冨尾|冨生|富士|富尾|富生|富雄	JMnedict-category
とみの	冨之|冨埜|冨野|富埜|富野|頓野	JMnedict-category
ともと	戸本|杜本|渡元|渡本|登本|都本	JMnedict-category
とらや	乕屋|寅屋|寅矢|寅谷|虎屋|虎谷	JMnedict-category
ないき	乃生|内喜|内木|内記|内貴|苗木	JMnedict-category
なかす	中冽|中栖|中洌|中洲|中須|仲須	JMnedict-category
ながほ	永保|永穂|長保|長穂|長舗|長鋪	JMnedict-category
ななみ	七海|七美|七見|南波|名波|那波	JMnedict-category
なむら	南村|名村|奈村|姓村|納村|苗村	JMnedict-category
にした	丹下|仁下|新田|西多|西夛|西田	JMnedict-category
にった	二田|仁田|新タ|新夕|新田|日田	JMnedict-category
にとべ	二戸部|二籐部|二藤部|仁戸部|新戸部|新渡戸	JMnedict-category
ねごろ	十八娘|根來|根来|根比|根耒|根頃	JMnedict-category
のうち	南野|埜内|能地|能智|能知|野内	JMnedict-category
のだけ	埜多家|野岳|野嵩|野嶽|野獄|野竹	JMnedict-category
のりい	乗井|則井|法井|糊井|紀伊|規井	JMnedict-category
のりた	乗田|乘田|則田|法田|糊田|車田	JMnedict-category
はがい	羽谷|羽貝|羽賀井|羽階|羽飼|芳養	JMnedict-category
はざき	挟木|破|破崎|羽埼|羽崎|芳崎	JMnedict-category
はずみ	波津見|筈見|羽住|羽澄|羽角|葉住	JMnedict-category
はたえ	幡江|波多江|波田江|畑江|畠江|畠衛	JMnedict-category
はたお	旗生|畑尾|畑生|畠尾|畠生|羽多尾	JMnedict-category
はたき	幡木|畑帰|畑木|畠木|秦木|羽滝	JMnedict-category
はたせ	幡瀬|果瀬|波多瀬|畑瀬|畠瀬|肌勢	JMnedict-category
はただ	幡田|旗田|畑田|畠田|秦田|端田	JMnedict-category
はちす	八洲|八須|蓮|蜂巣|蜂須|鉢須	JMnedict-category
はなし	咄|噺|端無|花志|花梨|葉梨	JMnedict-category
はます	浜州|浜洲|浜須|濱州|濱洲|濱須	JMnedict-category
はまな	浜名|浜姓|浜納|浜菜|濱名|濱姓	JMnedict-category
はやと	勇都|早戸|早渡|羽屋戸|速渡|隼人	JMnedict-category
はりや	張矢|張谷|播谷|針屋|針谷|針間	JMnedict-category
ひおか	日岡|樋岡|氷岡|火岡|肥岡|飛岡	JMnedict-category
ひがた	干潟|干瀉|日下田|日堅|日形|日潟	JMnedict-category
ひきだ	匹田|引田|挽田|曳田|疋田|稗田	JMnedict-category
ひくち	引地|曳地|樋口|比口|火口|肥口	JMnedict-category
ひしま	日島|比島|比晋間|氷島|肥島|肥嶋	JMnedict-category
ひじり	日尻|日聖|日退|樋尻|聖|聖岩	JMnedict-category
ひだに	日谷|樋谷|比谷|肥谷|辺谷|部谷	JMnedict-category
ひだの	披田野|肥田埜|肥田野|飛弾野|飛田野|飛騨野	JMnedict-category
ひのき	桧|桧木|檜|檜木|比ノ木|比之木	JMnedict-category
ひむろ	日室|桧室|樋室|檜室|氷室|火室	JMnedict-category
ひろべ	広辺|広部|廣辺|廣邊|廣部|弘部	JMnedict-category
ひろや	広屋|広谷|広野|廣屋|廣谷|廣野	JMnedict-category
びとう	備藤|尾東|尾藤|尾頭|日塔|美藤	JMnedict-category
ふくえ	深江|福恵|福榮|福江|福衛|福重	JMnedict-category
ふくお	冨久尾|富久尾|福夫|福尾|福男|福雄	JMnedict-category
ふくべ	服平|服部|福辺|福邊|福部|腹部	JMnedict-category
ふくみ	副見|福味|福水|福海|福美|福見	JMnedict-category
ふざわ	布沢|布澤|麩沢|麩澤|麸沢|麸澤	JMnedict-category
ふない	府内|舟井|舩井|船井|船居|鮒井	JMnedict-category
ふなお	舟尾|舟生|舩尾|船尾|船生|船隠	JMnedict-category
ふなみ	符波|舟波|舟見|舩見|船水|船見	JMnedict-category
ふやま	冨山|布山|府山|普山|船山|麩山	JMnedict-category
へんみ	片見|辺見|返見|逸見|邉見|邊見	JMnedict-category
ほうい	宝井|宝意|彭維|方違|朴井|法井	JMnedict-category
ほうた	朴田|祝田|芳田|蓬田|這田|鴇田	JMnedict-category
ほたか	保尊|保高|帆高|穂高|穂鷹|穗高	JMnedict-category
ほたに	保谷|布谷|帆谷|歩谷|穂谷|蒲谷	JMnedict-category
ほっち	堀地|発地|発智|発知|發地|發知	JMnedict-category
ほつち	堀地|発地|発知|發地|發智|發知	JMnedict-category
ほなみ	帆波|方波見|穂並|穂波|穂浪|穗波	JMnedict-category
ほりの	堀ノ|堀之|堀埜|堀野|掘野|湟野	JMnedict-category
まえた	前亦|前多|前田|眞栄田|眞榮田|真栄田	JMnedict-category
まがみ	眞上|眞神|真上|真神|馬上|馬神	JMnedict-category
まきお	巻尾|慎尾|槇尾|槙尾|槙雄|牧尾	JMnedict-category
まさや	征矢|政屋|政谷|柾屋|柾谷|正弥	JMnedict-category
ますが	升賀|増賀|曽我|桝賀|益賀|舛賀	JMnedict-category
ますき	升木|増喜|増木|益城|益木|舛木	JMnedict-category
ますぎ	一寸木|眞杉|真杉|間杉|馬杉|馬酔木	JMnedict-category
ますじ	増地|増治|桝次|益司|舛次|舛治	JMnedict-category
まちや	待夜|待谷|町家|町屋|町矢|町谷	JMnedict-category
まとう	摩騰|真当|真藤|間東|間桐|間藤	JMnedict-category
まなか	眞中|眞仲|真中|真仲|間中|間仲	JMnedict-category
まなこ	眞那子|真名古|真名子|真子|真粉|真那子	JMnedict-category
まはた	眞畑|眞秦|真幡|真畑|真畠|真秦	JMnedict-category
まるこ	丸児|丸古|丸子|丸小|円子|圓子	JMnedict-category
みかげ	三影|御影|末影|末蔭|見影|見陰	JMnedict-category
みきや	三木屋|三木谷|実樹也|御喜家|御喜屋|御器谷	JMnedict-category
みこし	三腰|御子柴|美越|見城|見腰|見越	JMnedict-category
みさお	三佐保|三佐尾|三棹|三竿|御竿|操	JMnedict-category
みしお	三塩|御塩|美潮|見塩|見汐|見潮	JMnedict-category
みしな	三品|三志奈|三科|三蓼|三階|水品	JMnedict-category
みすの	御廉納|御簾納|御簾野|水野|簾野|翠簾野	JMnedict-category
みずし	横山|水主|水侍|水凌|水四|水志	JMnedict-category
みたて	味蓼|御建|見立|見舘|見達|見館	JMnedict-category
みたま	三玉|三珠|海琳|美玉|見玉|霊	JMnedict-category
みちや	三知矢|宮地|通谷|道家|道屋|道谷	JMnedict-category
みつえ	三ツ江|三枝|三津江|光永|光江|満江	JMnedict-category
みつせ	三ツ瀬|三瀬|光勢|光瀬|光頼|満瀬	JMnedict-category
みとり	実取|實取|美取|見取|見酉|見鳥	JMnedict-category
みのお	箕尾|箕曲|箕輪|箕面|美濃尾|蓑尾	JMnedict-category
みのは	箕輪|簑羽|簑葉|美濃羽|蓑羽|蓑葉	JMnedict-category
みのも	箕面|簑毛|簑茂|簔毛|蓑毛|蓑茂	JMnedict-category
みはる	三春|三晴|三治|美春|美晴|見春	JMnedict-category
みぶち	三淵|三渕|実淵|実渊|実渕|實渕	JMnedict-category
みます	三升|三枡|三桝|三益|三舛|箕桝	JMnedict-category
みやし	宮仕|宮司|宮士|宮子|宮師|宮腰	JMnedict-category
むかさ	六笠|向佐|向笠|武笠|無笠|穆佐	JMnedict-category
むかわ	六川|務川|向川|武川|無川|鵡川	JMnedict-category
むそう	夢想|夢窓|宗像|武曽|武曾|無相	JMnedict-category
むろや	室家|室屋|室弥|室矢|室谷|無量谷	JMnedict-category
めざわ	女ケ澤|女ヶ澤|女沢|女澤|目沢|目澤	JMnedict-category
もとぎ	元木|本儀|本岐|本木|素樹|茂木	JMnedict-category
もとち	元地|元智|曳地|本地|本池|藻登知	JMnedict-category
ももえ	桃枝|桃柄|桃江|百恵|百枝|百江	JMnedict-category
もろた	両田|師田|茂呂田|諸多|諸戸|諸田	JMnedict-category
やうち	八内|屋内|矢内|箭内|谷内|野内	JMnedict-category
やがた	屋ケ田|屋ヶ田|屋形|屋片|矢形|輻形	JMnedict-category
やがわ	八川|矢川|矢河|箭川|谷川|谷河	JMnedict-category
やげた	八下田|八桁|屋ヶ田|矢ケ田|矢下田|谷下田	JMnedict-category
やすば	休場|安場|安塲|安葉|安馬|榛葉	JMnedict-category
やすま	休万|保間|安摩|安間|泰間|矢須間	JMnedict-category
やたに	保谷|八谷|屋谷|弥谷|矢谷|野谷	JMnedict-category
やはら	八原|家原|屋原|矢原|箭原|谷原	JMnedict-category
やまが	山家|山我|山荷|山賀|山香|山鹿	JMnedict-category
やもり	家守|家森|屋森|矢守|矢森|矢盛	JMnedict-category
ゆうだ	勇田|右田|夕田|湯田|祐田|遊田	JMnedict-category
ゆうま	友麻|悠真|有馬|遊磨|遊間|遊馬	JMnedict-category
ゆうや	勇谷|悠矢|祐谷|遊屋|遊谷|雄谷	JMnedict-category
ゆきた	幸多|幸田|徃田|油木田|行田|雪田	JMnedict-category
ゆしま	油島|油嶋|湯島|湯嶋|由島|祐島	JMnedict-category
よしべ	吉志部|吉辺|吉部|善部|珍部|礒部	JMnedict-category
よそい	与曽井|与曾井|四十井|粧|與曽井|輿曽井	JMnedict-category
よつぎ	世継|世続|世續|代継|四ツ木|四木	JMnedict-category
よでん	与田|余伝|余傅|余傳|余田|與田	JMnedict-category
よりの	余利野|寄能|寄野|従野|頼野|餘利野	JMnedict-category
りとう	利島|利藤|李藤|里東|里藤|里頭	JMnedict-category
あいいそ	会磯|合磯|愛磯|相磯|相礒|藍磯	JMnedict-category
あいうち	会内|合内|四十内|愛内|相内|藍内	JMnedict-category
あいこう	会甲|合甲|愛甲|相光|相甲|藍甲	JMnedict-category
あいぞめ	会染|合染|愛染|相染|藍染|逢初	JMnedict-category
あいばら	会原|合原|愛原|相原|粟飯原|藍原	JMnedict-category
あいみや	会宮|合宮|哀宮|愛宮|相宮|藍宮	JMnedict-category
あきいけ	昭池|淳池|璃池|秋池|穐池|龝池	JMnedict-category
あきおか	昭岡|淳岡|璃岡|秋岡|穐岡|龝岡	JMnedict-category
あきくさ	昭草|淳草|璃草|秋艸|秋草|穐草	JMnedict-category
あきぐさ	昭草|淳草|璃草|秋艸|秋草|穐草	JMnedict-category
あきぐち	明口|昭口|淳口|璃口|秋口|穐口	JMnedict-category
あきさと	昭里|淳里|璃里|秋郷|秋里|穐里	JMnedict-category
あきしま	昭島|淳島|璃島|秋島|秋嶋|穐島	JMnedict-category
あきにわ	昭庭|淳庭|璃庭|秋庭|穐庭|龝庭	JMnedict-category
あきはま	昭浜|淳浜|璃浜|秋浜|秋濱|穐浜	JMnedict-category
あきはら	昭原|淳原|璃原|秋原|穐原|龝原	JMnedict-category
あきむら	昭村|淳村|璃村|秋村|穐村|龝村	JMnedict-category
あきやす	昭保|淳保|璃保|秋保|秋安|穐保	JMnedict-category
あくさわ	亜久沢|亜久澤|吾久沢|吾久澤|阿久沢|阿久澤	JMnedict-category
あさかげ	朝影|朝蔭|朝陰|浅影|浅蔭|麻影	JMnedict-category
あさぎり	朝桐|朝霧|浅桐|浅霧|淺桐|麻霧	JMnedict-category
あさなが	朝中|朝永|朝長|浅永|浅長|麻長	JMnedict-category
あさもり	朝守|朝森|浅守|浅森|麻守|麻森	JMnedict-category
あしだて	芦立|芦舘|蘆立|足建|足立|足達	JMnedict-category
あずまや	東冶|東夜|東家|東屋|東椰|東谷	JMnedict-category
あまかい	天海|天貝|尼貝|甘貝|雨海|雨貝	JMnedict-category
あまかす	天春|天粕|尼粕|甘粕|甘糟|雨粕	JMnedict-category
あまがす	天春|天粕|尼粕|甘粕|甘糟|雨粕	JMnedict-category
あまがや	天ケ谷|天ヶ谷|天下谷|天谷|天賀谷|雨谷	JMnedict-category
あまがわ	余川|天川|天笠|尼川|甘川|雨川	JMnedict-category
あまくさ	天艸|天草|尼草|甘艸|甘草|雨草	JMnedict-category
あまさき	天|天崎|尼|尼崎|尼嵜|甘崎	JMnedict-category
あまざき	天|天崎|天嵜|尼|尼崎|雨崎	JMnedict-category
あまもり	天守|天森|天盛|尼森|甘森|雨森	JMnedict-category
あらはた	新幡|新畑|新畠|荒幡|荒畑|荒畠	JMnedict-category
あらふね	新舟|新舩|新船|荒舟|荒舩|荒船	JMnedict-category
ありがや	在ヶ谷|有ケ谷|有ヶ谷|有屋|有谷|蟻ヶ谷	JMnedict-category
ありざわ	在沢|在澤|有沢|有澤|蟻沢|蟻澤	JMnedict-category
ありとみ	在冨|在富|有冨|有富|蟻冨|蟻富	JMnedict-category
あわしま	淡島|淡嶋|粟島|粟嶋|阿波島|阿波嶋	JMnedict-category
いいずみ	井泉|伊泉|飯住|飯棲|飯泉|飯積	JMnedict-category
いがさき	伊ケ|伊ケ崎|伊ヶ|伊ヶ崎|伊賀|伊賀崎	JMnedict-category
いくやま	伊久山|幾山|生山|磯山|育山|郁山	JMnedict-category
いけがや	池ケ谷|池ノ谷|池ヶ谷|池屋|池谷|行ケ谷	JMnedict-category
いしずみ	石墨|石済|石炭|石積|石角|石鷲見	JMnedict-category
いずはら	伊豆原|何原|出原|厳原|柞原|泉原	JMnedict-category
いそしま	五十嶋|磯島|磯嶋|磯嶌|礒島|礒嶋	JMnedict-category
いちもと	一元|一本|市元|市本|檪本|櫟本	JMnedict-category
いちもり	一守|一森|一盛|市守|市森|櫟森	JMnedict-category
いとむら	伊渡村|糸屯|糸斑|糸村|糸群|糸邨	JMnedict-category
いのうち	井ノ内|井之内|井内|井濃内|井野内|猪内	JMnedict-category
いのおく	井奥|井奧|猪之奥|猪之奧|猪奥|猪奧	JMnedict-category
いのくら	井ノ倉|井ノ蔵|井ノ藏|井之藏|井倉|猪倉	JMnedict-category
いのはな	亥鼻|位ノ花|位野花|猪之鼻|猪花|猪鼻	JMnedict-category
いのやま	井ノ山|井野山|伊埜山|猪ノ山|猪之山|猪山	JMnedict-category
いりもと	井利元|入元|入本|圦本|杁本|煎本	JMnedict-category
いわつき	岩付|岩月|岩槻|岩築|岩附|磐槻	JMnedict-category
うえしろ	上代|上城|上栄城|宇江城|植代|植城	JMnedict-category
うえなみ	上南|上波|上浪|植並|植南|植波	JMnedict-category
うえひろ	上広|上廣|上弘|末廣|植広|植弘	JMnedict-category
うえます	上升|上増|上枡|上桝|上舛|植益	JMnedict-category
うおざき	宇於|宇於崎|宇於嵜|魚|魚崎|魚嵜	JMnedict-category
うすもと	碓本|臼元|臼本|臼杵|薄元|薄本	JMnedict-category
うねおか	宇根岡|畝岡|畦岡|釆岡|采岡|隴岡	JMnedict-category
うねざき	宇根|宇根崎|畝|畝崎|采|采崎	JMnedict-category
えいざわ	栄沢|栄澤|榮沢|榮澤|永沢|永澤	JMnedict-category
えいじま	栄島|栄嶋|榮島|榮嶋|永島|永嶋	JMnedict-category
えりかわ	恵利川|惠利川|江利川|江里川|絵利川|襟川	JMnedict-category
えんもと	円本|圓本|沿元|演本|緑本|縁本	JMnedict-category
おうもと	往本|応本|應本|泓本|王本|黄本	JMnedict-category
おおえき	大江喜|大浴|大溢|大益|大駅|大驛	JMnedict-category
おおぎた	大儀田|大北|大喜多|大木田|大来|扇田	JMnedict-category
おおしお	大塩|大志保|大汐|大潮|太汐|鶯生	JMnedict-category
おおせと	大世戸|大世渡|大勢登|大施戸|大瀬戸|大背戸	JMnedict-category
おおたわ	大乢|大多和|大夛和|大田和|太多和|太田和	JMnedict-category
おおなみ	大並|大南|大波|大浪|大湊|涛	JMnedict-category
おおまき	大巻|大槙|大牧|大蒔|太巻|太牧	JMnedict-category
おおよし	多良|大吉|大善|大好|大慶|大良	JMnedict-category
おがはら	小ケ原|小川原|小河原|小賀原|小鹿原|尾川原	JMnedict-category
おきしま	沖島|沖嶋|沖嶌|筬島|荻島|起島	JMnedict-category
おきやま	冲山|小檜山|沖山|置山|興山|起山	JMnedict-category
おのうち	小野内|小野打|尾ノ内|尾之内|尾内|斧内	JMnedict-category
おのやま	小ノ山|小埜山|小野山|尾山|尾野山|斧山	JMnedict-category
おぶない	小武内|小父内|小舟井|小船井|小船内|御武内	JMnedict-category
おりはた	折畑|織畑|織畠|降幡|降旗|降籏	JMnedict-category
おりもと	居本|折元|折本|析本|織元|織本	JMnedict-category
かいかわ	廻川|海川|甲斐川|貝川|開川|階川	JMnedict-category
かいさわ	会沢|会澤|會沢|螺沢|蟹沢|貝沢	JMnedict-category
かいほつ	海発|海發|貝発|開保津|開発|開發	JMnedict-category
かいやま	垣山|桧山|檜山|甲斐山|貝山|開山	JMnedict-category
かくかわ	各川|格川|狢川|覚川|角川|霍川	JMnedict-category
かくらい	加倉井|家久来|覚来|角来|角瀬|角頼	JMnedict-category
かごろく	加篭六|加籠六|賀篭六|賀籠六|鹿篭六|鹿籠六	JMnedict-category
かしざき	加志|加志崎|柏|柏崎|樫埼|樫崎	JMnedict-category
かしもと	柏元|柏本|樫元|樫本|橿本|菓子本	JMnedict-category
かつらや	桂屋|桂谷|葛谷|鬘谷|鬟屋|鬟谷	JMnedict-category
かどさわ	廉沢|廉澤|角沢|角澤|門沢|門澤	JMnedict-category
かどしま	葛島|葛嶋|角島|角嶋|門島|門嶋	JMnedict-category
かながき	仮名垣|仮姓垣|假名垣|金垣|金墻|金柿	JMnedict-category
かながわ	加奈川|神名川|神奈川|金川|金河|銑川	JMnedict-category
かねしま	兼島|兼嶋|謙島|金島|金嶋|鐘島	JMnedict-category
かねのぶ	兼信|兼延|兼述|兼逑|金信|金延	JMnedict-category
かねひろ	兼広|兼廣|兼弘|金広|金廣|金弘	JMnedict-category
かねもり	兼守|兼森|兼盛|金森|金盛|鐘森	JMnedict-category
かのしま	加野島|加野嶋|彼島|辛島|辛嶌|鹿野島	JMnedict-category
かのまた	狩俣|鹿ノ又|鹿俣|鹿又|鹿股|鹿野又	JMnedict-category
かみさき	上崎|神|神前|神崎|紙|紙崎	JMnedict-category
かみざわ	上沢|上澤|神沢|神澤|紙沢|紙澤	JMnedict-category
かみしま	上島|上嶋|神島|神嶋|神嶌|紙島	JMnedict-category
かみとう	上塘|上当|上東|上藤|上遠|神藤	JMnedict-category
かみなが	上永|上長|加美長|神永|神長|紙永	JMnedict-category
かみむら	上村|上邑|神|神村|神邑|紙村	JMnedict-category
かみやぶ	上籔|上薮|上藪|神籔|神薮|神藪	JMnedict-category
かもがわ	加茂川|蜷川|賀茂川|鴨川|鴨河|鵜川	JMnedict-category
かわふち	川ふち|川淵|川渕|河淵|河渕|河縁	JMnedict-category
かわぶち	川淵|川渕|川縁|河淵|河渕|河縁	JMnedict-category
かわもり	川守|川森|川盛|河守|河森|河盛	JMnedict-category
かんじゃ	冠者|勘者|寒者|神社|閑者|間邪	JMnedict-category
きさらぎ	卯月|如月|木皿儀|木皿木|衣更着|鬼	JMnedict-category
きたかた	北嘉多|北形|北方|北瀉|北片|喜多方	JMnedict-category
きつかわ	吉川|喜津川|木川|木津川|桔川|橘川	JMnedict-category
きのみや	木ノ宮|木之宮|木宮|木野宮|来ノ宮|紀宮	JMnedict-category
きもつき	肝付|肝属|肝月|肝槻|肝衛|肝附	JMnedict-category
きやむら	喜家村|喜谷村|木矢村|木谷村|気屋村|氣屋村	JMnedict-category
きゅうの	久埜|久野|及能|弓野|穹野|給野	JMnedict-category
きょうだ	京田|境田|姜田|杏田|矜田|経田	JMnedict-category
きょうや	京也|京屋|京矢|京谷|境谷|強矢	JMnedict-category
きりしま	切島|切嶋|桐島|桐嶋|霧島|霧嶋	JMnedict-category
くにかね	国兼|国包|国金|國兼|國包|國金	JMnedict-category
くにすえ	国居|国末|国陶|國居|國末|國陶	JMnedict-category
くにただ	国只|国唯|国忠|國只|國唯|國忠	JMnedict-category
くにひろ	国広|国廣|国弘|國広|國廣|國弘	JMnedict-category
くにもり	国守|国森|国盛|國守|國森|國盛	JMnedict-category
くまさき	熊|熊崎|熊嵜|隈|隈崎|隈嵜	JMnedict-category
くまざわ	久万沢|熊沢|熊澤|熊谷|隈沢|隈澤	JMnedict-category
くらおか	倉丘|倉岡|庫岡|蔵岡|藏岡|鞍岡	JMnedict-category
くらさき	倉崎|倉嵜|蔵|蔵崎|藏崎|鞍崎	JMnedict-category
くらたに	倉谷|庫谷|穀谷|蔵谷|藏谷|鞍谷	JMnedict-category
くらぶち	倉淵|倉渕|蔵淵|蔵渕|藏淵|藏渕	JMnedict-category
くらもり	倉守|倉森|倉盛|蔵守|蔵森|蔵盛	JMnedict-category
くりゅう	久留生|久竜|久龍|栗生|瓜生|繰生	JMnedict-category
けいとく	慶|慶徳|桂徳|経徳|花篤|鶏徳	JMnedict-category
げんかい	元海|元開|源海|源甲斐|玄海|現海	JMnedict-category
げんもと	元本|厳本|嚴本|源元|玄元|玄本	JMnedict-category
こいかわ	小井川|恋川|濃川|肥川|鯉川|鯉河	JMnedict-category
こうかわ	交河|好川|幸川|幸河|恒川|洪川	JMnedict-category
こうざわ	光沢|幸澤|神沢|神澤|香沢|香澤	JMnedict-category
こうたけ	光武|神武|行武|香武|香茸|高武	JMnedict-category
こうのう	公納|神農|耕納|鉱納|鴻農|黌農	JMnedict-category
こしみず	古清水|小清水|腰水|興水|越水|輿水	JMnedict-category
こひやま	古日山|小日山|小桧山|小樋山|小檜山|小比山	JMnedict-category
ごいぶち	五井淵|五井渕|五位淵|五位渕|牛井淵|牛井渕	JMnedict-category
ごのかみ	五ノ上|五上|五神|五野上|後埜上|護守	JMnedict-category
さいざわ	才沢|才澤|採沢|西沢|西澤|釆澤	JMnedict-category
さいのう	才納|才能|斉能|斎能|西能|齋能	JMnedict-category
さいまる	才丸|斉丸|斎丸|西丸|齊丸|齋丸	JMnedict-category
さいむら	才村|斉村|斎村|雑村|雜村|齋村	JMnedict-category
さかいり	坂入|坂圦|堺入|境入|酒入|阪入	JMnedict-category
さかうえ	坂上|坂植|境上|酒上|阪上|阪植	JMnedict-category
さかさい	坂佐井|坂才|坂斉|坂斎|坂齊|逆井	JMnedict-category
さかなし	坂梨|坂無|境梨|酒梨|阪梨|阪無	JMnedict-category
さきはら	先原|向原|崎原|嵜原|楓原|楸原	JMnedict-category
さぎさか	勾坂|匂坂|匂阪|向坂|鷺坂|鷺阪	JMnedict-category
さくしま	佐久島|佐久嶋|作島|作嶋|柵島|柵嶋	JMnedict-category
さげはし	佐下橋|堤橋|堤箸|捧箸|提橋|提箸	JMnedict-category
ささじま	佐々島|佐々嶋|小竹島|笹島|笹嶋|篠島	JMnedict-category
さざなみ	佐々波|佐々浪|小波|淪|漣|薄波	JMnedict-category
さしょう	佐小|佐少|佐星|佐生|佐粧|左少	JMnedict-category
さだくに	佐田国|佐田國|定国|定國|貞国|貞國	JMnedict-category
さだなが	定中|定永|定長|貞中|貞永|貞長	JMnedict-category
さだもと	佐田元|定元|定本|左田本|貞元|貞本	JMnedict-category
さだもり	定守|定森|定盛|貞守|貞森|貞盛	JMnedict-category
さわざき	沢|沢崎|沢嵜|澤|澤崎|澤嵜	JMnedict-category
さわのい	沢ノ井|沢之井|沢野井|澤ノ井|澤之井|澤野井	JMnedict-category
さんのう	三王|三納|参納|山王|山納|讃納	JMnedict-category
しおのや	塩の谷|塩ノ谷|塩之谷|塩埜谷|塩谷|塩野谷	JMnedict-category
しおはま	塩浜|塩濱|塩羽間|汐浜|潮浜|潮濱	JMnedict-category
しきしま	式島|式嶋|敷島|敷嶋|敷嶌|鋪嶋	JMnedict-category
しげかわ	繁川|茂川|菁川|重川|重歳|重河	JMnedict-category
しげさわ	滋沢|滋澤|繁沢|繁澤|重沢|重澤	JMnedict-category
しげまさ	繁政|繁正|茂政|茂正|重政|重正	JMnedict-category
しずかわ	後川|志図川|志津川|賎川|静川|靜川	JMnedict-category
しのみや	信宮|四ノ宮|四之宮|四宮|四野宮|篠宮	JMnedict-category
しばがき	柴垣|紫垣|芝垣|芝柿|芝軒|茂垣	JMnedict-category
しまかげ	島かげ|島影|島蔭|島陰|嶋影|嶌影	JMnedict-category
しまさき	島|島先|島崎|嶋|嶋先|嶋崎	JMnedict-category
しまのえ	島の江|島ノ江|島之江|島江|嶋ノ江|嶋江	JMnedict-category
しもかど	下加土|下茂門|下角|下門|下間|霜門	JMnedict-category
しもざわ	下沢|下澤|子母沢|子母澤|霜沢|霜澤	JMnedict-category
しょうた	勝田|匠田|庄太|庄田|正田|章田	JMnedict-category
しらかた	白形|白方|白潟|白瀉|白片|白館	JMnedict-category
しろはた	城畑|城端|城籏|白幡|白旗|白畑	JMnedict-category
しんざき	新崎|新嵜|真|真崎|神崎|紳崎	JMnedict-category
しんたく	新卓|新宅|眞宅|真宅|神宅|進宅	JMnedict-category
しんぼう	新保|新坊|新房|新穂|新防|辛坊	JMnedict-category
しんぽう	心法|新保|真法|神宝|神寳|進邦	JMnedict-category
しんもと	伸本|新元|新本|真本|進元|進本	JMnedict-category
じょうみ	上己|上巳|上見|常見|畳見|紹美	JMnedict-category
じんどう	仁洞|仁藤|仁道|神籐|神藤|神道	JMnedict-category
すえよし	末吉|末好|末義|末良|末芳|末葭	JMnedict-category
すぎのめ	杉ノ目|杉之目|杉妻|杉目|杉野目|椙目	JMnedict-category
すずかわ	凉川|寿々川|涼川|鈴川|鈴河|錫川	JMnedict-category
すのはら	春原|篠原|須ノ原|須之原|須野原|鷲原	JMnedict-category
すみくら	住倉|炭倉|炭蔵|角倉|隅倉|隅蔵	JMnedict-category
すみさき	墨|墨崎|炭|炭崎|隅|隅崎	JMnedict-category
すみざき	住|住崎|清|清崎|炭崎|角崎	JMnedict-category
すみたに	住谷|墨谷|澄谷|炭谷|角谷|隅谷	JMnedict-category
すみなが	住永|澄長|炭中|炭永|角永|隅永	JMnedict-category
すみのえ	住ノ江|住乃江|住之江|住江|角ノ上|角之上	JMnedict-category
すみひろ	住広|住廣|炭広|角広|隅広|隅廣	JMnedict-category
すみむら	住村|墨村|澄村|炭村|角村|隅村	JMnedict-category
せんかわ	仙川|千川|千河|占川|泉川|箭川	JMnedict-category
せんたに	先谷|扇谷|染谷|泉谷|舛谷|銭谷	JMnedict-category
せんだい	仙代|仙台|仙臺|仙題|千代|川内	JMnedict-category
せんとう	仙当|仙東|仙頭|専当|泉頭|洗湯	JMnedict-category
せんぼう	仙坊|仙防|先坊|千坊|千棒|専坊	JMnedict-category
そうげん	宗源|宗玄|惣元|相元|総元|草原	JMnedict-category
そうごう	惣郷|総合|聰亙|草郷|荘剛|蔵合	JMnedict-category
たかがわ	滝川|瀧川|高川|高河|高閑者|鷹川	JMnedict-category
たかふじ	隆藤|高冨士|高富士|高籐|高藤|鷹藤	JMnedict-category
たかもと	奉日本|崇本|高元|高本|鷹元|鷹本	JMnedict-category
たきはな	滝花|滝華|滝鼻|瀧花|瀧華|瀧鼻	JMnedict-category
たけとも	嶽友|武友|武智|武知|竹友|竹智	JMnedict-category
たけのや	武野谷|竹の家|竹ノ矢|竹ノ谷|竹之矢|竹野谷	JMnedict-category
たけまさ	剛正|武政|武正|竹政|竹正|竹雅	JMnedict-category
ただかわ	但川|只川|多々川|多田川|忠川|直川	JMnedict-category
たつぐち	巽口|瀧口|竜口|辰口|達口|龍口	JMnedict-category
たつむら	立村|竜村|辰村|逵村|達村|龍村	JMnedict-category
たてざわ	楯沢|立澤|舘沢|舘澤|館沢|館澤	JMnedict-category
たなあみ	丹阿弥|店網|棚網|田名綱|田名網|田姓網	JMnedict-category
たなむら	多奈村|店村|棚村|田那村|種村|種邑	JMnedict-category
たのうえ	多上|棚上|田ノ上|田上|田之上|田野上	JMnedict-category
たのくら	多倉|田ノ倉|田之倉|田倉|田埜倉|田野倉	JMnedict-category
たまさき	玉|玉前|玉咲|玉崎|玉嵜|霊崎	JMnedict-category
ためむら	溜村|為村|爲村|留村|種村|種邑	JMnedict-category
だいこう	代行|台高|大光|大幸|大弘|大興	JMnedict-category
ちょうだ	丁田|町多|町田|蝶多|長多|長田	JMnedict-category
つかざき	塚|塚崎|塚嵜|墳崎|柄崎|栂嵜	JMnedict-category
つきだて	月舘|月館|槻舘|槻館|築舘|築館	JMnedict-category
つきもと	搗本|月元|月本|槻本|突元|築本	JMnedict-category
つねとう	常藤|恒任|恒籐|恒藤|恒遠|経遠	JMnedict-category
つねひろ	常広|常廣|恒広|恒廣|恒弘|経広	JMnedict-category
つねもと	常元|常本|恒元|恒本|津根元|経本	JMnedict-category
つねもり	常守|常森|常盛|恒森|恒盛|経森	JMnedict-category
つぼかわ	坪川|坪河|壷川|壷河|壺川|壺河	JMnedict-category
つるざき	嵜|津留|津留崎|津留嵜|鶴|鶴崎	JMnedict-category
つるしま	敦島|釣島|釣嶋|鶴島|鶴嶋|鶴嶌	JMnedict-category
でんぽう	伝宝|伝法|傅法|傳宝|傳寳|傳法	JMnedict-category
とうさか	刀坂|当坂|東坂|東阪|登坂|遠坂	JMnedict-category
とうほう	東宝|東寳|東峰|東方|東邦|棟方	JMnedict-category
とうぼう	唐坊|唐望|当房|東房|東方|當房	JMnedict-category
とがさわ	戸ケ沢|戸賀沢|戸賀澤|斗ケ沢|斗ケ澤|斗ヶ澤	JMnedict-category
ときざわ	常沢|常澤|時沢|時澤|鴇沢|鴇澤	JMnedict-category
とくがわ	十九川|徳川|徳河|戸久河|禿川|禿河	JMnedict-category
としおか	俊岡|利岡|寿岡|年岡|東司丘|歳岡	JMnedict-category
とちくぼ	杤久保|杼窪|栃久保|栃窪|栩久保|栩窪	JMnedict-category
とちたに	挧谷|杼谷|枋谷|栃谷|栩谷|椚谷	JMnedict-category
とみかわ	冨川|冨河|土味川|富川|橙美川|臣川	JMnedict-category
とみなみ	冨並|冨波|富並|富波|富浪|斗南	JMnedict-category
とみもり	冨森|冨盛|富守|富森|富盛|豊見盛	JMnedict-category
とみやす	冨保|冨安|冨康|富保|富安|富康	JMnedict-category
どうざき	働|堂|堂崎|堂嵜|道|道崎	JMnedict-category
どうとう	堂当|堂東|堂當|堂藤|洞筒|道東	JMnedict-category
なかいま	中井真|中今|仲井眞|仲井真|仲井間|仲今	JMnedict-category
なかたけ	中岳|中嶽|中武|中竹|仲嵩|仲武	JMnedict-category
なかとみ	中冨|中富|中畠|中臣|仲冨|仲富	JMnedict-category
なかはま	中|中浜|中濱|仲浜|仲濱|浜梶	JMnedict-category
なかやす	中保|中安|中康|中易|仲安|仲易	JMnedict-category
ながとみ	永冨|永富|永留|永當|長冨|長富	JMnedict-category
ながひろ	永広|永廣|永弘|長広|長廣|長弘	JMnedict-category
ながみち	永礼|永路|永道|長岐|長路|長道	JMnedict-category
ながもり	永守|永森|永盛|長守|長森|長盛	JMnedict-category
なすかわ	名須川|奈須川|水主川|茄子川|茄川|那須川	JMnedict-category
なみもと	並元|並本|波元|波本|浪元|浪本	JMnedict-category
ならさき	奈良|奈良崎|楢|楢崎|楢嵜|樽崎	JMnedict-category
ならざき	奈良|奈良崎|奈良嵜|楢|楢埼|楢崎	JMnedict-category
なんとう	南任|南島|南東|南藤|楠藤|難藤	JMnedict-category
にいのみ	新呑|新実|新家|新實|新海|新野見	JMnedict-category
にしだい	西代|西内|西台|西大|西田井|西臺	JMnedict-category
のりさだ	乗定|乗貞|則定|則貞|法定|法貞	JMnedict-category
はしさき	橋|橋崎|橋嵜|端|端崎|觜崎	JMnedict-category
はたがき	幡垣|旗垣|畑垣|畠垣|秦垣|籏垣	JMnedict-category
はたもり	畑守|畑森|畠守|畠森|畠盛|秦森	JMnedict-category
はたやま	幡山|畑山|畠山|秦山|端山|籏山	JMnedict-category
はなもと	波那本|花元|花本|華元|華本|鼻本	JMnedict-category
はまじま	浜島|浜嶋|浜嶌|濱島|濱嶌|飯万島	JMnedict-category
はまたけ	浜武|浜竹|浜高家|濱武|濱竹|濱高家	JMnedict-category
はまもり	浜守|浜森|浜盛|濱守|濱森|濱盛	JMnedict-category
はやさき	早|早先|早咲|早崎|早嵜|羽矢崎	JMnedict-category
はらまき	原巻|原槇|原槙|服卷|服巻|腹巻	JMnedict-category
はりがい	張ケ井|張替|張貝|針替|針谷|針貝	JMnedict-category
はりがや	張ケ谷|張ヶ谷|針ケ谷|針ヶ谷|針谷|針金谷	JMnedict-category
はりまや	播广谷|播摩屋|播摩谷|播磨屋|播磨谷|針間矢	JMnedict-category
ばんざい	万才|万歳|伴在|坂西|萬歳|阪西	JMnedict-category
ひのおか	日ノ岡|日野岡|日野岳|旭岡|桧岡|檜岡	JMnedict-category
ひのはら	日ノ原|日原|日埜原|日野原|桧原|檜原	JMnedict-category
ひらよし	平吉|平義|平良|平芳|平葦|平葭	JMnedict-category
ひろざね	広実|広實|廣実|廣實|弘実|弘實	JMnedict-category
ひろすみ	寛住|寛澄|広済|広隅|廣隅|昊澄	JMnedict-category
ひろはま	広浜|広濱|廣|廣浜|廣濱|弘浜	JMnedict-category
ひろみち	大路|大道|広路|広道|廣路|廣道	JMnedict-category
ふきさわ	冨貴沢|吹沢|吹澤|富貴沢|富貴澤|蕗沢	JMnedict-category
ふくずみ	副住|福住|福澄|福積|福角|福隅	JMnedict-category
ふくます	福升|福増|福枡|福桝|福益|福舛	JMnedict-category
ふくよし	福吉|福好|福慶|福由|福良|福芳	JMnedict-category
ふじなみ	富士波|藤並|藤波|藤浪|藤涛|藤濤	JMnedict-category
ふじなわ	冨士縄|冨士繩|富士縄|富士繩|藤縄|藤繩	JMnedict-category
ふじます	籐舛|藤升|藤増|藤枡|藤桝|藤舛	JMnedict-category
ふたむら	二タ村|二村|二邨|俣村|又村|股村	JMnedict-category
ふなさか	舟坂|舟阪|舩坂|舩阪|船坂|船阪	JMnedict-category
ふなとみ	舟宝|舩冨|舩富|船冨|船宝|船富	JMnedict-category
ふなもと	舟元|舟本|舩元|舩本|船元|船本	JMnedict-category
ほうげつ	宝月|寳月|寶月|抱月|方月|法月	JMnedict-category
ほうさき	法|法崎|鳳|鳳崎|鴇|鴇崎	JMnedict-category
ほうしど	宝示戸|寳示戸|寶示戸|芳士戸|芳師渡|芳志戸	JMnedict-category
ほうだい	宝代|寳代|寶代|蓬台|蓬臺|逢台	JMnedict-category
ほりごめ	堀篭|堀籠|堀米|堀込|掘籠|掘込	JMnedict-category
まえとう	前垰|前峠|前当|前當|前納|前藤	JMnedict-category
まきうち	巻内|槇内|槙内|牧内|蒔内|間木内	JMnedict-category
まきじま	巻島|巻嶋|槇島|槙島|槙嶋|牧島	JMnedict-category
まきなが	官中|官永|槇永|槙永|牧永|牧長	JMnedict-category
まさおか	勝岡|政岡|昌岡|柾岡|正岡|真丘	JMnedict-category
まさもり	政守|政森|政盛|正守|正森|正盛	JMnedict-category
ますみつ	升光|増満|増滿|桝満|益満|舛光	JMnedict-category
まつさき	先崎|全先|末崎|松|松前|松崎	JMnedict-category
まつなみ	松並|松南|松波|松浪|松涛|松濤	JMnedict-category
まつひろ	末広|末廣|末弘|松広|松廣|松弘	JMnedict-category
まつよし	末吉|松吉|松好|松由|松義|松芳	JMnedict-category
まんどう	万灯|万藤|満藤|萬燈|萬藤|萬道	JMnedict-category
みずのえ	水の江|水ノ江|水之江|水江|水野上|水野江	JMnedict-category
みずのや	水の也|水埜谷|水納谷|水谷|水野屋|水野谷	JMnedict-category
みずもり	水守|水森|水漏|水盛|水誠|瑞森	JMnedict-category
みつうら	三ッ浦|三ツ浦|三浦|光浦|満浦|蜜浦	JMnedict-category
みつくら	三ツ倉|三倉|三蔵|光倉|完倉|満倉	JMnedict-category
みつしろ	三代|三城|光代|光城|密城|満城	JMnedict-category
みつたに	三ッ谷|三ツ谷|三津谷|三谷|光谷|満谷	JMnedict-category
みつなか	三ツ中|三中|三津中|光中|満中|満仲	JMnedict-category
みつなが	三長|光永|光長|満永|満長|滿永	JMnedict-category
みつなみ	三ッ浪|三ツ浪|三並|三竝|光波|光浪	JMnedict-category
みつひろ	三ッ廣|三ツ広|三ツ廣|三広|光広|光廣	JMnedict-category
みつやす	三保|三安|光保|光安|光易|満安	JMnedict-category
みなぐち	南口|水口|水名口|源口|皆口|美名口	JMnedict-category
みねおか	垰岡|峠岡|峯丘|峯岡|峰岡|嶺岡	JMnedict-category
みねざき	峯崎|峯嵜|峰|峰岸|峰崎|嶺崎	JMnedict-category
みねざわ	峯沢|峯澤|峰沢|峰澤|嶺沢|嶺澤	JMnedict-category
みねじま	峯島|峯嶋|峰島|峰嶋|嶺島|嶺嶋	JMnedict-category
みのぐち	水野口|箕口|簑口|簔口|美濃口|蓑口	JMnedict-category
みのたに	箕谷|簑谷|簔谷|美ノ谷|美濃谷|蓑谷	JMnedict-category
みのもと	三野本|箕本|簑本|美ノ本|美濃本|蓑本	JMnedict-category
みょうが	冥加|冥賀|明賀|茗加|茗茄|茗荷	JMnedict-category
むねすえ	宗像|宗末|棟居|棟据|棟末|楝居	JMnedict-category
むねなが	宗永|宗良|宗長|棟永|棟長|胸永	JMnedict-category
むねひろ	宗広|宗廣|宗弘|棟広|棟廣|胸広	JMnedict-category
むねもと	宗元|宗本|棟元|棟本|胸元|胸本	JMnedict-category
もとおり	元居|元折|本吉|本告|本居|本折	JMnedict-category
もとしげ	元繁|元茂|元重|本繁|本茂|本重	JMnedict-category
もりさわ	守沢|守澤|森沢|森澤|盛沢|盛澤	JMnedict-category
もりざね	守実|守實|森実|森實|盛実|盛實	JMnedict-category
もりたけ	守武|森岳|森武|森滝|森竹|盛武	JMnedict-category
もりなか	守中|守仲|守長|森中|森仲|盛中	JMnedict-category
もろさわ	両沢|両澤|師沢|師澤|諸沢|諸澤	JMnedict-category
やぎさわ	八木沢|八木澤|柳沢|柳澤|矢木沢|矢木澤	JMnedict-category
やくしじ	薬師地|薬師寺|薬師神|薬眞寺|薬真寺|藥師寺	JMnedict-category
やすかた	保方|安形|安潟|安片|安酸|安館	JMnedict-category
やすなみ	休波|安並|安次峯|安次嶺|安波|安浪	JMnedict-category
やすまさ	保正|安政|安正|康正|泰増|泰正	JMnedict-category
やなどり	柳取|柳通|柳鳥|梁取|簗取|鳥	JMnedict-category
やぶこし	籔腰|籔越|薮腰|薮越|藪腰|藪越	JMnedict-category
やぶなか	籔中|籔仲|薮中|薮仲|藪中|藪仲	JMnedict-category
やまのは	山ノ端|山之端|山入波|山入端|山端|山饒覇	JMnedict-category
やりみず	槍水|遣水|遺水|鎗水|鎚水|鑓水	JMnedict-category
ゆのうえ	勇ノ上|柚之上|湯の上|湯ノ上|湯上|湯之上	JMnedict-category
よしかね	吉兼|吉金|善金|義兼|義金|芳鐘	JMnedict-category
よしさわ	吉沢|吉澤|吉臭|四沢|好沢|芳沢	JMnedict-category
よししげ	吉繁|吉重|善重|嘉重|義重|芳重	JMnedict-category
よしたに	吉渓|吉谷|由谷|穆谷|芳谷|葭谷	JMnedict-category
よしふじ	吉藤|善藤|嘉藤|好藤|義藤|芳藤	JMnedict-category
よします	吉増|吉枡|吉桝|吉益|吉舛|慶増	JMnedict-category
よしみつ	吉光|吉満|好光|好満|義光|義満	JMnedict-category
よろずや	万屋|万谷|萬家|萬屋|萬矢|萬谷	JMnedict-category
りゅうせ	柳瀬|立瀬|竜瀬|竜背|竜脊|龍瀬	JMnedict-category
りゅうの	立野|竜埜|竜野|笠野|龍埜|龍野	JMnedict-category
あきたかわ	明田川|明田河|秋田川|秋田河|飽田川|飽田河	JMnedict-category
あきたがわ	明田川|明田河|秋田川|秋田河|飽田川|飽田河	JMnedict-category
いけのもと	池の本|池ノ本|池之元|池之本|池野元|池野本	JMnedict-category
うえじょう	上城|上条|上條|上門|植条|植條	JMnedict-category
うえのはら	上ノ原|上之原|上原|上野原|植ノ原|植之原	JMnedict-category
うしのはま	牛ノ|牛ノ浜|牛ノ濱|牛之|牛之浜|牛之濱	JMnedict-category
うちがしま	内ケ島|内ケ嶋|内ヶ島|内ヶ嶋|内賀島|内賀嶋	JMnedict-category
かみのその	上ノ薗|上之園|上之薗|神ノ薗|神之園|神之薗	JMnedict-category
きょうどう	京堂|京藤|京道|経堂|經堂|響堂	JMnedict-category
くらがさき	倉ケ|倉ケ崎|倉ヶ崎|蔵ケ|蔵ケ崎|蔵ヶ崎	JMnedict-category
くらのした	倉ノ下|蔵ノ下|蔵之下|蔵野下|藏ノ下|藏之下	JMnedict-category
くればやし	呉林|暮林|栗林|榑林|槫林|紅林	JMnedict-category
こうのいけ	高野池|鴻の池|鴻ノ池|鴻之池|鴻地|鴻池	JMnedict-category
さいきょう	斉京|斎京|西京|西教|齊京|齋京	JMnedict-category
さいのうち	才ノ内|才之内|斉ノ内|斉之内|斎之内|齊之内	JMnedict-category
しちじょう	七丈|七城|七情|七条|七條|七篠	JMnedict-category
しものその	下の薗|下ノ園|下ノ薗|下之園|下之薗|下野園	JMnedict-category
しょうほう	正宝|正寳|正寶|正法|翔鵬|荘保	JMnedict-category
しょうもと	升本|庄本|椙本|正元|正本|章本	JMnedict-category
じょうしま	上島|上嶋|城島|城嶋|定島|條島	JMnedict-category
じょうせん	上仙|城仙|定仙|常泉|浄泉|淨泉	JMnedict-category
じょうはら	丞原|亟原|条原|浄原|烝原|譲原	JMnedict-category
じょうほう	上法|城宝|城寳|城寶|城方|浄法	JMnedict-category
じんのうち	陣の内|陣ノ内|陣之内|陣内|陳ノ内|陳之内	JMnedict-category
せんじょう	仙城|先生|千丈|千烝|宣城|泉上	JMnedict-category
たつのくち	竜ノ口|竜口|辰ノ口|辰口|龍ノ口|龍口	JMnedict-category
たてがさわ	舘ケ沢|舘ケ澤|舘ヶ沢|舘ヶ澤|館ケ沢|館ヶ沢	JMnedict-category
だんのはら	団之原|團之原|壇ノ原|弾野原|檀ノ原|段ノ原	JMnedict-category
どうじょう	堂丈|堂上|堂城|道場|道浄|銅城	JMnedict-category
なかみがわ	中三川|中上川|中見川|仲三川|仲三河|仲見川	JMnedict-category
はたけなか	畑ケ中|畑ヶ中|畑中|畠ケ中|畠中|畠仲	JMnedict-category
ふちのうえ	淵の上|淵ノ上|淵之上|渕ノ上|渕上|渕之上	JMnedict-category
ほうしやま	宝子山|宝珠山|寳子山|寳珠山|寶珠山|法師山	JMnedict-category
りゅうしま	柳島|柳嶋|竜島|竜嶋|龍島|龍嶋	JMnedict-category
りゅうどう	竜堂|竜童|竜道|隆濤|龍堂|龍道	JMnedict-category
りょうもと	両本|梁元|梁本|椋本|漁元|良本	JMnedict-category
しょうじょう	庄条|庄條|正城|正条|正絛|猩々	JMnedict-category
あお	愛尾|正月一日|粟生|阿尾|青	JMnedict-category
あが	何|英賀|阿嘉|阿河|阿賀	JMnedict-category
あぐ	亜久|吾久|安久|渥|阿久	JMnedict-category
あご	安護|尼子|阿児|阿吾|阿後	JMnedict-category
あじ	安治|庵治|網師|阿字|阿治	JMnedict-category
あだ	亜田|安田|安達|阿多|阿田	JMnedict-category
あち	安致|愛地|阿地|阿智|阿知	JMnedict-category
あつ	中|厚|庄|愛津|淳	JMnedict-category
あの	亜野|吾野|穴太|阿埜|阿野	JMnedict-category
あん	安|庵|按|晏|洪	JMnedict-category
いお	井尾|井生|伊尾|伊生|猪尾	JMnedict-category
いか	井加|伊加|伊香|位下|烏賊	JMnedict-category
いげ	井下|井削|伊芸|伊藝|位下	JMnedict-category
いご	井後|以後|伊後|帷子|猪子	JMnedict-category
いず	井津|井筒|伊豆|伊集|出渕	JMnedict-category
いた	井田|伊多|伊田|位田|板	JMnedict-category
いみ	五味|井美|伊深|伊美|伊見	JMnedict-category
うば	乳母|伯母|姥|烏羽|羽場	JMnedict-category
うや	右屋|宇屋|宇矢|宇谷|鵜谷	JMnedict-category
うん	元|呉|翁|運|雲	JMnedict-category
えや	会也|恵谷|惠谷|江屋|絵矢	JMnedict-category
えり	恵利|惠利|江利|江里|英利	JMnedict-category
おえ	小江|尾江|生江|麻植|麻殖	JMnedict-category
おけ	億計|尾下|尾家|弘計|桶	JMnedict-category
おさ	小左|小提|日佐|筬|長	JMnedict-category
おざ	尾坐|御座|男座|緒座|長田	JMnedict-category
おた	大田|小田|尾田|織田|苧田	JMnedict-category
おど	小土|小渡|尾戸|音|音渡	JMnedict-category
おぶ	小夫|小賦|小部|飫冨|飫富	JMnedict-category
かま	唐鎌|竈|蒲|釜|鎌	JMnedict-category
きび	吉備|吉比|岐美|氣比|黍	JMnedict-category
きぼ	儀保|岐保|木保|木暮|木母	JMnedict-category
きり	喜利|木履|桐|梧|霧	JMnedict-category
ぎま	儀万|儀満|儀間|宜間|義間	JMnedict-category
くご	久呉|久後|久胡|久語|九後	JMnedict-category
くだ	久田|九田|汲田|玖田|管	JMnedict-category
くみ	久未|久美|久見|伍|組	JMnedict-category
くり	久利|久里|九里|厨|栗	JMnedict-category
けま	京馬|家間|毛満|毛馬|食満	JMnedict-category
げし	下司|下志|夏至|外司|枳殻	JMnedict-category
こわ	古和|小和|小輪|強|鴻和	JMnedict-category
ごた	五田|伍田|後田|碁田|語田	JMnedict-category
ごや	五屋|合屋|呉屋|呉谷|胡屋	JMnedict-category
さざ	佐々|佐座|左々|左坐|左座	JMnedict-category
さし	佐師|佐志|左氏|差司|指	JMnedict-category
さば	佐場|佐波|佐羽|左波|鯖	JMnedict-category
さみ	佐味|佐美|佐見|沙味|沙弥	JMnedict-category
ざま	在間|坐間|座間|残間|狭間	JMnedict-category
しか	四家|志賀|志鹿|次嘉|鹿	JMnedict-category
しな	信乃|品|四七|志奈|階	JMnedict-category
しよ	初|徐|朱|肖|胥	JMnedict-category
すき	寿喜|寿木|扮|洲木|須木	JMnedict-category
すさ	諏佐|諏作|諏訪|須佐|須左	JMnedict-category
すた	寿田|巣田|栖田|諏田|須田	JMnedict-category
すの	寿野|巣野|洲野|酢野|須野	JMnedict-category
せな	瀬名|瀬奈|瀬姓|瀬那|聖名	JMnedict-category
そえ	副|曽江|曾江|添|蘓惠	JMnedict-category
たお	垰|多尾|峠|曹|田尾	JMnedict-category
たふ	多冨|多布|田伏|田附|袋布	JMnedict-category
たみ	丹|多見|民|田実|田見	JMnedict-category
たら	多羅|多良|太良|田羅|田良	JMnedict-category
ちじ	千々|千地|智治|知地|知字	JMnedict-category
つか	塚|柄|津下|津加|津荷	JMnedict-category
つが	栂|津賀|都我|都賀|都香	JMnedict-category
つば	対馬|津場|津波|津浪|鍔	JMnedict-category
でん	伝|佃|傳|田|電	JMnedict-category
とさ	十三|土佐|土左|戸佐|登佐	JMnedict-category
とび	富|登尾|登日|飛|鳶	JMnedict-category
ない	中井|内|名井|姓井|那井	JMnedict-category
なご	名古|名呉|名護|奈呉|姓護	JMnedict-category
にお	丹尾|丹生|二尾|仁尾|鳰	JMnedict-category
にた	丹田|二田|仁多|仁田|荷田	JMnedict-category
にほ	丹保|二保|二宝|仁保|鳰	JMnedict-category
にま	二万|二摩|二間|二馬|爾摩	JMnedict-category
のう	納|能|能生|農|野宇	JMnedict-category
のず	箆津|能津|野州|野津|野頭	JMnedict-category
のち	埜地|後|能地|野地|野知	JMnedict-category
はお	八尾|徐|番長|羽尾|羽生	JMnedict-category
はぎ	八木|羽儀|羽木|萩|葉樹	JMnedict-category
はず	万豆|幡豆|幡頭|波津|羽豆	JMnedict-category
はる	施|治|波留|開|陽	JMnedict-category
ばい	倍|唄|梅|白|馬医	JMnedict-category
ひで	小松|日出|樋出|秀|英	JMnedict-category
ひみ	日美|日見|比見|氷見|飛見	JMnedict-category
ひわ	日和|比和|火和|肥和|鶸	JMnedict-category
ふく	不具|伏|富久|幅|福	JMnedict-category
ふま	天馬|夫馬|布間|府間|府馬	JMnedict-category
ふや	布屋|布谷|府屋|降矢|麸谷	JMnedict-category
へた	戸田|辺田|邉田|邊田|部田	JMnedict-category
ほい	保井|保位|保居|帆井|許	JMnedict-category
ほや	保屋|保谷|保野|帆谷|穂谷	JMnedict-category
ほん	方|本|洪|馮|黄	JMnedict-category
まが	真賀|間賀|馬把|馬杷|馬賀	JMnedict-category
まく	万久|幕|満久|莫|間久	JMnedict-category
まじ	摩治|間地|間治|間路|馬路	JMnedict-category
また	亦|俣|又|摩田|真多	JMnedict-category
まな	万能|眞菜|真名|真菜|間名	JMnedict-category
まば	真場|真庭|間場|間庭|馬庭	JMnedict-category
まべ	真部|間辺|間邉|間部|馬部	JMnedict-category
まり	牧里|眞利|真利|鞠|馬里	JMnedict-category
みい	三井|三位|三居|御井|美井	JMnedict-category
みさ	三佐|美佐|美作|美差|美砂	JMnedict-category
むら	戸村|村|武良|無良|邑	JMnedict-category
もく	木工|杢|牧|目|睦	JMnedict-category
もち	用|百千|米餅|餅|餠	JMnedict-category
やと	八戸|八登|屋戸|矢戸|谷戸	JMnedict-category
やま	山|矢摩|矢間|耶麻|遠山	JMnedict-category
やり	槍|矢利|野利|鎗|鑓	JMnedict-category
ゆお	油尾|湯尾|湯生|由尾|祐尾	JMnedict-category
ゆち	油地|湯地|湯池|由地|由池	JMnedict-category
よと	世登|四十|四戸|與戸|餘戸	JMnedict-category
よの	与ノ|与野|余野|夜野|與野	JMnedict-category
よも	与茂|四坊|四方|與茂|西方	JMnedict-category
らく	楽|樂|良久|落|駱	JMnedict-category
わち	和地|和智|和知|輪千|輪地	JMnedict-category
わん	万|尹|汪|湾|王	JMnedict-category
あいお	会尾|合尾|愛尾|相尾|藍尾	JMnedict-category
あいが	会賀|合賀|愛賀|相賀|藍賀	JMnedict-category
あいぎ	会木|合木|愛木|相木|藍木	JMnedict-category
あいす	四十洲|愛州|愛洲|愛須|相須	JMnedict-category
あいず	会津|合津|合頭|會津|相津	JMnedict-category
あいら	姶良|相原|相楽|相良|飽浦	JMnedict-category
あかえ	明江|朱江|紅江|赤枝|赤江	JMnedict-category
あかが	安加賀|明賀|朱賀|紅賀|赤賀	JMnedict-category
あかじ	赤司|赤地|赤時|赤治|赤路	JMnedict-category
あかす	明須|朱須|紅須|赤次|赤須	JMnedict-category
あかた	安形|明田|朱田|紅田|赤田	JMnedict-category
あかつ	吾勝|明津|朱津|紅津|赤津	JMnedict-category
あかな	明名|朱名|紅名|赤名|赤穴	JMnedict-category
あかは	明羽|紅羽|赤刎|赤羽|赤葉	JMnedict-category
あかば	明羽|朱羽|紅羽|赤場|赤羽	JMnedict-category
あきづ	昭津|淳津|璃津|秋津|穐津	JMnedict-category
あきぼ	昭保|淳保|璃保|秋保|穐保	JMnedict-category
あくら	安倉|芥原|阿倉|阿蔵|飽浦	JMnedict-category
あけや	明谷|明野|朱家|朱野|緋野	JMnedict-category
あげた	上多|上田|挙田|揚田|明田	JMnedict-category
あげば	上場|挙場|揚場|饗場|饗塲	JMnedict-category
あさぢ	朝茅|浅地|浅茅|麻地|麻茅	JMnedict-category
あさべ	朝辺|朝部|浅辺|浅部|阿佐部	JMnedict-category
あざま	安座真|安座間|我妻|阿座間|風間	JMnedict-category
あしば	芦場|芦葉|葭場|足場|足羽	JMnedict-category
あじま	安島|安嶋|安嶌|阿島|阿嶋	JMnedict-category
あじろ	安代|安城|綱代|網代|足代	JMnedict-category
あすま	明間|遊馬|阿須間|飛鳥間|飛鳥馬	JMnedict-category
あたぎ	与儀|安宅|安宅木|能木|阿田木	JMnedict-category
あたり	中|富|当|當|阿多利	JMnedict-category
あつき	厚喜|厚木|安月|愛月|阿月	JMnedict-category
あつし	厚地|圧司|敦|昌|篤	JMnedict-category
あつた	厚田|敦田|淳田|渥田|熱田	JMnedict-category
あつだ	厚田|敦田|淳田|渥田|熱田	JMnedict-category
あとべ	後部|跡辺|跡邉|跡邊|跡部	JMnedict-category
あない	孔井|相内|穴井|阿内|阿奈井	JMnedict-category
あのう	安濃|安納|安能|阿納|阿能	JMnedict-category
あまう	天羽|天雨|尼羽|甘羽|雨羽	JMnedict-category
あまご	天子|天後|尼子|甘子|雨子	JMnedict-category
あませ	天勢|天瀬|尼瀬|甘瀬|雨瀬	JMnedict-category
あまべ	余部|天辺|天部|海士部|雨辺	JMnedict-category
あまり	余里|天利|安幕|尼利|甘利	JMnedict-category
あみの	綱野|網埜|網野|編野|阿比野	JMnedict-category
あやき	彩木|文樹|漢城|綾城|綾木	JMnedict-category
あやた	彩田|文田|斐田|絢田|綾田	JMnedict-category
あらえ	新江|荒柄|荒栄|荒江|荒衛	JMnedict-category
あらお	新尾|新屋|新生|荒尾|荒生	JMnedict-category
あらこ	新古|新子|荒古|荒子|荒砥	JMnedict-category
あらみ	新海|新美|新見|荒美|荒見	JMnedict-category
ありえ	在江|有家|有恵|有江|有衛	JMnedict-category
ありす	在巣|有巣|有栖|有須|蟻巣	JMnedict-category
ありや	有家|有屋|有矢|有谷|有野	JMnedict-category
あろう	亜郎|吾郎|荒生|阿良|阿郎	JMnedict-category
あわい	淡井|淡居|粟井|粟居|阿波井	JMnedict-category
あわじ	淡路|粟次|粟路|阿波地|阿波治	JMnedict-category
あわた	安房田|泡田|淡田|粟田|阿波田	JMnedict-category
あんち	安地|安池|庵地|明珍|案地	JMnedict-category
あんべ	安倍|安辺|安部|案部|阿部	JMnedict-category
いおち	井落|伊大知|伊落|射落|庵地	JMnedict-category
いくせ	幾世|幾瀬|生勢|生瀬|郁瀬	JMnedict-category
いぐま	井熊|伊熊|猪熊|生熊|膽熊	JMnedict-category
いけい	井渓|伊計|怡渓|池井|池猪	JMnedict-category
いけた	井桁|池大|池太|池田|為計田	JMnedict-category
いこう	井光|井桁|伊香|依光|胃甲	JMnedict-category
いさご	沙|砂子|砂治|砂金|練子	JMnedict-category
いさの	伊三野|伊佐埜|伊佐野|砂埜|砂野	JMnedict-category
いずき	伊月|出來|出来|出耒|居築	JMnedict-category
いそい	五十井|五百井|磯井|磯居|礒井	JMnedict-category
いたい	伊多井|伊田井|坂居|板井|衣袋	JMnedict-category
いたけ	井武|井竹|伊武|伊竹|猪丈	JMnedict-category
いちぎ	一期|一木|壱岐|市木|市来	JMnedict-category
いちせ	一世|一勢|一瀬|市勢|市瀬	JMnedict-category
いぢち	伊地地|伊地智|伊地知|伊知地|伊秩	JMnedict-category
いつか	一家|一花|井塚|伊津佳|何	JMnedict-category
いでい	以手井|伊伝居|出井|出射|出居	JMnedict-category
いとみ	井冨|井富|伊富|伊臣|糸見	JMnedict-category
いとや	石戸谷|糸屋|糸矢|糸谷|絲屋	JMnedict-category
いなの	伊名野|伊奈野|猪名野|稲埜|稲野	JMnedict-category
いぬま	井沼|伊沼|犬間|生沼|飯沼	JMnedict-category
いねい	井上|江井|江居|稲井|稻井	JMnedict-category
いのこ	井ノ子|亥子|猪兒|猪古|猪子	JMnedict-category
いのだ	伊野田|入野田|猪多|猪田|猪野田	JMnedict-category
いはま	井浜|井濱|伊浜|伊濱|射浜	JMnedict-category
いむた	井無田|伊牟田|藺弁田|藺牟田|飯牟田	JMnedict-category
いもせ	五百瀬|妹背|妹脊|芋瀬|著蕷瀬	JMnedict-category
いわぎ	井脇|岩儀|岩城|岩木|磐木	JMnedict-category
いわね	岩根|岩音|巌根|巖根|磐根	JMnedict-category
いわべ	岩辺|岩邊|岩部|礒部|祝部	JMnedict-category
いんだ	印田|員田|因田|院田|隠田	JMnedict-category
うえい	上井|宇栄|宇榮|植井|衛	JMnedict-category
うえず	上江州|上江洌|上江洲|上津|植頭	JMnedict-category
うえた	上多|上江田|上田|植多|植田	JMnedict-category
うえち	上エ地|上ヱ地|上地|上池|植地	JMnedict-category
うえは	上羽|上葉|植波|植羽|植葉	JMnedict-category
うえみ	上美|上見|植実|植美|植見	JMnedict-category
うかじ	宇加治|宇梶|宇賀地|宇賀治|鵜梶	JMnedict-category
うきた	宇喜多|宇喜田|有喜多|浮喜多|浮田	JMnedict-category
うさき	卯崎|宇佐木|宇咲|宇崎|宇紗木	JMnedict-category
うざき	右崎|宇埼|宇崎|宇嵜|鵜崎	JMnedict-category
うすぎ	宇杉|臼木|臼杵|薄木|薄衣	JMnedict-category
うすば	臼場|薄刃|薄場|薄羽|薄葉	JMnedict-category
うたつ	卯辰|宇多津|宇辰|歌津|鵜足津	JMnedict-category
うちや	内屋|内矢|内谷|打屋|打矢	JMnedict-category
うつい	宇津井|宇津居|宇都井|控井|空井	JMnedict-category
うづか	兎束|卯塚|宇塚|鵜塚|鵜束	JMnedict-category
うなみ	宇並|宇佐美|宇波|宇浪|海南	JMnedict-category
うまの	右馬ノ|右馬埜|右馬野|馬埜|馬野	JMnedict-category
うまや	厩|宇磨谷|宇間谷|宇麼谷|馬谷	JMnedict-category
うめや	梅屋|梅舎|梅谷|楳谷|海舎	JMnedict-category
うるい	宇留井|潤|潤井|閏|閏井	JMnedict-category
うるの	宇留埜|宇留野|沽野|沾野|閏野	JMnedict-category
えいだ	惠田|栄田|榮田|永田|營田	JMnedict-category
えいの	営野|栄野|榮野|永野|營野	JMnedict-category
えきた	役田|易田|浴田|隘田|駅田	JMnedict-category
えさき	惠埼|江|江崎|江嵜|江碕	JMnedict-category
えさし	永指|江刺|江差|江指|餌差	JMnedict-category
えすみ	五十住|五百住|江角|江隅|重栖	JMnedict-category
えぼし	永星|江星|烏帽子|画星|鳥帽子	JMnedict-category
えやま	恵山|惠山|檜山|江山|絵山	JMnedict-category
えんど	円戸|圓戸|猿渡|遠度|遠渡	JMnedict-category
えんみ	円見|圓見|延味|遠見|鴛海	JMnedict-category
おいだ	生田|種田|笈田|老田|追田	JMnedict-category
おうこ	大庫|往古|応子|王子|王湖	JMnedict-category
おうだ	扇田|押田|網田|蓬田|黄田	JMnedict-category
おおぶ	大府|大武|大生|大邉|大部	JMnedict-category
おがき	大垣|小垣|尾垣|尾柿|緒垣	JMnedict-category
おきつ	乙津|冲津|小木津|沖津|興津	JMnedict-category
おくち	奥地|奥知|奧地|奧知|尾口	JMnedict-category
おくみ	奥海|奥美|奥見|奧海|奧見	JMnedict-category
おくら	大倉|大庫|小倉|屋良|憶良	JMnedict-category
おぐし	大串|小串|小楠|小櫛|尾串	JMnedict-category
おけや	桶家|桶屋|桶矢|桶谷|槽谷	JMnedict-category
おごし	大越|小越|尾越|御輿|生越	JMnedict-category
おさこ	大迫|小迫|尾嶝|尾浴|尾迫	JMnedict-category
おさと	大里|小郷|小里|緒里|長門	JMnedict-category
おざさ	古笹|小佐々|小笹|小篠|尾笹	JMnedict-category
おしみ	忍見|押味|押耳|押見|鴛海	JMnedict-category
おじろ	小代|小城|尾城|尾白|男城	JMnedict-category
おずみ	奥住|奧住|小住|小角|尾住	JMnedict-category
おせき	小瀬木|小関|尾石|尾関|織繊芸	JMnedict-category
おたき	小滝|小瀧|小田木|尾滝|麻滝	JMnedict-category
おだて	大舘|小舘|小達|小館|尾立	JMnedict-category
おどう	尾堂|尾籐|尾藤|屋堂|於東	JMnedict-category
おなか	小中|小仲|尾中|尾仲|翁長	JMnedict-category
おにし	大西|小西|尾西|雄西|鬼石	JMnedict-category
おぬま	大沼|小沼|尾沼|生沼|老沼	JMnedict-category
おのう	小濃|小納|尾上|尾納|斧生	JMnedict-category
おのき	大野木|小ノ木|小木|小野木|斧木	JMnedict-category
おばせ	小場瀬|小橋|小長谷|尾場瀬|尾羽瀬	JMnedict-category
おばら	小原|尾原|緒原|織原|蛯原	JMnedict-category
おみの	小美埜|小美濃|小美野|尾美野|尾見	JMnedict-category
おもい	思|恩井|茂居|重茂|面井	JMnedict-category
おりい	折井|折居|織井|織居|織衣	JMnedict-category
おりべ	折戸|折部|織辺|織邊|織部	JMnedict-category
おりも	折毛|折茂|織毛|織茂|織裳	JMnedict-category
かいい	戒井|改井|貝井|開井|開居	JMnedict-category
かいお	廻尾|海生|貝尾|貝生|開尾	JMnedict-category
かいせ	改世|改瀬|海瀬|皆瀬|貝瀬	JMnedict-category
かいそ	海磯|海礒|養祖|鹿磯|鹿礒	JMnedict-category
かいば	海馬|買場|開場|飼場|飼馬	JMnedict-category
かいわ	海和|海輪|貝和|貝羽|鹿岩	JMnedict-category
かおか	嘉岡|歌岡|葛岡|賀岡|雅岡	JMnedict-category
かかみ	加々美|各務|嘉神|賀神|香々見	JMnedict-category
かがた	利田|加々田|加形|加賀田|嘉形	JMnedict-category
かきみ	垣実|垣實|垣見|柿実|柿見	JMnedict-category
かくわ	各和|嘉久和|格和|角和|角羽	JMnedict-category
かけひ	垣見|懸樋|掛樋|掛飛|筧	JMnedict-category
かげい	影井|影居|景井|蔭井|蔭居	JMnedict-category
かげた	影田|景田|曲田|蔭田|鹿毛田	JMnedict-category
かさぎ	傘木|笠木|笠置|葛城|賀鷺	JMnedict-category
かしき	柏木|柿木|樫木|炊|鹿子木	JMnedict-category
かしげ	下茂|加茂|加重|貸毛|鹿毛	JMnedict-category
かじろ	上代|上谷|神代|神白|鍛代	JMnedict-category
かずた	和田|家寿田|数田|數田|薮田	JMnedict-category
かずの	和野|数埜|数野|薮野|鹿角	JMnedict-category
かぞえ	主計|加添|嘉副|算|籌	JMnedict-category
かたき	加多木|恵来|樫木|片寄|片木	JMnedict-category
かたぎ	加田木|堅木|方木|樫|片木	JMnedict-category
かたみ	傍示|堅海|形見|潟見|片見	JMnedict-category
かつお	且尾|勝尾|勝男|葛生|鰹	JMnedict-category
かづま	下妻|数馬|數馬|葛馬|鹿妻	JMnedict-category
かどう	加堂|加道|加銅|嘉堂|荷堂	JMnedict-category
かどま	角間|門真|門磨|門間|門馬	JMnedict-category
かなお	哉尾|神尾|金尾|金生|鐘尾	JMnedict-category
かなき	神木|金城|金木|金気|金氣	JMnedict-category
かなじ	叶地|金児|金地|金持|金治	JMnedict-category
かなみ	佳波|加波|榎並|金海|金見	JMnedict-category
かなり	加成|可|叶成|嘉成|金成	JMnedict-category
かにわ	加庭|神庭|蟹和|香庭|鹿庭	JMnedict-category
かぬま	加沼|可沼|神沼|萱沼|鹿沼	JMnedict-category
かねお	兼尾|金夫|金尾|金緒|鐘尾	JMnedict-category
かねし	兼次|謙志|金刺|金指|鎌次	JMnedict-category
かのや	叶谷|彼ノ矢|彼谷|鹿屋|鹿野谷	JMnedict-category
かぶき	冠木|加無木|株木|甲木|蕪木	JMnedict-category
かまち	竃浦|蒲地|蒲池|鍛冶|鎌地	JMnedict-category
かみき	上木|神喜|神季|神木|神気	JMnedict-category
かみで	上出|上手|神出|神手|紙手	JMnedict-category
かみど	上戸|神々|神戸|神門|紙戸	JMnedict-category
かやお	栢尾|茅尾|茅生|萱尾|萱生	JMnedict-category
かりお	狩尾|苅尾|苅生|雁尾|鳫尾	JMnedict-category
かりた	仮田|刈田|狩田|猪田|苅田	JMnedict-category
かわわ	川伊|川勾|川和|川曲|河和	JMnedict-category
かんど	完戸|漢人|神戸|神門|関戸	JMnedict-category
かんま	勘間|合間|甘麻|管間|菅間	JMnedict-category
かんや	勘屋|官谷|帰家|神谷|菅家	JMnedict-category
きうら	喜浦|岐浦|幾浦|木浦|箕浦	JMnedict-category
きおか	喜岡|木岡|樹岡|紀国|紀岡	JMnedict-category
きくら	亀倉|城倉|木倉|木蔵|木藏	JMnedict-category
きざわ	木沢|木澤|李沢|鬼沢|鬼澤	JMnedict-category
きなみ	斯波|木並|木南|木波|木浪	JMnedict-category
きなり	吉成|喜成|木成|百鬼|紀成	JMnedict-category
きぬた	依田|碪|絹田|羅田|衣田	JMnedict-category
きねや	喜音家|杵家|杵屋|杵谷|稀音家	JMnedict-category
きのせ	木ノ瀬|木之瀬|木瀬|木野勢|木野瀬	JMnedict-category
きのと	乙|城ノ戸|城戸|木ノ戸|木野戸	JMnedict-category
きふく	喜福|木伏|木福|来福|貴福	JMnedict-category
きぶね	木舟|木舩|木船|貴舩|貴船	JMnedict-category
きまち	來海|木待|木町|来待|来海	JMnedict-category
きみた	公田|君田|喜美田|木見田|来見田	JMnedict-category
きわた	喜綿|木幡|木綿|生綿|黄綿	JMnedict-category
くがや	久ケ谷|久下谷|久我谷|久貴谷|久賀谷	JMnedict-category
くがわ	久川|九川|九河|工川|躯川	JMnedict-category
くざわ	久沢|九沢|九澤|熊澤|韮沢	JMnedict-category
くしげ	久慈|櫛下|櫛削|櫛毛|櫛笥	JMnedict-category
くしろ	久代|久城|九城|玖代|鳩代	JMnedict-category
くすき	久須木|楠|楠城|楠木|楠樹	JMnedict-category
くたみ	久多見|久民|久田見|朽網|朽見	JMnedict-category
くだら	久多良|久楽|久樂|百済|百濟	JMnedict-category
くつわ	久津和|久津輪|履輪|轡|轡田	JMnedict-category
くとみ	久冨|久富|九冨|九富|工富	JMnedict-category
くにえ	国恵|国枝|国江|国重|國江	JMnedict-category
くにき	国木|国樹|國木|國樹|國生	JMnedict-category
くもと	久本|九本|工本|蜘渡|雲戸	JMnedict-category
くらお	久良夫|倉尾|倉生|蔵尾|藏尾	JMnedict-category
くらじ	久良持|倉地|倉治|蔵治|藏治	JMnedict-category
くらべ	倉辺|倉邉|倉部|蔵部|藏部	JMnedict-category
くれい	久礼|久禮|暮井|榑井|槫井	JMnedict-category
くろう	クロウ|久良|狗朗|玄|黒鵜	JMnedict-category
けいだ	啓田|慶田|桂田|経田|計田	JMnedict-category
けんち	剣地|剱地|劒地|劔地|釼地	JMnedict-category
げんし	原子|源司|玄士|玄師|現支	JMnedict-category
げんの	元野|源埜|源野|玄野|言野	JMnedict-category
こいと	小井土|小井戸|小糸|小絲|鯉登	JMnedict-category
こいわ	孝博|小厳|小岩|小巌|小巖	JMnedict-category
こうぎ	幸義|甲木|行木|鴻戯|黄木	JMnedict-category
こうわ	広和|廣和|河和|甲和|興和	JMnedict-category
こさこ	古佐小|小佐古|小左古|小硲|小迫	JMnedict-category
こさわ	児沢|古沢|古澤|小沢|小澤	JMnedict-category
こすが	小数賀|小洲賀|小管|小菅|小須賀	JMnedict-category
こすみ	古住|古角|小澄|小角|小隅	JMnedict-category
こずか	古塚|子塚|小塚|小柄|狐塚	JMnedict-category
こたち	古太刀|古館|小太刀|小舘|小館	JMnedict-category
こだか	兒|古高|小高|小鷹|戸高	JMnedict-category
こだて	古堅|古館|小舘|小館|木立	JMnedict-category
こなん	子南|小南|小楠|木南|湖南	JMnedict-category
このえ	是枝|近江|近衛|近衞|近重	JMnedict-category
このま	古野間|孤ノ間|木ノ間|木間|此間	JMnedict-category
こはら	児原|古原|子原|小原|苣原	JMnedict-category
こまさ	古庄|小勝|小政|小松|小正	JMnedict-category
こみち	子道|小径|小路|小通|小道	JMnedict-category
こやた	古屋田|古谷田|小屋田|小矢田|小谷田	JMnedict-category
こわだ	古和田|小和多|小和田|強田|木和田	JMnedict-category
こんた	今田|昆田|根田|紺田|近田	JMnedict-category
ごあみ	五網|五阿味|五阿弥|五阿彌|其阿弥	JMnedict-category
ごうど	河渡|神戸|神門|郷戸|郷渡	JMnedict-category
ごうま	合摩|合間|合馬|郷間|降魔	JMnedict-category
ごたん	五丹|五反|五端|後反|後檀	JMnedict-category
ごのい	五の井|五ノ丼|五ノ井|五埜井|五野井	JMnedict-category
さいい	宰井|才揖|斉井|斎井|采井	JMnedict-category
さいご	斉梧|西後|西湖|齊梧|齋梧	JMnedict-category
さいど	才戸|斉土|道祖土|道祖田|齊土	JMnedict-category
さかお	坂尾|坂生|酒尾|酒百|阪尾	JMnedict-category
さかと	坂戸|坂登|沙加戸|酒戸|阪戸	JMnedict-category
さかど	坂々|坂戸|坂門|沙加戸|阪戸	JMnedict-category
さかば	坂場|坂庭|酒場|酒葉|阪場	JMnedict-category
さかみ	佐上|坂見|酒美|酒見|阪見	JMnedict-category
さがい	佐貝|佐賀井|寒川井|寒河井|嵯峨井	JMnedict-category
さきた	先田|咲田|崎田|嵜田|幸田	JMnedict-category
さきや	崎屋|崎弥|崎谷|桜木谷|鉾屋	JMnedict-category
さくの	佐久野|作埜|作野|柞野|柵野	JMnedict-category
さこた	佐古田|岶田|左古田|廻田|迫田	JMnedict-category
さごう	佐合|佐郷|左合|左郷|茶郷	JMnedict-category
ささか	佐坂|佐阪|左坂|笹香|笹鹿	JMnedict-category
ささや	佐々谷|笹屋|笹弥|笹矢|笹谷	JMnedict-category
さざわ	佐沢|佐澤|左沢|狭沢|笹沢	JMnedict-category
さだて	佐立|佐舘|佐館|左舘|左館	JMnedict-category
さっさ	佐々|佐ツ々|佐佐|左雨|薩佐	JMnedict-category
さどう	佐堂|佐藤|佐道|作道|左同	JMnedict-category
さなべ	佐辺|佐邉|真辺|真邊|真部	JMnedict-category
さぬき	佐抜|佐貫|左貫|讃岐|讃木	JMnedict-category
さまた	佐保|佐俣|佐復|佐股|佐間田	JMnedict-category
さらや	更家|更屋|更谷|皿屋|皿谷	JMnedict-category
さわじ	沢地|沢治|沢路|澤地|澤路	JMnedict-category
さわた	佐和田|佐渡|沢田|澤多|澤田	JMnedict-category
ざいま	在間|戝間|財満|財間|財馬	JMnedict-category
しおい	塩井|志保井|汐井|潮井|鹵井	JMnedict-category
しおじ	塩地|塩士|塩治|塩路|汐路	JMnedict-category
しかい	四家井|四海|鵜飼|鹿井|鹿居	JMnedict-category
しきや	志喜屋|敷矢|敷谷|鋪屋|鋪谷	JMnedict-category
しげい	成井|滋井|繁井|茂井|重井	JMnedict-category
しげき	繁木|茂幾|茂木|蕪木|重木	JMnedict-category
しざわ	始沢|始澤|宍粟|志沢|志澤	JMnedict-category
ししや	四車|志社|熊取屋|熊取谷|獅子谷	JMnedict-category
しじま	四十万|四島|四嶋|志島|獅子島	JMnedict-category
しずい	四津井|清井|静井|静居|靜井	JMnedict-category
しずま	志津間|財馬|静間|静馬|靜間	JMnedict-category
しずめ	鎭目|鎮|鎮目|静目|靜目	JMnedict-category
しずや	熊取谷|静哉|静屋|静谷|靜谷	JMnedict-category
したの	下埜|下野|志多野|波田野|舌野	JMnedict-category
しとり	体文|倭文|委文|後|志鳥	JMnedict-category
しのぎ	凌|志野木|東鬼|篠儀|篠木	JMnedict-category
しのべ	信部|篠辺|篠邉|篠部|資延	JMnedict-category
しまづ	島津|島豆|嶋津|嶌津|志満津	JMnedict-category
しもい	下井|下位|下居|下飯|霜井	JMnedict-category
しもた	下タ|下田|志茂田|霜多|霜田	JMnedict-category
しろき	代喜|城木|白木|素木|銀木	JMnedict-category
しろみ	城美|城見|白美|白見|銀鏡	JMnedict-category
しんい	伸井|新井|新位|新居|真井	JMnedict-category
じとう	地藤|地頭|寺灯|持統|次藤	JMnedict-category
じびき	地引|地挽|地曳|地曵|字引	JMnedict-category
じんお	仁尾|壬生|甚尾|陣尾|陳尾	JMnedict-category
じんだ	仁井|仁田|侭田|神田|陣田	JMnedict-category
すがき	苣木|菅喜|菅木|菅生|須垣	JMnedict-category
すきた	寿喜多|耒田|耜田|鋤田|鍬田	JMnedict-category
すぎや	杉屋|杉矢|杉谷|椙屋|椙谷	JMnedict-category
すさみ	周参見|遊見|須佐美|須佐見|須左美	JMnedict-category
すすむ	前|新|湊|迫|進	JMnedict-category
すずみ	数住|數住|鈴見|須泉|須清	JMnedict-category
すはま	州浜|洲浜|洲濱|須浜|須濱	JMnedict-category
せいか	勢家|星加|清家|清香|青鹿	JMnedict-category
せいち	世一|星地|生地|青地|青池	JMnedict-category
せなみ	世並|瀬並|瀬南|瀬波|瀬浪	JMnedict-category
せのお	妹尾|姓納|瀬ノ尾|瀬尾|瀬野尾	JMnedict-category
せもと	世本|瀬下|瀬元|瀬本|畝本	JMnedict-category
せんた	仙太|仙田|千田|千駄|撰田	JMnedict-category
せんな	仙名|先名|千名|専名|苫名	JMnedict-category
ぜんば	仙波|前場|善場|善波|膳場	JMnedict-category
そうづ	僧津|双津|惣津|早津|相津	JMnedict-category
そうり	僧理|双里|宗利|惣宇利|雙里	JMnedict-category
そうわ	宗和|宗輪|惣輪|相和|相羽	JMnedict-category
そかわ	十川|十河|曽川|曾川|祖川	JMnedict-category
そたに	曽谷|曾谷|祖谷|糟谷|素谷	JMnedict-category
そばた	側田|傍田|蕎麦田|蘇畑|蘓畑	JMnedict-category
たいき	大城|大木|大槻|大樹|対喜	JMnedict-category
たかず	孝頭|田和|田数|高頭|鷹頭	JMnedict-category
たかち	智|高地|高市|高智|高知	JMnedict-category
たかひ	比|高日|高樋|高比|高陽	JMnedict-category
たがの	多賀能|多賀野|夛賀野|田賀農|田賀野	JMnedict-category
たきい	多喜井|滝井|滝居|瀧井|瀧居	JMnedict-category
たきみ	滝実|滝美|滝見|瀧見|田公	JMnedict-category
たくら	多倉|太倉|田倉|田蔵|田藏	JMnedict-category
たくわ	多久和|夛久和|宅和|田久和|田鍬	JMnedict-category
たけわ	岳和|武和|武輪|竹和|竹輪	JMnedict-category
たすみ	多炭|田住|田角|田隅|田隈	JMnedict-category
たずみ	多積|田住|田墨|田積|田隅	JMnedict-category
たたき	但木|叩|擲|田滝|讃岐	JMnedict-category
たちの	太刀野|田地野|立野|舘野|館野	JMnedict-category
たてお	建尾|楯尾|立尾|舘尾|館尾	JMnedict-category
たてべ	建部|立辺|立邊|立部|財部	JMnedict-category
たのい	田ノ井|田之井|田井|田埜井|田野井	JMnedict-category
たはら	俵|多原|太原|田原|鴫原	JMnedict-category
たまた	多間田|玉田|田俣|田又|霊田	JMnedict-category
たまち	反町|玉地|玉池|玉置|田町	JMnedict-category
ためだ	多米田|溜田|為田|爲田|給田	JMnedict-category
たもう	玉生|田申|給|賚|賜	JMnedict-category
たもと	多元|多本|夛本|田元|田本	JMnedict-category
たもり	多森|太森|田守|田森|田盛	JMnedict-category
たるい	垂井|垂伊|捶井|樽井|樽居	JMnedict-category
たるや	多留谷|樽家|樽屋|樽矢|樽谷	JMnedict-category
たわだ	多和田|夛和田|太和田|峠田|田和田	JMnedict-category
たんき	丹喜|丹気|丹生|但木|旦木	JMnedict-category
だいじ	大地|大寺|大路|太地|太寺	JMnedict-category
ちあき	千明|千秋|千穐|千龝|地明	JMnedict-category
ちえん	全|鄭|銭|錢|陳	JMnedict-category
ちかの	千鹿野|坤徳|慶野|近埜|近野	JMnedict-category
ちから	主税|力|千柄|知加良|親	JMnedict-category
ちぎり	千木良|地切|契|契里|知切	JMnedict-category
ちくし	竹士|竹志|竹枝|筑柴|筑紫	JMnedict-category
ちこう	千香|地工|地幸|知光|知公	JMnedict-category
ちさい	千歳|地斉|地斎|地齋|持斉	JMnedict-category
ちさか	千坂|千阪|地坂|地阪|知坂	JMnedict-category
ちざき	千崎|千嵜|地|地崎|知崎	JMnedict-category
ちざわ	千沢|千澤|遅沢|遅澤|遲澤	JMnedict-category
ちじわ	千々和|千々岩|千々波|千千輪|治々和	JMnedict-category
ちやん	姜|張|江|王|陳	JMnedict-category
ぢびき	地引|地挽|地曳|地曵|地疋	JMnedict-category
つえだ	崩田|杖田|津枝|津江田|潰田	JMnedict-category
つきだ	月田|槻田|築田|舂田|附田	JMnedict-category
つちい	土井|土居|土生|槌井|槌居	JMnedict-category
つつき	津々木|筒木|續|都筑|都築	JMnedict-category
つばい	椿紅|津梅|津葉井|都梅|鍔井	JMnedict-category
つもと	津元|津本|港元|湊元|湊本	JMnedict-category
つるい	拘井|敦井|釣井|鶴井|鶴居	JMnedict-category
であい	出会|出合|出會|出相|出逢	JMnedict-category
とうせ	当瀬|東瀬|湯瀬|當瀬|藤瀬	JMnedict-category
ときだ	信田|常田|時田|貴田|鴇田	JMnedict-category
ときや	時矢|時谷|釈舎|鴇矢|鴇谷	JMnedict-category
とぎや	利谷|研屋|砥谷|磨家|磨屋	JMnedict-category
とくた	得田|徳多|徳田|篤田|説田	JMnedict-category
とくま	増|得間|徳増|徳間|戸熊	JMnedict-category
とくみ	徳三|徳味|徳美|徳見|登久美	JMnedict-category
とぐら	土倉|徳倉|戸倉|登倉|都倉	JMnedict-category
とぐろ	戸黒|精廬|精盧|蜷|蜷局	JMnedict-category
としの	俊野|吉野|年野|戸篠|都子野	JMnedict-category
としみ	利見|土清水|年未|年真|年見	JMnedict-category
としろ	十代|年代|戸代|戸城|渡代	JMnedict-category
とちぎ	杤木|栃木|栩木|樗木|橡木	JMnedict-category
となか	十中|戸中|戸仲|渡中|渡仲	JMnedict-category
となぎ	柊木|登梛|登椰|登那木|鳥名木	JMnedict-category
となり	十七里|戸成|戸鳴|斗成|都成	JMnedict-category
とはら	兎原|戸原|登原|莵原|都原	JMnedict-category
とふじ	戸籐|戸藤|渡藤|都冨士|都藤	JMnedict-category
とまり	戸鞠|泊|泊り|泊里|渡真利	JMnedict-category
とみえ	冨恵|冨栄|冨江|富恵|富江	JMnedict-category
とみな	冨名|冨菜|富名|富菜|頓名	JMnedict-category
ともべ	伴辺|友辺|友邊|友部|知部	JMnedict-category
とよみ	富美|豊味|豊海|豊美|豊見	JMnedict-category
とんだ	冨田|富田|福當|頓田|飛田	JMnedict-category
どうき	堂木|道喜|道木|道鬼|銅木	JMnedict-category
どうち	同地|堂地|堂知|道地|道智	JMnedict-category
なおえ	名生|尚永|猶江|直枝|直江	JMnedict-category
なかき	中城|中木|中茎|仲儀|仲木	JMnedict-category
なかぎ	中儀|中城|中木|仲木|仲義	JMnedict-category
なかざ	中佐|中座|仲佐|仲座|名嘉座	JMnedict-category
なかそ	中曽|中曾|中祖|仲噌|仲曾	JMnedict-category
なかぢ	中地|中智|中路|仲地|仲智	JMnedict-category
なかわ	中和|名川|奈川|奈河|石川	JMnedict-category
ながそ	永祚|長宗|長曽|長曾|長祖	JMnedict-category
ながよ	万歳|永世|永代|長与|長與	JMnedict-category
なぎの	名木野|奈木野|投野|梛野|薙野	JMnedict-category
なぎら	奈喜良|奈義良|柳楽|柳樂|梛良	JMnedict-category
なぐさ	南岬|南種|南艸|名艸|名草	JMnedict-category
なしま	名島|名嶌|奈島|奈嶋|菜嶋	JMnedict-category
なすの	奈須埜|奈須野|茄子野|那須埜|那須野	JMnedict-category
なだや	七田谷|名田屋|名田谷|灘家|灘谷	JMnedict-category
なべき	辺木|鍋城|鍋木|鍋気|鏑木	JMnedict-category
なべた	名辺田|辺田|邉田|鍋多|鍋田	JMnedict-category
なみた	並田|列田|沫田|波田|浪田	JMnedict-category
なみや	並谷|南谷|奈宮|波屋|波谷	JMnedict-category
ならい	奈良井|成相|摺|楢井|那良伊	JMnedict-category
なると	成戸|親泊|鳴戸|鳴海|鳴門	JMnedict-category
なわて	名和手|畷|縄手|繩手|那和手	JMnedict-category
にがき	二垣|仁垣|仁柿|仁賀木|苦木	JMnedict-category
にさか	丹坂|二坂|仁坂|荷坂|荷阪	JMnedict-category
にしま	二島|二嶋|仁島|西間|西馬	JMnedict-category
にとう	丹藤|二籐|二藤|仁藤|日塔	JMnedict-category
にへい	二平|二戸|二瓶|仁平|仁瓶	JMnedict-category
にやま	丹山|二山|仁山|児山|荷山	JMnedict-category
にれい	仁令|仁礼|仁禮|楡井|楡居	JMnedict-category
ぬかや	粕谷|糖谷|糠屋|糠谷|額谷	JMnedict-category
ぬきな	抽名|抽那|秡銘|貫名|貫奈	JMnedict-category
ぬくみ	温|温水|温見|生見|貫見	JMnedict-category
のうの	南埜|南野|濃野|能野|農野	JMnedict-category
のがわ	埜川|延川|能川|野川|野河	JMnedict-category
のぞえ	埜添|濃添|野副|野末|野添	JMnedict-category
のとう	納籐|納藤|能任|能藤|野藤	JMnedict-category
のとや	能登屋|能登谷|野土谷|野戸谷|野登谷	JMnedict-category
のばた	埜畑|野瑞|野畑|野畠|野端	JMnedict-category
のぶえ	信恵|信枝|信江|延江|近江	JMnedict-category
のぶた	信太|信田|史陀|延田|述田	JMnedict-category
のりき	乗木|則木|法木|規木|野力	JMnedict-category
はかり	図|秤|計|議|量	JMnedict-category
はがた	波片|羽方|羽片|羽賀田|葉方	JMnedict-category
はがわ	生沼|羽川|芳川|葉川|長川	JMnedict-category
はくた	伯田|白多|白田|薄田|迫田	JMnedict-category
はさだ	波早田|狭田|狹田|羽佐田|羽左田	JMnedict-category
はしい	枦井|梁井|橋井|橋居|端井	JMnedict-category
はした	橋田|橘田|櫨田|端田|羽下	JMnedict-category
はしべ	橋辺|橋邊|橋部|走辺|走邊	JMnedict-category
はたね	旗根|波種|畑根|羽根|羽田	JMnedict-category
はたま	播磨|波多間|波田間|畑間|畠間	JMnedict-category
はつか	八家|八箇|初鹿|廿日|羽塚	JMnedict-category
はづき	巴月|彗月|綺月|羽月|葉月	JMnedict-category
はなき	花喜|花城|花木|花紀|花綺	JMnedict-category
はなと	端戸|花戸|花當|花登|鼻戸	JMnedict-category
はばた	巾田|幅多|幅田|羽畑|羽端	JMnedict-category
はぶき	土生木|羽二木|羽吹|葉吹|葉葺	JMnedict-category
はまき	八巻|浜木|濱夘|濱木|葉巻	JMnedict-category
はまち	智|浜地|浜知|濱地|濱知	JMnedict-category
はやた	早田|林田|速多|速田|隼田	JMnedict-category
はらい	原井|払井|拂井|暗|波来	JMnedict-category
はりい	張井|播井|梁井|波利井|針井	JMnedict-category
はりき	張木|播木|梁木|榛木|針木	JMnedict-category
はるか	春日|春鹿|玄|遥|遼	JMnedict-category
ばんや	万谷|伴谷|番屋|番谷|萬谷	JMnedict-category
ひうち	日内|樋内|橘内|燧|飛内	JMnedict-category
ひかげ	日下|日影|日景|日蔭|日陰	JMnedict-category
ひがさ	否笠|日傘|日笠|暈|樋笠	JMnedict-category
ひがや	桧ケ谷|檜ケ谷|檜ヶ谷|飛ケ谷|飛ヶ谷	JMnedict-category
ひくま	引間|引馬|日隈|曳馬|樋熊	JMnedict-category
ひげた	日下田|樋下田|樋桁|肥毛田|髭田	JMnedict-category
ひさえ	久恵|久永|久江|久重|向江	JMnedict-category
ひさと	久斗|久都|久門|日佐戸|日里	JMnedict-category
ひさの	久ノ|久埜|久納|久野|比佐野	JMnedict-category
ひさわ	久和|日沢|樋沢|氷沢|肥沢	JMnedict-category
ひたか	日|日高|桧高|肥高|飛鷹	JMnedict-category
ひなが	日永|日長|樋永|比永|飛永	JMnedict-category
ひばら	日原|桧原|樋原|檜原|火原	JMnedict-category
ひびや	小童谷|日々谷|日比谷|曰比谷|比日谷	JMnedict-category
ひまき	日巻|桧槙|檜巻|檜槇|檜槙	JMnedict-category
ひもの	干物|桧物|檜物|火物|紐野	JMnedict-category
ひらく	平久|平工|比楽|比樂|開	JMnedict-category
ひらせ	平世|平勢|平清|平瀬|平稲	JMnedict-category
ひらみ	平己|平巳|平美|平見|平身	JMnedict-category
ふきの	吹埜|吹野|深野|生城山|蕗野	JMnedict-category
ふくば	福場|福庭|福波|福浪|福羽	JMnedict-category
ふした	伏多|伏田|布下|鮒子多|鮒子田	JMnedict-category
ふせや	伏屋|伏谷|布施屋|布施谷|降矢	JMnedict-category
ふなぎ	舟木|舩城|舩木|船城|船木	JMnedict-category
ふなせ	舟瀬|舩瀬|船勢|船瀬|船背	JMnedict-category
へばる	辺原|辺春|邉原|邉春|邊春	JMnedict-category
へらい	戸來|戸来|戸耒|箆伊|篦伊	JMnedict-category
へんだ	片田|蛇田|辺田|邉田|邊田	JMnedict-category
べにや	紅家|紅屋|紅矢|紅粉谷|紅谷	JMnedict-category
ほあし	保芦|保足|帆足|甫足|穂芦	JMnedict-category
ほうし	傍士|方志|法師|蓬茨|鳳子	JMnedict-category
ほがり	保苅|帆刈|帆苅|穂刈|穂苅	JMnedict-category
ほしい	干井|干飯|星井|星居|糒	JMnedict-category
ほなが	保永|保長|穂永|穗永|補永	JMnedict-category
ほむら	保村|焔|甫村|穂村|鋪村	JMnedict-category
ほやの	保屋野|保谷野|梅千野|梅干野|穂谷野	JMnedict-category
ほりき	堀切|堀喜|堀城|堀木|堀起	JMnedict-category
ほりや	堀家|堀屋|堀矢|堀谷|彫谷	JMnedict-category
